k-mer,number of proteins,percentage,all,(Out of 18943 proteins in total)
EEEEEEEEEE,96,0.005068,"['PARN', 'STK11', 'LOC103280464', 'OGFRL1', 'SETD1B', 'JPH4', 'H9GJQ6', 'LEMD3', 'LEMD2', 'CANX', 'FAM163A', 'WWC2', 'EIF3D', 'H9G367', 'MICAL3', 'CREBRF', 'H9GRP3', 'ACIN1', 'UBE4B', 'MYLK', 'ZGPAT', 'LOC103282265', 'KCNV2', 'H9GVF3', 'GTF3C3', 'GTF3C1', 'CHD3', 'CHIC1', 'ABCF1', 'TNRC18', 'H9G3W5', 'TMEM79', 'PPME1', 'RAD54L2', 'MAP1A', 'TPRN', 'LIN28B', 'PAXIP1', 'MIA3', 'ZEB1', 'PKNOX2', 'EVA1C', 'FBRS', 'LOC100559698', 'PRDM2', 'SUPT5H', 'ALKBH5', 'lrrc74b', 'TMC2', 'SNIP1', 'foxd2', 'ZFHX3', 'TRPC3', 'SLC4A3', 'BCORL1', 'H9GUY0', 'GREB1', 'EHMT2', 'GPATCH11', 'MYCL', 'G1KV32', 'RNF157', 'H9GN43', 'hoxb2', 'PAF1', 'PLCD4', 'znf777', 'AK9', 'GRIK1', 'CAPN15', 'AK7', 'HOXA7', 'LMOD3', 'UTP3', 'UVSSA', 'HMGB2', 'BCL11B', 'G1KIL9', 'MSC', 'CHD7', 'LOC103281873', 'dcaf8', 'STAC3', 'ZBTB7C', 'CDC42EP1', 'CLEC11A', 'USP11', 'LOC100563505', 'aplp2', 'FAM53C', 'PLEKHG3', 'LRRK2', 'H9GTZ6', 'ACBD3', 'KAT6B', 'SLC4A1AP']"
SSSSSSSSSS,65,0.003431,"['FAM160A2', 'ZCCHC10', 'G1KIL9', 'KCTD5', 'KIAA0355', 'VSTM2B', 'PPRC1', 'G1KHB1', 'SETD1A', 'MED1', 'RANBP10', 'NR1D1', 'CRH', 'gpr83', 'PRDM2', 'R4GC23', 'JMJD6', 'H9G8L3', 'FEZF2', 'CHD9', 'NUFIP2', 'NFE2L1', 'H9GDT6', 'G1KYF0', 'dgkk', 'IRF2BP1', 'RBM17', 'KLF8', 'PWWP2A', 'H9GS06', 'IRX4', 'GDF11', 'ZNF281', 'ARL6IP4', 'G1KKW7', 'TSHZ3', 'TET2', 'smg8', 'LOC100556009', 'RNF40', 'HERC1', 'ATN1', 'ZFP36L2', 'KLHL1', 'GATA6', 'DACH2', 'MEX3B', 'BRD2', 'SFRP2', 'GFI1', 'G1KEL5', 'DMRTA2', 'SRRM2', 'nrxn3', 'EVX2', 'LOC100565868', 'TTC14', 'CUL4B', 'ABCA2', 'H9GAF3', 'PNN', 'ZNF654', 'ZNF503', 'dhx33', 'POU2F2']"
PPPPPPPPPP,60,0.003167,"['BPTF', 'TOX', 'WASHC1', 'EVL', 'BAG4', 'FNBP4', 'GAPDHS', 'FBXO11', 'HMX3', 'H9GBZ9', 'ATF7IP', 'NR4A2', 'WASL', 'MTFR1', 'BCL9L', 'DIAPH3', 'MEOX2', 'ZFHX2', 'SETD2', 'Brain-2', 'WASF2', 'FMNL2', 'CHD8', 'SCAF11', 'HELZ', 'HOXD4', 'ZNF341', 'RANBP9', 'WIPF3', 'KDM6B', 'VIRMA', 'PCLO', 'CABLES2', 'ATOH8', 'ASH1L', 'PHACTR2', 'twist1', 'DAAM1', 'PRRC2A', 'RDX', 'R3HDM1', 'HOXC10', 'HOXC13', 'G1KNG0', 'BRD4', 'USP31', 'COLQ', 'SETD5', 'SRPK2', 'FEZF2', 'CUX1', 'RAPH1', 'G1KZE9', 'RIN3', 'BOD1L1', 'HCFC1', 'RNF215', 'LMOD2', 'H9GU20', 'G1KI05']"
GGGGGGGGGG,56,0.002956,"['H9GTB8', 'HMX3', 'HMX2', 'RAD23B', 'u2af1', 'nup62cl', 'RIC3', 'IRX1', 'LOR', 'NAB1', 'L7N001', 'H9GMZ6', 'TMEM158', 'LOX', 'CEP164', 'GREB1', 'SOX1', 'Brain-1', 'KHSRP', 'EN2', 'hnrnpl', 'RBM33', 'TRIM67', 'TOP2B', 'TRA2A', 'P4HTM', 'ZNF326', 'SRF', 'HNRNPA0', 'ACIN1', 'PLCL2', 'DSP', 'HOXD3', 'LOC100561812', 'CCNYL1', 'SYPL2', 'PAX1', 'atf7ip2', 'KLHL1', 'LEF1', 'SF1', 'ZNF503', 'ING2', 'RAP1GAP', 'NEUROD2', 'RCOR3', 'TAF4', 'stbd1', 'ARID1B', 'nppc', 'PURB', 'MAF', 'GATAD1', 'PRDM8', 'PRKD1', 'CNTNAP1']"
AAAAAAAAAA,38,0.002006,"['BPTF', 'ZFR', 'ZNF219', 'TLE4', 'HAND2', 'GLYR1', 'THAP11', 'IKZF1', 'CHD3', 'NKX2-1', 'Brain-1', 'FEZF2', 'ZNF804A', 'BHLHE22', 'ESRP2', 'ZNF574', 'PTBP2', 'NLK', 'IRX1', 'CLASRP', 'IRX2', 'MINDY2', 'GGT7', 'FRMPD3', 'SOX1', 'PBX2', 'PRDM13', 'SOX21', 'HCFC1', 'RBM47', 'DMRTA2', 'GLRA4', 'FOXA1', 'ARX', 'RBM24', 'KPNA3', 'zfp91', 'KAT6A']"
EEEEEEEEED,38,0.002006,"['UVSSA', 'TMC2', 'HMGB2', 'EVA1C', 'BCL11A', 'SEC63', 'PES1', 'GTF3C1', 'H9GJQ6', 'MSC', 'PEX14', 'BCR', 'HIVEP3', 'EHMT2', 'H9GLR5', 'CHD6', 'LEMD3', 'BRPF1', 'LOC103281953', 'CREBRF', 'LOC103282265', 'H9GN43', 'ZBTB7C', 'RAD21', 'ACIN1', 'RANGAP1', 'ENO4', 'MIA3', 'LOC100563505', 'aplp2', 'ZEB1', 'PKNOX2', 'UBE4B', 'FBRS', 'ABCC9', 'ALKBH5', 'KCNV2', 'LMOD2']"
DEEEEEEEEE,32,0.001689,"['SBF1', 'UVSSA', 'TMC2', 'PARN', 'ZNF219', 'SETD1A', 'SETD1B', 'G1KIL9', 'BCR', 'H9GUY0', 'CHD3', 'FAM163A', 'TNRC18', 'EIF3D', 'HMGB2', 'dcaf8', 'LOC103280464', 'ACIN1', 'GREB1', 'RANGAP1', 'BCL11A', 'SMYD5', 'USP11', 'znf777', 'UBE4B', 'ZGPAT', 'LOC100559698', 'ABCC9', 'ZBTB47', 'KAT6B', 'KCNV2', 'LMOD3']"
ASSSSSSSSS,29,0.001531,"['H9G9U8', 'KDELC2', 'rhobtb2', 'CRH', 'R4GC23', 'SERTAD4', 'TTC14', 'G1KHB1', 'NFE2L1', 'MLLT3', 'dgkk', 'GDF11', 'ZNF281', 'G1KKE1', 'ARL6IP4', 'RNF40', 'H9G4D0', 'ATN1', 'KLHL1', 'DACH2', 'MEX3B', 'SFRP2', 'GFI1', 'PRCC', 'CHD9', 'G1KKW7', 'PPP2R5D', 'ZNF503', 'nppc']"
QQQQQQQQQQ,28,0.001478,"['AMOTL1', 'FOXP1', 'GIGYF2', 'CLOCK', 'FAM222B', 'hoxc5', 'ZFHX3', 'TNIK', 'TNRC6B', 'SPTBN4', 'ZNF384', 'MAML2', 'Brain-1', 'WDR26', 'RAI1', 'BSN', 'PCLO', 'VEZF1', 'NACC1', 'EPB41L3', 'TSC22D1', 'PAXIP1', 'SFPQ', 'EP300', 'NFAT5', 'PPP2R5D', 'LOC103282346', 'KAT6A']"
EEEEEEEEEA,24,0.001267,"['STK11', 'SETD1A', 'SETD1B', 'BCORL1', 'LEMD3', 'H9GUY0', 'CHD3', 'H9GLR5', 'TMEM79', 'FANCM', 'PRKRA', 'RAD54L2', 'MAP1A', 'H9GHW2', 'ryr1', 'PAF1', 'RSF1', 'SMYD5', 'PLCD4', 'PLEKHG3', 'AK9', 'GRIK1', 'AK7', 'ZGPAT']"
EDEEEEEEEE,22,0.001161,"['kcnj12', 'MYF5', 'PARN', 'ZNF219', 'SETD1B', 'G1KIL9', 'H9G523', 'H9GUY0', 'TNRC18', 'LOC103282744', 'HMGB2', 'LOC103280464', 'SMYD5', 'USP11', 'TP53INP1', 'znf777', 'UBE4B', 'LOC100559698', 'ABCC9', 'ZBTB47', 'KCNV2', 'LMOD3']"
EEEEEEEEEG,22,0.001161,"['SLC4A3', 'H9GRP3', 'H9G779', 'OGFRL1', 'JPH4', 'GREB1', 'CHIC1', 'CHD1L', 'CABIN1', 'H9G3W5', 'PPME1', 'hoxb2', 'LIN28B', 'G1KNG0', 'FAM163A', 'TRPC3', 'CAPN15', 'NAA30', 'ACBD3', 'SSTR3', 'LOC100559698', 'ZNF276']"
SSSSSSSSSA,18,0.00095,"['HERC1', 'GFI1', 'KIAA0355', 'EGR2', 'NFE2L1', 'nrxn3', 'G1KFF6', 'LOC100562908', 'H9GD46', 'G1KHB1', 'MED1', 'rhobtb2', 'foxf2', 'IRX4', 'bod1', 'NUFIP2', 'TAOK2', 'ZNF281']"
EEEEEEEEDE,18,0.00095,"['EVA1C', 'ACIN1', 'EHMT2', 'ZBTB7C', 'LOC100563505', 'LEMD3', 'HUWE1', 'GTF3C1', 'H9GN43', 'LOC103281953', 'MIA3', 'HMGB2', 'ENO4', 'aplp2', 'TMC2', 'MSC', 'KCNV2', 'LMOD2']"
GEEEEEEEEE,18,0.00095,"['RRAGD', 'AK9', 'G1KLA9', 'hoxb2', 'H9GRP3', 'MYLK', 'ZFHX3', 'H9G367', 'ryr1', 'PLCD4', 'G1KNG0', 'H9GDZ5', 'MIA3', 'ZC3H18', 'mafb', 'LEMD3', 'CANX', 'BRPF1']"
PSSSSSSSSS,18,0.00095,"['H9GDT6', 'FAM160A2', 'CASD1', 'IRX4', 'UBE3A', 'FEZF2', 'H9GS06', 'FAM46A', 'med26', 'G1KYF0', 'ZCCHC10', 'ABCA2', 'USP36', 'PWWP2A', 'NR1D1', 'gpr83', 'NUFIP2', 'TAOK2']"
GGGGGGGGGS,18,0.00095,"['NEUROD2', 'SRF', 'GALNT10', 'Brain-2', 'shox', 'HNRNPA3', 'vsig4', 'RIC3', 'DSP', 'GLRX3', 'LOR', 'EN2', 'hnrnpl', 'FOXO6', 'H9GMZ6', 'VSTM2B', 'ING2', 'RAB32']"
SEEEEEEEEE,18,0.00095,"['MAP1A', 'EHMT2', 'CHD1L', 'ABCF1', 'CHD6', 'PAF1', 'foxd2', 'H9GVF3', 'CLSTN1', 'PES1', 'LOC103282265', 'LOC100563505', 'H9GJQ6', 'FAM53C', 'LEMD3', 'SLC4A1AP', 'ogfr', 'lrrc74b']"
KEEEEEEEEE,17,0.000897,"['EVA1C', 'H9GLR5', 'ZBTB7C', 'H9GA62', 'SNIP1', 'WWC2', 'RAD21', 'H9GAY2', 'CHD7', 'aplp2', 'TMEM79', 'SSTR3', 'RSF1', 'BCORL1', 'FANCM', 'USP34', 'LEMD2']"
SGGGGGGGGG,17,0.000897,"['RAD23B', 'RAP1GAP', 'B4GALNT3', 'ZNF703', 'HNRNPA3', 'ACIN1', 'RIC3', 'RFX1', 'CNTNAP1', 'H9GCX1', 'ETNK1', 'MAF', 'ARX', 'LEF1', 'TOP2B', 'TRA2A', 'NKX2-5']"
QVKIWFQNRR,17,0.000897,"['GBX2', 'HOXB8', 'CDX2', 'HOXD9', 'GSX2', 'hoxb1', 'HOXD12', 'HOXA11', 'H9GVY3', 'HOXC10', 'G1KC47', 'G1KAW3', 'NKX1-2', 'MSX1', 'HOXA4', 'MNX1', 'DLX3']"
PPPPPPPPLP,16,0.000845,"['ARHGEF11', 'WASHC1', 'SAP30', 'WASF1', 'DIAPH2', 'FMNL3', 'ENAH', 'FMN2', 'L7MZY7', 'RAPH1', 'FHDC1', 'WIPF3', 'MTFR1', 'MYRF', 'RLIM', 'SRPK2']"
SASSSSSSSS,16,0.000845,"['CCNL2', 'SERTAD4', 'GFI1', 'CHD9', 'ARID1B', 'G1KKE1', 'TLX1', 'smg8', 'G1KHB1', 'TTC14', 'PRDM6', 'ATN1', 'G1KKW7', 'DACH1', 'LOC100554921', 'MEX3B']"
APPPPPPPPP,16,0.000845,"['BPTF', 'WASHC1', 'WASF2', 'HCFC1', 'PHACTR2', 'FMNL3', 'GAPDHS', 'RDX', 'R3HDM1', 'BRD4', 'RANBP9', 'WAS', 'USP31', 'SF1', 'SETD5', 'SRPK2']"
LPPPPPPPPP,16,0.000845,"['BPTF', 'KDM1A', 'H9G7U1', 'RNF44', 'SAP30', 'DIAPH2', 'FNBP4', 'CHD8', 'FBXO11', 'COLQ', 'RAPH1', 'ARHGAP32', 'PCLO', 'DAAM1', 'SETD2', 'G1KI05']"
PPPPPPPPPL,15,0.000792,"['BPTF', 'ASH1L', 'WASHC1', 'SAP30', 'DIAPH2', 'FNBP4', 'FMNL3', 'ENAH', 'RIN3', 'COLQ', 'RAPH1', 'WIPF3', 'MTFR1', 'FMN2', 'SRPK2']"
EEDEEEEEEE,15,0.000792,"['HMGB2', 'TP53INP1', 'G1K978', 'PARN', 'CALR', 'G1KIL9', 'ZNF219', 'SMYD5', 'LOC100559698', 'LOC103281953', 'ZBTB47', 'AATK', 'znf777', 'LOC103280464', 'LMOD2']"
SAAAAAAAAA,14,0.000739,"['FEZF2', 'RBM47', 'DMRTA2', 'ZNF219', 'BHLHE22', 'TLE4', 'FOXA1', 'ESRP2', 'RBM24', 'CAMTA1', 'IRX2', 'NLK', 'NKX2-1', 'PBX1']"
EEEDEEEEEE,14,0.000739,"['TP53INP1', 'G1K978', 'MTF1', 'PARN', 'CALR', 'G1KIL9', 'ZNF219', 'SMYD5', 'LOC103281953', 'HMGB2', 'znf777', 'HIVEP3', 'ANP32B', 'LMOD2']"
AGGGGGGGGG,14,0.000739,"['RCOR3', 'SOX1', 'RAB32', 'GALNT10', 'SENP6', 'VSTM2B', 'LOC100561812', 'EN2', 'PAX1', 'FOXO6', 'RBM33', 'LOX', 'H9GMZ6', 'nppc']"
KIWFQNRRMK,13,0.000686,"['HOXB8', 'HOXD9', 'G1KFE8', 'hoxb1', 'HOXD12', 'hoxb4', 'HOXC6', 'HOXC10', 'G1KAW3', 'HOXA11', 'PDX1', 'hoxa3', 'MNX1']"
SSSSSSSSSP,13,0.000686,"['H9G9U8', 'R4GA99', 'SRRM2', 'ZFP36L2', 'G1KYF0', 'H9GDT6', 'USP36', 'PRDM2', 'KLHL1', 'L7N003', 'RANBP10', 'G1KNG0', 'GDF11']"
EEEEEEEEAE,13,0.000686,"['RBM6', 'CHD3', 'ryr1', 'AK7', 'AK9', 'CACNA1F', 'SETD1A', 'SMYD5', 'PLCD4', 'SETD1B', 'HNRNPAB', 'FANCM', 'LEMD3']"
EEEEDEEEEE,13,0.000686,"['H9GPE4', 'G1K978', 'HMGB2', 'CALR', 'ZNF219', 'GSE1', 'LOC103281953', 'G1KIL9', 'WBP1', 'HIVEP3', 'ZEB1', 'EVA1B', 'LMOD2']"
LLLLLLLLLL,13,0.000686,"['H9GKS4', 'LOC100551876', 'H9GNW7', 'H9GJM3', 'H9GMI8', 'UNC5D', 'G1KLA7', 'H9GSJ2', 'L7MZD7', 'AGPAT1', 'R4GD79', 'G1KJN0', 'TAGLN']"
SPPPPPPPPP,12,0.000633,"['TOX', 'CABLES2', 'FNBP4', 'ATOH8', 'ASH1L', 'ZFHX2', 'CUX1', 'VIRMA', 'MTFR1', 'SETD2', 'MEOX2', 'LMOD2']"
PGGGGGGGGG,12,0.000633,"['MIDN', 'CEP164', 'SNTA1', 'TAF4', 'ARID1B', 'vsig4', 'PTGER3', 'PURB', 'hnrnpl', 'PMS1', 'GATAD1', 'IRX1']"
NNNNNNNNNN,12,0.000633,"['TP63', 'AK9', 'OTUD7B', 'SPATA18', 'H9GNZ8', 'H9GVZ1', 'H9G6P0', 'G1KWU1', 'H9GUW1', 'R4G932', 'R4GAK5', 'H9GRC2']"
SCQGDSGGPL,12,0.000633,"['H9G442', 'CTRL', 'TMPRSS2', 'TMPRSS6', 'plg', 'G1KTN0', 'LOC100552540', 'G1KBE5', 'LOC100551814', 'H9GMY1', 'H9GC52', 'LOC100561529']"
RGGGGGGGGG,12,0.000633,"['SYPL2', 'SRSF1', 'u2af1', 'NAB1', 'HNRNPA0', 'HNRNPU', 'GLRX3', 'LOR', 'L7N001', 'PRDM8', 'LSM14A', 'TRA2B']"
GGGGGGGGSS,12,0.000633,"['NEUROD2', 'TRIM71', 'Brain-2', 'twist1', 'GALNT10', 'DSP', 'GLRX3', 'LOR', 'EN2', 'SART1', 'DLX2', 'ZNF281']"
VEEEEEEEEE,12,0.000633,"['morc2', 'CABIN1', 'TPRN', 'SUPT5H', 'H9G583', 'HOXA7', 'OGFRL1', 'MICAL3', 'ENO4', 'ZNF276', 'L7MZH6', 'LMOD2']"
GGGGGGGGGA,12,0.000633,"['HMX2', 'SRSF1', 'IRX1', 'PLCL2', 'RFX1', 'SF1', 'RBM33', 'nppc', 'R4GAH6', 'GATAD1', 'TOP2B', 'TRA2A']"
GSSSSSSSSS,12,0.000633,"['H9G8L3', 'KCTD5', 'bod1', 'TSHZ3', 'SRRM2', 'G1KFF6', 'ZFP36L2', 'LOC100565868', 'H9GD46', 'RBM17', 'ZNF654', 'G1KNG0']"
PPPPPPPPPS,11,0.000581,"['BAG4', 'FHDC1', 'HCFC1', 'KMT2E', 'G1KZE9', 'twist1', 'CHD8', 'SCAF11', 'HOXC10', 'H9GU20', 'FEZF1']"
PPPPLPPPPP,11,0.000581,"['EFNB2', 'FMNL3', 'H9GNZ8', 'RLIM', 'ZFHX3', 'INF2', 'WHAMM', 'MTFR1', 'IQSEC3', 'LOC100554382', 'ASXL3']"
DSCQGDSGGP,11,0.000581,"['H9G442', 'TMPRSS2', 'TMPRSS6', 'plg', 'G1KTN0', 'LOC100552540', 'G1KBE5', 'LOC100551814', 'H9GMY1', 'H9GC52', 'LOC100561529']"
XXXXXXXXXX,11,0.000581,"['R4GD34', 'KCNMB4', 'R4GDA0', 'WLS', 'R4GCH2', 'MED27', 'MDM2', 'R4G976', 'VPS13A', 'R4GBZ3', 'PI4KB']"
LADEMGLGKT,11,0.000581,"['SRCAP', 'R4GC58', 'CHD3', 'CHD2', 'CHD9', 'INO80', 'G1KC65', 'SMARCAD1', 'SMARCA1', 'SMARCA2', 'SHPRH']"
CQGDSGGPLV,11,0.000581,"['LOC100567111', 'CTRL', 'TMPRSS2', 'plg', 'LOC100552540', 'G1KBE5', 'G1KWQ4', 'F12', 'H9GMY1', 'H9GC52', 'LOC100561529']"
PPPLPPPPPP,11,0.000581,"['EFNB2', 'JMY', 'FMNL3', 'H9GNZ8', 'SETD1B', 'WHAMM', 'IQSEC3', 'R4GCZ3', 'RLIM', 'INF2', 'G1KI05']"
GPPGPPGPPG,11,0.000581,"['H9GJN6', 'COL7A1', 'COL18A1', 'COL19A1', 'H9GA01', 'C1QL4', 'COL4A2', 'COL1A1', 'CPSF6', 'COL12A1', 'COL17A1']"
HRDLAARNVL,11,0.000581,"['ERBB2', 'pdgfra', 'CSK', 'SYK', 'CSF1R', 'RET', 'FRK', 'JAK1', 'FGFR2', 'FLT3', 'FLT1']"
FAYGQTGSGK,11,0.000581,"['KIF16B', 'H9GCQ7', 'KIF13A', 'KIF6', 'KIF7', 'KIF14', 'KIF15', 'STARD9', 'KIF17', 'KIFC1', 'KIF2B']"
EEEEEEEEDD,11,0.000581,"['PLEKHG3', 'H9GLR5', 'kcnj12', 'ythdc1', 'RANGAP1', 'LOC100553405', 'ABCC9', 'HIVEP3', 'PEX14', 'LMOD3', 'UVSSA']"
ILADEMGLGK,11,0.000581,"['SRCAP', 'R4GC58', 'CHD3', 'CHD2', 'CHD9', 'INO80', 'G1KC65', 'SMARCAD1', 'SMARCA1', 'SMARCA2', 'SHPRH']"
HCSAGVGRTG,11,0.000581,"['H9GK89', 'PTPRQ', 'H9GNZ4', 'PTPN14', 'PTPRG', 'PTPRF', 'PTPRE', 'PTPRC', 'PTPRB', 'PTPRO', 'ptprj']"
GGGGGGGSSS,10,0.000528,"['NEUROD2', 'TRIM71', 'CCSAP', 'twist1', 'PRRC2A', 'DSP', 'LOR', 'EN2', 'SART1', 'DLX2']"
PPPPPPLPPP,10,0.000528,"['ARHGEF11', 'WASF1', 'ADAMTS2', 'FMNL3', 'H9GNZ8', 'WHAMM', 'MTFR1', 'MYRF', 'RLIM', 'SHTN1']"
PPPPPPPPPQ,10,0.000528,"['NR4A2', 'FBXO11', 'H9GBZ9', 'CUX1', 'ZNF341', 'RANBP9', 'VIRMA', 'SETD2', 'WAS', 'LMOD2']"
HTGEKPYKCS,10,0.000528,"['KLF7', 'G1KYU6', 'G1KZD9', 'LOC100555172', 'ZNF319', 'G1KXS5', 'LOC100554588', 'R4GD13', 'LOC100561282', 'H9GQN3']"
VHTGEKPYKC,10,0.000528,"['LOC103280959', 'H9GSL2', 'G1KJW1', 'G1KVW6', 'LOC100567578', 'LOC103280137', 'LOC100554588', 'ZNF319', 'R4GD13', 'zfp64']"
VHCSAGVGRT,10,0.000528,"['PTPRQ', 'H9GNZ4', 'PTPN14', 'PTPRG', 'PTPRF', 'PTPRE', 'PTPRC', 'PTPRB', 'H9GK89', 'ptprj']"
GSGGGGGGGG,10,0.000528,"['RAD23B', 'RAP1GAP', 'ZNF703', 'HNRNPA3', 'RIC3', 'RFX1', 'twist1', 'H9GUY9', 'KCNA3', 'NKX2-5']"
PPPPPPPLPP,10,0.000528,"['ARHGEF11', 'WASF1', 'ADAMTS2', 'FMNL3', 'H9GNZ8', 'WHAMM', 'WIPF3', 'MTFR1', 'MYRF', 'RLIM']"
EEEEEEEEEK,10,0.000528,"['KMT2B', 'LRRK2', 'WWC2', 'TNRC18', 'H9GAY2', 'PAXIP1', 'LOC103280028', 'H9GDZ5', 'ZC3H18', 'SLC4A1AP']"
VESHLSKLNG,10,0.000528,"['LOC103279318', 'H9GA88', 'H9GTU5', 'H9GHW0', 'H9GFK2', 'G1KWY6', 'H9GHS9', 'CFL1', 'FRMD6', 'SETDB1']"
GGGGGGGGGR,10,0.000528,"['B4GALNT3', 'u2af1', 'SENP6', 'ACIN1', 'KLHL1', 'LOC100566088', 'PMS1', 'L7N001', 'TMEM158', 'LOX']"
EEEEEEEEGE,10,0.000528,"['chd5', 'CABIN1', 'FAM163A', 'H9G779', 'NAA30', 'PPME1', 'H9G3W5', 'TRPC3', 'SSTR3', 'SLC4A3']"
RERERERERE,10,0.000528,"['RERE', 'WDR55', 'H9GA62', 'NELFE', 'GSE1', 'ZC3H13', 'RBM25', 'ARGLU1', 'ZC3H18', 'L7N012']"
HQRVHTGEKP,10,0.000528,"['LOC100551690', 'H9GT47', 'R4GBK6', 'G1KJW1', 'R4G9Q5', 'LOC100554588', 'LOC100567578', 'G1KZ70', 'R4GD13', 'H9GMC9']"
THTGEKPYKC,10,0.000528,"['ZNF217', 'LOC100555172', 'KLF7', 'LOC107983291', 'G1KK75', 'MYNN', 'LOC103278099', 'H9GT15', 'KLF3', 'H9GQN3']"
TSSSSSSSSS,10,0.000528,"['TTC14', 'EGR2', 'SRRM2', 'smg8', 'EVX2', 'LATS2', 'IRF2BP1', 'foxf2', 'POU2F2', 'CLASRP']"
IIIIIIIIII,9,0.000475,"['H9GTT2', 'G1KH12', 'H9G7Y7', 'LOC100562187', 'H9G5X0', 'RHAG', 'R4G9Y0', 'H9GQN5', 'VAC14']"
RIHTGEKPYK,9,0.000475,"['ZNF536', 'G1KYU6', 'G1KZD9', 'H9GVD7', 'ZNF142', 'G1KWP2', 'G1KVY9', 'H9GQN3', 'KLF8']"
ERERERERER,9,0.000475,"['RERE', 'H9GA62', 'GSE1', 'ARGLU1', 'ZC3H13', 'RBM25', 'H9GLM9', 'ZC3H18', 'L7N012']"
AYGQTGSGKT,9,0.000475,"['H9GCQ7', 'KIF25', 'KIF7', 'kif4a', 'KIF15', 'STARD9', 'KIF2B', 'KIF6', 'KIFC1']"
PPPPPPPPPG,9,0.000475,"['WASF2', 'FNBP4', 'DAAM1', 'HELZ', 'R3HDM1', 'FMN2', 'WASL', 'BCL9L', 'SF1']"
SSSSSSSSSC,9,0.000475,"['G1KEL5', 'CHD9', 'POU2F2', 'FAM46A', 'CUL4B', 'G1KKW7', 'TSHZ3', 'DACH2', 'MEX3B']"
SSSSSSSSSG,9,0.000475,"['H9G8L3', 'CEBPD', 'G1KKE1', 'EVX2', 'INSM1', 'IRF2BP1', 'PNN', 'PPP2R5D', 'dhx33']"
SSSSSSSSSR,9,0.000475,"['FAM160A2', 'UBE3A', 'PPRC1', 'RNF40', 'LATS2', 'nppc', 'H9GAF3', 'H9GS06', 'CLASRP']"
QRVHTGEKPY,9,0.000475,"['LOC100551690', 'H9GT47', 'R4GBK6', 'G1KJW1', 'R4G9Q5', 'LOC100554588', 'LOC100567578', 'G1KZ70', 'R4GD13']"
GAGGGGGGGG,9,0.000475,"['SOX1', 'RAB32', 'VSTM2B', 'RCOR3', 'EN2', 'FOXO6', 'RBM33', 'H9GMZ6', 'TMEM233']"
QQQQQQQQQH,9,0.000475,"['FoxP2', 'EPB41L3', 'ZNF384', 'Brain-2', 'FAM222B', 'PAXIP1', 'CHERP', 'LENG8', 'GTF2A1']"
QGDSGGPLVC,9,0.000475,"['LOC100567111', 'CTRL', 'plg', 'LOC100552540', 'G1KBE5', 'F12', 'H9GMY1', 'H9GC52', 'LOC100561529']"
AEEEEEEEEE,9,0.000475,"['KMT2B', 'GAS2L1', 'NAA30', 'H9G3W5', 'GPATCH11', 'CREBRF', 'UTP3', 'PRKRA', 'MSC']"
VKIWFQNRRM,9,0.000475,"['HOXB8', 'HOXD9', 'hoxb1', 'HOXD12', 'HOXA11', 'HOXC10', 'HOXA4', 'G1KAW3', 'MNX1']"
RTHTGEKPYK,9,0.000475,"['ZNF217', 'LOC100555172', 'KLF7', 'G1KK75', 'MYNN', 'LOC103278099', 'H9GT15', 'KLF3', 'H9GQN3']"
HRDLKPENLL,9,0.000475,"['ICK', 'RPS6KA5', 'BRSK1', 'DCLK3', 'MELK', 'CAMK2B', 'MAPKAPK5', 'PSKH1', 'CAMK1D']"
DACQGDSGGP,9,0.000475,"['OVCH1', 'H9GC68', 'ST14', 'HGFAC', 'G1KWQ4', 'F12', 'PRSS8', 'F10', 'LOC100565795']"
WDTAGQERFR,9,0.000475,"['RAB9A', 'RAB27A', 'RAB37', 'RAB33B', 'rab6a', 'RAB22A', 'LOC100564478', 'RASEF', 'cracr2b']"
QPPPPPPPPP,9,0.000475,"['HMX3', 'FIGN', 'twist1', 'FBXO11', 'DAB2IP', 'HOXC10', 'ZNF341', 'NR4A2', 'RNF111']"
GGGGGGGGAG,9,0.000475,"['G1KFF6', 'RFX1', 'TRA2A', 'ATP11B', 'nppc', 'FAM89A', 'R4GAH6', 'SF1', 'GATAD1']"
EEEEEDEEEE,9,0.000475,"['GSE1', 'G1K978', 'MIER1', 'HMGB1', 'ZNF219', 'SETD1A', 'MICAL3', 'LOC103281953', 'LMOD2']"
RVHTGEKPYK,9,0.000475,"['LOC103280959', 'H9GSL2', 'G1KJW1', 'G1KVW6', 'LOC100567578', 'LOC100554588', 'ZNF319', 'R4GD13', 'zfp64']"
ACQGDSGGPL,9,0.000475,"['LOC100567111', 'LOC107982290', 'OVCH1', 'H9GC68', 'ST14', 'HGFAC', 'G1KWQ4', 'F12', 'PRSS8']"
PGPPGPPGPP,9,0.000475,"['H9GJN6', 'COL18A1', 'PNISR', 'COL1A1', 'H9GA01', 'COL4A2', 'COL26A1', 'CPSF6', 'COL17A1']"
IHTGEKPYKC,9,0.000475,"['ZNF536', 'G1KYU6', 'G1KZD9', 'H9GVD7', 'ZNF142', 'G1KWP2', 'G1KVY9', 'H9GQN3', 'KLF8']"
EEEEEEEDEE,9,0.000475,"['EHMT2', 'ZBTB7C', 'EVA1C', 'JARID2', 'LOC103281953', 'LOC100563505', 'LEMD3', 'KCNV2', 'LMOD2']"
PPGPPGPPGP,8,0.000422,"['H9GJN6', 'COL18A1', 'H9GA01', 'C1QL4', 'COL4A2', 'COL1A1', 'CPSF6', 'COL17A1']"
EGEEEEEEEE,8,0.000422,"['RRAGD', 'H9GPE4', 'hoxb2', 'MYLK', 'PLCD4', 'ANP32B', 'H9G738', 'BRPF1']"
IWFQNRRMKW,8,0.000422,"['HOXB8', 'HOXD9', 'G1KFE8', 'hoxb4', 'HOXC6', 'G1KAW3', 'PDX1', 'MNX1']"
REEEEEEEEE,8,0.000422,"['CWC22', 'CDC42EP1', 'STK11', 'L7MZZ2', 'FBRS', 'LOC103281953', 'JPH4', 'ZEB1']"
ESHLSKLNGP,8,0.000422,"['H9GHS9', 'H9GA88', 'H9GTU5', 'H9GHW0', 'H9GFK2', 'G1KWY6', 'CFL1', 'SETDB1']"
HQRIHTGEKP,8,0.000422,"['G1KL61', 'LOC100554588', 'G1KZD9', 'ZNF22', 'R4GD45', 'LOC100567578', 'H9GT15', 'H9GH43']"
GPPPPPPPPP,8,0.000422,"['EVL', 'FEZF2', 'SCAF11', 'HOXD4', 'FMN2', 'WASL', 'WIPF3', 'BCL9L']"
RLVITPLTDR,8,0.000422,"['DNAH2', 'DNAH10', 'DNAH7', 'G1KXZ7', 'H9GNX2', 'G1KPZ6', 'G1KBI6', 'G1KEF2']"
QQQQQQQQQP,8,0.000422,"['AMOTL1', 'CELF5', 'hoxc5', 'HERC1', 'PCLO', 'BRD4', 'KAT6A', 'EP300']"
EEEEEEEGEE,8,0.000422,"['LOC100562919', 'L7MZZ7', 'SMAD6', 'TRPC3', 'SSTR3', 'SLC4A3', 'CABLES1', 'RNF19B']"
HTGEKPYKCP,8,0.000422,"['LOC103280959', 'ZNF536', 'G1KZD9', 'L7MZU6', 'G1KLA1', 'G1KWP2', 'ZNF319', 'ZNF516']"
SHLSKLNGPA,8,0.000422,"['H9GHS9', 'H9GA88', 'H9GTU5', 'H9GHW0', 'H9GFK2', 'G1KWY6', 'CFL1', 'SETDB1']"
APSSSSSSSS,8,0.000422,"['UBE3A', 'EXT1', 'FEZF2', 'PWWP2A', 'G1KYF0', 'NEUROG2', 'IRX4', 'ZNF281']"
LDNPERWISE,8,0.000422,"['H9G5A8', 'H9GHS9', 'FRYL', 'FAM120B', 'R4GCN8', 'RB1CC1', 'PYGL', 'H9GAG9']"
AAAAAAAAAS,8,0.000422,"['DMRTA2', 'ZNF804A', 'BHLHE22', 'HCN4', 'zfp91', 'SOX1', 'IRX1', 'PBX1']"
AAAAAAAAAT,8,0.000422,"['ZFR', 'HUWE1', 'ZNF574', 'HAND2', 'MINDY2', 'DACH1', 'KAT6A', 'CLASRP']"
HRRIHTGEKP,8,0.000422,"['G1KZD9', 'H9GA21', 'G1KJW1', 'G1KLA5', 'ZBTB39', 'LOC107982242', 'LOC100567578', 'KLF8']"
NSIRHNLSLN,8,0.000422,"['FOXJ2', 'FOXK1', 'G1KHB1', 'FOXG1', 'LOC100560010', 'FOXS1', 'FOXL1', 'foxi2']"
HMRTHTGEKP,8,0.000422,"['ZNF536', 'LOC103282849', 'R4GC26', 'zbtb7b', 'ZBTB7C', 'ZNF711', 'PRDM5', 'H9GK14']"
DEMGLGKTIQ,8,0.000422,"['SRCAP', 'CHD3', 'CHD2', 'ZRANB3', 'CHD9', 'ERCC6', 'SMARCAD1', 'SMARCA2']"
RDLAARNVLV,8,0.000422,"['ERBB2', 'CSK', 'FRK', 'CSF1R', 'RET', 'JAK1', 'FGFR2', 'FLT3']"
EEEEEEEAEE,8,0.000422,"['RBM6', 'AK9', 'AK7', 'CACNA1F', 'WDR78', 'SETD1B', 'HNRNPAB', 'LEMD3']"
WFQNRRMKWK,8,0.000422,"['HOXB8', 'HOXD9', 'G1KFE8', 'hoxb4', 'HOXC6', 'PDX1', 'MNX1', 'MEOX2']"
EEEEEEEEEP,8,0.000422,"['G1KLA9', 'STAC3', 'ABCF1', 'ZSWIM3', 'ZNF219', 'megf9', 'LOC103281873', 'dcaf8']"
EEEEEEEEES,8,0.000422,"['UTP3', 'SNIP1', 'G1KIL9', 'H9GVF3', 'FAM53C', 'LOC100563505', 'CLSTN1', 'CANX']"
CSAGVGRTGT,8,0.000422,"['H9GNZ4', 'PTPRG', 'H9GK89', 'PTPRE', 'PTPRC', 'PTPRB', 'PTPRO', 'ptprj']"
HHHHHHHHHH,8,0.000422,"['NUFIP2', 'FOXG1', 'DYRK1A', 'G1KEP4', 'VGLL2', 'SORBS2', 'USP34', 'MEOX2']"
GGGGGGGGGL,8,0.000422,"['CEP164', 'GREB1', 'Brain-1', 'ARX', 'LOC100561812', 'CCNYL1', 'FOXB2', 'PRDM8']"
LSSSSSSSSS,8,0.000422,"['KIAA0355', 'DMRTA2', 'VSTM2B', 'PPRC1', 'INSM1', 'CUL4B', 'RANBP10', 'NUFIP2']"
HLSKLNGPAE,8,0.000422,"['H9GHS9', 'H9GA88', 'H9GTU5', 'H9GHW0', 'H9GFK2', 'G1KWY6', 'CFL1', 'SETDB1']"
GPAGTGKTET,8,0.000422,"['DNAH2', 'DNAH1', 'DNAH10', 'G1KXZ7', 'H9GNX2', 'G1KPZ6', 'G1KBI6', 'G1KEF2']"
SSSSSSSSAA,7,0.00037,"['TAF4', 'KIAA0355', 'EGR2', 'LOC100562908', 'ZSWIM4', 'G1KHB1', 'foxf2']"
SSSSSSSSAS,7,0.00037,"['ARID1B', 'NFE2L1', 'nrxn3', 'G1KFF6', 'MED1', 'DACH1', 'NUFIP2']"
DFVSQNHKSN,7,0.00037,"['H9G7Y7', 'PIEZO1', 'ADAT1', 'SF3B2', 'MCM7', 'H9GFU4', 'R4GD79']"
THTGEKPFKC,7,0.00037,"['ZNF536', 'G1KYX8', 'H9GRA5', 'LOC103280871', 'PRDM6', 'ZIC1', 'H9GT22']"
HIRTHTGEKP,7,0.00037,"['G1KL61', 'EGR2', 'MTF1', 'PRDM6', 'GZF1', 'SNAI3', 'ZBTB49']"
QVWFQNRRAK,7,0.00037,"['ARX', 'DRGX', 'H9GMK3', 'SHOX2', 'LOC107983222', 'VSX2', 'RAX']"
TANKIDMLDF,7,0.00037,"['H9GKS4', 'CETP', 'H9G7Y7', 'PIEZO1', 'MCM7', 'H9GFU4', 'R4GD79']"
PPPPPPPPPA,7,0.00037,"['TOX', 'FIGN', 'FMNL2', 'HOXC13', 'RNF111', 'BRD4', 'SETD2']"
PPPPPPPPPE,7,0.00037,"['KDM1A', 'FEZF2', 'bod1', 'FBXO11', 'BOD1L1', 'USP31', 'ATOH8']"
SSASSSSSSS,7,0.00037,"['SERTAD4', 'CHD9', 'CEP57', 'PRDM6', 'RANBP9', 'DACH1', 'MEX3B']"
PQQQQQQQQQ,7,0.00037,"['CDK19', 'Brain-1', 'PAXIP1', 'HERC1', 'RAI1', 'SFPQ', 'EP300']"
VSQNHKSNTS,7,0.00037,"['H9G7Y7', 'PIEZO1', 'ADAT1', 'SF3B2', 'MCM7', 'H9GFU4', 'R4GD79']"
KIDMLDFVSQ,7,0.00037,"['H9GKS4', 'H9G7Y7', 'PIEZO1', 'ADAT1', 'MCM7', 'H9GFU4', 'R4GD79']"
GGGGSGGGGG,7,0.00037,"['RAD23B', 'UNC79', 'RIC3', 'RFX1', 'LOC100560433', 'SIX3', 'ANKS1A']"
SSSSSSSSSL,7,0.00037,"['KCTD5', 'med26', 'dgkk', 'ABCA2', 'CRH', 'NUFIP2', 'ING3']"
SSSSSSSSSF,7,0.00037,"['R4GC23', 'CASD1', 'PRCC', 'KDELC2', 'smg8', 'MLLT3', 'gpr83']"
SSSSSSSSST,7,0.00037,"['ZCCHC10', 'VSTM2B', 'SRRM2', 'LOC100556009', 'SETD1A', 'H9G4D0', 'H9GAF3']"
FVSQNHKSNT,7,0.00037,"['H9G7Y7', 'PIEZO1', 'ADAT1', 'SF3B2', 'MCM7', 'H9GFU4', 'R4GD79']"
HQRIHTGERP,7,0.00037,"['H9GGQ1', 'R4GBK6', 'G1KJW1', 'G1KVW6', 'ZNF668', 'znf777', 'H9GMC9']"
QQQQQQQQQR,7,0.00037,"['ILDR2', 'BAHCC1', 'ZNF609', 'GDF6', 'WDR26', 'TNIK', 'PCLO']"
PPPPPLPPPP,7,0.00037,"['FMNL3', 'H9GNZ8', 'ZFHX3', 'WHAMM', 'MTFR1', 'LOC100554382', 'RLIM']"
VHRDLAARNV,7,0.00037,"['ERBB2', 'pdgfra', 'CSK', 'SYK', 'RET', 'JAK1', 'FLT3']"
HTGEKPYKCL,7,0.00037,"['LOC103280959', 'H9GTN7', 'G1KVW6', 'LOC100567578', 'LOC100566130', 'H9GT22', 'R4G9I9']"
HLRTHTGEKP,7,0.00037,"['KLF11', 'ZNF217', 'LOC103282240', 'LOC100560742', 'KLF1', 'H9GT22', 'H9GSK9']"
ADEMGLGKTI,7,0.00037,"['SRCAP', 'CHD3', 'CHD2', 'ZRANB3', 'CHD9', 'SMARCAD1', 'SMARCA2']"
DEEEEDEEEE,7,0.00037,"['HMGB2', 'EVA1B', 'ZNF219', 'SETD1A', 'G1KIL9', 'WBP1', 'MNX1']"
EKPYKCLECG,7,0.00037,"['LOC103280959', 'H9GTN7', 'LOC103281284', 'R4GAX4', 'R4G9I9', 'LOC100566130', 'H9GT22']"
ITMNPGYAGR,7,0.00037,"['DNAH2', 'DNAH1', 'DNAH10', 'G1KXZ7', 'DNAH9', 'G1KBI6', 'DYNC1H1']"
YGPPGTGKTL,7,0.00037,"['H9GG48', 'PEX6', 'LOC100566348', 'KATNAL2', 'ATAD2', 'SPATA5', 'PSMC6']"
IHTGEKPFKC,7,0.00037,"['G1KUQ7', 'G1KZD9', 'ZNF236', 'LOC103280871', 'LOC100567578', 'H9G825', 'H9GQN3']"
QLWDTAGQER,7,0.00037,"['RAB27A', 'LOC100552668', 'RAB39A', 'RAB33B', 'cracr2b', 'RASEF', 'G1KIU9']"
GGGSGGGGGG,7,0.00037,"['UBE4B', 'RAD23B', 'H9GUY9', 'RIC3', 'RFX1', 'LOC100560433', 'DUSP6']"
HQQQQQQQQQ,7,0.00037,"['MAP4K4', 'Brain-2', 'FAM222B', 'hoxc5', 'GDF6', 'CPEB3', 'CHERP']"
EEEEEEDEEE,7,0.00037,"['MIER1', 'EVA1C', 'ZNF219', 'TP53INP1', 'LOC103281953', 'LEMD3', 'LMOD2']"
LQQQQQQQQQ,7,0.00037,"['FOXP1', 'MAML2', 'GIGYF2', 'BAHCC1', 'TNIK', 'TNRC6B', 'CREBBP']"
SPSSSSSSSS,7,0.00037,"['ZCCHC10', 'FAM46A', 'TAOK2', 'G1KR01', 'NR1D1', 'nppc', 'USP36']"
LVITPLTDRC,7,0.00037,"['DNAH2', 'DNAH7', 'G1KXZ7', 'H9GNX2', 'G1KPZ6', 'G1KBI6', 'G1KEF2']"
DYKNALDNPE,7,0.00037,"['TRAF2', 'FRYL', 'G1KFG4', 'VAV2', 'H9GHS9', 'UHRF1', 'H9GRY2']"
HLRIHTGEKP,7,0.00037,"['LOC103280959', 'ZNF536', 'G1KJW1', 'LOC103278142', 'G1KZ70', 'BCL6', 'ZNF410']"
SHTGEKPYKC,7,0.00037,"['ZNF236', 'H9GQC0', 'BCL11B', 'IKZF5', 'H9GT22', 'G1KVW6', 'R4GAC7']"
GPIVVHCSAG,7,0.00037,"['PTPRT', 'PTPRE', 'PTPRC', 'H9GK89', 'H9GHV1', 'PTPN1', 'PTPN7']"
CEGCKGFFRR,7,0.00037,"['RARG', 'CAR', 'THRB', 'G1KBS6', 'PPARD', 'NR1D2', 'NR1H3']"
QQQQQQQQPP,7,0.00037,"['AMOTL1', 'hoxc5', 'HERC1', 'PCLO', 'KAT6A', 'EP300', 'MEOX2']"
DMLDFVSQNH,7,0.00037,"['H9GKS4', 'H9G7Y7', 'PIEZO1', 'ADAT1', 'MCM7', 'H9GFU4', 'R4GD79']"
EEEEEEEEDG,7,0.00037,"['H9G7C0', 'KRI1', 'RAD21', 'BRPF1', 'ANP32B', 'ALKBH5', 'BCR']"
PPLPPPPPPP,7,0.00037,"['JMY', 'CHD8', 'H9GNZ8', 'L7MZL0', 'RAPH1', 'RLIM', 'G1KI05']"
IFAYGQTGSG,7,0.00037,"['KIF16B', 'H9GCQ7', 'KIF13A', 'KIF6', 'KIF15', 'KIF17', 'KIFC1']"
GGGGGGGGSG,7,0.00037,"['SRF', 'shox', 'HNRNPA3', 'VSTM2B', 'RIC3', 'H9G5F5', 'hnrnpl']"
WQNSIRHNLS,7,0.00037,"['FOXK1', 'G1KHB1', 'FOXG1', 'LOC100560010', 'FOXS1', 'FOXL1', 'foxi2']"
EEEEEEEEER,7,0.00037,"['GAS2L1', 'CWC22', 'LMO7', 'L7MZK5', 'mafb', 'USP34', 'RNF157']"
RSHTGEKPYK,7,0.00037,"['ZNF236', 'H9GQC0', 'BCL11B', 'IKZF5', 'H9GT22', 'G1KVW6', 'R4GAC7']"
VVHCSAGVGR,7,0.00037,"['PTPRQ', 'PTPN14', 'PTPRF', 'PTPRE', 'PTPRC', 'H9GK89', 'PTPRZ1']"
IDMLDFVSQN,7,0.00037,"['H9GKS4', 'H9G7Y7', 'PIEZO1', 'ADAT1', 'MCM7', 'H9GFU4', 'R4GD79']"
PLPPPPPPLP,7,0.00037,"['FMNL3', 'FMN2', 'PRR16', 'WHAMM', 'G1KIL9', 'IQSEC3', 'INF2']"
GGGGGGSGGG,7,0.00037,"['RIC3', 'SIX3', 'LOR', 'CAMTA1', 'LOC100560433', 'ANKS1A', 'RFX1']"
EQQQQQQQQQ,7,0.00037,"['CLOCK', 'WDR91', 'ZNF609', 'PCLO', 'BRD4', 'EP300', 'LENG8']"
GGGGGGGSGG,7,0.00037,"['PRKCI', 'AMOTL2', 'HNRNPA3', 'RIC3', 'LOR', 'LOC100560433', 'ANKS1A']"
QNSIRHNLSL,7,0.00037,"['FOXK1', 'G1KHB1', 'FOXG1', 'LOC100560010', 'FOXS1', 'FOXL1', 'foxi2']"
VPPPPPPPPP,7,0.00037,"['FHDC1', 'KMT2E', 'DIAPH3', 'bod1', 'G1KZE9', 'WASL', 'BRD3']"
DTAGQERFRS,7,0.00037,"['RAB9A', 'RAB27A', 'LOC100552668', 'rab4b', 'RAB39A', 'RASEF', 'cracr2b']"
NKIDMLDFVS,7,0.00037,"['H9GKS4', 'H9G7Y7', 'PIEZO1', 'ADAT1', 'MCM7', 'H9GFU4', 'R4GD79']"
GILADEMGLG,7,0.00037,"['SRCAP', 'R4GC58', 'INO80', 'SMARCAD1', 'SMARCA1', 'SMARCA2', 'SHPRH']"
GGEEEEEEEE,7,0.00037,"['G1KB03', 'G1KNG0', 'H9GDZ5', 'mafb', 'CCDC9', 'LEMD3', 'CANX']"
TQVKIWFQNR,7,0.00037,"['G1KC47', 'hoxb1', 'H9GVY3', 'NKX1-2', 'MSX1', 'MNX1', 'DLX3']"
DSSSSSSSSS,7,0.00037,"['R4GA99', 'ZCCHC10', 'JMJD6', 'TET2', 'LOC100556009', 'H9GAF3', 'BRD2']"
GGGGGSGGGG,7,0.00037,"['SLC44A5', 'RFX1', 'RIC3', 'LOR', 'LOC100560433', 'SIX3', 'ANKS1A']"
SSPSSSSSSS,6,0.000317,"['ZCCHC10', 'GLDC', 'BCLAF1', 'CELF1', 'NKX1-2', 'TAOK2']"
PSPPPPPPPP,6,0.000317,"['CABLES2', 'AMBRA1', 'LMOD2', 'MTFR1', 'SETD2', 'ATOH8']"
RIHTGEKPYQ,6,0.000317,"['G1KYU6', 'LOC103279909', 'ZBTB39', 'zfx', 'H9GT08', 'L7MZW7']"
GTGKTETTKD,6,0.000317,"['DNAH1', 'DNAH10', 'G1KXZ7', 'H9GNX2', 'G1KPZ6', 'G1KBI6']"
LEEEEEEEEE,6,0.000317,"['CHIC1', 'GRIK1', 'AK7', 'GTF3C1', 'PEX14', 'HIVEP3']"
PAGTGKTETT,6,0.000317,"['DNAH1', 'DNAH10', 'G1KXZ7', 'H9GNX2', 'G1KPZ6', 'G1KBI6']"
ANKIDMLDFV,6,0.000317,"['H9GKS4', 'H9G7Y7', 'PIEZO1', 'MCM7', 'H9GFU4', 'R4GD79']"
SDSSSSSSSS,6,0.000317,"['R4GA99', 'ZCCHC10', 'JMJD6', 'HECTD4', 'H9GAF3', 'BRD2']"
VYKVETIGDA,6,0.000317,"['LOC100564400', 'GUCY2C', 'GUCY2D', 'LOC103282148', 'G1KLN8', 'GUCY1A3']"
NYCIYEFSTK,6,0.000317,"['UHRF1', 'CACNA1C', 'USP35', 'H9GRY2', 'IQGAP1', 'H9GJW7']"
GAWGCFDEFN,6,0.000317,"['DNAH2', 'DNAH10', 'G1KXZ7', 'DNAH9', 'DYNC1H1', 'dync2h1']"
GRGGGGGGGG,6,0.000317,"['SRSF1', 'u2af1', 'HNRNPA0', 'LOR', 'L7N001', 'LSM14A']"
QEEEEEEEEE,6,0.000317,"['H9GHW2', 'ZSWIM3', 'LIN28B', 'TRPC3', 'megf9', 'LOC103281873']"
GPPGLPGLPG,6,0.000317,"['L7MZG3', 'LOC100558893', 'G1KTK3', 'COL4A1', 'L7MZY9', 'H9GKU9']"
SDVWSFGVLL,6,0.000317,"['RET', 'MAP3K10', 'MET', 'LYN', 'TIE1', 'KDR']"
ENIDYKNALD,6,0.000317,"['H9GHS9', 'FRYL', 'G1KFG4', 'TRAF2', 'UHRF1', 'H9GRY2']"
LDFVSQNHKS,6,0.000317,"['H9G7Y7', 'PIEZO1', 'ADAT1', 'MCM7', 'H9GFU4', 'R4GD79']"
PPAPPPPPPP,6,0.000317,"['TNKS', 'ZC3H4', 'BRD4', 'H9GUH5', 'SAYSD1', 'SEMA4G']"
PPPPPPPPPT,6,0.000317,"['EVL', 'NR4A2', 'ATF7IP', 'RAPH1', 'CABLES2', 'MEOX2']"
ISGESGAGKT,6,0.000317,"['MYO3B', 'MYO1E', 'MYO1D', 'L7N022', 'MYO10', 'MYO7B']"
EVEEEEEEEE,6,0.000317,"['FAM161A', 'SUPT5H', 'EFS', 'H9G583', 'MICAL3', 'LMOD2']"
LWDTAGQERF,6,0.000317,"['RAB27A', 'LOC100552668', 'RAB39A', 'RAB33B', 'RASEF', 'cracr2b']"
EEEEEEEDDD,6,0.000317,"['ythdc1', 'H9GLR5', 'kcnj12', 'PHRF1', 'LMOD3', 'UVSSA']"
HTGEKPYQCQ,6,0.000317,"['LOC100551690', 'H9GT47', 'LOC103282529', 'G1KJW1', 'zfx', 'GZF1']"
SSSSSSSSSD,6,0.000317,"['ZCCHC10', 'JMJD6', 'DMRTA2', 'TTC14', 'grwd1', 'BRD2']"
HVRTHTGEKP,6,0.000317,"['ZNF143', 'KLF10', 'LOC100555172', 'H9GR70', 'MYNN', 'G1KUC7']"
FITMNPGYAG,6,0.000317,"['DNAH2', 'DNAH1', 'DNAH10', 'G1KXZ7', 'DNAH9', 'DYNC1H1']"
DDDDDDDDDD,6,0.000317,"['PDIA4', 'NCBP1', 'CASQ2', 'ASPN', 'RLF', 'F5']"
IHTGEKPYEC,6,0.000317,"['H9GRH0', 'G1KYU6', 'G1KJW1', 'GTF3A', 'LOC107982242', 'R4GD13']"
AGTGKTETTK,6,0.000317,"['DNAH1', 'DNAH10', 'G1KXZ7', 'H9GNX2', 'G1KPZ6', 'G1KBI6']"
GQQQQQQQQQ,6,0.000317,"['AMOTL1', 'ILDR2', 'Brain-1', 'WDR26', 'PCLO', 'zmiz2']"
SRSRSRSRSR,6,0.000317,"['SRSF1', 'SCAF11', 'LOC103281145', 'H9G7Y4', 'srsf2', 'CHERP']"
YKVETIGDAY,6,0.000317,"['LOC100564400', 'GUCY2C', 'GUCY2D', 'LOC103282148', 'G1KLN8', 'GUCY1A2']"
HQRTHTGEKP,6,0.000317,"['LOC103278118', 'G1KYX8', 'LOC103282240', 'KLF6', 'G1KK75', 'H9GT15']"
QGDSGGPLAC,6,0.000317,"['LOC107982290', 'OVCH1', 'H9GC68', 'LOC100551756', 'TMPRSS6', 'HGFAC']"
LQLWDTAGQE,6,0.000317,"['RAB27A', 'LOC100552668', 'RAB39A', 'cracr2b', 'RASEF', 'G1KIU9']"
NLVDLAGSER,6,0.000317,"['H9GCQ7', 'KIF9', 'KIF14', 'KIF15', 'STARD9', 'KIF17']"
CQGDSGGPLA,6,0.000317,"['LOC107982290', 'OVCH1', 'H9GC68', 'LOC100551756', 'TMPRSS6', 'HGFAC']"
KRPMNAFMVW,6,0.000317,"['SOX21', 'SOX30', 'sox12', 'SOX8', 'SOX1', 'SOX5']"
PPPPPPPPSS,6,0.000317,"['FEZF1', 'KMT2E', 'DMWD', 'WASL', 'WIPF1', 'H9GSR7']"
RQVKIWFQNR,6,0.000317,"['HOXB8', 'HOXD9', 'CDX2', 'HOXA11', 'HOXC10', 'HOXA4']"
SSLSSSSSSS,6,0.000317,"['NFRKB', 'VSTM2B', 'PPRC1', 'SETD1A', 'NUFIP2', 'SP2']"
DVYKVETIGD,6,0.000317,"['LOC100564400', 'GUCY2C', 'GUCY2D', 'LOC103282148', 'LOC100565491', 'GUCY1A3']"
AWGCFDEFNR,6,0.000317,"['DNAH2', 'DNAH10', 'G1KXZ7', 'DNAH9', 'DYNC1H1', 'dync2h1']"
HRDLAARNIL,6,0.000317,"['H9GTD9', 'PTK6', 'EPHA7', 'KIT', 'TIE1', 'KDR']"
EEEEEEEDED,6,0.000317,"['HUWE1', 'ACIN1', 'TIMELESS', 'VIRMA', 'aplp2', 'MSC']"
HERTHTGEKP,6,0.000317,"['H9GTN7', 'H9GUB7', 'LOC103280954', 'SALL4', 'LOC103278099', 'H9GQN3']"
THTGEKPYRC,6,0.000317,"['ZNF143', 'LOC103282240', 'KLF6', 'LOC100560742', 'LOC100560806', 'H9GSK9']"
AGPAGTGKTE,6,0.000317,"['DNAH1', 'DNAH10', 'G1KXZ7', 'DNAH9', 'G1KPZ6', 'G1KEF2']"
GEKPYKCLEC,6,0.000317,"['LOC103280959', 'LOC103282849', 'R4GAX4', 'R4G9I9', 'LOC103281288', 'H9GT22']"
DNPERWISEC,6,0.000317,"['H9GHS9', 'FRYL', 'FAM120B', 'R4GCN8', 'RB1CC1', 'PYGL']"
DEDEEEEEEE,6,0.000317,"['H9GUY0', 'kcnj12', 'TNRC18', 'SETD1B', 'ABCC9', 'KCNA4']"
IRSHTGERPY,6,0.000317,"['CTCFL', 'G1KHH3', 'H9GDY5', 'PRDM5', 'FIZ1', 'HIVEP3']"
IHTGEKPYQC,6,0.000317,"['G1KYU6', 'LOC103279909', 'ZBTB39', 'zfx', 'H9GT08', 'L7MZW7']"
SHTGERPYKC,6,0.000317,"['LOC103280958', 'BCL11B', 'SALL4', 'SALL2', 'PLAG1', 'RREB1']"
SSSSSSSAAS,6,0.000317,"['TNKS', 'KIAA0355', 'EGR2', 'PPM1J', 'G1KHB1', 'foxf2']"
AAAAAAAAVA,6,0.000317,"['CHD3', 'FOXK2', 'ZNF385D', 'ESRP2', 'ZMIZ1', 'IRX2']"
KKEEEEEEEE,6,0.000317,"['H9GLR5', 'H9GA62', 'H9GAY2', 'PARP3', 'BCORL1', 'FAM177A1']"
SGESGAGKTE,6,0.000317,"['MYO3B', 'MYO1D', 'MYO6', 'L7N022', 'MYO7A', 'MYO10']"
EEEDEEDEEE,6,0.000317,"['LOC103281953', 'LOC100554626', 'LOC103282557', 'hdgf', 'MNX1', 'PAK3']"
RTHTGEKPFK,6,0.000317,"['H9GRA5', 'G1KYX8', 'ZNF536', 'PRDM6', 'ZIC1', 'H9GT22']"
YRDSKLTRLL,6,0.000317,"['kif4a', 'KIF22', 'KIF18B', 'KIF3B', 'KIF19', 'KIF21B']"
AAQVALRRQQ,6,0.000317,"['G1KPI4', 'DMRT1', 'DMRT2', 'DMRT3', 'DMRTA2', 'DMRTA1']"
RSRSRSRSRS,6,0.000317,"['SRSF1', 'SCAF11', 'H9G7Y4', 'srsf2', 'CHERP', 'SETD2']"
FIHRDLAARN,6,0.000317,"['H9GTD9', 'PTK6', 'TEC', 'ABL1', 'TIE1', 'TYRO3']"
PLPPPPPPPP,6,0.000317,"['SAP30', 'CHD8', 'RNF44', 'RAPH1', 'RLIM', 'G1KI05']"
MAAQVALRRQ,6,0.000317,"['G1KPI4', 'DMRT1', 'DMRT2', 'DMRT3', 'DMRTA2', 'DMRTA1']"
ETQVKIWFQN,6,0.000317,"['hoxb1', 'H9GVY3', 'NKX1-2', 'MSX1', 'MNX1', 'H9GQT2']"
HIRSHTGERP,6,0.000317,"['G1KHH3', 'H9GDY5', 'PRDM5', 'FIZ1', 'CTCF', 'HIVEP3']"
NIDYKNALDN,6,0.000317,"['H9GHS9', 'FRYL', 'G1KFG4', 'TRAF2', 'UHRF1', 'H9GRY2']"
TRAGGLGINL,6,0.000317,"['R4GC58', 'CHD3', 'CHD2', 'CHD9', 'INO80', 'SMARCA1']"
RNDNSSRFGK,6,0.000317,"['LOC100555394', 'MYO1B', 'L7N022', 'H9GFH3', 'MYO5A', 'MYO7A']"
TAAAAAAAAA,6,0.000317,"['tle3', 'ARX', 'GGT7', 'DACH1', 'G1KV32', 'IKZF1']"
SQNHKSNTSQ,6,0.000317,"['H9G7Y7', 'PIEZO1', 'SF3B2', 'MCM7', 'H9GFU4', 'R4GD79']"
AQVALRRQQA,6,0.000317,"['G1KPI4', 'DMRT1', 'DMRT2', 'DMRT3', 'DMRTA2', 'DMRTA1']"
DGGGGGGGGG,6,0.000317,"['NEUROD2', 'P4HTM', 'HMX3', 'HOXA10', 'KLHL1', 'OSBP']"
EREREREREK,6,0.000317,"['GSE1', 'ZC3H13', 'RBM25', 'ATN1', 'BAZ2A', 'L7N012']"
YGQTGSGKTY,6,0.000317,"['H9GCQ7', 'KIF25', 'KIF7', 'kif4a', 'STARD9', 'KIFC1']"
QAAAAAAAAA,6,0.000317,"['BPTF', 'HCFC1', 'PRRC2C', 'ZFR', 'HCN4', 'MINDY2']"
EEEEEEEEEV,6,0.000317,"['CHD7', 'LOC103280464', 'H9G583', 'SBF1', 'MICAL3', 'LEMD2']"
EEGEEEEEEE,6,0.000317,"['H9GPE4', 'PLCD4', 'ANP32B', 'G1KJV0', 'USP34', 'L7MZH6']"
IENIDYKNAL,6,0.000317,"['H9GHS9', 'FRYL', 'G1KFG4', 'TRAF2', 'UHRF1', 'H9GRY2']"
SAGVGRTGTF,6,0.000317,"['H9GNZ4', 'H9GK89', 'PTPRE', 'PTPRB', 'PTPRO', 'ptprj']"
EEEEEEEEKE,6,0.000317,"['FAM161A', 'KMT2B', 'TNRC18', 'LOC103282744', 'DEK', 'H9GDZ5']"
ASSSSSSSSA,6,0.000317,"['ARID1B', 'TLX1', 'ZSWIM4', 'PRDM6', 'DACH1', 'VPS13D']"
VITPLTDRCY,6,0.000317,"['DNAH2', 'DNAH7', 'G1KXZ7', 'H9GNX2', 'G1KPZ6', 'G1KBI6']"
RVSLIQHKRA,6,0.000317,"['TICRR', 'DZIP1', 'H9G3L2', 'NEB', 'G1KWU1', 'CLPTM1']"
GGSGGGGGGG,6,0.000317,"['UBE4B', 'RAD23B', 'H9GUY9', 'RIC3', 'RFX1', 'ZNF503']"
EEEEEGEEEE,6,0.000317,"['H9GPE4', 'igbp1', 'LOC100562919', 'H9GTB5', 'SSTR3', 'L7MZH6']"
SRSSSSSSSS,6,0.000317,"['RNPS1', 'CEBPD', 'CHD9', 'PNISR', 'H9GAF3', 'PNN']"
LQTRADSWHN,6,0.000317,"['H9GA63', 'R4GCF3', 'H9GUX6', 'CDK10', 'H9GRR3', 'R4GAK5']"
AASSSSSSSS,6,0.000317,"['SFRP2', 'R4GC23', 'PRCC', 'KDELC2', 'ZSWIM4', 'GDF11']"
FYAPWCGHCK,6,0.000317,"['PDIA6', 'P4HB', 'PDIA4', 'PDIA3', 'TXNDC5', 'PDIA5']"
NPERWISECW,6,0.000317,"['H9GHS9', 'FRYL', 'FAM120B', 'R4GCN8', 'RB1CC1', 'PYGL']"
IDYKNALDNP,6,0.000317,"['H9GHS9', 'FRYL', 'G1KFG4', 'TRAF2', 'UHRF1', 'H9GRY2']"
EEEEEEKEEE,6,0.000317,"['FAM161A', 'ZBTB7C', 'CALR', 'PPARGC1B', 'H9GDZ5', 'RRP12']"
VLLLLLLLLL,6,0.000317,"['LOC100551876', 'H9GNW7', 'H9GJM3', 'H9GH26', 'AGPAT1', 'TAGLN']"
SSSSSSPSSS,6,0.000317,"['ZCCHC10', 'SERTAD4', 'NR4A3', 'G1KNG0', 'SGCZ', 'ARID4B']"
SSSDSSSSSS,6,0.000317,"['JMJD6', 'RP9', 'NOLC1', 'H9GAF3', 'G1KR01', 'BRD2']"
MLDFVSQNHK,6,0.000317,"['H9G7Y7', 'PIEZO1', 'ADAT1', 'MCM7', 'H9GFU4', 'R4GD79']"
WFQNRRAKWR,6,0.000317,"['HHEX', 'ARX', 'DRGX', 'VSX2', 'G1KA94', 'RAX']"
RIHTGEKPFK,6,0.000317,"['G1KZD9', 'ZNF236', 'G1KYL1', 'R4GD45', 'LOC100567578', 'H9GTR4']"
QRIHTGEKPY,6,0.000317,"['G1KYU6', 'G1KZD9', 'LOC100561790', 'G1KVY9', 'LOC100554588', 'H9GVD7']"
EDEEEEDEEE,6,0.000317,"['HMGB1', 'SETD1A', 'LOC103281953', 'G1KIL9', 'WBP1', 'MNX1']"
EEEEKEEEEE,6,0.000317,"['FAM161A', 'igbp1', 'ZBTB7C', 'CALR', 'RSF1', 'H9GDZ5']"
QTRADSWHNK,6,0.000317,"['H9GA63', 'R4GCF3', 'H9GUX6', 'CDK10', 'H9GRR3', 'R4GAK5']"
NGILADEMGL,6,0.000317,"['SRCAP', 'R4GC58', 'INO80', 'SMARCAD1', 'SMARCA1', 'SMARCA2']"
ELLFLSNLLY,6,0.000317,"['RASGRF1', 'H9GJM3', 'BAMBI', 'NOX5', 'H9GLK1', 'H9GE84']"
FQNRRMKWKK,6,0.000317,"['HOXB8', 'HOXD9', 'G1KFE8', 'hoxb4', 'HOXC6', 'PDX1']"
QAVALAEDFL,6,0.000317,"['G1KYU6', 'H9GSL2', 'H9GUM9', 'LOC100564536', 'LOC103278142', 'H9GQN3']"
GDMREASHKD,6,0.000317,"['NKX1-2', 'IGSF22', 'H9G8E4', 'H9GRT6', 'CIZ1', 'H9G3Y6']"
MRTHTGEKPY,5,0.000264,"['ZBTB7C', 'ZNF711', 'LOC103282849', 'R4GC26', 'H9GK14']"
SSSSPSSSSS,5,0.000264,"['G1KNG0', 'NKX1-2', 'ZCCHC10', 'SERTAD4', 'TUSC3']"
RQRVMAAQVA,5,0.000264,"['DMRTA2', 'DMRT1', 'DMRT2', 'DMRT3', 'DMRTA1']"
HHQQQQQQQQ,5,0.000264,"['MEOX2', 'hoxc5', 'Brain-2', 'CPEB3', 'GDF6']"
EEDEEEEDEE,5,0.000264,"['SETD1A', 'MNX1', 'HMGB1', 'LOC103281953', 'G1KIL9']"
KNALDNPERW,5,0.000264,"['G1KFG4', 'H9G5A8', 'H9GHS9', 'FRYL', 'H9GRY2']"
FVNVYCFQMP,5,0.000264,"['H9GQ14', 'PIEZO1', 'H9GBP4', 'GIGYF1', 'TMEM116']"
TVESHLSKLN,5,0.000264,"['H9GHS9', 'H9GFK2', 'H9GTU5', 'G1KWY6', 'H9GHW0']"
GCKGFFRRSI,5,0.000264,"['HNF4G', 'RARG', 'G1KBS6', 'NR1D2', 'NR1H3']"
VVHRDLKPEN,5,0.000264,"['CAMK1', 'SNRK', 'RPS6KA5', 'CAMK2B', 'PRKAA2']"
AVALAEGFLL,5,0.000264,"['H9GGH5', 'H9GT79', 'H9GH43', 'LOC103280871', 'LOC103278099']"
EGCKGFFRRS,5,0.000264,"['CAR', 'G1KBS6', 'NR1D2', 'RARG', 'NR1H3']"
TVNTASRMES,5,0.000264,"['G1KLN8', 'LOC100564400', 'GUCY2C', 'GUCY2D', 'LOC103282148']"
GAPAGPAGTG,5,0.000264,"['DNAH9', 'DNAH1', 'DNAH10', 'G1KXZ7', 'G1KPZ6']"
TMNPGYAGRT,5,0.000264,"['DNAH2', 'DNAH1', 'DNAH10', 'G1KXZ7', 'DNAH9']"
LTETQVKIWF,5,0.000264,"['H9GVY3', 'MSX1', 'NKX1-2', 'MNX1', 'H9GQT2']"
ALQTRADSWH,5,0.000264,"['CDK10', 'R4GAK5', 'H9GRR3', 'H9GA63', 'R4GCF3']"
DVWSFGVLLW,5,0.000264,"['MAP3K10', 'MET', 'TIE1', 'RET', 'KDR']"
GGGGGAGGGG,5,0.000264,"['SFPQ', 'G1KFF6', 'Brain-1', 'RBM20', 'SF1']"
PPGTGKTLLA,5,0.000264,"['PEX6', 'KATNA1', 'afg3l2', 'PSMC6', 'YME1L1']"
YCLFGDTVNT,5,0.000264,"['G1KLN8', 'LOC100564400', 'GUCY2C', 'GUCY2D', 'LOC103282148']"
VETIGDAYMV,5,0.000264,"['G1KLN8', 'LOC100564400', 'GUCY2C', 'GUCY2D', 'LOC103282148']"
RVMAAQVALR,5,0.000264,"['DMRTA2', 'DMRT1', 'DMRT2', 'DMRT3', 'DMRTA1']"
GPPGTGKTLL,5,0.000264,"['PEX6', 'KATNA1', 'afg3l2', 'PSMC6', 'YME1L1']"
TGKTETTKDL,5,0.000264,"['G1KBI6', 'DNAH1', 'DNAH10', 'G1KXZ7', 'H9GNX2']"
SIIIKRIHKH,5,0.000264,"['H9GLA6', 'H9G7Y7', 'KMT5A', 'H9GI50', 'H9GRY8']"
TGEKPYKCLE,5,0.000264,"['LOC100566130', 'LOC103280959', 'H9GT22', 'H9GTN7', 'R4G9I9']"
MNPGYAGRTE,5,0.000264,"['DNAH2', 'DNAH1', 'DNAH10', 'G1KXZ7', 'DNAH9']"
GDEEEEEEEE,5,0.000264,"['ZGPAT', 'CHD3', 'BCL11A', 'BCR', 'KAT6B']"
GRHYWEVEVG,5,0.000264,"['G1KWD0', 'LOC100566415', 'G1KL65', 'G1KUV1', 'G1KLA7']"
KPYKCLECGK,5,0.000264,"['H9GS45', 'LOC103280959', 'H9GUB7', 'LOC100566130', 'LOC103278138']"
AGVGRTGTFI,5,0.000264,"['PTPRO', 'H9GK89', 'ptprj', 'H9GNZ4', 'PTPRB']"
PPPPPPPPPK,5,0.000264,"['H9G7U1', 'ARHGAP32', 'PHACTR2', 'HMX3', 'GAPDHS']"
GDSGGPLVCE,5,0.000264,"['CORIN', 'F12', 'G1KBE5', 'LOC100567111', 'LOC100561529']"
PGYAGRTELP,5,0.000264,"['DNAH2', 'DNAH1', 'DNAH10', 'G1KXZ7', 'DNAH9']"
SSSSSSSSCS,5,0.000264,"['CHD9', 'MEX3B', 'DACH2', 'POU2F2', 'CUL4B']"
WFANARRRLK,5,0.000264,"['IRX4', 'IRX2', 'IRX1', 'R4GBL4', 'MKX']"
AAAAAAAAAE,5,0.000264,"['KPNA3', 'PRDM13', 'IKZF1', 'Brain-1', 'GGT7']"
NHKSNTSQVS,5,0.000264,"['MCM7', 'H9G7Y7', 'H9GFU4', 'CETP', 'R4GD79']"
FLSNLLYNMM,5,0.000264,"['H9GJM3', 'H9GE84', 'NOX5', 'RASGRF1', 'H9GLK1']"
HTGEKPYQCP,5,0.000264,"['G1KVY9', 'H9G6R1', 'H9GVH1', 'LOC103279909', 'H9GGA1']"
SSSSSSSSSE,5,0.000264,"['CHD9', 'FAM160A2', 'ARL6IP4', 'H9GAF3', 'G1KIL9']"
SSSSSSSSDS,5,0.000264,"['G1KR01', 'prr13', 'FBXL19', 'JMJD6', 'TTC14']"
EKEEEEEEEE,5,0.000264,"['L7MZZ7', 'SSTR3', 'RSF1', 'ZBTB7C', 'RAD21']"
PEEEEEEEEE,5,0.000264,"['PLEKHG3', 'G1KV32', 'MYCL', 'H9G779', 'PRDM2']"
LLYGPPGTGK,5,0.000264,"['KATNAL2', 'LOC100566348', 'PSMC6', 'SPATA5', 'PEX6']"
EEEEEKEEEE,5,0.000264,"['FAM161A', 'CALR', 'ZBTB7C', 'H9GDZ5', 'PPARGC1B']"
PPPPPPPPAA,5,0.000264,"['TOX', 'BRD3', 'hes4', 'HOXC13', 'RNF111']"
HTGEKPYKCE,5,0.000264,"['IKZF5', 'G1KJW1', 'ZNF217', 'zfp64', 'MYNN']"
HKRIHTGEKP,5,0.000264,"['H9GRH0', 'R4GD13', 'H9GV33', 'H9GT08', 'L7MZW7']"
KSDVWSFGVL,5,0.000264,"['SYK', 'LYN', 'TIE1', 'MST1R', 'ITK']"
YYYYYYYYYY,5,0.000264,"['GATA6', 'PIEZO1', 'H9GEA3', 'HOXA13', 'H9GRT6']"
PYRDSKLTRL,5,0.000264,"['KIF21B', 'KIF3B', 'KIF22', 'kif4a', 'KIF18B']"
ERQRVMAAQV,5,0.000264,"['DMRTA2', 'DMRT1', 'DMRT2', 'DMRT3', 'DMRTA1']"
VQVWFQNRRA,5,0.000264,"['ARX', 'SHOX2', 'DRGX', 'H9GMK3', 'RAX']"
TRADSWHNKT,5,0.000264,"['H9GUX6', 'CDK10', 'H9GRR3', 'H9GA63', 'R4GCF3']"
IVVHCSAGVG,5,0.000264,"['H9GK89', 'PTPRE', 'PTPRC', 'PTPRQ', 'PTPN14']"
FTSGRHYWEV,5,0.000264,"['LOC100560396', 'TRIM7', 'G1KL65', 'G1KUV1', 'LOC100553653']"
RTHTGEKPYR,5,0.000264,"['H9GVU6', 'ZNF143', 'H9GSK9', 'LOC103282240', 'KLF6']"
LSTRAGGLGI,5,0.000264,"['SMARCA1', 'CHD3', 'CHD2', 'INO80', 'R4GC58']"
GAPPPPPPPP,5,0.000264,"['WIPF1', 'WASHC1', 'WAS', 'TCERG1L', 'SF1']"
DTVNTASRME,5,0.000264,"['G1KLN8', 'LOC100564400', 'GUCY2C', 'GUCY2D', 'LOC103282148']"
GGGGGGGGGP,5,0.000264,"['MIDN', 'PURB', 'SOX1', 'PAX1', 'H9GB28']"
GGPPPPPPPP,5,0.000264,"['HOXD4', 'WIPF3', 'EVL', 'WASL', 'FMN2']"
ALDNPERWIS,5,0.000264,"['H9G5A8', 'RB1CC1', 'FRYL', 'PYGL', 'H9GHS9']"
GGGAGGGGGG,5,0.000264,"['RCOR3', 'SP9', 'UBE2O', 'RBM20', 'LOC103282836']"
NFVNVYCFQM,5,0.000264,"['H9GQ14', 'PIEZO1', 'H9GBP4', 'GIGYF1', 'TMEM116']"
IKIWFQNRRM,5,0.000264,"['PDX1', 'G1KFE8', 'hoxa3', 'hoxb4', 'HOXC6']"
ESEEEEEEEE,5,0.000264,"['PES1', 'DEK', 'H9GJQ6', 'FAM53C', 'LOC100563505']"
NNNNNNNNNK,5,0.000264,"['TP63', 'H9GNZ8', 'SPATA18', 'H9GQD5', 'R4GDC3']"
AAAAAAAAAG,5,0.000264,"['PTBP2', 'FBXO11', 'ZNF219', 'PBX2', 'RBM47']"
LFGDTVNTAS,5,0.000264,"['G1KLN8', 'LOC100564400', 'GUCY2C', 'GUCY2D', 'LOC103282148']"
SSSSSSAASS,5,0.000264,"['EGR2', 'TNKS', 'PPM1J', 'foxf2', 'H9GN36']"
HQRVHTGERP,5,0.000264,"['LOC100566130', 'G1KK75', 'ZNF585A', 'ZNF628', 'H9GMC1']"
ILELLILEQF,5,0.000264,"['LOC103280959', 'H9GH51', 'G1KI06', 'LOC103281715', 'H9GH43']"
EEEEEEDEED,5,0.000264,"['GTF3C2', 'hdgf', 'H9G8V4', 'KCNV2', 'IRX2']"
EEDEEDEEEE,5,0.000264,"['MNX1', 'hdgf', 'anp32a', 'LOC103281953', 'LOC100554626']"
LSNLLYNMMF,5,0.000264,"['H9GJM3', 'DCT', 'NOX5', 'RASGRF1', 'H9GLK1']"
CQGDSGGPLM,5,0.000264,"['H9G442', 'G1KW57', 'G1KTN3', 'TMPRSS4', 'LOC100551814']"
NEEEEEEEEE,5,0.000264,"['GTF3C3', 'H9GN43', 'BCL11B', 'LRRK2', 'PAXIP1']"
RDRERERERE,5,0.000264,"['ZC3H13', 'RBM25', 'WDR55', 'UBR5', 'NELFE']"
KGGGGGGGGG,5,0.000264,"['HNRNPA0', 'FOXB2', 'RIC3', 'atf7ip2', 'nppc']"
LLFLSNLLYN,5,0.000264,"['H9GJM3', 'H9GE84', 'NOX5', 'RASGRF1', 'H9GLK1']"
NDNSSRFGKY,5,0.000264,"['MYO3B', 'MYO5A', 'L7N022', 'MYO7A', 'MYO1B']"
GGGGGGAGGG,5,0.000264,"['ATP11B', 'G1KFF6', 'Brain-1', 'RBM20', 'SF1']"
QRTHTGERPY,5,0.000264,"['H9GS70', 'LOC103280959', 'ZNF628', 'LOC107982242', 'znf777']"
RVQVWFQNRR,5,0.000264,"['ARX', 'OTP', 'SHOX2', 'DRGX', 'RAX']"
NPGYAGRTEL,5,0.000264,"['DNAH2', 'DNAH1', 'DNAH10', 'G1KXZ7', 'DNAH9']"
PAPPPPPPPP,5,0.000264,"['BRD4', 'USP31', 'TNKS', 'fmnl1', 'H9GUH5']"
TNIAETSITI,5,0.000264,"['DHX30', 'DHX57', 'DHX35', 'DHX36', 'DHX9']"
GLPGPPGLPG,5,0.000264,"['COL6A1', 'COL4A6', 'G1KHP1', 'COL18A1', 'COL20A1']"
EEEEEEEEAG,5,0.000264,"['MAP1A', 'STK11', 'BCORL1', 'PRKRA', 'H9GHW2']"
VRTHTGEKPY,5,0.000264,"['G1KUC7', 'LOC100555172', 'ZNF143', 'MYNN', 'H9GR70']"
LRTHTGEKPY,5,0.000264,"['LOC103282240', 'ZNF217', 'H9GSK9', 'KLF1', 'H9GVD7']"
EDEDEEEEEE,5,0.000264,"['KCNA4', 'kcnj12', 'TNRC18', 'ABCC9', 'H9GKC1']"
LLSTRAGGLG,5,0.000264,"['R4GC58', 'CHD3', 'CHD2', 'INO80', 'SMARCA2']"
DDDEEEEEEE,5,0.000264,"['HNRNPU', 'H9GG43', 'EIF3D', 'H9GKC1', 'RANGAP1']"
VSLIQHKRAG,5,0.000264,"['TICRR', 'NEB', 'CLPTM1', 'G1KWU1', 'H9G3L2']"
SSSSSSSCSS,5,0.000264,"['CHD9', 'INTU', 'CUL4B', 'POU2F2', 'MEX3B']"
HKRVHTGEKP,5,0.000264,"['LOC103278112', 'G1KJW1', 'G1KVW6', 'LOC103278118', 'G1KXS5']"
LELLILEQFL,5,0.000264,"['LOC103280959', 'H9GH51', 'G1KI06', 'LOC103281715', 'H9GH43']"
PPPPGPPPPP,5,0.000264,"['WIPF2', 'ENAH', 'WASF3', 'WASL', 'CAP1']"
GTPYWMAPEV,5,0.000264,"['TNIK', 'SLK', 'MAP4K5', 'PAK1', 'TAOK3']"
IHRDLAARNI,5,0.000264,"['KIT', 'TIE1', 'H9GTD9', 'KDR', 'PTK6']"
IHRDLAARNV,5,0.000264,"['FRK', 'CSF1R', 'TYK2', 'FGFR2', 'FLT1']"
VMAAQVALRR,5,0.000264,"['DMRTA2', 'DMRT1', 'DMRT2', 'DMRT3', 'DMRTA1']"
QAVALAEGFL,5,0.000264,"['H9GGH5', 'H9GT79', 'H9GH43', 'LOC103280871', 'LOC103278099']"
AYRKLLEGEE,5,0.000264,"['NEFL', 'LMNB1', 'G1KD32', 'NEFH', 'H9GRK4']"
IFITMNPGYA,5,0.000264,"['DNAH2', 'DNAH9', 'DNAH10', 'G1KXZ7', 'DYNC1H1']"
RSHTGERPYK,5,0.000264,"['RREB1', 'SALL4', 'SALL2', 'LOC103280958', 'BCL11B']"
APAGPAGTGK,5,0.000264,"['DNAH9', 'DNAH1', 'DNAH10', 'G1KXZ7', 'G1KPZ6']"
CLFGDTVNTA,5,0.000264,"['G1KLN8', 'LOC100564400', 'GUCY2C', 'GUCY2D', 'LOC103282148']"
SDVWSFGILL,5,0.000264,"['HCK', 'PDGFRB', 'FES', 'CSK', 'PTK6']"
LLRIELLFLS,5,0.000264,"['H9GJM3', 'BAMBI', 'H9GE84', 'NOX5', 'RASGRF1']"
YSRVSLIQHK,5,0.000264,"['TICRR', 'H9G3L2', 'CLPTM1', 'G1KWU1', 'ADCY3']"
NALDNPERWI,5,0.000264,"['G1KFG4', 'H9G5A8', 'H9GHS9', 'FRYL', 'PYGL']"
PPLPPPPPPL,5,0.000264,"['FMNL3', 'IQSEC3', 'PRR16', 'WHAMM', 'INF2']"
GQTGSGKTYT,5,0.000264,"['KIF25', 'KIF7', 'STARD9', 'H9GCQ7', 'KIFC1']"
RRIHTGEKPY,5,0.000264,"['ZBTB39', 'G1KJW1', 'KLF8', 'G1KZD9', 'LOC107982242']"
DRERERERER,5,0.000264,"['GSE1', 'ZC3H13', 'RBM25', 'WDR55', 'NELFE']"
RVHTGEKPYQ,5,0.000264,"['H9GGH5', 'G1KZ70', 'LOC100551690', 'H9GT47', 'H9GVP3']"
QRVMAAQVAL,5,0.000264,"['DMRTA2', 'DMRT1', 'DMRT2', 'DMRT3', 'DMRTA1']"
TGLRNLGNTC,5,0.000264,"['USP8', 'USP44', 'usp2', 'USP3', 'USP50']"
HTGEKPYRCS,5,0.000264,"['H9GA88', 'KLF6', 'ZNF143', 'BCL6', 'H9GV36']"
HTGEKPYRCP,5,0.000264,"['H9GT19', 'LOC103278078', 'H9GSK9', 'H9GSE8', 'G1KXS5']"
LFLSNLLYNM,5,0.000264,"['H9GJM3', 'H9GE84', 'NOX5', 'RASGRF1', 'H9GLK1']"
YKCLECGKGF,5,0.000264,"['H9GS45', 'LOC103280959', 'H9G7C2', 'H9GJE1', 'LOC103278138']"
LRIELLFLSN,5,0.000264,"['H9GJM3', 'BAMBI', 'H9GE84', 'NOX5', 'RASGRF1']"
FGDTVNTASR,5,0.000264,"['G1KLN8', 'LOC100564400', 'GUCY2C', 'GUCY2D', 'LOC103282148']"
GHIKLTDFGL,5,0.000264,"['H9GL64', 'LATS2', 'MAST2', 'MASTL', 'RPS6KB2']"
VHTGEKPYQC,5,0.000264,"['G1KJW1', 'G1KVW6', 'LOC100551690', 'H9GVH1', 'H9GT47']"
EEEEEEEKEE,5,0.000264,"['FAM161A', 'CALR', 'LOC103282744', 'chgb', 'H9GDZ5']"
EEEEEEEEEN,5,0.000264,"['GTF3C3', 'RRAGD', 'MYCL', 'znf777', 'PAXIP1']"
THTGEKPFQC,5,0.000264,"['ZBTB48', 'PRDM5', 'ZIC2', 'LOC100561282', 'H9GTE4']"
PRLVITPLTD,5,0.000264,"['G1KEF2', 'G1KXZ7', 'G1KBI6', 'DNAH7', 'H9GNX2']"
GWQNSIRHNL,5,0.000264,"['FOXG1', 'foxi2', 'FOXS1', 'FOXK1', 'FOXL1']"
TETQVKIWFQ,5,0.000264,"['H9GVY3', 'MSX1', 'NKX1-2', 'MNX1', 'H9GQT2']"
SSSSTSSSSS,5,0.000264,"['NAV3', 'IRF4', 'LOC100559929', 'CLASRP', 'CBX2']"
EEEEDDDDDD,5,0.000264,"['PRDM4', 'FAM171A1', 'H9GTB5', 'PRDM10', 'URI1']"
LYGPPGTGKT,5,0.000264,"['KATNAL2', 'LOC100566348', 'PSMC6', 'SPATA5', 'PEX6']"
VWSFGVLLWE,5,0.000264,"['MAP3K10', 'MET', 'TIE1', 'RET', 'KDR']"
PYYPRYSLIQ,5,0.000264,"['H9GJM3', 'H9G889', 'INPP5E', 'CABIN1', 'H9GU22']"
SSRSSSSSSS,5,0.000264,"['CHD9', 'CEBPD', 'RFWD3', 'RNPS1', 'PNN']"
RHNLSLNKCF,5,0.000264,"['foxn4', 'FOXJ2', 'FOXG1', 'LOC100560010', 'FOXN2']"
PGPPGPPGPG,5,0.000264,"['COL10A1', 'COLEC12', 'C1QL4', 'COL7A1', 'COL17A1']"
GKTLLAKAVA,5,0.000264,"['PSMC1', 'PEX6', 'KATNA1', 'NVL', 'SPG7']"
QRIHTGEKPF,5,0.000264,"['R4GD45', 'LOC100567578', 'H9GTR4', 'ZNF22', 'G1KYL1']"
FLLSTRAGGL,5,0.000264,"['R4GC58', 'CHD3', 'CHD2', 'INO80', 'SMARCA2']"
SSGGGGGGGG,5,0.000264,"['H9GCX1', 'CNTNAP1', 'ACIN1', 'DMWD', 'MAF']"
GDTVNTASRM,5,0.000264,"['G1KLN8', 'LOC100564400', 'GUCY2C', 'GUCY2D', 'LOC103282148']"
KVETIGDAYM,5,0.000264,"['G1KLN8', 'LOC100564400', 'GUCY2C', 'GUCY2D', 'LOC103282148']"
EEEEEEEEGG,5,0.000264,"['ACBD3', 'hoxb2', 'H9GRP3', 'CHD1L', 'CANX']"
WGCFDEFNRI,5,0.000264,"['DNAH2', 'DNAH9', 'DNAH10', 'G1KXZ7', 'G1KPZ6']"
STSSSSSSSS,5,0.000264,"['TTC14', 'SOX11', 'UBE2E1', 'CLASRP', 'HOXA10']"
RDLKPENILL,5,0.000264,"['LOC100565570', 'RPS6KA2', 'PRKX', 'PDPK1', 'LOC100554970']"
VWFQNRRAKW,5,0.000264,"['ARX', 'DRGX', 'G1KA94', 'RAX', 'VSX2']"
PIVVHCSAGV,5,0.000264,"['H9GK89', 'PTPRE', 'PTPRC', 'PTPRQ', 'PTPN14']"
KRVHTGEKPY,5,0.000264,"['LOC103278112', 'G1KJW1', 'G1KVW6', 'LOC103278118', 'G1KXS5']"
KGTRQGCPLS,5,0.000264,"['G1KVS0', 'R4GAU6', 'H9GTK5', 'H9GUR6', 'R4GCV3']"
LICNIYAPNG,5,0.000264,"['G1KW31', 'H9GRD5', 'G1KYJ4', 'R4GDA8', 'H9GRW0']"
PAGPAGTGKT,5,0.000264,"['DNAH9', 'DNAH1', 'DNAH10', 'G1KXZ7', 'G1KPZ6']"
DTCQGDSGGP,5,0.000264,"['H9G442', 'F9', 'LOC100551756', 'TMPRSS4', 'HABP2']"
GVGRTGTFIA,5,0.000264,"['PTPRO', 'H9GK89', 'ptprj', 'H9GNZ4', 'PTPRB']"
GGGGGGGGGY,5,0.000264,"['LOC100561812', 'HNRNPA0', 'HNRNPU', 'ETNK1', 'HOXA10']"
GGGGGGGGGE,5,0.000264,"['P4HTM', 'ZNF503', 'HMX3', 'SPACA1', 'stbd1']"
QGCPLSPLLF,5,0.000264,"['H9GTK5', 'H9GUR6', 'G1KZ96', 'R4GCQ0', 'R4GCF9']"
WSFGVLLWEI,5,0.000264,"['RET', 'TIE1', 'ALK', 'KDR', 'FGFR1']"
PPSSSSSSSS,5,0.000264,"['gpr83', 'FAM160A2', 'CASD1', 'H9GDT6', 'med26']"
KRIHTGEKPY,5,0.000264,"['H9GRH0', 'R4GD13', 'H9GV33', 'H9GT08', 'L7MZW7']"
RYCLFGDTVN,5,0.000264,"['G1KLN8', 'LOC100564400', 'GUCY2C', 'GUCY2D', 'LOC103282148']"
HQRTHTGERP,5,0.000264,"['H9GS70', 'LOC103280959', 'ZNF628', 'LOC107982242', 'znf777']"
HIRIHTGEKP,5,0.000264,"['IKZF5', 'H9GP76', 'ZNF142', 'ZBTB17', 'ZNF146']"
STRAGGLGIN,5,0.000264,"['SMARCA1', 'CHD3', 'CHD2', 'INO80', 'R4GC58']"
GTRQGCPLSP,5,0.000264,"['G1KVS0', 'R4GAU6', 'H9GTK5', 'H9GUR6', 'R4GCV3']"
PRYCLFGDTV,5,0.000264,"['G1KLN8', 'LOC100564400', 'GUCY2C', 'GUCY2D', 'LOC103282148']"
LLLLLLLLLF,5,0.000264,"['H9GJM3', 'R4GD79', 'H9GNW7', 'H9GMI8', 'H9GKS4']"
ILEQFLAVLP,5,0.000264,"['R4GD45', 'LOC100554588', 'LOC103280954', 'G1KZ70', 'LOC103278112']"
KLSRALRYYY,5,0.000264,"['LOC100555230', 'LOC100554072', 'ELF5', 'GABPA', 'ELK4']"
RIELLFLSNL,5,0.000264,"['H9GJM3', 'BAMBI', 'H9GE84', 'NOX5', 'RASGRF1']"
IELLFLSNLL,5,0.000264,"['H9GJM3', 'BAMBI', 'H9GE84', 'NOX5', 'RASGRF1']"
