k-mer,number of proteins,percentage,all,(Out of 15792 proteins in total)
QQQQQQQQQQ,170,0.010765,"['LOC100578865', 'A0A088A9G9', 'A0A088A810', 'A0A087ZRU4', 'A0A088A4C1', 'LOC725254', 'LOC100578068', 'A0A088ANB5', 'LOC551735', 'A0A087ZSJ9', 'A0A088AQ28', 'A0A088ACR3', 'A0A088ALR4', 'A0A087ZQZ5', 'A0A087ZZJ1', 'A0A088AUL0', 'A0A088A318', 'LOC725220', 'Cav1a', 'A0A088A2A4', 'A0A088AN05', 'A0A088AKS7', 'LOC408905', 'A0A088AKS9', 'A0A088A6Q3', 'bib', 'repo', 'LOC100578159', 'A0A088AV29', 'A0A087ZTQ9', 'A0A087ZQC0', 'LOC726284', '410684', 'Slip1', 'shu', 'LOC551624', 'A0A088AHR2', 'A0A088AHR5', 'LOC100576355', 'A0A088AHF4', 'A0A087ZND9', 'A0A088AUM8', 'Patr-1', 'A0A088A4T2', 'A0A088AFZ9', 'LOC102654959', 'A0A088AFZ7', 'A0A088AV13', 'MED25', 'A0A088AS43', 'A0A088A3W9', 'LOC550692', 'A0A088A3H1', '408423', 'A0A088AVN5', 'LOC100578925', 'LOC411678', 'LOC100576121', 'A0A088AF47', 'A0A088A5D6', 'A0A088A181', 'A0A088AN60', 'A0A088AK81', 'LOC411250', 'A0A088ABW8', 'A0A088AGS4', 'LOC413821', 'by', 'A0A087ZPG8', 'A0A087ZWA3', 'A0A087ZWA2', 'Mblk-1', 'A0A087ZY29', 'LOC551840', 'A0A088A598', 'LOC552040', 'A0A087ZVY2', 'A0A088AMF5', 'A0A088APC8', 'LOC725503', 'CycT', 'A0A088A8I0', 'A0A088AEI0', 'A0A088AHF3', 'Dfd', 'A0A088AQ68', 'LOC413831', 'A0A088AAA7', 'A0A088AEX4', 'A0A088AHW9', 'A0A087ZQF6', 'Hs3st-A', 'LOC412955', 'A0A088APH3', 'A0A088AMV5', 'A0A088AUY5', 'LOC100576147', 'A0A088AIQ7', 'A0A088A8Y3', 'A0A088AG22', 'A0A088ALU5', 'A0A088A9S9', 'A0A088A9E9', 'AmE75', 'A0A088AMV9', 'A0A087ZT80', 'A0A088AFN5', 'A0A087ZN32', 'pnr', 'LOC726804', 'A0A088ATR4', 'A0A087ZVI4', 'A0A088AM92', 'A0A088A7B7', 'A0A087ZR41', 'LOC551558', 'LOC100576667', 'A0A088A5J2', 'LOC551432', 'A0A088APK7', 'A0A088A167', 'A0A088AAF4', 'A0A088ATK4', 'LOC102655392', 'A0A087ZSV8', 'A0A088APE3', 'LOC102656501', 'LOC724150', 'A0A087ZPL5', 'rin', 'Hr51', 'LOC725331', 'A0A087ZSL2', 'LOC409242', 'LOC409086', 'A0A088A9H1', 'LOC412281', 'Reps', 'A0A088A170', 'LOC724238', 'A0A088AID8', 'A0A088ANL6', 'A0A088AQV4', 'A0A088AJU1', 'A0A088ABK8', 'A0A087ZSE4', 'A0A087ZUB0', 'A0A088A392', 'lab', 'A0A088AUX5', 'LOC409573', 'A0A088AT89', 'A0A088A6S8', 'A0A088AL55', 'LOC409729', 'LOC411600', 'hipk', 'LOC102653673', 'LOC102655479', 'LOC410732', 'A0A088AVP4', 'A0A088ABD9', 'A0A088AQW3', 'A0A088ABU3', 'A0A087ZW75', 'A0A087ZZK5', 'LOC410341', 'A0A088A010', 'Scr', 'LOC412254']"
SSSSSSSSSS,60,0.003799,"['A0A088A5P7', 'A0A088AA43', 'A0A088AV38', 'A0A088AGC4', 'A0A087ZTP7', '107964189', 'LOC409950', 'A0A088AFC3', 'A0A087ZTJ0', 'A0A088AUJ2', 'A0A088A6V0', 'A0A087ZUM8', 'A0A088AJN3', 'LOC100577168', '100578773', 'A0A088APN5', 'A0A088ABG8', 'A0A088ANH6', 'Mxp', 'LOC552257', 'A0A088ACX8', 'A0A088AA14', 'A0A088AA12', 'A0A088ARI4', 'LOC410582', 'A0A088AMM1', 'A0A088A9S9', 'A0A088A1A9', 'A0A088AE89', 'A0A088ABK8', 'A0A088AN28', 'A0A088A7J6', 'LOC409658', 'A0A088AC19', 'LOC725419', 'A0A088AN09', 'A0A088A2W3', 'LOC725246', 'A0A088AEN2', 'A0A088AV94', 'A0A088A5X2', 'A0A088AII0', 'LOC100577455', 'A0A088AP00', 'A0A088AT89', 'A0A088A1X7', 'LOC409729', 'LOC100578529', 'A0A088ATE9', 'LOC413091', 'A0A088ABD0', 'LOC724875', 'LOC413912', 'LOC100578337', 'A0A088A636', 'Osi20', 'A0A088A181', 'A0A088AKX9', 'A0A088AAA6', 'A0A088AGK8']"
XXXXXXXXXX,59,0.003736,"['A0A088A5R7', 'A0A088AL35', 'A0A088AUN7', 'A0A087ZWG8', 'A0A088A294', 'A0A088AA85', 'A0A088AI98', 'A0A088AL05', 'A0A087ZSB3', 'A0A087ZVH3', 'A0A088AL67', 'A0A087ZPN7', 'A0A088ADI1', 'A0A087ZUI1', 'A0A088ACT7', 'A0A087ZS77', 'A0A088AAV2', 'A0A087ZU61', 'A0A087ZPD1', 'A0A088AAE8', 'A0A088A608', 'A0A088A067', 'A0A087ZSJ0', 'A0A088A136', 'A0A088AE04', 'A0A087ZSG5', 'A0A088A9L6', 'A0A088ALP6', 'A0A087ZR92', 'A0A087ZP31', 'A0A088A6Y9', 'A0A088A766', '726848', 'A0A088ANW2', 'A0A088ALQ6', 'A0A087ZW70', 'A0A087ZTW8', 'A0A088A391', 'A0A088ATW6', 'A0A088AHW8', 'A0A088A4D3', 'A0A088ALK8', 'A0A088A0M1', 'C7EYI4', 'A0A087ZQP8', 'A0A088AQF0', 'A0A088AVK8', 'A0A088AJ32', 'A0A088ARL5', 'A0A088AGW4', 'A0A088A997', 'A0A088AVA9', 'A0A088AIC6', 'A0A088ASQ5', 'A0A087ZS84', 'A0A088AT15', 'A0A087ZWC0', 'A0A088AUM1', 'A0A088ALW3']"
GGGGGGGGGG,55,0.003483,"['A0A088AKP8', 'A0A088AN13', 'A0A088AQ05', 'A0A088A1H1', 'A0A088APC6', 'A0A088AS45', 'A0A087ZVJ7', 'Dll', 'A0A088ANH3', 'A0A088AH30', 'A0A088AGG6', 'A0A088A7M7', 'A0A087ZS77', 'A0A088AU98', 'A0A088AP10', 'A0A088ADX7', 'LOC102655500', 'D3XL66', 'A0A088AKF6', 'A0A088A400', 'Hk', 'A0A087ZU27', 'Ecr', 'A0A088AUY5', 'A0A087ZZ53', 'A0A088A318', 'A0A088AGC5', 'LOC412059', 'A0A087ZRT0', 'A0A088A6Q3', 'A0A088ATH1', 'A0A088ANL5', 'A0A087ZSE0', 'A0A087ZPI9', 'CtBP', 'A0A088AB18', 'A0A087ZTZ4', 'A0A088AV24', 'A0A087ZMZ1', 'LOC408565', 'A0A088AIK7', 'CPR25', 'A0A088ADL5', 'A0A088ASS4', 'LOC409729', '102656661', 'A0A088A3X7', 'Twld1', 'A0A087ZYY5', 'LOC413134', 'LOC412161', 'A0A088A181', 'ems', 'A0A088AJA2', 'LOC552459']"
QQQQQQQQQH,49,0.003103,"['A0A088A9G9', 'A0A088A810', 'A0A088A4T2', 'A0A088AQ28', 'A0A088ABK8', 'A0A088AHF4', 'A0A087ZS78', 'LOC725331', 'A0A088AFN5', 'A0A088AQ68', 'LOC413831', 'A0A088AAA7', 'A0A088A9H1', 'Reps', 'LOC408905', 'A0A088AIB3', 'A0A088AQV4', 'A0A088AJU1', 'A0A088AG22', 'AmE75', 'A0A088AMV9', 'A0A088AN05', 'A0A088AF47', 'A0A087ZSV8', 'pnr', 'bib', 'lab', 'A0A088AS43', 'A0A088ATR4', 'LOC411250', 'A0A088AM92', 'A0A088A181', 'A0A088ANL6', 'A0A088AV29', 'A0A088A010', 'A0A088A6S8', 'A0A087ZR41', 'Slip1', 'hipk', 'LOC551624', 'LOC102655479', 'A0A088A4N8', 'A0A088ABD9', 'Mblk-1', 'A0A088AUM8', 'A0A088AUX5', 'A0A088AU11', 'A0A088ATK4', 'LOC100578068']"
HHHHHHHHHH,46,0.002913,"['A0A087ZY61', 'A0A087ZX89', 'Msx', 'A0A088AFZ4', 'A0A087ZPJ0', '408764', 'A0A088AHF3', 'LOC100578068', 'A0A087ZNC0', 'A0A088A2H9', 'A0A087ZYH3', 'A0A088AAA5', 'A0A088ABG8', 'A0A088AHN6', 'LOC410332', 'LOC724156', 'A0A088AUY5', 'A0A087ZZ53', 'A0A088AKB4', 'A0A087ZRP4', 'A0A088A2C0', 'A0A087ZSE4', 'A0A088AJQ8', 'A0A088AN31', 'A0A088A6Q3', 'lab', 'LOC102656766', 'A0A088AV24', 'A0A088A5Y7', 'A0A087ZRX2', 'LOC727150', 'A0A088A6U0', 'A0A088AVZ0', 'A0A088AW63', 'LOC409729', 'En', 'A0A088APX5', 'SP16', 'LOC100578337', 'A0A087ZRS2', 'A0A087ZWA3', 'A0A088A167', 'LOC551177', 'A0A088A181', 'A0A088A010', 'A0A088A9T1']"
NNNNNNNNNN,44,0.002786,"['Socs7', 'A0A087ZRU1', 'A0A087ZZ53', 'A0A088AV22', '107964189', 'A0A088AHF4', 'A0A088A3J8', 'LOC100576381', 'A0A088AIH9', 'A0A088ARA5', 'A0A088AD25', 'A0A088ARA7', 'A0A087ZQF3', 'A0A088A928', 'A0A087ZNE9', 'A0A087ZRP4', 'LOC411678', 'LOC100577801', 'A0A088AHH4', 'A0A088APD5', 'A0A087ZSE5', 'A0A088A6J8', 'A0A088AVF6', '410798', 'A0A088ALY9', 'psq', 'slbo', 'LOC411273', 'LOC100577220', 'LOC100577343', 'A0A088APM8', 'A0A087ZUY0', 'LOC100577365', 'LOC552006', 'A0A087ZSU6', 'A0A087ZWA3', 'A0A088A014', 'LOC102655479', 'A0A087ZY02', 'A0A088ANX6', 'A0A088A169', 'A0A088ATK4', 'LOC414025', 'A0A088AFC2']"
PPPPPPPPPP,40,0.002533,"['A0A088AR46', 'A0A088ATA5', 'LOC727150', 'A0A088AH10', 'Dspp', 'LOC102656070', 'A0A088A8U7', 'LOC409658', 'LOC408620', 'WASp', 'A0A087ZZV9', 'A0A087ZYX6', 'A0A087ZYX7', 'LOC410724', 'A0A087ZU20', 'A0A087ZSV8', 'A0A088AUL0', 'A0A087ZSV7', 'LOC725708', 'A0A088AMV9', 'A0A088AG02', 'LOC724118', 'A0A088A5D6', 'LOC410922', 'A0A088A7W3', 'LOC409127', 'A0A088ATH1', 'A0A087ZUH3', 'LOC100577995', 'LOC724983', 'A0A088AE54', '102656661', 'A0A088AP44', 'A0A088AAY7', 'A0A088AC37', 'LOC410535', 'LOC409155', 'A0A088A167', 'LOC724795', 'A0A088AGK8']"
QQQQQQQQQS,40,0.002533,"['A0A087ZVY2', 'A0A088A4C1', 'A0A088AFZ9', 'A0A088A9E9', 'A0A088AV13', 'A0A087ZPL5', 'LOC551558', 'A0A088AEI0', 'Dfd', 'A0A088ACR3', 'LOC412955', 'A0A088A1A6', 'A0A088AMV5', 'A0A087ZQZ5', 'A0A088AQV4', 'Cav1a', 'A0A088A318', 'LOC411678', 'AmE75', 'A0A088ANL6', 'LOC726547', 'A0A088AN05', 'A0A088AFN5', 'A0A088AUY5', 'A0A088AKS9', 'A0A088A6Q3', 'A0A088AM92', 'LOC100578159', 'Vri', 'LOC409729', 'A0A088ARB4', 'A0A088AVP4', 'LOC550692', 'LOC100576355', 'A0A088AQW3', 'LOC724238', 'A0A087ZWA2', 'A0A088A181', 'A0A088ATK4', 'A0A088ALU5']"
EEEEEEEEEE,40,0.002533,"['A0A088AMM1', 'A0A087ZZ76', 'A0A088AV22', 'A0A088A5A5', 'A0A087ZNQ0', 'LOC410736', 'A0A088AFP3', 'A0A087ZZE7', 'kinesin-3E', 'A0A088AGP3', 'A0A088ASV6', 'A0A087ZW21', 'Sir2', 'A0A088A9S7', 'A0A087ZT22', 'BRWD3', 'A0A088ACX1', 'LOC411046', 'PHRF1', 'A0A088A631', 'A0A088AVF5', 'atms', 'A0A088AVX7', 'A0A088ACW5', 'TpnT', 'A0A088AN66', 'A0A088A6U0', 'A0A088A8P4', '102656661', 'A0A088AMU8', 'LOC412354', 'LOC724294', 'LOC102655436', 'LOC724920', 'Trf2', 'A0A087ZQ26', 'A0A088AVA9', 'A0A088A994', 'LOC100579007', 'A0A088AFC3']"
HQQQQQQQQQ,32,0.002026,"['A0A088A810', 'LOC100578925', 'A0A088A9E9', 'A0A088AEI0', 'A0A087ZS78', 'LOC725331', 'A0A087ZS10', 'LOC725596', 'A0A088AVN5', 'A0A088AQV4', 'LOC100576147', 'A0A088AJU1', 'LOC725220', 'A0A088ABK8', 'A0A088AF47', 'A0A087ZZJ1', 'bib', 'lab', 'A0A088AN60', 'LOC726804', 'A0A088AK81', 'LOC411250', 'A0A087ZVI4', 'A0A088A318', 'A0A087ZQC0', 'Slip1', 'A0A088A167', 'A0A088AAF4', 'A0A088AUX5', 'LOC102655392', 'A0A088ATK4', 'LOC552040']"
AAAAAAAAAA,30,0.0019,"['A0A088AA60', 'A0A088AQ05', 'A0A088AGC4', 'acj6', 'A0A088AS43', 'A0A087ZTM7', 'LOC100578337', 'LOC102653993', 'A0A088A9H1', 'A0A088A374', 'A0A088ADJ9', 'A0A088A370', 'LOC724412', 'LOC411122', 'A0A088AT63', 'A0A088A4W5', 'A0A088APB5', 'A0A088AE41', 'pnr', 'A0A087ZSG1', 'A0A088AQ33', 'A0A087ZSJ9', 'A0A088ABW8', 'A0A088AFQ0', 'A0A088ABW3', 'A0A088A6S8', 'A0A087ZTY2', 'A0A088ASS4', '100578899', 'A0A088A597']"
TTTTTTTTTT,30,0.0019,"['A0A088AR46', 'A0A088AHZ7', 'SP16', '107964762', 'A0A087ZZA2', 'LOC409242', 'LOC409423', '5-HT1', 'A0A087ZQF3', 'A0A087ZW88', 'LOC726972', 'A0A088AID8', 'A0A088ANL5', 'A0A088APS4', 'A0A087ZS97', 'A0A088AF04', 'A0A087ZQ18', 'A0A088A392', 'A0A088AS55', 'A0A088A6Q3', 'LOC412777', 'A0A088AN09', 'A0A088A3T3', 'LOC551450', 'A0A088ABQ8', 'A0A088A5W0', 'A0A088AV93', 'Mblk-1', 'G8FU57', 'LOC408970']"
PQQQQQQQQQ,29,0.001836,"['A0A088AQ28', 'LOC552092', 'A0A088AQ68', 'LOC409086', 'LOC413831', 'LOC409658', 'Reps', 'A0A088A0C2', 'A0A087ZTQ9', 'LOC100578571', 'A0A088AG22', 'AmE75', 'A0A088A2A4', 'A0A088AN05', 'A0A088AF47', 'A0A088A5D6', 'A0A088ABW8', 'A0A088ARF5', 'LOC411678', 'A0A088AL55', 'Slip1', 'A0A088ARB4', 'A0A088AQW3', 'Mblk-1', 'A0A088AUM8', 'A0A088AUX4', 'A0A088A181', 'LOC551840', 'Patr-1']"
QQQQQQQQQP,28,0.001773,"['LOC100578865', 'A0A088AMF5', 'A0A087ZRU4', 'A0A088A3W9', 'rin', 'A0A088AKS7', 'A0A088AEX4', 'LOC413821', 'A0A087ZQF6', 'A0A088ALR4', 'Reps', 'A0A088AUL0', 'A0A088AG22', 'A0A088AF47', 'Mblk-1', 'A0A088AIQ7', 'A0A088AK81', 'A0A088ABW8', 'LOC409573', 'A0A088AV29', 'A0A087ZTQ9', 'A0A087ZQC0', 'LOC726284', 'A0A088ARB4', 'LOC102655479', 'LOC410732', 'A0A088AAF4', 'A0A088AUM8']"
SQQQQQQQQQ,28,0.001773,"['A0A087ZVY2', 'A0A088A3W9', 'A0A088AHF4', 'A0A087ZUB0', 'A0A088A9H1', 'LOC412955', 'A0A088APH3', 'LOC408905', 'A0A088ANL6', 'A0A088AQV4', 'A0A088A318', 'LOC100576121', 'LOC409729', 'A0A087ZSE4', 'A0A088AF47', 'A0A088AK81', 'A0A088ABW8', 'LOC100578159', 'A0A088AV29', 'A0A088AL55', 'LOC726284', 'LOC410732', 'LOC724238', 'A0A087ZWA3', 'A0A087ZZK5', 'A0A088AUX5', 'A0A088ATK4', 'A0A088ALU5']"
QQQQQQQQQL,27,0.00171,"['A0A088APC8', 'A0A088APE3', 'A0A087ZS10', 'CycT', 'MED25', 'A0A088A3W9', 'Hr51', 'A0A088A3H1', 'LOC412281', 'LOC551320', 'A0A087ZQF6', 'A0A088A318', 'A0A087ZVI4', 'A0A087ZT80', 'Slip1', 'A0A088ABW8', 'by', 'LOC409729', 'A0A087ZPG8', 'LOC551624', 'A0A087ZW75', 'Mblk-1', 'A0A088AUX4', 'LOC551840', 'A0A088ALU5', 'A0A088ATK4', 'Scr']"
LQQQQQQQQQ,27,0.00171,"['A0A087ZVY2', 'A0A088A810', 'A0A088A4T2', 'A0A088APE3', 'LOC102654959', 'MED25', 'A0A087ZQF6', '410684', 'A0A088AUY5', 'CycT', 'A0A088AUL0', 'A0A088AN05', 'A0A087ZT80', 'A0A088AKS9', 'Slip1', 'A0A088ATR4', 'LOC409729', 'LOC100576667', 'LOC411600', 'hipk', 'LOC551624', 'A0A088AHR2', 'A0A088AVP4', 'LOC550692', 'A0A088A181', 'A0A088A598', 'LOC412254']"
QQQQQQQQQA,24,0.00152,"['LOC100578925', 'LOC102656501', 'LOC724150', 'LOC725254', 'A0A087ZSL2', 'LOC409086', 'A0A088AMX5', 'A0A088A170', 'A0A088AHW9', '410684', 'Hs3st-A', 'LOC100578571', 'A0A088AL55', 'A0A088A2A4', 'A0A088AN05', 'A0A087ZSE4', 'A0A088A5D6', 'A0A088A392', 'LOC725220', 'LOC409729', 'A0A088A4N7', 'A0A088A167', 'LOC412254', 'LOC102655392']"
QQQQQQQQHQ,24,0.00152,"['A0A087ZS78', 'LOC725331', 'A0A088AQ68', 'A0A088A9H1', 'A0A088ACR3', 'A0A088ANL6', 'A0A088AQV4', 'A0A088AM92', 'Vri', 'A0A088AMV9', 'A0A088ABK8', 'LOC100576965', 'A0A088AF47', 'A0A087ZSV8', 'pnr', 'bib', 'LOC411250', 'A0A088AV29', 'LOC551624', 'LOC102653673', 'Mblk-1', 'A0A088AUX5', 'A0A088AU11', 'A0A088ATK4']"
DDDDDDDDDD,23,0.001456,"['A0A088AR41', 'Ipk2', 'LOC100578144', 'A0A088A6M0', 'Rnp4F', 'A0A088AW56', 'A0A088A5I7', 'A0A088A3C9', 'A0A088AVN2', 'LOC726212', 'A0A088ABX8', 'RANBP2', 'A0A087ZY57', 'A0A088AW23', 'PHRF1', 'LOC409782', 'A0A088AV22', 'Noa36', 'A0A088AN82', 'A0A088A5H6', 'A0A088A2Z5', 'A0A088AQS2', 'LOC726100']"
GGGGGGGGGS,23,0.001456,"['A0A088AQ05', 'A0A087ZZ53', 'A0A088APC6', 'A0A088A302', 'A0A088ANH3', 'A0A087ZTZ4', 'A0A088AKF6', 'Ecr', 'A0A088AUY5', 'A0A087ZSE4', 'A0A088A6Q3', 'A0A088AV24', 'A0A087ZMX1', 'LOC408565', 'CPR25', 'A0A088ADL5', 'LOC409729', 'Slip1', '102656661', 'A0A088ASS4', 'A0A087ZYY5', 'LOC412161', 'A0A088A181']"
HHHHHHHHHQ,22,0.001393,"['A0A088AFZ4', 'A0A087ZPJ0', 'LOC727150', 'A0A088AHF3', 'LOC100578068', 'A0A088AAA5', 'LOC410332', 'A0A088A231', 'A0A088AID8', 'A0A088AUY5', 'A0A087ZZ53', 'LOC409729', 'lab', 'A0A088AV24', 'A0A088A5Y7', 'A0A087ZRX2', 'Mnx1', 'A0A088AVZ0', 'A0A087ZR41', 'SP16', 'LOC410203', 'A0A088A181']"
EDEEEEEEEE,21,0.00133,"['LOC409534', 'A0A087ZT44', 'A0A088ASV6', '102656661', 'A0A088A9S7', 'LOC724294', 'A0A087ZZ76', 'A0A088AV22', 'A0A088AVF5', 'A0A088ACW5', 'atms', 'A0A088AVX7', 'LOC552684', 'A0A087ZNQ0', 'PHRF1', 'A0A088A701', 'LOC410282', 'LOC100579007', 'A0A088ACX1', 'A0A087ZZE7', 'A0A087ZW65']"
DEEEEEEEEE,21,0.00133,"['A0A088ARC2', 'A0A088ASV6', '102656661', 'A0A088A9S7', 'LOC412354', 'LOC724294', 'A0A087ZZ76', 'A0A088AV22', 'A0A088AVF5', 'A0A088ACW5', 'A0A088AMM1', 'atms', 'A0A088AVX7', 'A0A088AVA9', 'A0A087ZNQ0', 'PHRF1', 'LOC410282', 'LOC100579007', 'Trf2', 'A0A088ACX1', 'A0A087ZZE7']"
QPQQQQQQQQ,19,0.001203,"['LOC409658', 'A0A088AN05', 'A0A088AQ68', 'Mblk-1', 'A0A088A5D6', 'Myo3', 'A0A088AV13', 'Slip1', 'A0A088ABW8', 'A0A088AQW3', 'AmE75', 'LOC552092', 'A0A088AUM8', 'A0A088ARB4', 'A0A088AG22', 'A0A088AL55', 'LOC411678', 'LOC409086', 'Patr-1']"
SSSSSSSSST,19,0.001203,"['LOC725419', 'LOC100577168', 'A0A088A7J6', 'A0A088AUJ2', 'LOC724875', 'CycT', 'A0A088A6Q3', 'A0A087ZTP7', 'A0A087ZPL5', 'LOC410582', 'A0A088ACX8', 'A0A088AN09', 'A0A088AII0', 'LOC100577455', 'A0A088AP00', 'A0A088A1X7', 'A0A088A6V0', 'A0A088A1A9', 'A0A088AGK8']"
SGGGGGGGGG,19,0.001203,"['LOC409729', 'A0A088AKP8', 'A0A088ATH1', 'A0A088AQ05', 'A0A088ABG8', 'A0A088ANH3', 'A0A088AH30', 'LOC102655500', 'A0A088A3X7', 'Dll', 'A0A087ZYY5', 'A0A087ZMX1', 'A0A088AHF3', 'Ecr', 'ems', 'A0A088A181', 'A0A087ZZP1', 'A0A088ADL5', 'Twld1']"
EQQQQQQQQQ,19,0.001203,"['A0A088AN05', 'A0A088AFZ9', 'shu', 'A0A087ZRU4', 'LOC102655479', 'A0A088A8I0', 'A0A088ABD9', 'LOC551558', 'A0A088ANB5', 'A0A088APK7', 'A0A087ZND9', 'LOC410341', 'A0A087ZN32', 'LOC102654959', 'A0A088AIQ7', 'A0A088A8Y3', 'A0A088AG22', 'A0A088AFZ7', 'A0A088ALU5']"
HHQQQQQQQQ,18,0.00114,"['Slip1', 'A0A087ZVI4', 'LOC551624', 'A0A088AHR2', 'A0A088A9E9', 'bib', 'A0A088AAA5', 'lab', 'A0A088AN60', 'LOC726804', 'A0A088AVN5', 'A0A088AAF4', 'A0A087ZZJ1', 'LOC100576147', 'LOC725331', 'A0A088A318', 'LOC725220', 'LOC552040']"
QQPQQQQQQQ,18,0.00114,"['LOC409658', 'A0A088AN05', 'LOC100578879', 'Mblk-1', 'A0A088A5D6', 'Myo3', 'A0A088AV13', '107964762', 'A0A088ABW8', 'A0A088AQW3', 'AmE75', 'LOC552092', 'A0A088AUM8', 'A0A088ARB4', 'A0A088AG22', 'A0A088AL55', 'LOC409086', 'Patr-1']"
QQQQQQQQQT,17,0.001076,"['LOC100576667', 'A0A088AV23', 'LOC102654959', 'A0A088A8I0', 'shu', 'A0A088AN05', 'LOC551735', 'A0A088APH3', 'A0A088AID8', 'A0A087ZZK5', 'A0A088AUY5', 'LOC100576147', 'A0A088AGS4', 'A0A088A6U0', 'A0A088AFZ7', 'A0A088AL54', 'A0A088A7B7']"
KQQQQQQQQQ,17,0.001076,"['A0A088A4C1', 'A0A088ABK8', 'A0A088AMF5', 'A0A088AFN5', 'A0A087ZWA2', 'A0A088A9S9', 'LOC409242', 'A0A088A392', 'Reps', 'A0A088AHR5', 'A0A088AHF3', 'A0A087ZQZ5', 'A0A088AV23', 'A0A088ALU5', 'A0A088A6U0', 'LOC551735', 'A0A088AMV9']"
AGGGGGGGGG,16,0.001013,"['A0A087ZRT0', 'A0A088ADX7', 'A0A088AN13', 'A0A088AQ05', 'A0A088AB18', 'A0A088AGC5', 'A0A088AS45', 'A0A088ANH3', 'A0A087ZTZ4', 'A0A088ASS4', 'Hk', 'A0A087ZU27', 'A0A087ZMZ1', 'LOC412161', 'A0A087ZSE4', 'A0A088AN80']"
AQQQQQQQQQ,15,0.00095,"['A0A088AV29', 'A0A088AAA7', 'A0A087ZPG8', '408423', 'A0A088AFN5', 'A0A088ACR3', 'LOC102656501', 'MED25', 'rin', 'A0A088A170', 'A0A087ZSJ9', 'A0A088AHR2', 'A0A088AGS4', 'A0A088A9S9', 'Scr']"
EEEEEEEEED,15,0.00095,"['A0A087ZV82', 'kinesin-3E', 'A0A088AMM1', 'PHRF1', 'LOC412354', 'LOC724294', 'A0A088AVF5', 'LOC410736', 'A0A087ZW21', 'Trf2', 'LOC551802', 'A0A088AFC3', 'A0A088A631', 'A0A088ACX1', 'A0A087ZZE7']"
QQQQPQQQQQ,15,0.00095,"['LOC409658', 'LOC100578879', 'A0A088A5D6', 'LOC551624', 'A0A088AKS9', 'A0A088AV13', 'LOC102656501', 'A0A088ARB4', 'A0A087ZTM7', 'A0A088AQW3', 'bun', 'Mblk-1', 'A0A088AUM8', 'A0A088AG22', 'A0A088AL55']"
PSSSSSSSSS,15,0.00095,"['LOC409950', 'A0A088ABK8', 'LOC726215', 'A0A087ZVM3', 'Mxp', 'LOC552257', 'LOC725246', 'A0A088AA12', 'A0A087ZPL5', 'A0A088A3K4', 'LOC410582', 'A0A088ATE9', 'A0A088AN09', 'A0A088AJN3', 'A0A088AFC3']"
QQQQQQQQLQ,15,0.00095,"['A0A087ZPG8', 'A0A087ZS10', 'LOC551624', 'CycT', 'Slip1', 'A0A087ZT80', 'A0A087ZW75', 'A0A088ANL6', 'A0A087ZVI4', 'A0A088AUX4', 'Hr51', 'LOC551840', 'LOC412281', 'A0A088ATK4', 'A0A088ALU5']"
EEDEEEEEEE,15,0.00095,"['A0A087ZT44', 'A0A087ZW65', 'A0A088ASV6', 'A0A088A9S7', 'LOC724294', 'A0A087ZZ76', 'A0A088A701', 'PHRF1', 'A0A088ACW5', 'LOC552684', 'A0A087ZNQ0', 'LOC410282', 'A0A088AV22', 'A0A088ACX1', 'LOC726215']"
QVKIWFQNRR,15,0.00095,"['A0A088AIE8', 'LOC724373', 'Msx', 'A0A088AGC4', 'LOC725495', 'lab', 'dll', 'A0A088AD41', 'A0A088AID8', 'LOC725058', 'P15858', 'Mnx1', 'LOC100577942', 'LOC724412', 'cad']"
GQQQQQQQQQ,14,0.000887,"['LOC100578865', 'A0A087ZR41', 'A0A088ARB4', 'A0A088AHW9', 'A0A088AV13', 'A0A087ZPL5', 'A0A088A170', 'A0A088ABU3', 'LOC100578068', 'A0A088AUM8', 'Dfd', 'A0A088AU11', 'A0A088A3H1', 'A0A088A1N7']"
QVWFQNRRAK,14,0.000887,"['repo', 'hbn', 'LOC725502', 'Rx', 'A0A087ZZV9', 'LOC724282', 'A0A088A3X7', 'LOC724301', 'PHDP', 'A0A087ZTS3', 'A0A088AEI0', 'LOC411315', 'A0A088A9Z6', 'LOC724983']"
QQSQQQQQQQ,14,0.000887,"['LOC409729', 'Taf6', 'A0A088AK81', 'A0A088ACR3', 'pnr', 'A0A087ZPL5', 'LOC412955', 'A0A087ZP93', 'A0A088ANL6', 'A0A088AQV4', 'Q963D2', 'A0A088ALU6', 'A0A088A4J2', 'LOC724238']"
QQQQQQHQQQ,14,0.000887,"['A0A088AV29', 'A0A088A9H1', 'A0A088ABK8', 'A0A088AF47', 'LOC551624', 'A0A088ACR3', 'A0A088A369', 'LOC725596', 'A0A088ASS4', 'A0A088AQV4', 'A0A088AUX5', 'A0A088ALU5', 'A0A088ATK4', 'A0A088AMV9']"
STTTTTTTTT,14,0.000887,"['A0A088AT89', 'A0A088A392', 'A0A088ABQ8', 'A0A088A6Q3', 'SP16', 'A0A087ZQ18', 'A0A087ZW88', 'A0A088ANL5', 'LOC725239', 'A0A088A9U9', 'LOC409242', 'A0A088A5W0', '5-HT1', 'LOC408970']"
QQQPQQQQQQ,14,0.000887,"['LOC409658', 'LOC100578879', 'A0A088ABW8', 'A0A088A5D6', 'A0A088AV13', '107964762', 'A0A088AQW3', 'A0A088AU54', 'Mblk-1', 'A0A088AUM8', 'A0A088ARB4', 'A0A088AG22', 'LOC409086', 'A0A088AL55']"
QSQQQQQQQQ,14,0.000887,"['LOC409729', 'A0A087ZY67', 'A0A088ABW8', 'A0A088ACR3', 'LOC724238', 'LOC408905', 'A0A088A3W9', 'LOC412955', 'A0A088AK81', 'A0A088ANL6', 'A0A088AQV4', 'A0A088ATK4', 'A0A088A4J2', 'A0A088ALU5']"
GGGGGGGGSG,14,0.000887,"['LOC409729', 'Slip1', 'A0A087ZSE4', 'A0A088AQ05', 'A0A088A7J6', 'A0A088A6Q3', 'A0A088ANH3', 'A0A088ASS4', 'A0A088AHF3', 'A0A088A181', 'LOC408565', 'A0A087ZS77', 'CPR25', 'A0A088ADL5']"
QQQQQQQHQQ,14,0.000887,"['A0A088AV29', 'A0A088A9H1', 'A0A088ABK8', 'A0A088AF47', 'LOC551624', 'LOC102653673', 'A0A088A369', 'A0A088ACR3', 'A0A088AS43', 'A0A088AQV4', 'A0A088AUX5', 'A0A088AIE8', 'A0A088ATK4', 'A0A088AMV9']"
RSRSRSRSRS,14,0.000887,"['DDX17', 'LOC410040', 'LOC552167', 'LOC725596', 'A0A088A1R3', 'LOC727008', 'A0A087ZXP7', 'LOC552684', 'Atu', 'A0A087ZU06', 'tra2', 'LOC552006', 'A0A088A1L1', 'A0A088AGS1']"
TQQQQQQQQQ,14,0.000887,"['A0A087ZVI4', 'LOC551624', 'LOC102655479', 'LOC551432', 'A0A087ZPL5', 'repo', 'A0A088A1A6', 'A0A088AMV5', 'A0A088AUY5', 'LOC102654959', 'A0A087ZSL2', 'A0A088AT89', 'Vri', 'A0A088AL54']"
QHQQQQQQQQ,14,0.000887,"['A0A088ABK8', 'A0A088AF47', 'LOC100578925', 'LOC725596', 'A0A088AS43', 'A0A088AEI0', 'LOC411250', 'A0A087ZS78', 'A0A088AQV4', 'A0A088AUX5', 'A0A088AJU1', 'LOC102655392', 'A0A088A318', 'LOC725220']"
SNNNNNNNNN,13,0.000823,"['A0A088ARA5', '410798', 'LOC100577801', 'A0A088A6J8', 'A0A088APM8', 'A0A088AIX7', 'A0A087ZUY0', 'A0A088AHH4', 'A0A088AM11', 'A0A088ABP8', 'A0A088AV22', 'psq', 'LOC414025']"
QQQQQQQQPQ,13,0.000823,"['A0A088AMF5', 'Mblk-1', 'LOC102655479', 'A0A088ALR4', 'Reps', 'A0A088ARB4', 'A0A088AK81', 'A0A088AQV4', 'A0A088AUM8', 'A0A088AG22', 'LOC409573', 'LOC413821', 'A0A087ZQC0']"
QQQQQQQQSQ,13,0.000823,"['A0A087ZVY2', 'LOC551624', 'A0A088ACR3', 'LOC412117', 'A0A088A9E9', 'A0A088AVP4', 'LOC550692', 'LOC412955', 'LOC724238', 'A0A088AQV4', 'LOC100578159', 'Dfd', 'A0A088ATK4']"
NNNNNNNNNS,13,0.000823,"['Socs7', 'A0A088A3J8', 'LOC102655479', 'A0A087ZZ53', 'A0A087ZXJ8', 'A0A088AVF6', 'A0A088AHF4', 'SIFR', 'A0A088ALY9', 'A0A088ANX6', 'LOC100577801', 'A0A088ATK4', 'A0A088AAZ9']"
QQQQQQQSQQ,13,0.000823,"['A0A087ZVY2', 'Taf6', 'LOC551624', 'Clk', 'LOC412117', 'A0A088A9E9', 'A0A088ACR3', 'LOC102655500', 'LOC550692', 'LOC724238', 'LOC100578159', 'Dfd', 'A0A088ATK4']"
TSTTTTTTTT,13,0.000823,"['A0A088A9U9', 'A0A088ABQ8', 'IRS', 'SP16', 'A0A087ZQ18', 'A0A087ZW88', 'A0A088ANL5', 'A0A087ZZH4', 'LOC725239', 'LOC552724', 'smid', 'A0A088A5W0', 'LOC408970']"
SRSRSRSRSR,13,0.000823,"['LOC410040', 'LOC552167', 'LOC725596', 'A0A088A1R3', 'LOC552006', 'A0A087ZXP7', 'LOC552684', 'Atu', 'A0A087ZU06', 'A0A088AGS1', 'tra2', 'A0A088A1L1', 'LOC410383']"
TTSTTTTTTT,13,0.000823,"['A0A088AN35', 'A0A088A9U9', 'A0A088ABQ8', 'IRS', 'SP16', 'A0A087ZQ18', 'A0A087ZW88', 'A0A087ZZH4', 'LOC725239', 'LOC552724', 'smid', 'A0A088A5W0', 'LOC408970']"
QQQSQQQQQQ,13,0.000823,"['Taf6', 'LOC724238', 'A0A088ACR3', 'pnr', 'A0A088ADP1', 'A0A087ZPL5', 'A0A088AV24', 'A0A088AK81', 'A0A088ANL6', 'Dfd', 'A0A088ALU6', 'A0A088A4J2', 'LOC727486']"
QQQQQQQQHH,13,0.000823,"['A0A088AAA7', 'A0A088ABK8', 'Slip1', 'A0A088A810', 'A0A088AS43', 'lab', 'A0A088AIB3', 'A0A088AUY5', 'A0A088A181', 'A0A088AJU1', 'A0A088A2H9', 'A0A088A6S8', 'LOC100578068']"
QQQQQQPQQQ,12,0.00076,"['A0A088A2A4', 'A0A088A5D6', 'LOC551624', 'LOC102656501', 'A0A088ARB4', 'A0A088AEF8', 'A0A088AK81', 'Mblk-1', 'A0A088AUM8', 'A0A088AG22', 'A0A088AL54', 'A0A088AL55']"
GAGGGGGGGG,12,0.00076,"['A0A088AN13', 'A0A088AQ05', 'LOC413060', 'A0A088AS45', 'A0A088ANH3', 'A0A087ZTZ4', 'A0A088ASS4', 'Hk', 'A0A087ZSE4', 'A0A087ZMZ1', 'LOC412161', 'A0A088AN80']"
QLQQQQQQQQ,12,0.00076,"['A0A088AN05', 'A0A088A4T2', 'A0A088APE3', 'hipk', 'LOC102654959', 'MED25', '410684', 'A0A087ZT80', 'CycT', 'A0A088A181', 'A0A088AIK7', 'A0A088A598']"
QQQQQQSQQQ,12,0.00076,"['A0A087ZVY2', 'Taf6', 'LOC551624', 'A0A088ACR3', 'LOC412117', 'LOC102655500', 'LOC550692', 'A0A088AV24', 'A0A088A829', 'LOC724238', 'osa', 'Dfd']"
QQLQQQQQQQ,12,0.00076,"['A0A087ZNW1', 'A0A088AN05', 'A0A088A4T2', 'hipk', 'LOC102654959', 'A0A087ZQF6', 'MED25', 'A0A087ZPG8', '410684', 'A0A087ZT80', 'CycT', 'A0A088A6X9']"
VQQQQQQQQQ,12,0.00076,"['LOC724150', 'A0A087ZT80', 'Mblk-1', 'A0A088AEX4', 'A0A088AVP4', 'LOC102656501', 'Hs3st-A', 'A0A088AID8', 'A0A087ZVI4', 'Hr51', 'A0A087ZSL2', 'A0A088A7B7']"
QQQQQHQQQQ,12,0.00076,"['A0A088A9H1', 'A0A088ABK8', 'A0A088AF47', 'LOC551624', 'A0A088A369', 'LOC725596', 'A0A087ZS78', 'A0A088AQV4', 'A0A088AUX5', 'A0A088AV29', 'A0A088AHH4', 'A0A088ALU5']"
LPPPPPPPPP,12,0.00076,"['LOC409658', 'LOC100577801', 'A0A088ATH1', '102656661', 'WASp', 'A0A087ZQD0', 'A0A087ZS46', 'A0A087ZSV7', 'A0A088A8U7', 'A0A088AGK8', 'A0A087ZZV9', 'A0A088AMV9']"
GSSSSSSSSS,12,0.00076,"['100578773', 'A0A088APN5', 'hipk', 'A0A088ATB1', 'A0A087ZX69', 'A0A087ZTP7', 'A0A087ZZ44', 'A0A088A636', 'LOC100576321', 'Osi20', 'A0A088A181', 'A0A088AV38']"
QHHHHHHHHH,12,0.00076,"['A0A087ZSE4', 'A0A088APX5', 'A0A088ABG8', 'LOC551177', 'LOC410203', 'A0A088AVZ0', 'A0A087ZWA3', 'LOC100578068', 'A0A088AUY5', 'A0A087ZRX2', 'A0A088A9T1', 'A0A088A167']"
NQQQQQQQQQ,12,0.00076,"['A0A088AKS7', 'LOC410054', 'LOC102653673', 'A0A088A5J2', 'A0A087ZQF6', 'pnr', 'A0A088AQV4', 'tlk', 'A0A088AM92', 'A0A088A010', 'LOC409573', 'A0A088AV29']"
GGGGGSGGGG,12,0.00076,"['LOC409658', 'A0A088AQ05', 'A0A087ZSE0', 'A0A088ANH3', 'A0A088ASS4', 'LOC727232', 'LOC552027', 'A0A088AM92', 'A0A088AV31', 'A0A088AT63', 'A0A088A181', 'A0A087ZS77']"
QQQQQQQQSS,11,0.000697,"['LOC409729', 'A0A088A4C1', 'A0A088A369', 'A0A088A6Q3', 'LOC726547', 'A0A088AEI0', 'A0A087ZWA2', 'A0A088ANL6', 'LOC411678', 'AmE75', 'A0A088ALU5']"
PPPPPPPPPS,11,0.000697,"['LOC409658', 'A0A088AE54', '102656661', 'LOC724795', 'LOC410535', 'A0A087ZYX7', 'LOC409155', 'LOC102656070', 'A0A088AC37', 'LOC724983', 'A0A088AGK8']"
GGGGSGGGGG,11,0.000697,"['A0A088AQ05', 'A0A088A7J6', 'A0A087ZSE0', 'A0A088AUA0', 'A0A088ANH3', 'A0A088ASS4', 'A0A088AM92', 'A0A088AV31', 'A0A088AT63', 'A0A088A181', 'A0A087ZS77']"
QQQQQPQQQQ,11,0.000697,"['A0A088A5D6', 'LOC551624', 'LOC102656501', 'A0A088ARB4', 'A0A087ZTM7', 'bun', 'Mblk-1', 'A0A088AUM8', 'A0A088AG22', 'A0A088A010', 'A0A088AL55']"
DDDDDDDDDE,11,0.000697,"['A0A088ATN2', 'B9VMQ8', 'A0A088AV22', 'PHRF1', 'A0A087ZQ26', 'A0A088API2', 'LOC100578144', 'Rnp4F', 'RANBP2', 'A0A088AN82', 'LOC100577632']"
SSSSSSSSTS,11,0.000697,"['LOC100577168', 'A0A088AUJ2', 'LOC725419', 'A0A088A2W3', 'A0A088AN09', 'A0A088AP09', 'A0A088ACX8', 'A0A088AII0', 'LOC410582', 'LOC724875', 'A0A088A1A9']"
VQVWFQNRRA,11,0.000697,"['repo', 'hbn', 'LOC725502', 'Rx', 'A0A087ZZV9', 'LOC724282', 'A0A088A3X7', 'LOC724301', 'PHDP', 'A0A088AEI0', 'LOC724983']"
EEEDEEEEEE,11,0.000697,"['A0A087ZU38', 'A0A088ASV6', 'LOC410793', 'A0A087ZZ76', 'PHRF1', 'A0A088A9S7', 'A0A087ZNQ0', 'LOC410282', 'LOC724294', 'A0A088ACX1', 'LOC726215']"
NDDDDDDDDD,11,0.000697,"['A0A087ZY57', 'Ipk2', 'A0A088A2Z5', 'A0A088A5H6', 'PHRF1', 'A0A087ZQ26', 'A0A088AQS2', 'A0A088A3C9', 'Rnp4F', 'LOC726212', 'A0A088AN82']"
DRDRDRDRDR,11,0.000697,"['A0A088A5S2', 'IGFn3-6', 'LOC552765', 'A0A088ABM8', 'LOC100578159', 'A0A087ZTQ7', 'A0A088A1W6', 'A0A087ZVF7', 'LOC409283', 'LOC409242', 'RnpS1']"
QQQQQQQLQQ,11,0.000697,"['A0A087ZPG8', 'A0A087ZT80', 'LOC551624', 'CycT', 'Slip1', 'A0A087ZW75', 'A0A088ANL6', 'A0A088AUX4', 'A0A087ZS10', 'A0A088ATK4', 'LOC412281']"
QQQQQQQPQQ,11,0.000697,"['A0A088AF47', 'A0A088AEF8', 'LOC102655479', 'A0A088ARB4', 'A0A088AK81', 'Mblk-1', 'A0A088AUM8', 'A0A088AG22', 'LOC409573', 'A0A088AL54', 'A0A087ZQC0']"
GGGGGGSGGG,11,0.000697,"['eIF3-S10', 'LOC409658', 'A0A087ZSE4', 'A0A088AQ05', 'A0A088ANH3', 'A0A088ASS4', 'A0A088AV31', 'A0A088AT63', 'A0A088A181', 'A0A087ZS77', 'CPR25']"
GGGGGGGSGG,11,0.000697,"['eIF3-S10', 'A0A087ZSE4', 'A0A088A181', 'A0A088AQ05', 'A0A088A6Q3', 'A0A088ANH3', 'A0A088ASS4', 'A0A088AV31', 'LOC408565', 'A0A087ZS77', 'CPR25']"
GGGGGGGGGA,11,0.000697,"['A0A088AKP8', 'A0A087ZZP1', 'A0A088A1H1', 'A0A088AS45', 'Dll', 'A0A087ZMZ1', 'A0A088A318', 'A0A088A181', 'A0A088AIK7', 'A0A088AP10', 'A0A088AN80']"
SSSSSSSSSA,10,0.000633,"['LOC409729', 'A0A088ABK8', 'A0A088AN28', 'LOC413912', '107964189', 'LOC100578337', 'LOC552257', 'A0A088AA12', 'A0A088A3K4', 'A0A088AKX9']"
QQQQQQQQQR,10,0.000633,"['Slip1', 'A0A088AQV4', 'A0A088AHR5', 'A0A088AN60', 'A0A088APK7', 'A0A088AHF3', 'Mblk-1', 'A0A088ABU3', 'A0A088A598', 'A0A088A1N7']"
QQQQQQQHHH,10,0.000633,"['A0A087ZPG8', 'A0A088AF47', 'A0A088A810', 'Slip1', 'lab', 'A0A088AIB3', 'A0A088AUY5', 'A0A088A181', 'A0A088AJU1', 'LOC100578068']"
QQQQHQQQQQ,10,0.000633,"['A0A087ZT47', 'A0A088A9H1', 'A0A088ABK8', 'A0A088AF47', 'A0A088A369', 'LOC725596', 'A0A087ZS78', 'A0A088AQV4', 'A0A088AUX5', 'A0A088AV29']"
RVQVWFQNRR,10,0.000633,"['repo', 'hbn', 'LOC725502', 'Rx', 'A0A087ZZV9', 'LOC724282', 'LOC724301', 'PHDP', 'A0A088AEI0', 'LOC724983']"
SSSSSSSTSS,10,0.000633,"['A0A087ZSE4', 'LOC100577168', 'A0A088AUJ2', 'LOC725419', 'A0A088A2W3', 'A0A088AN09', 'A0A088ACX8', 'A0A088AII0', 'LOC410582', 'LOC724875']"
QQQQQQHHHH,10,0.000633,"['A0A088A810', 'A0A088AHZ7', 'A0A087ZZA0', 'A0A088A181', 'A0A088AF47', 'A0A088AIB3', 'A0A088AUY5', 'A0A088ALY9', 'A0A088AJU1', 'LOC100578068']"
GGSGGGGGGG,10,0.000633,"['A0A087ZZP1', 'A0A088A7J6', 'A0A088ANH3', 'A0A088ASS4', 'A0A087ZMX1', 'LOC413510', 'A0A088AV22', 'A0A088A181', 'A0A087ZS77', 'A0A088ADL5']"
TSSSSSSSSS,10,0.000633,"['A0A088ABG8', 'LOC552765', 'A0A088AFW2', 'CycT', 'A0A088A6Q3', 'A0A087ZTP7', 'A0A088AN09', 'LOC552257', 'LOC410582', 'A0A088A1X7']"
EEEEEEEEDE,10,0.000633,"['A0A087ZU38', 'LOC724294', 'A0A088AVF5', 'LOC410736', 'Trf2', 'PHRF1', 'A0A088AFC3', 'A0A087ZW65', 'A0A088ACX1', 'A0A087ZZE7']"
QQHQQQQQQQ,10,0.000633,"['A0A088A9H1', 'A0A088ABK8', 'A0A088AF47', 'A0A088A369', 'LOC725596', 'LOC411250', 'A0A088AQV4', 'A0A088A318', 'A0A088AUX5', 'A0A088AV29']"
ERERERERER,10,0.000633,"['A0A088A3S8', 'A0A088AVC1', 'A0A088A412', 'A0A088A6Q3', 'LOC409497', 'A0A088A9F4', 'LOC551735', 'pita', 'LOC409242', 'A0A087ZYJ5']"
EEEEEEEEEK,10,0.000633,"['A0A088API2', 'A0A088AIS0', 'A0A088AMU8', 'LOC408280', 'A0A088AVX7', 'A0A088A9S7', 'A0A087ZT22', 'LOC552724', 'A0A087ZNE0', 'A0A088AGP3']"
EDDDDDDDDD,10,0.000633,"['A0A088ATN2', 'B9VMQ8', 'A0A088API2', 'RANBP2', 'A0A088A6M0', 'A0A088AV22', 'Noa36', 'A0A088ABX8', 'A0A088AW56', 'LOC100577632']"
VWFQNRRAKW,10,0.000633,"['hbn', 'LOC725502', 'LOC724282', 'Rx', 'repo', 'A0A087ZTS3', 'A0A088AEI0', 'LOC411315', 'LOC408443', 'LOC724983']"
SXXXXXXXXX,10,0.000633,"['A0A088AAV2', 'A0A087ZPD1', 'A0A087ZTW8', 'A0A088A136', 'A0A087ZVH3', 'A0A088A4D3', 'A0A088ADI1', 'A0A087ZS84', 'A0A088AIP5', 'A0A087ZPA6']"
HHHQQQQQQQ,10,0.000633,"['A0A087ZT47', 'A0A088ABK8', 'A0A087ZZA0', 'Slip1', 'lab', 'A0A088AN60', 'A0A087ZVI4', 'A0A088A318', 'A0A088AAA5', 'LOC725220']"
HHHHQQQQQQ,9,0.00057,"['A0A087ZR41', 'A0A088ABK8', 'A0A088AAA5', 'lab', 'A0A088AN60', 'A0A087ZZA0', 'A0A088A318', 'A0A088AL40', 'LOC725220']"
QAQQQQQQQQ,9,0.00057,"['A0A088AAA7', 'LOC100576965', 'A0A088AHR2', 'LOC102656501', 'A0A088A170', 'A0A088ATK4', 'A0A088AV29', 'LOC724962', 'Scr']"
KIWFQNRRMK,9,0.00057,"['LOC724297', 'ABD-A', 'lab', 'A0A088AD41', 'A0A088AID8', 'Dfd', 'A0A088AIE8', 'Mnx1', 'Scr']"
SSSSSTSSSS,9,0.00057,"['A0A087ZSE4', 'A0A088A2W3', 'A0A088AN09', 'LOC552257', 'A0A088ACX8', 'A0A088AAQ2', 'A0A088AII0', 'LOC724875', 'LOC100577795']"
RERDRDRDRD,9,0.00057,"['RnpS1', 'LOC552765', 'A0A088A6Q3', 'A0A088ABM8', 'LOC100578159', 'A0A087ZTQ7', 'A0A088A1W6', 'A0A087ZVF7', 'LOC409242']"
SSSSSSTSSS,9,0.00057,"['A0A087ZSE4', 'LOC725419', 'A0A088A2W3', 'A0A088AN09', 'LOC552257', 'A0A088ACX8', 'A0A088AII0', 'LOC410582', 'LOC724875']"
QQQQQQQQPP,9,0.00057,"['LOC100578865', 'LOC726284', 'A0A088AF47', 'A0A087ZRU4', 'A0A088AEX4', 'A0A087ZQF6', 'rin', 'A0A088AUL0', 'A0A087ZTQ9']"
ERDRDRDRDR,9,0.00057,"['RnpS1', 'LOC552765', 'A0A088A6Q3', 'A0A088ABM8', 'LOC100578159', 'A0A087ZTQ7', 'A0A088A1W6', 'A0A087ZVF7', 'LOC409242']"
GGAGGGGGGG,9,0.00057,"['A0A087ZSE4', 'A0A088AQ05', 'A0A088AS45', 'A0A088ASS4', 'Hk', 'A0A087ZMZ1', 'LOC412161', 'A0A087ZNL2', 'CAC']"
QQQQQQQQQE,9,0.00057,"['LOC409729', 'A0A087ZSJ9', 'A0A087ZUB0', 'A0A088A5J2', 'LOC412955', '408423', 'A0A087ZND9', 'LOC410341', 'A0A087ZT80']"
DDDDDDDDDN,9,0.00057,"['A0A088ABX8', 'A0A088ADD7', 'A0A087ZY57', 'A0A088ABP8', 'LOC726100', 'Noa36', 'LOC726212', 'A0A087ZVR8', 'A0A088AN82']"
XXXXXXXXXL,9,0.00057,"['A0A088AQF0', 'A0A088A112', 'A0A088AJ32', 'A0A088A0M1', 'A0A088ANN9', 'A0A087ZW70', 'A0A087ZVH3', 'A0A087ZWC0', 'A0A087ZQP8']"
AAAAAAAAAS,9,0.00057,"['A0A087ZSJ9', 'A0A088AGC4', 'A0A088AS43', 'LOC100578337', 'A0A087ZTM7', 'A0A088ALZ2', 'A0A088AUL0', 'LOC724412', 'A0A088A6S8']"
TTTSTTTTTT,9,0.00057,"['LOC726457', 'A0A088AN35', 'A0A088ABQ8', 'IRS', 'SP16', 'LOC725239', 'A0A088A9U9', 'smid', 'LOC408970']"
LADEMGLGKT,9,0.00057,"['Iswi', 'A0A088A1A6', 'LOC412850', 'A0A088ALV2', 'LOC552169', 'A0A088AK81', 'LOC552031', 'A0A088AL96', 'LOC413341']"
GSGGGGGGGG,9,0.00057,"['A0A087ZZP1', 'A0A088A7J6', 'A0A088ANH3', 'A0A087ZMX1', 'A0A088AHF3', 'LOC413510', 'A0A088A181', 'A0A087ZS77', 'A0A088ADL5']"
TTTTTTTTTA,9,0.00057,"['A0A088AR46', 'A0A088A392', '107964762', 'LOC412777', 'A0A087ZZA2', 'Mblk-1', 'A0A088AID8', 'A0A088AF04', 'LOC409242']"
QQQHQQQQQQ,9,0.00057,"['A0A088A9H1', 'A0A088ABK8', 'A0A088AF47', 'A0A088A369', 'LOC725596', 'A0A088AQV4', 'A0A088AUX5', 'A0A088AV29', 'AmE75']"
QQQQQSQQQQ,9,0.00057,"['A0A087ZVY2', 'A0A088ACR3', 'LOC412117', 'LOC550692', 'A0A088AV24', 'A0A088A829', 'LOC724238', 'A0A088ALU6', 'A0A088ALU5']"
PPPPPPPLPP,9,0.00057,"['A0A088ATH1', 'A0A087ZUH3', 'A0A087ZU44', 'A0A088A6M5', 'A0A088AC89', 'LOC724118', 'A0A087ZSV7', 'A0A088A8U7', 'LOC725948']"
RDRDRDRDRD,9,0.00057,"['RnpS1', 'LOC552765', 'A0A088ABM8', 'LOC100578159', 'A0A087ZTQ7', 'A0A088A1W6', 'A0A087ZVF7', 'LOC409283', 'LOC409242']"
DNDDDDDDDD,9,0.00057,"['A0A088ADD7', 'A0A087ZY57', 'Rnp4F', 'A0A088A2Z5', 'A0A087ZQ26', 'A0A088ABP8', 'A0A088AN53', 'A0A087ZVR8', 'A0A088AN82']"
ASSSSSSSSS,9,0.00057,"['A0A087ZSJ9', 'A0A087ZSD6', 'A0A088A7J6', 'A0A088AUJ2', 'LOC100578337', 'A0A088A5P7', 'A0A088AV94', 'A0A088AA12', 'A0A088A6V0']"
HHHHHHHHHR,9,0.00057,"['En', 'A0A087ZNC0', 'A0A087ZX89', 'LOC551177', 'LOC102656766', 'A0A087ZRS2', 'A0A087ZWA3', 'A0A088AG02', 'A0A088A6U0']"
ILADEMGLGK,9,0.00057,"['Iswi', 'A0A088A1A6', 'LOC412850', 'A0A088ALV2', 'LOC552169', 'A0A088AK81', 'LOC552031', 'A0A088AL96', 'LOC413341']"
NHHHHHHHHH,9,0.00057,"['A0A088A2C0', 'A0A087ZYH3', 'Msx', 'A0A088AFZ4', 'SP16', 'Bgb', 'lab', 'LOC102656766', 'A0A088AHF3']"
WFQNRRAKWR,9,0.00057,"['hbn', 'LOC725502', 'Rx', 'repo', 'A0A087ZTS3', 'A0A088AEI0', 'LOC411315', 'LOC408443', 'LOC724983']"
PPPPPPPPLP,9,0.00057,"['A0A088ATH1', 'A0A087ZU44', 'A0A088ANU4', 'A0A088A6M5', 'LOC724118', 'A0A087ZUH3', 'A0A087ZSV7', 'A0A088AU80', 'LOC725948']"
TQVKIWFQNR,9,0.00057,"['LOC724373', 'Msx', 'A0A088AGC4', 'lab', 'dll', 'P15858', 'Mnx1', 'LOC100577942', 'LOC724412']"
SAAAAAAAAA,8,0.000507,"['A0A088AA60', 'A0A088A374', 'A0A088ADJ9', 'pnr', 'A0A087ZTM7', 'LOC102653993', 'A0A088ASS4', 'A0A088ABW3']"
KEEEEEEEEE,8,0.000507,"['A0A088AIS0', 'A0A088AF55', 'A0A088A994', 'A0A087ZQ26', 'LOC726121', 'A0A087ZT22', 'A0A088ACX1', 'LOC411046']"
PPPPPPLPPP,8,0.000507,"['A0A088ATH1', 'A0A088A6M5', 'A0A088AC89', 'LOC724118', 'A0A087ZSV7', 'A0A088A8U7', 'LOC725948', 'A0A088AGK8']"
LXXXXXXXXX,8,0.000507,"['A0A088ATW6', 'A0A088A391', 'A0A087ZWG8', 'A0A087ZSJ0', 'A0A088A0M1', 'A0A088ABU8', 'A0A088AT15', 'A0A088ALW3']"
SSSSSSSSSP,8,0.000507,"['LOC409658', 'A0A088ABG8', 'A0A088AN09', 'LOC552257', 'A0A088AA14', 'LOC410582', 'A0A087ZUM8', 'A0A088AJN3']"
QQQQQQQQQN,8,0.000507,"['LOC102654959', 'A0A088AHR2', 'MED25', 'A0A087ZVI4', 'A0A087ZY29', 'A0A088A8Y3', 'A0A088A9S9', 'A0A088AL55']"
QQQQQHHHHH,8,0.000507,"['A0A088A810', 'A0A088AF47', 'A0A087ZZA0', 'A0A088ALY9', 'LOC100578068', 'A0A088AUY5', 'A0A088A181', 'A0A088AJU1']"
XXXXXXXXXI,8,0.000507,"['A0A088AHW8', 'A0A087ZWG8', 'A0A087ZP31', 'A0A087ZR92', 'A0A088ADI1', 'A0A088A6Y9', '726848', 'A0A088ACT7']"
DDDDDDDDED,8,0.000507,"['A0A088ATN2', 'B9VMQ8', 'LOC100578144', 'A0A088A6M0', 'A0A088AV22', 'A0A088A8T4', 'A0A088AN82', 'RANBP2']"
ITMNPGYAGR,8,0.000507,"['A0A088ATW3', 'A0A087ZU47', 'A0A087ZWH2', 'A0A088ADI1', '411894', 'A0A088ANX7', 'A0A088AGE0', 'A0A088A7X2']"
NNNNNNNNNK,8,0.000507,"['A0A088A6J8', 'A0A087ZTY4', 'LOC413907', 'A0A088ABP8', 'A0A087ZWA3', 'A0A088A014', 'A0A088A6N9', 'LOC100577220']"
GGGSGGGGGG,8,0.000507,"['A0A088AVH1', 'A0A088A7J6', 'A0A088ANH3', 'A0A088ASS4', 'A0A087ZMX1', 'A0A088AT63', 'A0A088A181', 'A0A087ZS77']"
DACQGDSGGP,8,0.000507,"['PSH', 'A0A088A268', 'A0A088A7S6', 'SP3', 'SP21', 'A0A087ZP96', 'A0A088ARG2', 'SP47']"
NSIRHNLSLN,8,0.000507,"['LOC100576194', 'LOC724315', 'A0A088A9P0', 'LOC726400', 'slp', 'A0A087ZYA2', 'A0A088AM63', 'LOC100576147']"
EEEEEEDEEE,8,0.000507,"['A0A087ZU38', 'LOC552804', 'LOC724294', 'PHRF1', 'LOC410736', 'A0A087ZNQ0', 'A0A088ACX1', 'A0A088AV38']"
DRERDRDRDR,8,0.000507,"['A0A088AGZ0', 'LOC552765', 'A0A088A6Q3', 'A0A088ABM8', 'A0A088AL96', 'A0A088A1W6', 'A0A087ZVF7', 'LOC100578159']"
EEEEEEEEKE,8,0.000507,"['A0A088AGP3', 'LOC551383', 'A0A088AH42', 'A0A088API2', 'A0A088A9S7', 'A0A087ZT22', 'LOC551802', 'A0A088A9V5']"
EEEKEEEEEE,8,0.000507,"['A0A087ZSS1', 'A0A088A2Y9', 'A0A088A994', 'A0A088AJQ2', 'LOC100578090', 'A0A087ZT22', 'A0A088A766', 'A0A088AGP3']"
PPPLPPPPPP,8,0.000507,"['A0A088ATH1', '102656661', 'A0A088A6M5', 'A0A088AH02', 'A0A087ZSV7', 'A0A088A8U7', 'LOC100576435', 'A0A088AGK8']"
QQQQQQLQQQ,8,0.000507,"['A0A087ZPG8', 'A0A087ZT80', 'hipk', 'LOC551624', 'CycT', 'A0A087ZW75', 'A0A088ATK4', 'LOC412281']"
NSSSSSSSSS,8,0.000507,"['LOC409729', 'A0A088AAA6', 'LOC413091', 'A0A088ABD0', 'A0A088A2W3', 'A0A088AII0', 'LOC724875', 'A0A088AE89']"
SPPPPPPPPP,8,0.000507,"['A0A088AR46', 'A0A088A5D6', 'A0A088ATA5', 'LOC409155', 'LOC410724', 'A0A088AUL0', 'A0A087ZUH3', 'A0A088AGK8']"
PLPPPPPPPP,8,0.000507,"['LOC409658', 'A0A088ATH1', '102656661', 'A0A088A6M5', 'A0A087ZSV7', 'A0A088A8U7', 'LOC100577801', 'A0A088AGK8']"
QQHHHHHHHH,8,0.000507,"['A0A087ZSE4', 'A0A088APX5', 'A0A088AQ28', 'A0A088A167', 'A0A088AUY5', 'A0A088AJU1', 'A0A088AVZ0', 'LOC100578068']"
QQQLQQQQQQ,8,0.000507,"['A0A087ZNW1', 'A0A088AN05', 'A0A088A4T2', 'hipk', 'CycT', 'A0A087ZQF6', 'A0A087ZPG8', 'A0A088A6X9']"
ERERERERDR,8,0.000507,"['A0A088A412', 'A0A088A6Q3', 'LOC409497', 'A0A088A9F4', 'pita', 'LOC409242', 'A0A087ZYJ5', 'A0A088AW63']"
AHKVVLSACS,8,0.000507,"['LOC726547', 'A0A088AP95', 'LOC724810', 'LOC551432', 'LOC412955', 'LOC412161', 'A0A088AG22', 'psq']"
PPLPPPPPPP,8,0.000507,"['A0A088ATH1', '102656661', 'A0A088A383', 'A0A088A6M5', 'A0A087ZSV7', 'A0A088A8U7', 'LOC100576435', 'A0A088AGK8']"
XXXXXXXXXS,8,0.000507,"['A0A087ZU61', 'A0A088A067', 'A0A088A294', 'A0A088AL05', 'A0A088AVA9', 'A0A088ASQ5', 'A0A087ZS84', 'A0A088AIP5']"
ACQGDSGGPL,8,0.000507,"['PSH', 'A0A088A268', 'A0A088A7S6', 'SP3', 'SP21', 'A0A087ZP96', 'A0A088ARG2', 'SP47']"
SSTSSSSSSS,8,0.000507,"['LOC552765', 'A0A088A6Q3', 'A0A088AN09', 'A0A087ZZ38', 'LOC552257', 'A0A088ACX8', 'LOC100577795', 'A0A088A1X7']"
RDRDRDRDRE,8,0.000507,"['RnpS1', 'LOC552765', 'A0A088A6Q3', 'A0A088ABM8', 'LOC100578159', 'A0A088A1W6', 'A0A087ZVF7', 'LOC409242']"
VEEEEEEEEE,8,0.000507,"['kinesin-3E', 'A0A088AGP3', '102656661', 'A0A088ACQ6', 'LOC410736', 'Sir2', 'A0A088A9S7', 'LOC551802']"
EEEEEEEKEE,8,0.000507,"['A0A088AGP3', 'A0A088AJQ2', 'A0A088API2', 'A0A088A9S7', 'A0A087ZT22', 'LOC551802', 'A0A088A766', 'A0A088A9V5']"
EEEEEEEEEV,8,0.000507,"['A0A088ASV6', '102656661', 'A0A088ACQ6', 'A0A088AV22', 'A0A087ZQ26', 'A0A088ACW5', 'LOC100579007', 'A0A088ACX1']"
FQNRRAKWRK,8,0.000507,"['hbn', 'LOC725502', 'repo', 'A0A087ZTS3', 'A0A088AEI0', 'LOC411315', 'LOC408443', 'LOC724983']"
APPPPPPPPP,8,0.000507,"['LOC409658', 'LOC727150', 'LOC409155', 'LOC102656070', 'LOC409127', 'A0A087ZUH3', 'LOC725708', 'A0A087ZQZ5']"
QQQQQQQHQH,8,0.000507,"['Vri', 'A0A087ZQF6', 'A0A087ZS78', 'LOC725331', 'A0A088AM92', 'A0A088AQ68', 'A0A088AU11', 'A0A088ANL6']"
RERERERERE,8,0.000507,"['A0A088A3S8', 'A0A088A6Q3', 'LOC409497', 'A0A088A9F4', 'LOC410399', 'pita', 'LOC409242', 'LOC551735']"
SGSSSSSSSS,8,0.000507,"['100578773', 'A0A088APN5', 'A0A088ATB1', 'A0A087ZX69', 'A0A087ZZ44', 'A0A088A636', 'LOC100576321', 'Osi20']"
HHHHHHHHQQ,8,0.000507,"['LOC409729', 'A0A088AAA5', 'SP16', 'A0A088AHF3', 'LOC100578068', 'A0A088AUY5', 'A0A088A5Y7', 'Mnx1']"
DEDEEEEEEE,8,0.000507,"['102656661', 'A0A088AVF5', 'LOC410736', 'atms', 'A0A088AVX7', 'LOC100579007', 'A0A087ZZE7', 'LOC724652']"
TNNNNNNNNN,8,0.000507,"['A0A088AD25', 'A0A087ZRU1', 'LOC100577343', 'A0A087ZTY4', 'A0A087ZZ53', 'Pc', 'A0A088A6N9', 'A0A088AIH9']"
HHHHHHQQQQ,7,0.000443,"['A0A087ZR41', 'A0A088ABK8', 'A0A088AAA5', 'A0A088A5Y7', 'A0A088AUY5', 'Mnx1', 'LOC725220']"
ATTTTTTTTT,7,0.000443,"['A0A088AR46', 'LOC551450', 'A0A087ZYT9', 'A0A088A3T3', '107964762', 'A0A087ZZF0', 'A0A087ZZA2']"
DDDDDDDDND,7,0.000443,"['A0A087ZY57', 'LOC726100', 'A0A088AN53', 'Noa36', 'LOC726212', 'A0A087ZVR8', 'A0A088AN82']"
IXXXXXXXXX,7,0.000443,"['A0A088AIC6', 'A0A087ZU61', 'A0A088A112', 'A0A088AJ32', 'A0A088ANW2', 'A0A088AHW8', 'A0A088ALP6']"
YQQQQQQQQQ,7,0.000443,"['A0A088AMX5', 'LOC725503', 'LOC412955', 'A0A088AIB3', 'A0A088AQV4', 'A0A087ZY29', 'A0A088A167']"
RERERERERD,7,0.000443,"['A0A088A412', 'A0A088A6Q3', 'LOC409497', 'A0A088A9F4', 'pita', 'LOC409242', 'A0A087ZYJ5']"
VYKVETIGDA,7,0.000443,"['AmsGC', 'A0A088AVQ5', 'LOC724571', 'A0A088AVQ7', 'sGC-alpha1', 'A0A088AFH4', 'A0A088A6X9']"
QTQQQQQQQQ,7,0.000443,"['LOC102655479', 'A0A087ZPL5', 'A0A088AMV5', 'A0A087ZVI4', 'A0A087ZSL2', 'Vri', 'A0A088AL54']"
HHHHHQQQQQ,7,0.000443,"['A0A087ZR41', 'A0A088ABK8', 'A0A088AAA5', 'lab', 'A0A088AN60', 'A0A087ZZA0', 'LOC725220']"
PPPPPPPPPL,7,0.000443,"['A0A088ATH1', 'A0A087ZTZ5', 'A0A088ANU4', 'LOC724118', 'A0A087ZUH3', 'A0A088AUL0', 'A0A087ZSV7']"
EVEEEEEEEE,7,0.000443,"['A0A088AGP3', '102656661', 'A0A088ACQ6', 'A0A088AJQ2', 'Sir2', 'A0A088A9S7', 'A0A088AR37']"
SSSSSSSSSG,7,0.000443,"['LOC409729', 'LOC413091', 'A0A087ZZ44', 'A0A088AV94', 'A0A088AII0', 'A0A088A9S9', 'A0A088AGS1']"
QQQQQQQQQV,7,0.000443,"['LOC409658', 'A0A088A9Q5', 'A0A088AVP4', 'A0A088A0C2', 'A0A088A170', 'A0A087ZWA3', 'LOC552040']"
QQQQQQQQQF,7,0.000443,"['A0A088A810', 'LOC725503', 'LOC102653673', 'LOC726804', 'LOC552092', 'LOC725331', 'A0A088AV29']"
HHHHHHHQQQ,7,0.000443,"['LOC409729', 'A0A088ABK8', 'A0A088AAA5', 'A0A088AHF3', 'A0A088AUY5', 'A0A088A5Y7', 'Mnx1']"
YKVETIGDAY,7,0.000443,"['AmsGC', 'A0A088AVQ5', 'LOC724571', 'A0A088AVQ7', 'sGC-alpha1', 'A0A088AFH4', 'A0A088A6X9']"
SRSRSRSKSR,7,0.000443,"['LOC550940', 'LOC725596', 'A0A087ZXP7', 'Sfrs7', 'CTR9', 'Atu', 'A0A088A1L1']"
KRPMNAFMVW,7,0.000443,"['LOC727287', 'LOC727284', 'A0A088A1H7', 'A0A088A302', 'LOC726180', 'A0A087ZRP5', 'A0A088AGS4']"
RDRERDRDRD,7,0.000443,"['LOC552765', 'A0A088A6Q3', 'A0A088ABM8', 'A0A088AL96', 'A0A088A1W6', 'A0A087ZVF7', 'LOC100578159']"
QIWDTAGQER,7,0.000443,"['Rab3', 'LOC102656792', 'Rab-RP3', 'A0A088AQ21', 'A0A087ZUG2', 'Rab11', 'LOC724873']"
AAAAAAAAAG,7,0.000443,"['A0A088A9H1', 'A0A087ZSJ9', 'A0A088A370', 'acj6', 'A0A087ZPJ0', 'A0A087ZTY2', 'A0A088AFQ0']"
QQQQQQQQLH,7,0.000443,"['A0A088A3H1', 'LOC102654959', 'A0A087ZQF6', 'A0A088ABW8', 'LOC551320', 'A0A088AKM3', 'Scr']"
TDVAARGLDI,7,0.000443,"['A0A087ZNR1', 'LOC551822', 'Ddx1', 'LOC413660', 'LOC726537', 'LOC725441', 'A0A088ADI8']"
SPSSSSSSSS,7,0.000443,"['LOC409950', 'LOC725246', 'A0A088AN09', 'A0A087ZPL5', 'LOC410582', 'A0A088AJN3', 'A0A088AA12']"
DRDRDRERDR,7,0.000443,"['A0A088AGZ0', 'LOC552765', 'A0A088ABM8', 'LOC100578159', 'A0A088A1W6', 'A0A087ZVF7', 'LOC409242']"
QQQQHHHHHH,7,0.000443,"['A0A088A810', 'A0A088AF47', 'A0A088ALY9', 'LOC100578068', 'A0A088AUY5', 'A0A088A181', 'A0A088AJU1']"
IWDTAGQERF,7,0.000443,"['LOC102656792', 'Rab-RP4', 'Rab-RP3', 'A0A088AQ21', 'A0A087ZUG2', 'LOC724873', 'Rab14']"
DRDRDRDRER,7,0.000443,"['LOC552765', 'A0A088A6Q3', 'A0A088ABM8', 'LOC100578159', 'A0A088A1W6', 'A0A087ZVF7', 'LOC409242']"
ETQVKIWFQN,7,0.000443,"['Msx', 'A0A088AGC4', 'lab', 'LOC100577942', 'P15858', 'Mnx1', 'LOC724412']"
ITTTTTTTTT,7,0.000443,"['A0A087ZTM7', 'A0A088AV93', 'A0A088AID8', 'Mblk-1', 'A0A088APS4', 'A0A088AF04', 'A0A088A6S8']"
LQIWDTAGQE,7,0.000443,"['Rab3', 'LOC102656792', 'LOC410969', 'Rab-RP3', 'A0A088AQ21', 'A0A087ZUG2', 'Rab14']"
HQHQQQQQQQ,7,0.000443,"['LOC100578925', 'A0A088AEI0', 'A0A087ZWA3', 'A0A087ZS78', 'LOC102655392', 'A0A088AV29', 'LOC725220']"
HRDLAARNVL,7,0.000443,"['A0A087ZPD1', 'Csk', 'EphR', 'Egfr', 'A0A088A4F4', 'A0A088ANU2', 'LOC412588']"
WQNSIRHNLS,7,0.000443,"['LOC100576194', 'LOC724315', 'A0A088A9P0', 'LOC726400', 'slp', 'A0A087ZYA2', 'A0A088AM63']"
FITMNPGYAG,7,0.000443,"['A0A088ATW3', 'A0A087ZU47', '411894', 'A0A088ADI1', 'A0A088ANX7', 'A0A088AGE0', 'A0A088A7X2']"
QQQQSQQQQQ,7,0.000443,"['A0A087ZVY2', 'A0A088ACR3', 'LOC550692', 'A0A088AV24', 'A0A088A829', 'LOC724238', 'A0A088ALU6']"
TITTTTTTTT,7,0.000443,"['A0A087ZTM7', 'A0A088A7U8', 'A0A088AV93', 'A0A088AID8', 'Mblk-1', 'A0A088AF04', 'A0A088A6S8']"
EEEEDEEEEE,7,0.000443,"['A0A087ZU38', 'A0A088AP89', 'LOC724294', 'PHRF1', 'A0A088A9S7', 'A0A087ZNQ0', 'A0A088ACX1']"
SNSSSSSSSS,7,0.000443,"['LOC409729', 'A0A088AAA6', 'LOC413091', 'A0A088ABD0', 'A0A088A2W3', 'A0A088AII0', 'LOC724875']"
EARVQVWFQN,7,0.000443,"['hbn', 'LOC725502', 'A0A087ZZV9', 'LOC724301', 'PHDP', 'A0A088AEI0', 'LOC724983']"
GGGGGGGGGD,7,0.000443,"['LOC102656611', 'A0A088ABG8', 'LOC102655500', 'A0A088AB18', 'D3XL66', 'LOC413134', 'A0A088AGG6']"
QNSIRHNLSL,7,0.000443,"['LOC100576194', 'LOC724315', 'A0A088A9P0', 'LOC726400', 'slp', 'A0A087ZYA2', 'A0A088AM63']"
QEQQQQQQQQ,7,0.000443,"['A0A088AN05', 'A0A088A8I0', 'A0A088ABD9', 'A0A088APK7', 'A0A087ZND9', 'A0A088ANB5', 'A0A088AFZ7']"
RHHHHHHHHH,7,0.000443,"['A0A087ZR41', 'A0A088AG02', 'A0A087ZYJ8', 'A0A087ZRS2', 'A0A088A5Y7', 'A0A088A181', 'A0A088AW63']"
ARVQVWFQNR,7,0.000443,"['hbn', 'LOC725502', 'A0A087ZZV9', 'LOC724301', 'PHDP', 'A0A088AEI0', 'LOC724983']"
TTITTTTTTT,7,0.000443,"['A0A088ATL8', 'A0A087ZTM7', 'A0A088A7U8', 'A0A088AID8', 'Mblk-1', 'A0A088AW83', 'A0A088A6S8']"
DSCQGDSGGP,7,0.000443,"['A0A088AEY3', 'SP8', 'A0A088ASU6', 'SP16', 'SP22', 'A0A088AM90', 'A0A087ZRJ0']"
GPAGTGKTET,7,0.000443,"['A0A088ATW3', 'A0A087ZU47', 'A0A087ZWH2', 'A0A088ADI1', '411894', 'A0A088ANX7', 'A0A088AGE0']"
EEEEEEEDEE,7,0.000443,"['A0A087ZU38', 'LOC552804', 'LOC724294', 'A0A088AVF5', 'LOC410736', 'PHRF1', 'A0A088ACX1']"
RQQQQQQQQQ,7,0.000443,"['A0A088A9Q5', 'LOC100576355', 'A0A087ZSV8', 'LOC551320', 'A0A088ATK4', 'by', 'AmE75']"
YHHHHHHHHH,7,0.000443,"['A0A088AF47', 'A0A088A6Q3', 'A0A087ZPJ0', 'lab', 'A0A088AID8', 'A0A088AJQ8', 'A0A088A6U0']"
ETIGDAYMVV,6,0.00038,"['AmsGC', 'A0A088AVQ5', 'LOC724571', 'A0A088AVQ7', 'A0A088AFH4', 'A0A088A6X9']"
GTGKTETTKD,6,0.00038,"['A0A088ATW3', 'A0A087ZU47', 'A0A087ZWH2', '411894', 'A0A088ADI1', 'A0A088ANX7']"
QQQQQQHQHQ,6,0.00038,"['A0A087ZR41', 'A0A087ZQF6', 'A0A088ANL6', 'LOC725331', 'A0A088AQ68', 'Vri']"
RSRSRSRSKS,6,0.00038,"['Sfrs7', 'LOC725596', 'A0A087ZXP7', 'CTR9', 'Atu', 'A0A088A1L1']"
PAGTGKTETT,6,0.00038,"['A0A088ATW3', 'A0A087ZU47', 'A0A087ZWH2', '411894', 'A0A088ADI1', 'A0A088ANX7']"
RSRSRSKSRS,6,0.00038,"['Sfrs7', 'LOC725596', 'A0A087ZXP7', 'CTR9', 'Atu', 'A0A088A1L1']"
WDTAGQERFR,6,0.00038,"['Rab6', 'Rab-RP4', 'Rab39', 'A0A088AQ21', 'Rab-RP3', 'A0A087ZUG2']"
LTETQVKIWF,6,0.00038,"['Msx', 'A0A088AGC4', 'LOC724412', 'P15858', 'Mnx1', 'LOC100577942']"
VETIGDAYMV,6,0.00038,"['AmsGC', 'A0A088AVQ5', 'LOC724571', 'A0A088AVQ7', 'A0A088AFH4', 'A0A088A6X9']"
EAEEEEEEEE,6,0.00038,"['A0A087ZU38', 'LOC102655436', 'LOC410736', 'A0A087ZV55', 'A0A087ZVQ4', 'LOC411091']"
TTTATTTTTT,6,0.00038,"['A0A088AR46', 'A0A088A6Q3', 'A0A087ZYT9', 'A0A087ZW88', 'A0A087ZZF0', 'A0A087ZQN0']"
DDNDDDDDDD,6,0.00038,"['A0A087ZY57', 'A0A088A2Z5', 'A0A088ABP8', 'A0A088AN53', 'A0A087ZVR8', 'A0A088AN82']"
PPPPPPPPPA,6,0.00038,"['WASp', 'A0A087ZZV9', 'LOC727150', 'A0A088AP44', 'A0A087ZSV8', 'A0A088AUM8']"
VGGGGGGGGG,6,0.00038,"['LOC409729', 'CtBP', 'A0A088A6Q3', 'A0A088AKF6', 'A0A088A181', 'LOC412059']"
PPPPLPPPPP,6,0.00038,"['A0A088ATH1', 'A0A088A6M5', 'A0A087ZSV7', 'A0A088A8U7', 'LOC100576435', 'A0A088AGK8']"
EEDDDDDDDD,6,0.00038,"['A0A088API2', 'A0A088AVN2', 'A0A088A6M0', 'A0A088AV22', 'RANBP2', 'LOC100577632']"
QQQQQQQQAA,6,0.00038,"['A0A088AMX5', 'LOC100578925', 'Hs3st-A', 'LOC100578571', 'A0A087ZSL2', 'LOC412254']"
SSNSSSSSSS,6,0.00038,"['LOC409729', 'A0A088AAA6', 'A0A088ABD0', 'A0A088A2W3', 'A0A088AII0', 'LOC724875']"
RDRERDRERE,6,0.00038,"['A0A088AGZ0', 'LOC410219', 'A0A088ABM8', 'pita', 'A0A088AMD3', 'A0A088A412']"
SSSSSSSSSV,6,0.00038,"['A0A088A5P7', 'A0A088AE89', 'A0A088AGC4', 'Osi20', 'A0A087ZTJ0', 'A0A088A181']"
QQQQQQQQQI,6,0.00038,"['A0A088AVP4', 'Reps', 'A0A088ANB5', 'A0A088AK81', 'tlk', 'LOC409242']"
HNNNNNNNNN,6,0.00038,"['A0A088AE40', 'Socs7', 'LOC412133', 'LOC100577365', 'LOC413907', 'A0A088ATK4']"
AGTGKTETTK,6,0.00038,"['A0A088ATW3', 'A0A087ZU47', 'A0A087ZWH2', '411894', 'A0A088ADI1', 'A0A088ANX7']"
TGGGGGGGGG,6,0.00038,"['A0A087ZPI9', 'A0A088AV24', 'A0A088A1H1', 'A0A088AIK7', 'CPR25', 'A0A088AJA2']"
PPPPPLPPPP,6,0.00038,"['A0A088ATH1', 'A0A088A6M5', 'A0A088AC89', 'A0A087ZSV7', 'LOC100576435', 'A0A088AGK8']"
SRSRSRSRSK,6,0.00038,"['Sfrs7', 'LOC725596', 'A0A087ZXP7', 'CTR9', 'Atu', 'A0A088A1L1']"
EEKEEEEEEE,6,0.00038,"['A0A087ZV83', 'A0A088AGP3', 'A0A088A994', 'A0A087ZR81', 'A0A088A766', 'LOC411046']"
SSSSSSSASS,6,0.00038,"['LOC409729', 'LOC411985', 'Mxp', 'A0A088AA12', 'A0A088AME8', 'A0A088AGS1']"
DRDRERDRER,6,0.00038,"['A0A088AGZ0', 'LOC552765', 'A0A088ABM8', 'snRNP70K', 'pita', 'A0A088A412']"
SHHHHHHHHH,6,0.00038,"['En', 'A0A087ZNC0', 'A0A087ZY61', 'A0A088AHN6', 'LOC100578337', 'A0A088AHF3']"
PPPPPPPPSS,6,0.00038,"['LOC409658', '102656661', 'LOC410535', 'LOC724795', '18w', 'A0A088AC37']"
GGGAGGGGGG,6,0.00038,"['A0A087ZSE4', 'A0A087ZR49', 'A0A087ZMZ1', 'LOC412161', 'A0A087ZNL2', 'CAC']"
DRDRERDRDR,6,0.00038,"['LOC100576794', 'LOC100578159', 'A0A087ZTQ7', 'A0A088A1W6', 'A0A087ZVF7', 'LOC409242']"
DVYKVETIGD,6,0.00038,"['A0A088AVQ5', 'LOC724571', 'A0A088AVQ7', 'sGC-alpha1', 'A0A088A018', 'A0A088AFH4']"
NNNNNNNNND,6,0.00038,"['A0A088AD25', 'A0A088AV22', 'LOC727399', '410798', 'A0A087ZNE9', 'A0A087ZVR8']"
NNNNNNNNNG,6,0.00038,"['A0A088A2V9', 'A0A088APM8', 'LOC411273', 'A0A087ZRP4', 'psq', 'LOC414025']"
CQGDSGGPLL,6,0.00038,"['SP8', 'PSH', 'A0A088A268', 'A0A087ZP96', 'A0A088ARG2', 'A0A087ZRJ0']"
HRDLKPENLL,6,0.00038,"['grp', 'Hr78', 'LOC413633', 'SNF1A', 'Q9U5H7', 'CaMKI']"
GVGGGGGGGG,6,0.00038,"['LOC409729', 'A0A088A6Q3', 'A0A088AKF6', 'A0A088A181', 'LOC412059', 'A0A087ZSV1']"
NSNNNNNNNN,6,0.00038,"['A0A088A6J8', 'A0A087ZUY0', 'A0A088AM11', 'A0A088ABP8', 'A0A088AV22', 'LOC414025']"
LVITPLTDRC,6,0.00038,"['A0A088ATW3', 'A0A087ZU47', 'A0A087ZWH2', '411894', 'A0A088AS19', 'A0A088AGE0']"
DRERDRERER,6,0.00038,"['A0A088AGZ0', 'LOC410219', 'A0A088ABM8', 'pita', 'A0A088AMD3', 'A0A088A412']"
MQQQQQQQQQ,6,0.00038,"['LOC726547', 'A0A087ZQF6', 'A0A088A6Q3', 'A0A088AS43', 'Dfd', 'A0A088AV29']"
DQQQQQQQQQ,6,0.00038,"['A0A088A4N7', 'A0A088ALR4', 'LOC725254', 'A0A088AM92', 'A0A088A6S8', 'LOC412281']"
IQQQQQQQQQ,6,0.00038,"['A0A088A9G9', 'LOC409729', 'Reps', 'A0A088A3W9', 'Cav1a', 'LOC413821']"
DDDNDDDDDD,6,0.00038,"['A0A087ZY57', 'A0A088ABP8', 'A0A088AN53', 'A0A087ZVR8', 'A0A088A6U0', 'A0A088AN82']"
RDLKPENLLL,6,0.00038,"['grp', 'LOC413633', 'Pka-C3', 'SNF1A', 'Q9U5H7', '406092']"
SCQGDSGGPL,6,0.00038,"['A0A088AEY3', 'SP8', 'A0A088ASU6', 'SP16', 'A0A088AM90', 'A0A087ZRJ0']"
TTTTTTTTTV,6,0.00038,"['LOC551450', 'A0A088ABQ8', 'A0A087ZTM7', 'A0A087ZS97', 'A0A087ZQF3', '5-HT1']"
EKEEEEEEEE,6,0.00038,"['A0A088AIS0', 'LOC726121', 'A0A088AHS5', 'A0A088A994', 'LOC411046', 'A0A088AGP3']"
GTPYWMAPEV,6,0.00038,"['A0A088AHZ7', 'hppy', 'Myo3', 'LOC551659', 'Tao-1', 'A0A088AFF5']"
RDLAARNVLV,6,0.00038,"['A0A087ZPD1', 'Csk', 'EphR', 'Egfr', 'A0A088A4F4', 'LOC412588']"
RNDNSSRFGK,6,0.00038,"['A0A088A376', 'A0A087ZXJ6', 'A0A087ZT89', 'Myo1A', 'A0A088AGS8', 'A0A088AJE2']"
IFITMNPGYA,6,0.00038,"['A0A088A1F1', 'A0A088AF70', 'A0A088ADI1', 'A0A088ANX7', 'A0A088AGE0', 'A0A088A7X2']"
EEAEEEEEEE,6,0.00038,"['A0A087ZU38', 'LOC102655436', 'LOC410736', 'A0A087ZV55', 'A0A087ZVQ4', 'LOC411091']"
TETQVKIWFQ,6,0.00038,"['Msx', 'A0A088AGC4', 'LOC724412', 'P15858', 'Mnx1', 'LOC100577942']"
RDRDRERDRE,6,0.00038,"['A0A088AGZ0', 'LOC552765', 'A0A088ABM8', 'snRNP70K', 'pita', 'A0A088A412']"
EEEEEDEEEE,6,0.00038,"['A0A087ZU38', 'LOC724294', 'PHRF1', 'A0A088A9S7', 'A0A087ZNQ0', 'A0A088ACX1']"
EEEAEEEEEE,6,0.00038,"['A0A087ZU38', 'LOC102655436', 'LOC410736', 'A0A087ZV55', 'A0A087ZVQ4', 'LOC411091']"
QVKVWFQNRR,6,0.00038,"['LOC100577110', 'Mxp', 'MOX-2', 'LOC725302', 'ems', 'LOC725220']"
FGDTVNTASR,6,0.00038,"['A0A088AVQ5', 'LOC724571', 'A0A087ZRI8', 'A0A088AVQ7', 'A0A088A018', 'A0A088AFH4']"
EEEEEEEEEG,6,0.00038,"['LOC102655436', 'LOC724920', 'TpnT', 'A0A087ZNQ0', 'A0A088AN66', 'A0A088AIQ7']"
VITPLTDRCY,6,0.00038,"['A0A088ATW3', 'A0A087ZU47', 'A0A087ZWH2', '411894', 'A0A088AS19', 'A0A088AGE0']"
HHHHHHHHHL,6,0.00038,"['LOC724156', 'lab', 'A0A088AN31', 'A0A088AJQ8', 'A0A088A2H9', 'A0A088A6U0']"
DDDDDDDNDD,6,0.00038,"['A0A087ZY57', 'A0A088AL14', 'LOC726100', 'Noa36', 'LOC726212', 'A0A088AN82']"
QIKIWFQNRR,6,0.00038,"['LOC102654608', 'LOC724297', 'ABD-A', 'Dfd', 'LOC100576220', 'Scr']"
SSGSSSSSSS,6,0.00038,"['100578773', 'A0A088APN5', 'A0A087ZZ44', 'A0A088A636', 'LOC100576321', 'A0A088AGS1']"
RLVITPLTDR,6,0.00038,"['A0A088ATW3', 'A0A087ZU47', 'A0A087ZWH2', '411894', 'A0A088AS19', 'A0A088AGE0']"
GDTVNTASRM,6,0.00038,"['A0A088AVQ5', 'LOC724571', 'A0A087ZRI8', 'A0A088AVQ7', 'A0A088A018', 'A0A088AFH4']"
KVETIGDAYM,6,0.00038,"['AmsGC', 'A0A088AVQ5', 'LOC724571', 'A0A088AVQ7', 'A0A088AFH4', 'A0A088A6X9']"
RDRDRDRERD,6,0.00038,"['A0A088AGZ0', 'LOC552765', 'A0A088ABM8', 'LOC100578159', 'A0A087ZVF7', 'LOC409242']"
STSSSSSSSS,6,0.00038,"['LOC552765', 'A0A088AC19', 'A0A088A6Q3', 'A0A088AN09', 'LOC552257', 'A0A088A1X7']"
RSRSKSRSRS,6,0.00038,"['Sfrs7', 'LOC725596', 'A0A087ZXP7', 'CTR9', 'Atu', 'A0A088A1L1']"
EEEEEEKEEE,6,0.00038,"['A0A088AGP3', 'A0A088AJQ2', 'A0A088A9S7', 'A0A087ZT22', 'A0A088A766', 'A0A088A9V5']"
VPPPPPPPPP,6,0.00038,"['A0A088ATH1', 'A0A087ZYX7', 'LOC727150', 'A0A088A7W3', 'A0A088AP44', 'A0A088A167']"
LSSSSSSSSS,6,0.00038,"['LOC409729', 'LOC409658', 'LOC100577168', 'A0A088AUJ2', 'A0A088ANH6', 'A0A088AKX9']"
SSPSSSSSSS,5,0.000317,"['LOC410582', 'LOC725246', 'A0A088AN09', 'A0A088AA12', 'LOC409950']"
QQAQQQQQQQ,5,0.000317,"['A0A088AV29', 'LOC102656501', 'LOC724962', 'A0A088AL54', 'A0A088A170']"
ERDRERERDR,5,0.000317,"['A0A088ABM8', 'pita', 'LOC410219', 'A0A088AMD3', 'A0A088A412']"
TVNTASRMES,5,0.000317,"['A0A088AFH4', 'A0A088A018', 'A0A088AVQ7', 'LOC724571', 'A0A088AVQ5']"
GAPAGPAGTG,5,0.000317,"['A0A088ANX7', 'A0A087ZU47', 'A0A088ATW3', 'A0A088ADI1', '411894']"
TMNPGYAGRT,5,0.000317,"['A0A088ANX7', 'A0A087ZU47', 'A0A088ATW3', '411894', 'A0A088AGE0']"
FGGGGGGGGG,5,0.000317,"['LOC409962', 'A0A088APC6', 'LOC552459', 'A0A088A318', 'D3XL66']"
AYGQTGSGKT,5,0.000317,"['A0A088A392', 'kinesin-4B', 'kinesin-14', 'A0A087ZTB7', 'kinesin-4A']"
YCLFGDTVNT,5,0.000317,"['A0A088AFH4', 'A0A088A018', 'A0A088AVQ7', 'LOC724571', 'A0A088AVQ5']"
TGKTETTKDL,5,0.000317,"['A0A088ANX7', 'A0A087ZU47', 'A0A087ZWH2', 'A0A088ATW3', '411894']"
MNPGYAGRTE,5,0.000317,"['A0A088ANX7', 'A0A087ZU47', 'A0A088ATW3', '411894', 'A0A088AGE0']"
HHHHHHHHNH,5,0.000317,"['A0A087ZYH3', 'A0A088APX5', 'A0A088A9T1', 'LOC726215', '107964762']"
LSEARVQVWF,5,0.000317,"['A0A088AUL0', 'A0A087ZZV9', 'hbn', 'LOC724983', 'LOC724301']"
EEEEKEEEEE,5,0.000317,"['A0A088A766', 'A0A087ZT22', 'A0A088A994', 'A0A088AJQ2', 'A0A088AGP3']"
KLQIWDTAGQ,5,0.000317,"['Rab14', 'Rab3', 'A0A087ZUG2', 'Rab-RP3', 'A0A088AQ21']"
QQQQQQQQSH,5,0.000317,"['A0A087ZVY2', 'A0A088A318', 'A0A088AN05', 'A0A088AQW3', 'Vri']"
LNNNNNNNNN,5,0.000317,"['LOC727399', 'A0A087ZSE5', 'A0A087ZSU6', 'slbo', 'A0A088ANX6']"
PGYAGRTELP,5,0.000317,"['A0A088ANX7', 'A0A087ZU47', 'A0A088ATW3', '411894', 'A0A088AGE0']"
TATTTTTTTT,5,0.000317,"['A0A087ZW88', 'A0A088AR46', 'A0A087ZYT9', 'A0A087ZZF0', '107964762']"
NXXXXXXXXX,5,0.000317,"['A0A088A2U9', 'A0A088AUN7', 'A0A088AA85', 'A0A087ZPN7', 'A0A088AGW4']"
DRERDRERDR,5,0.000317,"['A0A088ABM8', 'pita', 'snRNP70K', 'A0A088A412', 'LOC552765']"
PTTTTTTTTT,5,0.000317,"['A0A088AS55', 'A0A088A392', 'A0A087ZRU1', 'A0A088A5W0', 'A0A088AH61']"
SSSTSSSSSS,5,0.000317,"['LOC552257', 'A0A088ACX8', 'A0A088A6Q3', 'A0A088AN09', 'LOC100577795']"
QQQQQQQQAQ,5,0.000317,"['LOC409729', 'LOC102656501', 'LOC725254', 'A0A088A4N7', 'A0A088A170']"
QQQQQQQQAS,5,0.000317,"['A0A088AHW9', '410684', 'LOC102655392', 'A0A088A392', 'A0A088AL55']"
DDDDNDDDDD,5,0.000317,"['A0A088AIH9', 'A0A088A6U0', 'A0A088AN82', 'A0A087ZY57', 'A0A088AN53']"
SYTANLAAFL,5,0.000317,"['LOC412949', 'A0A087ZQD0', 'Nmdar1', 'A0A088ADP1', 'LOC102653800']"
QHQQHQQQQQ,5,0.000317,"['A0A088AF47', 'LOC411250', 'A0A087ZS78', 'A0A088A318', 'LOC102653673']"
RDRERDRERD,5,0.000317,"['A0A088ABM8', 'pita', 'snRNP70K', 'A0A088A412', 'LOC552765']"
SSSSSSSSSN,5,0.000317,"['A0A088AV38', 'A0A088ADS3', 'A0A088A2W3', 'hipk', 'A0A088AII0']"
SSSSSSSSSR,5,0.000317,"['100578773', 'LOC725246', 'A0A088AT89', 'A0A087ZSD6', 'A0A088AAA6']"
FSSSSSSSSS,5,0.000317,"['107964189', 'A0A088ACX8', 'A0A087ZTP7', 'A0A088A3C9', 'A0A088AGK8']"
RSKSRSRSRS,5,0.000317,"['LOC725596', 'CTR9', 'Atu', 'LOC410383', 'LOC552167']"
QQQQQQQQQY,5,0.000317,"['LOC102654959', 'A0A087ZY29', 'A0A088AVN5', 'A0A087ZPL5', 'A0A088AHR2']"
QQQQQQQQQG,5,0.000317,"['A0A088ARF5', 'LOC100576121', 'A0A088AV29', 'LOC410054', 'LOC411600']"
VGVGVGVGVG,5,0.000317,"['A0A088ACR5', 'MED30', 'DIP2', 'A0A088AFP3', 'A0A088A0E0']"
EEEEEKEEEE,5,0.000317,"['A0A088A766', 'A0A087ZT22', 'A0A088AGP3', 'A0A088AJQ2', 'A0A088A9V5']"
CLFGDTVNTA,5,0.000317,"['A0A088AFH4', 'A0A088A018', 'A0A088AVQ7', 'LOC724571', 'A0A088AVQ5']"
XXXXXXXXXP,5,0.000317,"['A0A088ANW2', 'A0A088A4D3', 'A0A088AL67', '677664', 'A0A088A608']"
SSSSSSSSTL,5,0.000317,"['LOC100577455', 'A0A088AP00', 'CycT', 'A0A087ZTP7', 'A0A088A1X7']"
QQQQQLQQQQ,5,0.000317,"['CycT', 'A0A087ZPG8', 'A0A088AIE8', 'A0A088ATK4', 'hipk']"
ERERDRDRDR,5,0.000317,"['A0A088ABM8', 'A0A088A412', 'A0A087ZTQ7', 'LOC409242', 'RnpS1']"
TPPPPPPPPP,5,0.000317,"['A0A087ZYX6', 'LOC724795', 'A0A088AH10', 'A0A088AAY7', 'LOC724983']"
DVAARGLDIP,5,0.000317,"['LOC725441', 'A0A088ADI8', 'A0A087ZNR1', 'LOC551822', 'LOC413660']"
DDDDDDDDEE,5,0.000317,"['Pof', 'A0A088API2', 'LOC100577632', 'PHRF1', 'Rnp4F']"
TTTTATTTTT,5,0.000317,"['A0A088AR46', 'A0A087ZYT9', 'A0A088A6Q3', 'A0A088AID8', 'A0A087ZZF0']"
GGAPAGPAGT,5,0.000317,"['A0A088ANX7', 'A0A087ZU47', 'A0A088ATW3', 'A0A088ADI1', '411894']"
EEEEEEEEEA,5,0.000317,"['A0A088A6U0', 'A0A087ZVQ4', 'A0A088AFP3', 'LOC410736', '102656661']"
QQQHHHHHHH,5,0.000317,"['A0A088AJU1', 'A0A087ZSE4', 'LOC100578068', 'A0A088AUY5', 'A0A088AVZ0']"
VKIWFQNRRM,5,0.000317,"['A0A088AD41', 'A0A088AID8', 'A0A088AIE8', 'Mnx1', 'lab']"
YGPPGTGKTL,5,0.000317,"['A0A088AKV0', 'LOC725680', 'A0A088A7Z7', 'Tbp-1', 'TER94']"
AAAAAAAAVA,5,0.000317,"['A0A088A4W5', 'A0A088A010', 'A0A088ALR4', 'LOC408888', 'A0A088A7U8']"
LFGDTVNTAS,5,0.000317,"['A0A088AFH4', 'A0A088A018', 'A0A088AVQ7', 'LOC724571', 'A0A088AVQ5']"
DEDDDDDDDD,5,0.000317,"['A0A088ATN2', 'A0A088ABX8', 'A0A088AW56', 'B9VMQ8', 'RANBP2']"
QQQQQQQQST,5,0.000317,"['A0A088AG37', 'LOC551558', 'A0A088AV13', 'A0A088AUY5', 'LOC412117']"
DTVNTASRME,5,0.000317,"['A0A088AFH4', 'A0A088A018', 'A0A088AVQ7', 'LOC724571', 'A0A088AVQ5']"
QQQQQHQQHQ,5,0.000317,"['A0A088A9H1', 'A0A088AM92', 'A0A088AF47', 'A0A087ZS78', 'LOC102653673']"
NNNNNNNNNV,5,0.000317,"['A0A088AE40', 'A0A088ARA5', 'A0A087ZSU6', 'LOC552006', 'A0A088AIX7']"
NNNNNNNNNI,5,0.000317,"['A0A087ZUY0', 'A0A088ABP8', 'LOC409538', 'LOC100577343', 'A0A088ALY9']"
SSRSRSRSRS,5,0.000317,"['A0A087ZXP7', 'A0A088A1L1', 'A0A087ZU06', 'A0A088A1R3', 'tra2']"
AGPAGTGKTE,5,0.000317,"['A0A088ANX7', 'A0A087ZU47', 'A0A088ATW3', 'A0A088ADI1', '411894']"
GPPGPPGPPG,5,0.000317,"['A0A088A7E1', 'A0A088AKV1', 'A0A088A7E2', 'LOC408551', 'A0A087ZND0']"
QQQQQQQQTT,5,0.000317,"['A0A087ZSU6', 'A0A088AIK7', 'A0A088A6U0', 'A0A088A8I0', 'shu']"
QQQQQQQQTQ,5,0.000317,"['A0A088AFZ7', 'A0A088AV23', 'A0A088APH3', 'A0A088AUY5', 'A0A088A7B7']"
APAGPAGTGK,5,0.000317,"['A0A088ANX7', 'A0A087ZU47', 'A0A088ATW3', 'A0A088ADI1', '411894']"
EXXXXXXXXX,5,0.000317,"['A0A088A997', 'A0A087ZW70', 'A0A088ARL5', 'A0A088AQF0', 'A0A087ZP31']"
TTTTTTTTAT,5,0.000317,"['A0A088AR46', 'A0A088A392', 'A0A088AID8', '107964762', 'Mblk-1']"
QQQQQQQQQD,5,0.000317,"['repo', 'A0A087ZSL2', 'LOC725596', 'A0A088AT89', 'A0A087ZN32']"
NPGYAGRTEL,5,0.000317,"['A0A088ANX7', 'A0A087ZU47', 'A0A088ATW3', '411894', 'A0A088AGE0']"
RERERERDRE,5,0.000317,"['pita', 'A0A088A6Q3', 'LOC409497', 'A0A087ZYJ5', 'A0A088AW63']"
DDEDDDDDDD,5,0.000317,"['A0A088ATN2', 'A0A088ABX8', 'A0A088AW56', 'B9VMQ8', 'RANBP2']"
DEMGLGKTIQ,5,0.000317,"['A0A088AL96', 'A0A088ALV2', 'A0A088AK81', 'LOC413341', 'LOC552031']"
VTIYFSDIVG,5,0.000317,"['A0A088AFH4', 'A0A088AVQ7', 'LOC724571', 'A0A088A6X9', 'A0A088AVQ5']"
NNNNNNSNNN,5,0.000317,"['A0A088A302', 'LOC102655479', 'A0A088A6Q3', 'A0A088AFN5', 'A0A088A063']"
TTTTTTITTT,5,0.000317,"['A0A088AMG5', 'A0A088A7U8', 'A0A088AW83', 'A0A088A6S8', 'A0A088ASN7']"
TTTTTTTTST,5,0.000317,"['A0A087ZYT9', 'A0A088A6Q3', 'A0A088A5W0', 'A0A088AL72', 'smid']"
SLSSSSSSSS,5,0.000317,"['A0A088AUJ2', 'LOC409658', 'A0A087ZSM2', 'LOC409729', 'A0A088ANH6']"
TIYFSDIVGF,5,0.000317,"['A0A088AFH4', 'A0A088AVQ7', 'LOC724571', 'A0A088A6X9', 'A0A088AVQ5']"
HLVDLAGSER,5,0.000317,"['kinesin-9', 'kinesin-4B', 'A0A087ZX38', 'A0A087ZTB7', 'kinesin-2C']"
QPPPPPPPPP,5,0.000317,"['A0A087ZYX7', 'A0A088AE54', 'A0A088AG02', 'LOC724118', 'A0A087ZSV8']"
YRDSKLTRLL,5,0.000317,"['kinesin-8', 'kinesin-4A', 'kinesin-4B', 'kinesin-2A', 'kinesin-2C']"
TTTITTTTTT,5,0.000317,"['A0A088A7U8', 'A0A087ZTM7', 'A0A088AW83', 'A0A088A6S8', 'A0A088ATL8']"
GGGGGGGGAG,5,0.000317,"['A0A088A181', 'A0A087ZSE4', 'A0A087ZZP1', 'A0A088A318', 'Dll']"
ADEMGLGKTI,5,0.000317,"['A0A088AL96', 'A0A088ALV2', 'A0A088AK81', 'LOC413341', 'LOC552031']"
QQPQPQQQQQ,5,0.000317,"['LOC725679', 'LOC411678', 'A0A087ZSE4', 'LOC102655500', 'Mblk-1']"
TTTTTTTTTS,5,0.000317,"['A0A088AR46', 'A0A087ZYT9', 'A0A088A6Q3', 'LOC726972', 'A0A088ANL5']"
TTTTTTTTTM,5,0.000317,"['A0A088A392', 'A0A088AV93', 'A0A088AT89', 'A0A087ZQ18', 'A0A088AH61']"
QQTQQQQQQQ,5,0.000317,"['Vri', 'A0A088AMV5', 'A0A087ZPL5', 'A0A087ZVI4', 'A0A088AL54']"
TIGDAYMVVS,5,0.000317,"['A0A088AFH4', 'AmsGC', 'A0A088AVQ7', 'LOC724571', 'A0A088AVQ5']"
TRAGGLGINL,5,0.000317,"['Iswi', 'A0A088AL96', 'A0A087ZXE7', 'A0A088A1A6', 'LOC552031']"
SSSGSSSSSS,5,0.000317,"['A0A088A636', 'LOC100576321', 'A0A088AH29', 'A0A088AGS1', '100578773']"
TTATTTTTTT,5,0.000317,"['A0A087ZW88', 'A0A088AR46', 'A0A087ZYT9', 'A0A088A6Q3', 'A0A087ZZF0']"
LLYGPPGTGK,5,0.000317,"['LOC551788', 'LOC725680', 'A0A088A7Z7', 'Tbp-1', 'TER94']"
ATDVAARGLD,5,0.000317,"['LOC726537', 'LOC725441', 'LOC411250', 'A0A087ZNR1', 'LOC551822']"
FAYGQTGSGK,5,0.000317,"['kinesin-3C', 'A0A088AVW8', 'A0A088A392', 'kinesin-14', 'A0A087ZTB7']"
GGKDACQGDS,5,0.000317,"['SP3', 'SP21', 'A0A088ARG2', 'A0A088A268', 'SP47']"
RDRDRERDRD,5,0.000317,"['A0A087ZVF7', 'LOC100578159', 'A0A087ZTQ7', 'LOC409242', 'A0A088A1W6']"
DEEEEEEEED,5,0.000317,"['LOC409534', 'A0A087ZU38', 'A0A088AP59', 'A0A087ZW65', 'A0A088A701']"
QQQQQQQQHS,5,0.000317,"['A0A088ALA6', 'A0A088AUX5', 'A0A088A4T2', 'Reps', 'A0A088AQ28']"
PPSSSSSSSS,5,0.000317,"['A0A087ZVM3', 'LOC552257', 'A0A088AFC3', 'LOC413427', 'A0A088A3K4']"
SGGGGGSGGG,5,0.000317,"['LOC102654959', 'Mgat2', 'A0A088AUA0', 'LOC552027', 'A0A088AM92']"
KDSCQGDSGG,5,0.000317,"['A0A088AEY3', 'A0A088AM90', 'SP44', 'A0A087ZRJ1', 'SP22']"
KDACQGDSGG,5,0.000317,"['SP3', 'SP21', 'A0A088ARG2', 'A0A088A268', 'SP47']"
HAAAAAAAAA,5,0.000317,"['A0A088AT63', 'A0A087ZSJ9', 'A0A088AGC4', 'A0A088AQ05', 'A0A088ALZ2']"
GGGGGGGGSS,5,0.000317,"['A0A087ZYY5', 'A0A088A181', 'A0A088APC6', 'LOC409729', 'A0A088AKF6']"
NNNSNNNNNN,5,0.000317,"['A0A088A6N9', 'A0A087ZUY0', 'A0A087ZN63', 'A0A087ZRU4', 'LOC102655479']"
EEEEEEEEER,5,0.000317,"['LOC726121', 'LOC100577847', 'A0A087ZZ76', 'A0A088A8P4', 'LOC410282']"
GXXXXXXXXX,5,0.000317,"['A0A088ALQ6', 'A0A088A6Y9', 'A0A088AAS7', 'A0A088AL35', 'A0A087ZQP8']"
KIWFQNRRAK,5,0.000317,"['P15857', 'LOC725495', 'LOC100576220', '107965480', 'cad']"
DDEEEEEEEE,5,0.000317,"['A0A088AAV2', 'A0A088AVA9', 'PHRF1', 'A0A088AME1', 'A0A088AP59']"
HQQHQQQQQQ,5,0.000317,"['A0A088AF47', 'LOC411250', 'A0A087ZZA0', 'LOC551624', 'A0A088A318']"
GWQNSIRHNL,5,0.000317,"['A0A088A9P0', 'LOC726400', 'slp', 'A0A088AM63', 'A0A087ZYA2']"
HHHHHHHHHN,5,0.000317,"['A0A087ZYH3', 'A0A088AW63', 'A0A088APX5', 'A0A088A9T1', '107964762']"
LLQQQQQQQQ,5,0.000317,"['A0A088AHR2', 'Slip1', 'A0A088AVP4', 'LOC551624', 'LOC411600']"
LYGPPGTGKT,5,0.000317,"['LOC551788', 'LOC725680', 'A0A088A7Z7', 'Tbp-1', 'TER94']"
QQQQQQQAQQ,5,0.000317,"['A0A088A4W5', 'LOC102656501', 'A0A088A4N7', 'LOC725254', 'A0A088A170']"
IYFSDIVGFT,5,0.000317,"['A0A088AFH4', 'A0A088AVQ7', 'LOC724571', 'A0A088A6X9', 'A0A088AVQ5']"
TTTTTTTSTT,5,0.000317,"['LOC552724', 'A0A087ZYT9', 'A0A088A5W0', 'A0A088AL72', 'smid']"
SSGGGGGGGG,5,0.000317,"['A0A088AH30', 'A0A087ZS77', 'LOC102655500', 'Ecr', 'A0A088A3X7']"
QQQQQQTQQQ,5,0.000317,"['A0A087ZSL2', 'A0A088APH3', 'A0A088AV23', 'A0A087ZPL5', 'LOC552294']"
GGGGGGGGGR,5,0.000317,"['LOC409729', 'A0A087ZS77', 'A0A088AH30', 'A0A088A928', 'A0A088AJA2']"
TANLAAFLTV,5,0.000317,"['LOC412949', 'LOC409777', 'A0A087ZQD0', 'A0A088ADP1', 'LOC102653800']"
DRERERDRDR,5,0.000317,"['A0A088ABM8', 'A0A088A412', 'LOC410219', 'Snrnp27', 'A0A088A4N7']"
ANNNNNNNNN,5,0.000317,"['A0A087ZNE9', 'A0A088AHF4', 'A0A088AFC2', 'A0A088AAZ9', 'A0A088AVF6']"
QQQQQTQQQQ,5,0.000317,"['A0A087ZVY2', 'A0A087ZSL2', 'A0A088AV23', 'A0A087ZPL5', 'LOC552294']"
GKDACQGDSG,5,0.000317,"['SP3', 'SP21', 'A0A088ARG2', 'A0A088A268', 'SP47']"
IGDAYMVVSG,5,0.000317,"['A0A088AFH4', 'AmsGC', 'A0A088AVQ7', 'LOC724571', 'A0A088AVQ5']"
RERDRERERD,5,0.000317,"['A0A088ABM8', 'pita', 'LOC410219', 'A0A088AMD3', 'A0A088A412']"
DDDDDDDEDE,5,0.000317,"['LOC100578144', 'A0A088A6M0', 'A0A088ATG1', 'A0A088AN82', 'RANBP2']"
QVQQQQQQQQ,5,0.000317,"['Hr51', 'A0A088AVP4', 'LOC102656501', 'LOC412117', 'A0A088A7B7']"
PAGPAGTGKT,5,0.000317,"['A0A088ANX7', 'A0A087ZU47', 'A0A088ATW3', 'A0A088ADI1', '411894']"
GGGGGGGGGE,5,0.000317,"['A0A087ZNM7', 'A0A088ADX7', 'A0A088A6Q3', 'A0A088ATH1', 'A0A088A400']"
SEEEEEEEEE,5,0.000317,"['BRWD3', 'LOC724920', 'A0A087ZV82', 'LOC410736', 'A0A087ZW21']"
SRSRSKSRSR,5,0.000317,"['A0A087ZXP7', 'Sfrs7', 'CTR9', 'Atu', 'LOC725596']"
TTTTTTTTIT,5,0.000317,"['A0A088A7U8', 'IRS', 'LOC409423', 'A0A088AG44', 'A0A088AW83']"
DLAARNCLVG,5,0.000317,"['LOC409127', 'LOC411582', 'A0A088A947', 'A0A088A885', 'A0A087ZU96']"
STRAGGLGIN,5,0.000317,"['Iswi', 'A0A088AL96', 'A0A087ZXE7', 'A0A088A1A6', 'LOC552031']"
EEEEEEEEVE,5,0.000317,"['A0A088ACQ6', 'A0A088AV22', 'A0A088ACX1', 'A0A088ASV6', 'LOC100579007']"
GILADEMGLG,5,0.000317,"['Iswi', 'A0A088ALV2', 'A0A088A1A6', 'LOC413341', 'LOC412850']"
GVGVGVGVGV,5,0.000317,"['A0A088ACR5', 'MED30', 'DIP2', 'A0A088AFP3', 'A0A088A0E0']"
DLKPENLLLD,5,0.000317,"['Pka-C3', 'SNF1A', '406092', 'grp', 'LOC413633']"
TTTTSTTTTT,5,0.000317,"['smid', 'LOC726457', 'A0A088AN35', 'SP16', 'LOC408970']"
DSSSSSSSSS,5,0.000317,"['LOC100577455', 'LOC725419', 'A0A088A2W3', 'A0A088A7J6', 'A0A088AA43']"
LTGTPLQNNL,5,0.000317,"['Iswi', 'A0A087ZXE7', 'LOC552031', 'LOC413341', 'LOC412850']"
SRSKSRSRSR,5,0.000317,"['A0A087ZXP7', 'LOC725596', 'CTR9', 'Atu', 'LOC552167']"
DDDEDDDDDD,5,0.000317,"['A0A088ATN2', 'A0A088A6T9', 'B9VMQ8', 'A0A088AN82', 'RANBP2']"
