k-mer,number of proteins,percentage,all,(Out of 15488 proteins in total)
QQQQQQQQQQ,28,0.001808,"['EPSIN1', 'At3g22104', 'NAC006', 'MED25', 'RH6', 'AHL17', 'AGL65', 'AHL14', 'AHL13', 'LUG', 'MED9', 'SCRM2', 'SEU', 'SWI3C', 'POSF21', 'WRKY21', 'IDD5', 'VAC14', 'ARF19', 'PAB8', 'CG1', 'SYP32', 'At2g41900', 'NUP54', 'CML11', 'BRM', 'HIPP33', 'BHLH72']"
SSSSSSSSSS,28,0.001808,"['TYRAAT2', 'GRF6', 'At4g10440', 'UGT80A2', 'CLSY3', 'PUP12', 'At3g19470', 'EDE1', 'CRRSP3', 'MAKR2', 'PMR6', 'FRO7', 'BCA1', 'At1g12760', 'ERF012', 'TBL26', 'At3g15140', 'ERF042', 'ERF2', 'CSK', 'WRKY13', 'GTE4', 'AAH', 'WOX9', 'EMB175', 'RTM2', 'At5g01110', 'At4g17620']"
DVYSFGVVLL,22,0.00142,"['At5g39000', 'RIPK', 'CRK38', 'CCR4', 'WAKL20', 'RLK902', 'At5g06940', 'PERK3', 'At1g07550', 'At5g58150', 'At5g48740', 'At3g53590', 'At5g18500', 'At5g41680', 'RKF3', 'PSKR2', 'PTI13', 'At1g78530', 'HSL2', 'At5g48380', 'At2g21480', 'CLV1']"
VYSFGVVLLE,22,0.00142,"['At5g39000', 'RIPK', 'CRK38', 'CCR4', 'WAKL20', 'RLK902', 'At5g06940', 'PERK3', 'At1g07550', 'At5g58150', 'At5g48740', 'At3g53590', 'At5g18500', 'At5g41680', 'RKF3', 'PSKR2', 'PTI13', 'At1g78530', 'HSL2', 'At5g48380', 'At2g21480', 'CLV1']"
SDVYSFGVVL,21,0.001356,"['At5g18500', 'At5g48740', 'RKF3', 'WAK4', 'LRK10L-1.3', 'RIPK', 'At3g53590', 'PTI13', 'At1g07550', 'HSL2', 'PERK3', 'At5g58150', 'CCR4', 'CLV1', 'IKU2', 'At1g67720', 'At1g64210', 'WAKL14', 'WAKL15', 'THE1', 'WAKL1']"
KSDVYSFGVV,19,0.001227,"['PBL19', 'At5g48740', 'RKF3', 'SRF4', 'LRK10L-1.3', 'At5g18500', 'PTI13', 'HSL2', 'PERK3', 'At1g07550', 'CCR4', 'CLV1', 'IKU2', 'At1g67720', 'WAKL1', 'WAKL14', 'WAKL15', 'THE1', 'WAK4']"
EEEEEEEEEE,18,0.001162,"['At5g22090', 'RH28', 'VPS41', 'RING1A', 'ATJ16', 'FAF1', 'SRK2H', 'RLP39', 'APRR1', 'DDR4', 'WAKL18', 'MYH', 'At5g46030', 'CNGC4', 'AUG2', 'EB1B', 'At1g47300', 'CSK']"
GGGGGGGGGG,17,0.001098,"['HIPP06', 'SRS1', 'SYP121', 'CSP4', 'KRP4', 'AHL26', 'GATA18', 'HIPP36', 'MCM4', 'RH11', 'At4g34480', 'GTL1', 'EIF4B1', 'FH7', 'TOM20-2', 'HIPP33', 'GAUT7']"
EKSDVYSFGV,16,0.001033,"['CRCK2', 'At1g61610', 'RKF3', 'WAK4', 'LRK10L-1.3', 'At1g51860', 'At5g18500', 'HSL2', 'PERK3', 'CLV1', 'IKU2', 'At1g67720', 'At5g48740', 'CTR1', 'THE1', 'WAKL17']"
YSFGVVLLEL,16,0.001033,"['At5g41680', 'RLK902', 'RKF3', 'At5g48380', 'RIPK', 'PSKR2', 'PTI13', 'At5g06940', 'At1g78530', 'PERK3', 'At5g58150', 'CCR4', 'CLV1', 'At3g53590', 'At5g48740', 'RLK5']"
HRDIKSSNIL,14,0.000904,"['CRLK1', 'CRCK3', 'ACR4', 'ERL2', 'PSKR1', 'PERK10', 'At1g01540', 'CEPR2', 'FEI1', 'CCR3', 'CCR4', 'LECRKS1', 'WAKL21', 'At1g49730']"
DIKSSNILLD,13,0.000839,"['CRLK1', 'FEI1', 'PSKR1', 'At1g33260', 'ERL2', 'At1g01540', 'CEPR2', 'PERK11', 'CCR3', 'CCR4', 'LECRKS1', 'WAKL21', 'At1g49730']"
RDIKSSNILL,13,0.000839,"['CRLK1', 'CRCK3', 'ERL2', 'PSKR1', 'PERK10', 'At1g01540', 'CEPR2', 'FEI1', 'CCR3', 'CCR4', 'LECRKS1', 'WAKL21', 'At1g49730']"
HRDIKASNIL,12,0.000775,"['CRK32', 'At2g42960', 'CRCK1', 'RKF3', 'EMS1', 'CRPK1', 'RBK1', 'CRK2', 'PERK2', 'At1g67520', 'At1g06840', 'LECRK22']"
RCGKSCRLRW,12,0.000775,"['MYB87', 'MYB86', 'MYB80', 'MYB101', 'MYB33', 'MYB63', 'MYB120', 'MYB83', 'MYB29', 'GL1', 'MYB26', 'MYB11']"
PPPPPPPPPP,11,0.00071,"['FH20', 'SRF3', 'PPR4', 'FH11', 'FH21A', 'ZHD10', 'CRRSP1', 'HVA22H', 'LRX3', 'ATL55', 'SNZ']"
ALIDMYAKCG,11,0.00071,"['PCMP-H80', 'PCMP-E29', 'PCMP-E7', 'PCMP-E64', 'PCMP-H77', 'PCMP-H21', 'PCMP-E98', 'PCMP-H23', 'PCMP-E74', 'PCMP-E66', 'PCMP-H84']"
RDIKASNILL,11,0.00071,"['CRK32', 'RKF3', 'EMS1', 'CRPK1', 'RBK1', 'CRK2', 'PERK7', 'At1g67520', 'LECRK22', 'PBL1', 'At1g06840']"
DGYRWRKYGQ,10,0.000646,"['WRKY19', 'WRKY4', 'WRKY32', 'WRKY33', 'WRKY34', 'WRKY1', 'WRKY10', 'WRKY43', 'WRKY20', 'WRKY48']"
LGTFDTAEEA,10,0.000646,"['ERF084', 'ERF087', 'ERF4', 'ESR2', 'ERF054', 'RAP2-2', 'ERF088', 'CRF1', 'ERF112', 'RAP2-13']"
GVVLLELLTG,10,0.000646,"['At5g41680', 'RLK902', 'At3g53590', 'RIPK', 'BRI1', 'PTI13', 'ALE2', 'At1g78530', 'CCR3', 'MIK1']"
IHRDIKSSNI,10,0.000646,"['CRLK1', 'CRCK3', 'ACR4', 'ERL2', 'PERK10', 'FEI1', 'CCR3', 'CCR4', 'LECRKS1', 'CEPR2']"
WLGTFDTAEE,10,0.000646,"['ERF084', 'ERF087', 'ERF4', 'ESR2', 'ERF054', 'RAP2-2', 'ERF088', 'CRF1', 'ERF112', 'RAP2-13']"
LADEMGLGKT,10,0.000646,"['ETL1', 'CHR4', 'SYD', 'CHR5', 'INO80', 'CHR11', 'CHR23', 'BRM', 'PKL', 'PIE1']"
SPSSSSSSSS,10,0.000646,"['ATG13B', 'DSPTP1', 'ERF014', 'FD', 'HISN1B', 'At1g63850', 'ADT3', 'SCL8', 'PMR6', 'PCMP-H53']"
ASSSSSSSSS,10,0.000646,"['TBL26', 'CSK', 'APP2', 'WOX9', 'At4g34220', 'ERF042', 'SUVR1', 'At4g17620', 'BCA1', 'RPOT3']"
SFGVVLLELL,10,0.000646,"['At5g41680', 'RLK902', 'RKF3', 'At2g33170', 'RIPK', 'PTI13', 'At1g78530', 'PSKR1', 'CCR4', 'At3g53590']"
DIKASNILLD,10,0.000646,"['CRK32', 'RKF3', 'EMS1', 'CRPK1', 'CRK2', 'PERK7', 'At1g67520', 'At1g06840', 'PBL1', 'LECRK22']"
GTFDTAEEAA,10,0.000646,"['ERF084', 'ERF087', 'ERF4', 'ESR2', 'ERF054', 'RAP2-2', 'ERF088', 'CRF1', 'ERF112', 'RAP2-13']"
PGRTDNEIKN,10,0.000646,"['MYB51', 'MYB102', 'MYB101', 'MYB33', 'LAF1', 'MYB108', 'MYB83', 'MYB104', 'MYB111', 'MYB120']"
EEEEEEEEED,10,0.000646,"['RDM4', 'RH28', 'RING1A', 'FAF1', 'SRK2H', 'At5g22090', 'DDR4', 'At5g46030', 'CNGC4', 'AUG2']"
ILADEMGLGK,10,0.000646,"['ETL1', 'CHR4', 'SYD', 'CHR5', 'INO80', 'CHR11', 'CHR23', 'BRM', 'PKL', 'PIE1']"
VYSYGVVLLE,10,0.000646,"['PXC3', 'At1g12460', 'PEPR2', 'PBL15', 'At1g49730', 'At5g23170', 'At3g17420', 'RGI3', 'RPK2', 'BRI1']"
GYRWRKYGQK,10,0.000646,"['WRKY19', 'WRKY4', 'WRKY32', 'WRKY33', 'WRKY34', 'WRKY1', 'WRKY10', 'WRKY43', 'WRKY20', 'WRKY48']"
SSSSSSSSPS,9,0.000581,"['APK4', 'DAR2', 'WRKY13', 'SPI', 'BHLH68', 'RTM2', 'At3g15140', 'SCL8', 'ROPGAP1']"
QQQQQQQQQH,9,0.000581,"['At2g41900', 'UBP1A', 'MED25', 'AHL17', 'AHL13', 'POSF21', 'ARF19', 'LUG', 'IDD5']"
DDDDDDDDDD,9,0.000581,"['MTERF9', 'TIF3C1', 'TIC100', 'CML45', 'At1g48400', 'At1g66620', 'PLC7', 'WAKL4', 'ULP1D']"
LPGRTDNEIK,9,0.000581,"['MYB51', 'MYB102', 'MYB101', 'MYB33', 'LAF1', 'MYB108', 'MYB83', 'MYB111', 'MYB120']"
LSSSSSSSSS,9,0.000581,"['APK4', 'IPP1', 'WRKY13', 'HVA22I', 'AAH', 'TBL3', 'CSP41A', 'GPX6', 'FRO7']"
KNLRVCGDCH,9,0.000581,"['PCMP-H35', 'EMB2758', 'PCMP-H66', 'PCMP-H60', 'PCMP-H23', 'PCMP-H84', 'EMB2261', 'PCMP-H92', 'PCMP-H53']"
TEKSDVYSFG,9,0.000581,"['CRCK2', 'RKF3', 'PERK3', 'At5g16900', 'At1g67720', 'At5g48740', 'CEPR2', 'THE1', 'WAKL17']"
DVYSYGVVLL,9,0.000581,"['At1g12460', 'PEPR2', 'PBL15', 'RPK2', 'At5g23170', 'At3g17420', 'RGI3', 'At1g49730', 'BRI1']"
SSSPSSSSSS,9,0.000581,"['APK4', 'At3g57200', 'NAI1', 'DOF1.8', 'FD', 'CDC48C', 'RTM2', 'HIPL1', 'ERF012']"
IHRDIKASNI,9,0.000581,"['CRK32', 'CRCK1', 'RKF3', 'EMS1', 'CRPK1', 'RBK1', 'CRK2', 'PERK2', 'At1g67520']"
CMVDLLGRAG,9,0.000581,"['PCMP-E9', 'PCMP-E1', 'DYW10', 'PCMP-H77', 'PCMP-H91', 'PCMP-H47', 'PCMP-E76', 'PCMP-H56', 'PCMP-E61']"
IIHRDIKASN,8,0.000517,"['CRK32', 'CRCK1', 'RKF3', 'EMS1', 'CRPK1', 'RBK1', 'PERK2', 'CRK2']"
FRFHPTDEEL,8,0.000517,"['NAC037', 'NAC59', 'NAC052', 'NAC018', 'NAC013', 'NAC053', 'NAC045', 'JUB1']"
AYGQTGSGKT,8,0.000517,"['KIN12E', 'KIN14E', 'KIN12B', 'KIN14I', 'KIN14D', 'KIN14O', 'KIN13B', 'KIN4B']"
HYACMVDLLG,8,0.000517,"['PCMP-E33', 'PCMP-H37', 'PCMP-E1', 'PCMP-H47', 'PCMP-H91', 'CRR2', 'PCMP-E61', 'PCMP-E63']"
NTKFCYYNNY,8,0.000517,"['DOF2.5', 'DOF5.8', 'DOF2.1', 'DOF3.5', 'CDF5', 'DOF1.2', 'DOF4.5', 'DOF1.7']"
RTDNEIKNYW,8,0.000517,"['MYB101', 'MYB33', 'MYB39', 'LAF1', 'MYB108', 'MYB29', 'MYB111', 'MYB120']"
DVKSSNILLD,8,0.000517,"['ERECTA', 'At4g34500', 'PSKR2', 'At1g67720', 'At5g48740', 'RLK7', 'WAKL15', 'At1g07560']"
GVVLLELVTG,8,0.000517,"['PERK12', 'PXL1', 'PEPR2', 'PSKR2', 'At5g06940', 'At5g48380', 'At1g12460', 'RLK5']"
HSERLAIAFG,8,0.000517,"['DYW9', 'DYW1', 'PCMP-H60', 'PCMP-H49', 'PCMP-H90', 'PCMP-H23', 'PCMP-H22', 'PCMP-H51']"
NNNNNNNNNN,8,0.000517,"['HSFA1A', 'VQ18', 'ABI3', 'SRM1', 'At1g18265', 'SPL9', 'TCP7', 'BBX21']"
HRDVKSSNIL,8,0.000517,"['ERECTA', 'At4g34500', 'PSKR2', 'At1g67720', 'At5g48740', 'RLK7', 'WAKL15', 'At1g07560']"
FGVVLLELLT,8,0.000517,"['At5g41680', 'RLK902', 'At3g53590', 'At2g33170', 'RIPK', 'PTI13', 'At1g78530', 'PSKR1']"
GFRFHPTDEE,8,0.000517,"['NAC037', 'NAC052', 'NAC018', 'NAC013', 'NAC053', 'NAC045', 'NAC046', 'JUB1']"
DVYSFGVLLL,8,0.000517,"['At2g24130', 'PXC1', 'ACR4', 'B120', 'At1g52310', 'At1g60630', 'BIK1', 'At2g45590']"
SDVYSFGVLL,8,0.000517,"['CRCK2', 'At1g68400', 'ACR4', 'At4g34500', 'BIK1', 'B120', 'WAKL8', 'At1g52310']"
GRTDNEIKNY,8,0.000517,"['MYB51', 'MYB101', 'MYB33', 'MYB39', 'LAF1', 'MYB108', 'MYB111', 'MYB120']"
NALIDMYAKC,8,0.000517,"['PCMP-H13', 'PCMP-E29', 'PCMP-E7', 'PCMP-H77', 'PCMP-E64', 'PCMP-H23', 'PCMP-H80', 'PCMP-H84']"
IIHRDIKSSN,8,0.000517,"['CRCK3', 'At5g57670', 'ERL2', 'PERK10', 'FEI1', 'CCR3', 'At2g47060', 'CEPR2']"
PGFRFHPTDE,8,0.000517,"['NAC037', 'NAC052', 'NAC018', 'NAC013', 'NAC053', 'NAC045', 'NAC046', 'JUB1']"
RFCQQCSRFH,8,0.000517,"['SPL10', 'SPL13B', 'SPL12', 'SPL15', 'SPL14', 'SPL5', 'SPL6', 'SPL8']"
RDVKSSNILL,8,0.000517,"['ERECTA', 'At4g34500', 'PSKR2', 'At1g67720', 'At5g48740', 'RLK7', 'WAKL15', 'At1g07560']"
VFYWFQNHKA,7,0.000452,"['WOX6', 'WUS', 'WOX4', 'WOX5', 'WOX2', 'WOX3', 'WOX1']"
SERLAIAFGL,7,0.000452,"['DYW9', 'PCMP-H60', 'PCMP-H49', 'PCMP-H90', 'PCMP-H23', 'PCMP-H22', 'PCMP-H51']"
LTEKSDVYSF,7,0.000452,"['CRCK2', 'RKF3', 'PERK3', 'At5g16900', 'At1g67720', 'At5g48740', 'THE1']"
NEKSDVYSFG,7,0.000452,"['WAK4', 'LRK10L-1.3', 'At5g18500', 'HSL2', 'IKU2', 'CTR1', 'At3g21340']"
YRWRKYGQKV,7,0.000452,"['WRKY19', 'WRKY4', 'WRKY33', 'WRKY34', 'WRKY13', 'WRKY10', 'WRKY20']"
FSSFVRQLNT,7,0.000452,"['HSFB2A', 'HSFA1E', 'HSFA3', 'HSFB3', 'HSFB4', 'HSFC1', 'HSFA6b']"
DKSDVYSFGV,7,0.000452,"['CRCK1', 'LRK10L-1.1', 'PERK14', 'WAKL9', 'HERK1', 'WAKL14', 'WAKL15']"
SQALGGHQNA,7,0.000452,"['GIS3', 'GIS2', 'ZFP5', 'ZFP7', 'ZFP3', 'LATE', 'KNU']"
QRFCQQCSRF,7,0.000452,"['SPL13B', 'SPL12', 'SPL15', 'SPL14', 'SPL5', 'SPL6', 'SPL8']"
GVVLLELITG,7,0.000452,"['RKL1', 'PBL24', 'PERK10', 'HSL2', 'NCRK', 'At1g17230', 'At1g49730']"
RWRKYGQKVV,7,0.000452,"['WRKY19', 'WRKY34', 'WRKY13', 'WRKY10', 'WRKY25', 'WRKY44', 'WRKY20']"
VSNWFINARV,7,0.000452,"['ATH1', 'BLH6', 'BLH4', 'BLH5', 'BEL1', 'BLH8', 'BLH9']"
SSSSSSSSSL,7,0.000452,"['IAA11', 'PCMP-E37', 'At1g12760', 'At4g34220', 'CSP41A', 'DOF1.3', 'MAKR2']"
CSHSGLVEEG,7,0.000452,"['PCMP-H15', 'PCMP-H3', 'PCMP-E68', 'PCMP-E48', 'PCMP-E81', 'PCMP-E73', 'PCMP-E16']"
SFGVVLLELI,7,0.000452,"['At5g48740', 'RKL1', 'PBL24', 'PERK10', 'HSL2', 'NCRK', 'At1g17230']"
SFGVVLLELV,7,0.000452,"['PSKR2', 'PERK12', 'At5g06940', 'At5g48380', 'At5g58150', 'IOS1', 'RLK5']"
LLYGPPGTGK,7,0.000452,"['SKD1', 'PEX6', 'RPT6A', 'HSR4', 'RFC5', 'CDC48B', 'At4g30250']"
QALGGHQNAH,7,0.000452,"['GIS3', 'GIS2', 'ZFP5', 'ZFP7', 'ZFP3', 'LATE', 'KNU']"
ALGGHQNAHK,7,0.000452,"['GIS3', 'GIS2', 'ZFP5', 'ZFP7', 'ZFP3', 'LATE', 'KNU']"
LDDGYRWRKY,7,0.000452,"['WRKY19', 'WRKY4', 'WRKY33', 'WRKY34', 'WRKY43', 'WRKY20', 'WRKY48']"
YSYGVVLLEL,7,0.000452,"['At1g12460', 'PEPR2', 'PBL15', 'RPK2', 'MIK1', 'At1g49730', 'BRI1']"
SSSSSSSPSS,7,0.000452,"['COPT1', 'APK4', 'DAR2', 'MFP1', 'WRKY13', 'BHLH110', 'RTM2']"
WRKYGQKPIK,7,0.000452,"['RRS1B', 'WRKY14', 'WRKY15', 'WRKY69', 'WRKY74', 'WRKY58', 'WRKY29']"
HQQQQQQQQQ,7,0.000452,"['MED25', 'AHL17', 'AHL14', 'AHL13', 'POSF21', 'LUG', 'BHLH72']"
LQQQQQQQQQ,7,0.000452,"['SLK2', 'ATL3', 'RH6', 'AGL65', 'TAF12B', 'MED9', 'HIPP33']"
QVSNWFINAR,7,0.000452,"['ATH1', 'BLH6', 'BLH4', 'BLH5', 'BEL1', 'BLH8', 'BLH9']"
SGGGGGGGGG,7,0.000452,"['DOT1', 'SYP121', 'CSP4', 'DOF2.4', 'NSRA', 'GATA18', 'At3g06410']"
RQLNTYGFRK,7,0.000452,"['HSFA1E', 'HSFA3', 'HSFB3', 'HSFB4', 'HSFC1', 'HSFA6b', 'HSFA4A']"
YACMVDLLGR,7,0.000452,"['PCMP-H37', 'PCMP-E1', 'PCMP-H47', 'PCMP-H91', 'CRR2', 'PCMP-E61', 'PCMP-E63']"
TKFCYYNNYS,7,0.000452,"['DOF3.2', 'DOF3.7', 'DOF3.5', 'DOF4.3', 'DOF1.4', 'DOF1.2', 'DOF4.7']"
SFVRQLNTYG,7,0.000452,"['HSFB2A', 'HSFA1E', 'HSFA3', 'HSFB3', 'HSFB4', 'HSFC1', 'HSFA6b']"
GYNWRKYGQK,7,0.000452,"['WRKY4', 'WRKY32', 'WRKY33', 'WRKY34', 'WRKY1', 'WRKY44', 'WRKY20']"
DDGYRWRKYG,7,0.000452,"['WRKY19', 'WRKY4', 'WRKY33', 'WRKY34', 'WRKY43', 'WRKY20', 'WRKY48']"
QQQHQQQQQQ,7,0.000452,"['AIL6', 'MED25', 'SLK2', 'AHL26', 'POSF21', 'RH12', 'SCR']"
GTGKTLLAKA,7,0.000452,"['AAA1', 'PEX6', 'FTSHI4', 'RPT2B', 'FTSH7', 'FTSH3', 'FTSH11']"
SSFVRQLNTY,7,0.000452,"['HSFB2A', 'HSFA1E', 'HSFA3', 'HSFB3', 'HSFB4', 'HSFC1', 'HSFA6b']"
RPWGKFAAEI,7,0.000452,"['ERF5', 'ERF091', 'ERF094', 'ERF13', 'ERF117', 'CRF5', 'ERF109']"
FAYGQTGSGK,7,0.000452,"['KIN12E', 'KIN14E', 'KIN12B', 'KIN14I', 'KIN14O', 'KIN13B', 'KIN14D']"
PWGKFAAEIR,7,0.000452,"['ERF5', 'ERF091', 'ERF094', 'ERF13', 'ERF117', 'CRF5', 'ERF109']"
QQQQQQQQHQ,7,0.000452,"['At2g41900', 'UBP1A', 'MED25', 'ARF31', 'POSF21', 'ARF19', 'LUG']"
GQTGSGKTYT,7,0.000452,"['KIN12C', 'KIN12B', 'KIN14F', 'KIN14J', 'KIN14D', 'KIN13B', 'KIN4B']"
SSSSSSSSTS,7,0.000452,"['SIGC', 'ERF2', 'At1g26515', 'FD', 'ERF014', 'FH1', 'RPOT3']"
YGQTGSGKTY,7,0.000452,"['KIN12C', 'KIN12B', 'KIN14F', 'KIN14J', 'KIN14D', 'KIN13B', 'KIN4B']"
NFSSFVRQLN,7,0.000452,"['HSFB2A', 'HSFA1E', 'HSFA3', 'HSFB3', 'HSFB4', 'HSFC1', 'HSFA6b']"
FVRQLNTYGF,7,0.000452,"['HSFB2A', 'HSFA1E', 'HSFA3', 'HSFB3', 'HSFB4', 'HSFC1', 'HSFA6b']"
KSDVYSFGVL,7,0.000452,"['CRCK2', 'At1g68400', 'CRK25', 'ACR4', 'At1g52310', 'WAKL8', 'RKS1']"
EEEEDDDDDD,7,0.000452,"['RDM4', 'SWEETIE', 'HMGB1', 'HO2', 'LIF2', 'At2g20280', 'At1g66620']"
TDVAARGLDI,7,0.000452,"['RH28', 'RH24', 'RH5', 'RH51', 'RH52', 'RH18', 'RH40']"
RGRGRGRGRG,7,0.000452,"['CRWN3', 'At2g32000', 'DCP5', 'SMD1A', 'At5g18180', 'AHL4', 'SCL9']"
QTGSGKTYTM,7,0.000452,"['KIN12C', 'KIN12B', 'KIN14F', 'KIN14J', 'KIN14D', 'KIN13B', 'KIN4B']"
DGYNWRKYGQ,7,0.000452,"['WRKY4', 'WRKY32', 'WRKY33', 'WRKY34', 'WRKY1', 'WRKY44', 'WRKY20']"
PGTGKTLLAK,7,0.000452,"['AAA1', 'PEX6', 'FTSHI4', 'RPT2B', 'FTSH7', 'FTSH3', 'FTSH11']"
RGVRQRPWGK,7,0.000452,"['ERF5', 'ERF2', 'ERF070', 'ERF112', 'CRF3', 'CRF6', 'ERF109']"
PSSSSSSSSS,7,0.000452,"['ATG13B', 'At4g10440', 'CLSY3', 'MPK8', 'At5g01110', 'ERF014', 'PMR6']"
EDDDDDDDDD,7,0.000452,"['MTERF9', 'PUX13', 'CML45', 'At3g49140', 'ATE1', 'TIF3C1', 'At1g66620']"
SNWFINARVR,7,0.000452,"['ATH1', 'BLH6', 'BLH4', 'BLH5', 'BEL1', 'BLH8', 'BLH9']"
VYSFGVLLLE,7,0.000452,"['At2g24130', 'PXC1', 'ACR4', 'BIK1', 'At1g52310', 'B120', 'At1g60630']"
THCGWNSTLE,7,0.000452,"['UGT85A2', 'UGT74B1', 'UGT76B1', 'UGT71B7', 'UGT72B1', 'UGT73C2', 'UGT75C1']"
KNVFYWFQNH,7,0.000452,"['WOX6', 'WUS', 'WOX4', 'WOX5', 'WOX2', 'WOX3', 'WOX1']"
NVFYWFQNHK,7,0.000452,"['WOX6', 'WUS', 'WOX4', 'WOX5', 'WOX2', 'WOX3', 'WOX1']"
FYWFQNHKAR,7,0.000452,"['WOX6', 'WUS', 'WOX4', 'WOX5', 'WOX2', 'WOX3', 'WOX1']"
KFCYYNNYSL,6,0.000387,"['DOF3.2', 'DOF3.7', 'DOF3.5', 'DOF1.2', 'DOF1.4', 'DOF4.7']"
VRARRGQATD,6,0.000387,"['HBI1', 'UNE12', 'BEE3', 'BHLH79', 'BHLH137', 'BHLH60']"
ACMVDLLGRA,6,0.000387,"['PCMP-E1', 'PCMP-H77', 'PCMP-H47', 'PCMP-H91', 'PCMP-E61', 'CRR2']"
NVASHLQKYR,6,0.000387,"['ARR13', 'ARR11', 'ARR20', 'LUX', 'ARR18', 'GLK2']"
PPGTGKTLLA,6,0.000387,"['AAA1', 'PEX6', 'RPT6A', 'FTSHI4', 'FTSHI3', 'FTSH1']"
GPPGTGKTLL,6,0.000387,"['AAA1', 'PEX6', 'RPT6A', 'FTSHI4', 'FTSHI3', 'FTSH1']"
EHYACMVDLL,6,0.000387,"['PCMP-E33', 'PCMP-H37', 'PCMP-E1', 'EMB2261', 'PCMP-E61', 'CRR2']"
KNLRICGDCH,6,0.000387,"['LOI1', 'DYW10', 'DYW1', 'PCMP-H64', 'PCMP-H82', 'PCMP-H44']"
RPWGRYAAEI,6,0.000387,"['ERF087', 'ERF4', 'ESR1', 'ERF088', 'ERF10', 'ERF086']"
ALIDMYSKCG,6,0.000387,"['PCMP-H17', 'PCMP-E103', 'PCMP-H38', 'CRR4', 'PCMP-E65', 'PCMP-A6']"
FKHNNFSSFV,6,0.000387,"['HSFB2B', 'HSFA1E', 'HSFA3', 'HSFB4', 'HSFC1', 'HSFA6b']"
RGTRGYLAPE,6,0.000387,"['At1g34300', 'At5g35370', 'At5g24080', 'At2g19130', 'At5g20050', 'SD25']"
SSSSSSSSSP,6,0.000387,"['APK4', 'DAR2', 'RTM2', 'WRKY13', 'At4g00950', 'At3g15140']"
DDDDDDDDDE,6,0.000387,"['RRP6L1', 'At1g66620', 'ATE1', 'TIF3C1', 'At3g49140', 'WAKL4']"
GGFLTHCGWN,6,0.000387,"['UGT85A2', 'UGT76B1', 'UGT72B1', 'UGT86A2', 'UGT73C2', 'UGT91C1']"
GTALVDMYAK,6,0.000387,"['PCMP-E79', 'PCMP-H64', 'PCMP-E55', 'PCMP-E54', 'PCMP-E44', 'PCMP-H91']"
YFKHNNFSSF,6,0.000387,"['HSFA1E', 'HSFA7B', 'HSFA5', 'HSFB1', 'HSFB4', 'HSFC1']"
YRGVRQRPWG,6,0.000387,"['ERF5', 'ERF2', 'ERF070', 'ERF112', 'CRF5', 'ERF109']"
FGVVLLELVT,6,0.000387,"['PSKR2', 'PERK12', 'At5g06940', 'At5g48380', 'IOS1', 'RLK5']"
IHRDVKSSNI,6,0.000387,"['At5g48740', 'ERECTA', 'PSKR2', 'At1g67720', 'LECRK81', 'RLK7']"
IEGKNVFYWF,6,0.000387,"['WOX6', 'WUS', 'WOX4', 'WOX2', 'WOX3', 'WOX1']"
SNTKFCYYNN,6,0.000387,"['DOF3.4', 'DOF3.5', 'DOF4.1', 'DOF1.1', 'DOF1.2', 'DOF1.4']"
GGGGGGGGGS,6,0.000387,"['DOT1', 'DOF2.4', 'At5g56140', 'RH11', 'At4g34480', 'GTL1']"
KVSDFGLAKL,6,0.000387,"['At1g56140', 'At1g34300', 'At1g01540', 'LRK10L-2.1', 'SD22', 'SD25']"
RFHPTDEELV,6,0.000387,"['NAC037', 'ANAC094', 'NAC018', 'NAC013', 'NAC053', 'NAC052']"
QCRERWHNHL,6,0.000387,"['MYB98', 'MYB118', 'MYB119', 'MYB3R5', 'MYB3R2', 'MYB3R1']"
LIDMYAKCGS,6,0.000387,"['PCMP-E7', 'PCMP-E105', 'PCMP-E86', 'PCMP-H82', 'PCMP-H92', 'PCMP-H80']"
YRGVRRRPWG,6,0.000387,"['ERF13', 'ERF10', 'ERF1B', 'ESR1', 'ERF104', 'ERF107']"
HCGWNSTLES,6,0.000387,"['UGT85A2', 'UGT76F1', 'UGT71B2', 'UGT72B1', 'UGT75C1', 'UGT76E5']"
VRQLNTYGFR,6,0.000387,"['HSFA1E', 'HSFA3', 'HSFB3', 'HSFB4', 'HSFC1', 'HSFA6b']"
QQQQHQQQQQ,6,0.000387,"['AIL6', 'CKA4', 'MED25', 'POSF21', 'AGL3', 'SCR']"
TTTTTTTTTT,6,0.000387,"['SP1L3', 'QWRF2', 'WRKY33', 'SAUR65', 'RDUF1', 'RAP2-11']"
SQQQQQQQQQ,6,0.000387,"['BSL3', 'ARF19', 'LUG', 'MED8', 'SCRM2', 'SYP32']"
GKQCRERWHN,6,0.000387,"['MYB98', 'MYB118', 'MYB119', 'MYB3R5', 'MYB3R2', 'MYB3R1']"
LLSTRAGGLG,6,0.000387,"['CHR5', 'DDM1', 'INO80', 'CHR11', 'CHR23', 'PKL']"
YSFGVLLLEI,6,0.000387,"['At2g24130', 'At1g68400', 'ACR4', 'BIK1', 'At1g61490', 'At1g52310']"
SSNTKFCYYN,6,0.000387,"['DOF3.4', 'DOF3.5', 'DOF4.1', 'DOF1.1', 'DOF1.2', 'DOF1.4']"
ERLAIAFGLI,6,0.000387,"['DYW9', 'PCMP-H60', 'PCMP-H49', 'PCMP-H90', 'PCMP-H22', 'PCMP-H51']"
SASSSSSSSS,6,0.000387,"['KINUC', 'WOX9', 'ELD1', 'ERF042', 'At3g50840', 'RPOT3']"
KQCRERWHNH,6,0.000387,"['MYB98', 'MYB118', 'MYB119', 'MYB3R5', 'MYB3R2', 'MYB3R1']"
WGKFAAEIRD,6,0.000387,"['ERF5', 'ERF091', 'ERF094', 'ERF13', 'CRF5', 'ERF109']"
RVWLGTFDTA,6,0.000387,"['SHN3', 'ERF5', 'ERF4', 'ERF094', 'CRF1', 'ERF112']"
PKISDFGLAR,6,0.000387,"['RKF1', 'ZAR1', 'CRPK1', 'At5g48380', 'At1g67520', 'SD129']"
GFLTHCGWNS,6,0.000387,"['UGT85A2', 'UGT76B1', 'UGT72B1', 'UGT86A2', 'UGT73C2', 'UGT91C1']"
NGILADEMGL,6,0.000387,"['SYD', 'BRM', 'INO80', 'CHR11', 'CHR23', 'PIE1']"
EEEEEEEEDE,6,0.000387,"['FAF1', 'SRK2H', 'FAF3', 'At5g22090', 'At4g17620', 'ROPGAP5']"
HNNFSSFVRQ,6,0.000387,"['HSFB2B', 'HSFA1E', 'HSFA3', 'HSFB4', 'HSFC1', 'HSFA6b']"
RVWLGTFETA,6,0.000387,"['SHN2', 'ERF2', 'ERF6', 'ERF062', 'ERF115', 'ERF109']"
NNFSSFVRQL,6,0.000387,"['HSFB2B', 'HSFA1E', 'HSFA3', 'HSFB4', 'HSFC1', 'HSFA6b']"
QQHQQQQQQQ,6,0.000387,"['AIL6', 'MED25', 'AHL26', 'POSF21', 'RH12', 'SCL8']"
SLVDMYAKCG,6,0.000387,"['PCMP-E33', 'PCMP-H13', 'CRR21', 'DOT4', 'PCMP-E28', 'PCMP-H53']"
LIDMYAKCGD,6,0.000387,"['PCMP-H12', 'PCMP-E29', 'PCMP-H89', 'PCMP-E88', 'PCMP-E66', 'PCMP-E82']"
SDVYSYGVVL,6,0.000387,"['LRK10L-1.5', 'PEPR2', 'PBL15', 'At3g17420', 'RGI3', 'At1g49730']"
PWGRYAAEIR,6,0.000387,"['ERF087', 'ERF4', 'ESR1', 'ERF088', 'ERF10', 'ERF086']"
FGVVLLELIT,6,0.000387,"['RKL1', 'PBL24', 'PERK10', 'HSL2', 'NCRK', 'At1g17230']"
GILADEMGLG,6,0.000387,"['SYD', 'BRM', 'INO80', 'CHR11', 'CHR23', 'PIE1']"
KHNNFSSFVR,6,0.000387,"['HSFB2B', 'HSFA1E', 'HSFA3', 'HSFB4', 'HSFC1', 'HSFA6b']"
FLLSTRAGGL,6,0.000387,"['CHR5', 'DDM1', 'INO80', 'CHR11', 'CHR23', 'PKL']"
GTRGYLAPEW,6,0.000387,"['At1g34300', 'At5g35370', 'At5g24080', 'At2g19130', 'At5g20050', 'SD25']"
TDNEIKNYWN,6,0.000387,"['MYB101', 'MYB33', 'MYB39', 'MYB29', 'MYB111', 'MYB120']"
GKNVFYWFQN,6,0.000387,"['WOX6', 'WUS', 'WOX4', 'WOX2', 'WOX3', 'WOX1']"
HVPYRDSKLT,6,0.000387,"['KIN12E', 'KIN4B', 'KIN5B', 'KIN7K', 'KIN7O', 'KIN7B']"
ALVDMYSKCG,6,0.000387,"['PCMP-H35', 'PCMP-H32', 'PCMP-E101', 'PCMP-E93', 'PCMP-E99', 'PCMP-E76']"
NAKLGDFGLA,6,0.000387,"['At3g51990', 'LECRK51', 'LECRKS2', 'LECRK91', 'LECRKS6', 'LECRKS5']"
TDKSDVYSFG,6,0.000387,"['CRCK1', 'LRK10L-1.1', 'PERK14', 'WAKL9', 'HERK1', 'WAKL15']"
RKYGQKPIKG,6,0.000387,"['WRKY14', 'WRKY15', 'WRKY69', 'WRKY74', 'WRKY58', 'WRKY29']"
EGKNVFYWFQ,6,0.000387,"['WOX6', 'WUS', 'WOX4', 'WOX2', 'WOX3', 'WOX1']"
SSPSSSSSSS,5,0.000323,"['MFP1', 'ERF014', 'FD', 'HISN1B', 'PMR6']"
SSSSPSSSSS,5,0.000323,"['DOF1.8', 'BHLH123', 'FD', 'APK4', 'RTM2']"
LSTRAGGLGI,5,0.000323,"['CHR5', 'CHR11', 'DDM1', 'INO80', 'PKL']"
MVDLLGRAGL,5,0.000323,"['PCMP-E28', 'PCMP-H91', 'PCMP-H56', 'PCMP-H24', 'PCMP-E26']"
EEEEEEEDDD,5,0.000323,"['TIC56', 'RDM4', 'HMGB1', 'HO2', 'SWEETIE']"
GRCRRTDGKK,5,0.000323,"['GRF7', 'GRF6', 'GRF9', 'GRF3', 'GRF2']"
NFSSFIRQLN,5,0.000323,"['HSFA9', 'HSFA8', 'HSFA2', 'HSFB1', 'HSFA4A']"
GKWVAEIREP,5,0.000323,"['DREB2A', 'DREB2G', 'DREB2F', 'ABI4', 'ERF011']"
SVLSKRWRNL,5,0.000323,"['At4g27050', 'At1g47915', 'At5g38390', 'At1g78760', 'At5g44940']"
WFQNHKARER,5,0.000323,"['WOX6', 'WUS', 'WOX4', 'WOX5', 'WOX1']"
CVVDLLGRAG,5,0.000323,"['PCMP-E64', 'PCMP-H73', 'PCMP-H81', 'PCMP-H86', 'PCMP-E54']"
HVRARRGQAT,5,0.000323,"['HBI1', 'BHLH137', 'BEE3', 'BHLH79', 'BHLH60']"
RNVPVGGGCR,5,0.000323,"['DOF5.4', 'DOF2.4', 'DOF2.2', 'DOF2.1', 'DOF3.5']"
PKTLCNACGV,5,0.000323,"['GATA10', 'GATA1', 'GATA3', 'GATA8', 'GATA9']"
LNACSHSGLV,5,0.000323,"['PCMP-H11', 'CRR4', 'PCMP-E48', 'PCMP-H15', 'PCMP-E16']"
EPGRCRRTDG,5,0.000323,"['GRF7', 'GRF6', 'GRF9', 'GRF3', 'GRF2']"
VGGFLTHCGW,5,0.000323,"['UGT86A2', 'UGT72E2', 'UGT73C2', 'UGT85A3', 'UGT91C1']"
AKVSDFGLAK,5,0.000323,"['At1g01540', 'SD22', 'At1g34300', 'PERK14', 'SD25']"
LNGILADEMG,5,0.000323,"['CHR12', 'BRM', 'PIE1', 'INO80', 'SYD']"
QLTEKSDVYS,5,0.000323,"['CRCK2', 'At1g67720', 'At5g48740', 'RKF3', 'THE1']"
SNRESARRSR,5,0.000323,"['BZIP44', 'GBF1', 'BZIP43', 'BZIP25', 'BZIP1']"
KSDVYSYGVV,5,0.000323,"['At3g17420', 'RGI3', 'At1g49730', 'PBL15', 'LRK10L-1.5']"
TAEEAAMAYD,5,0.000323,"['ERF060', 'RAP2-3', 'DREB2F', 'ERF054', 'ERF091']"
SSSSSSTSSS,5,0.000323,"['FH1', 'ERF014', 'FD', 'ERF2', 'MAKR3']"
RRTDGKKWRC,5,0.000323,"['GRF7', 'GRF6', 'GRF9', 'GRF3', 'GRF2']"
TTTSSSSSSS,5,0.000323,"['MIF1', 'LSH4', 'QWRF2', 'TTL1', 'SMXL2']"
ACSHSGLVEE,5,0.000323,"['PCMP-E48', 'PCMP-E16', 'PCMP-E68', 'PCMP-H15', 'PCMP-E81']"
WFQNRRARWK,5,0.000323,"['ATHB-16', 'ATHB-21', 'HAT5', 'HAT7', 'ATHB-51']"
CRRTDGKKWR,5,0.000323,"['GRF7', 'GRF6', 'GRF9', 'GRF3', 'GRF2']"
LRSRGLCLVP,5,0.000323,"['BHLH113', 'BHLH123', 'BHLH111', 'BHLH110', 'BHLH68']"
SSSSSSSSSF,5,0.000323,"['GRF6', 'PUP12', 'TBL3', 'APP2', 'EMB175']"
SSSSSSSSSV,5,0.000323,"['TBL14', 'TBL26', 'At1g22040', 'ATG13B', 'FRO7']"
SSSSSSSSST,5,0.000323,"['ERF014', 'At1g26515', 'FH1', 'ERF2', 'RPOT3']"
RRRPWGRYAA,5,0.000323,"['ERF087', 'ERF10', 'ERF088', 'ERF086', 'ESR1']"
QQQQQQQQQF,5,0.000323,"['QKY', 'MED9', 'SEU', 'WRKY21', 'BHLH72']"
WGKWVAEIRE,5,0.000323,"['DREB2A', 'DREB2G', 'DREB2F', 'ABI4', 'ERF011']"
ACSHSGLVDE,5,0.000323,"['PCMP-E91', 'EMB2758', 'PCMP-H23', 'PCMP-E30', 'DOT4']"
QQQQQQQQQE,5,0.000323,"['ATL3', 'CML11', 'SCRM2', 'WRKY21', 'RH6']"
VWLGTFETAE,5,0.000323,"['ERF109', 'SHN2', 'ERF2', 'ERF115', 'ERF062']"
SPFGKTDTAS,5,0.000323,"['BHLH112', 'BHLH110', 'BHLH103', 'BHLH111', 'BHLH68']"
ADEMGLGKTI,5,0.000323,"['ETL1', 'CHR23', 'INO80', 'PKL', 'PIE1']"
FVTHCGWNST,5,0.000323,"['UGT74E1', 'UGT75C1', 'UGT84A2', 'UGT71B7', 'UGT73B4']"
VCIFAYGQTG,5,0.000323,"['KIN14I', 'KIN14Q', 'KIN14E', 'KIN14D', 'KIN14O']"
VVLLELLTGR,5,0.000323,"['RIPK', 'PTI13', 'ALE2', 'MIK1', 'At1g78530']"
CSHWCLPGVP,5,0.000323,"['TBL36', 'TBL7', 'TBL42', 'TBL8', 'TBL1']"
HIPYRDSKLT,5,0.000323,"['KIN5D', 'KIN7A', 'KIN7N', 'KIN7C', 'KIN1']"
AAAAAAAAAA,5,0.000323,"['FTSH4', 'HSFB2B', 'BZR1', 'PUB62', 'LFR']"
EEEDEEEEEE,5,0.000323,"['At1g66660', 'ROPGAP5', 'VPS41', 'RH22', 'At4g08350']"
VANVGDSRAV,5,0.000323,"['At3g15260', 'PPC6-7', 'At3g06270', 'At5g66080', 'At5g10740']"
SHWCLPGVPD,5,0.000323,"['TBL36', 'TBL7', 'TBL42', 'TBL8', 'TBL1']"
SSSSSSSTSS,5,0.000323,"['FH1', 'ERF014', 'FD', 'ERF2', 'MAKR3']"
NARVRLWKPM,5,0.000323,"['BLH6', 'BEL1', 'ATH1', 'BLH4', 'BLH8']"
KISDFGLAKL,5,0.000323,"['At5g18500', 'PBL28', 'At1g53420', 'LYK3', 'PR5K']"
WCLPGVPDTW,5,0.000323,"['TBL16', 'TBL2', 'TBL12', 'TBL8', 'TBL31']"
LTHCGWNSTL,5,0.000323,"['UGT74B1', 'UGT73C2', 'UGT76B1', 'UGT85A2', 'UGT72B1']"
PGRCRRTDGK,5,0.000323,"['GRF7', 'GRF6', 'GRF9', 'GRF3', 'GRF2']"
AVWFQNRRAR,5,0.000323,"['ATHB-16', 'ATHB-21', 'HAT5', 'ATHB-54', 'ATHB-51']"
CIFAYGQTGS,5,0.000323,"['KIN14I', 'KIN12D', 'KIN14E', 'KIN14D', 'KIN14O']"
PFGSGRRMCP,5,0.000323,"['CYP76C3', 'CYP705A1', 'CYP71B36', 'CYP83A1', 'CYP98A8']"
LNLVDLAGSE,5,0.000323,"['KIN7B', 'KIN7K', 'KIN12E', 'KIN7N', 'KIN5B']"
HCGWNSILES,5,0.000323,"['UGT85A1', 'UGT71B5', 'UGT72E1', 'UGT86A1', 'UGT92A1']"
RRGQATDSHS,5,0.000323,"['BEE3', 'BPE', 'BHLH78', 'BHLH60', 'BHLH63']"
QQQQLQQQQQ,5,0.000323,"['ERF113', 'TOL9', 'MED9', 'ARF19', 'RH6']"
LRNVPVGGGC,5,0.000323,"['DOF5.4', 'DOF2.4', 'DOF2.2', 'DOF2.1', 'DOF3.5']"
DEMGLGKTIQ,5,0.000323,"['ETL1', 'CHR8', 'INO80', 'PKL', 'CHR23']"
VPYRDSKLTR,5,0.000323,"['KIN7B', 'KIN7K', 'KIN5B', 'KIN4B', 'KIN7O']"
IPYRDSKLTR,5,0.000323,"['KIN5D', 'KIN7A', 'KIN7N', 'KIN7C', 'KIN1']"
QLNTYGFRKV,5,0.000323,"['HSFA6b', 'HSFB3', 'HSFA1E', 'HSFA4C', 'HSFC1']"
QLVSPFGKTD,5,0.000323,"['BHLH123', 'BHLH110', 'BHLH103', 'BHLH68', 'BHLH112']"
THCGWNSILE,5,0.000323,"['UGT86A2', 'UGT88A1', 'UGT72E1', 'UGT71B5', 'UGT85A1']"
DLLGRAGLLE,5,0.000323,"['PCMP-E28', 'PCMP-H11', 'PCMP-H56', 'PCMP-H24', 'PCMP-E26']"
YGQKPIKGSP,5,0.000323,"['WRKY74', 'WRKY69', 'WRKY15', 'WRKY14', 'WRKY29']"
HWCLPGVPDT,5,0.000323,"['TBL16', 'TBL2', 'TBL12', 'TBL8', 'TBL31']"
GTFGYMAPEY,5,0.000323,"['RKS1', 'At1g53420', 'LECRK91', 'CRK38', 'PERK10']"
VSPFGKTDTA,5,0.000323,"['BHLH112', 'BHLH110', 'BHLH103', 'BHLH111', 'BHLH68']"
WRKYGQKVVK,5,0.000323,"['WRKY34', 'WRKY25', 'WRKY12', 'WRKY10', 'WRKY19']"
EEEEEEDDDD,5,0.000323,"['RDM4', 'HMGB1', 'HO2', 'SWEETIE', 'LIF2']"
FINARVRLWK,5,0.000323,"['BLH6', 'BEL1', 'ATH1', 'BLH4', 'BLH8']"
SPYPRSYYRC,5,0.000323,"['WRKY48', 'RRS1B', 'WRKY8', 'WRKY1', 'WRKY29']"
INARVRLWKP,5,0.000323,"['BLH6', 'BEL1', 'ATH1', 'BLH4', 'BLH8']"
TRAGGLGINL,5,0.000323,"['CHR5', 'CHR11', 'DDM1', 'INO80', 'PKL']"
RARRGQATDS,5,0.000323,"['BEE3', 'BPE', 'BHLH78', 'BHLH60', 'BHLH63']"
ARRGQATDSH,5,0.000323,"['BEE3', 'BPE', 'BHLH78', 'BHLH60', 'BHLH63']"
VKSTNILLDE,5,0.000323,"['At1g12460', 'MEE39', 'NCRK', 'At2g23200', 'WAKL8']"
GTFGYLDPEY,5,0.000323,"['At5g39000', 'CRLK1', 'At1g07550', 'At2g23200', 'WAKL22']"
EHYGCMVDLL,5,0.000323,"['PCMP-E43', 'PCMP-H34', 'PCMP-E101', 'PCMP-E9', 'PCMP-H38']"
CSHSGLVDEG,5,0.000323,"['PCMP-E91', 'EMB2758', 'PCMP-H23', 'PCMP-E30', 'DOT4']"
GYWKATGKDR,5,0.000323,"['NAC045', 'NAC052', 'NAC021', 'NAC013', 'NTL9']"
TALVDMYAKC,5,0.000323,"['PCMP-E55', 'PCMP-H64', 'PCMP-H91', 'PCMP-E79', 'PCMP-H40']"
DCSHWCLPGV,5,0.000323,"['TBL36', 'TBL7', 'TBL42', 'TBL8', 'TBL1']"
EEEEEDEEEE,5,0.000323,"['ROPGAP5', 'At5g22090', 'VPS41', 'At4g03160', 'At4g08350']"
VKSHLQKYRL,5,0.000323,"['HHO3', 'PHL7', 'EFM', 'PHL6', 'HHO6']"
LDEPTSGLDS,5,0.000323,"['ABCG5', 'ABCG11', 'ABCG16', 'ABCG26', 'ABCG24']"
IFAYGQTGSG,5,0.000323,"['KIN14I', 'KIN12D', 'KIN14E', 'KIN14D', 'KIN14O']"
ALVDMYAKCG,5,0.000323,"['PCMP-E55', 'PCMP-H64', 'PCMP-H81', 'PCMP-E88', 'PCMP-E79']"
RCRRTDGKKW,5,0.000323,"['GRF7', 'GRF6', 'GRF9', 'GRF3', 'GRF2']"
YGQKVVKGNP,5,0.000323,"['WRKY4', 'WRKY33', 'WRKY34', 'WRKY10', 'WRKY19']"
VLSACSHAGL,5,0.000323,"['PCMP-H37', 'PCMP-E84', 'PCMP-H35', 'PCMP-E72', 'PCMP-E52']"
RTDGKKWRCS,5,0.000323,"['GRF6', 'GRF9', 'GRF8', 'GRF3', 'GRF2']"
FGKTDTASVL,5,0.000323,"['BHLH112', 'BHLH110', 'BHLH103', 'BHLH111', 'BHLH68']"
SSSSSSSSLS,5,0.000323,"['IAA11', 'PCMP-E37', 'ERF094', 'JAL36', 'DOF1.3']"
NWFINARVRL,5,0.000323,"['BLH6', 'BEL1', 'ATH1', 'BLH4', 'BLH8']"
GRGRGRGRGR,5,0.000323,"['SPT6', 'At5g18180', 'AHL4', 'At2g32000', 'SMD1A']"
LYGPPGTGKT,5,0.000323,"['RPT6A', 'RFC5', 'At5g17730', 'CDC48B', 'PEX6']"
HVKSHLQKYR,5,0.000323,"['PHL1', 'PHL4', 'PHL5', 'PHL6', 'PHL7']"
AGSYGYIAPE,5,0.000323,"['PXL1', 'At2g33170', 'RCH2', 'GSO2', 'HSL2']"
GVRRRPWGRY,5,0.000323,"['ERF087', 'ERF10', 'ERF088', 'ERF086', 'ESR1']"
GPKTLCNACG,5,0.000323,"['GATA10', 'GATA1', 'GATA3', 'GATA8', 'GATA9']"
LGGGGGGGGG,5,0.000323,"['GTL1', 'HIPP34', 'TOM20-2', 'At5g56140', 'At3g04930']"
RRPWGRYAAE,5,0.000323,"['ERF087', 'ERF10', 'ERF088', 'ERF086', 'ESR1']"
LPPPPPPPPP,5,0.000323,"['FH20', 'YAB3', 'CCR3', 'FH21A', 'SNZ']"
LSACSHSGLV,5,0.000323,"['PCMP-E91', 'EMB2758', 'PCMP-H53', 'PCMP-H76', 'PCMP-E34']"
EEEEDEEEEE,5,0.000323,"['At1g66660', 'ROPGAP5', 'VPS41', 'PI4KG7', 'At4g08350']"
RSGKSCRLRW,5,0.000323,"['MYB25', 'MYB73', 'MYB27', 'MYB1', 'MYB54']"
GKTLLAKAVA,5,0.000323,"['AAA1', 'PEX6', 'FTSH7', 'FTSHI2', 'RPT2B']"
EEEEEDDDDD,5,0.000323,"['RDM4', 'HMGB1', 'HO2', 'SWEETIE', 'LIF2']"
RSSSSSSSSS,5,0.000323,"['GTE4', 'CRRSP3', 'ERF15', 'At1g12760', 'ERF2']"
TAEEAARAYD,5,0.000323,"['RAP2-11', 'ERF084', 'RAP2-2', 'ERF4', 'ERF098']"
WFINARVRLW,5,0.000323,"['BLH6', 'BEL1', 'ATH1', 'BLH4', 'BLH8']"
GQGGFGTVYK,5,0.000323,"['CRK2', 'CRCK2', 'CRK39', 'At1g61610', 'At1g49730']"
DLRSRGLCLV,5,0.000323,"['BHLH113', 'BHLH123', 'BHLH111', 'BHLH110', 'BHLH68']"
FLTHCGWNST,5,0.000323,"['UGT74B1', 'UGT73C2', 'UGT76B1', 'UGT85A2', 'UGT72B1']"
YWFQNHKARE,5,0.000323,"['WOX6', 'WUS', 'WOX4', 'WOX5', 'WOX1']"
GSYGYIAPEY,5,0.000323,"['PXL1', 'At2g33170', 'RCH2', 'GSO2', 'HSL2']"
GGGGGGGGGP,5,0.000323,"['HIPP36', 'QKY', 'HIPP33', 'AHL27', 'PHO1-H9']"
DNEIKNYWNT,5,0.000323,"['MYB29', 'MYB120', 'MYB39', 'MYB101', 'MYB33']"
KTLCNACGVR,5,0.000323,"['GATA10', 'GATA12', 'GATA5', 'GATA8', 'GATA1']"
VWLGTFDTAE,5,0.000323,"['SHN3', 'ERF112', 'ERF094', 'ERF4', 'CRF1']"
EAALAYDRAA,5,0.000323,"['ERF113', 'ERF087', 'ERF086', 'DREB2E', 'ERF055']"
DEEEEEEEEE,5,0.000323,"['WAKL18', 'At5g15810', 'At5g22090', 'VPS41', 'APRR1']"
TKSDVYSFGV,5,0.000323,"['At1g52310', 'CCR4', 'CRK24', 'ACR4', 'PBL26']"
KYGQKPIKGS,5,0.000323,"['WRKY74', 'WRKY69', 'WRKY15', 'WRKY14', 'WRKY29']"
KSSNILLDEN,5,0.000323,"['PSKR1', 'PCRK2', 'ERL1', 'WAKL15', 'At1g49730']"
STRAGGLGIN,5,0.000323,"['CHR5', 'CHR11', 'DDM1', 'INO80', 'PKL']"
VRRRPWGRYA,5,0.000323,"['ERF087', 'ERF10', 'ERF088', 'ERF086', 'ESR1']"
KISDFGLARL,5,0.000323,"['ZAR1', 'At1g61360', 'At5g48380', 'CRPK1', 'RKF1']"
VDLLGRAGLL,5,0.000323,"['PCMP-E28', 'PCMP-H11', 'PCMP-H56', 'PCMP-H24', 'PCMP-E26']"
PFGKTDTASV,5,0.000323,"['BHLH112', 'BHLH110', 'BHLH103', 'BHLH111', 'BHLH68']"
VVLLELLTGK,5,0.000323,"['CCR3', 'At5g41680', 'RLK902', 'At5g63930', 'BRI1']"
