k-mer,number of proteins,percentage,all,(Out of 20428 proteins in total)
TTTTTTTTTT,34,0.001664,"['clec-141', 'clec-144', 'cwp-4', 'clec-228', 'CELE_F56H9.6', 'CELE_Y68A4B.3', 'cyk-4', 'CELE_F55D12.5', 'CELE_Y37H2A.11', 'sym-1', 'CELE_T13C5.10', 'CELE_F40E10.5', 'C18H7.1', 'CELE_F52G3.5', 'C16D9.1', 'CELE_K02E2.8', 'CELE_ZC434.9', 'C12D12.1', 'CELE_M106.8', 'CELE_F52E1.5', 'C54D2.1', 'CELE_Y97E10AR.2', 'CELE_Y43F8C.9', 'dpy-21', 'CELE_Y51H7C.13', 'rol-1', 'mam-1', 'CELE_Y116F11B.2', 'CELE_T13C2.3', 'CELE_Y69A2AR.31', 'nas-14', 'CELE_Y22D7AL.4', 'CELE_T05C12.4', 'CELE_M02G9.1']"
CRACAAFFRR,28,0.001371,"['Q86PI3', 'nhr-115', 'G5EFA1', 'nhr-43', 'nhr-42', 'nhr-213', 'nhr-177', 'nhr-232', 'nhr-45', 'nhr-44', 'Q86PK3', 'nhr-150', 'hizr-1', 'nhr-28', 'Q5VKU3', 'nhr-286', 'nhr-16', 'nhr-139', 'nhr-54', 'nhr-55', 'nhr-145', 'nhr-53', 'Q86PJ3', 'nhr-205', 'nhr-59', 'nhr-30', 'nhr-218', 'nhr-18']"
PPPPPPPPPP,17,0.000832,"['grl-4', 'ddl-2', 'wip-1', 'inft-2', 'CELE_F07A11.4', 'exc-6', 'CELE_ZC123.1', 'grl-25', 'grl-22', 'grl-9', 'sydn-1', 'viro-2', 'CELE_F59E12.9', 'CELE_Y40B1A.3', 'CELE_Y43F8B.28', 'shn-1', 'unc-34']"
QQQQQQQQQQ,17,0.000832,"['pqn-85', 'fozi-1', 'lin-36', 'sptf-3', 'CELE_Y75B8A.6', 'pqn-21', 'mig-6', 'mdt-15', 'CELE_F10E7.2', 'rad-26', 'C18H9.3', 'CELE_T21B6.3', 'egrh-3', 'atx-2', 'CELE_Y39A1A.9', 'CELE_Y67H2A.10', 'sfa-1']"
SSSSSSSSSS,16,0.000783,"['CELE_Y46G5A.20', 'CELE_ZK180.6', 'CELE_K07E3.1', 'C46F11.4', 'mca-1', 'lin-39', 'C16B8.3', 'gon-2', 'CELE_Y39B6A.1', 'CELE_F41G3.20', 'CELE_K01D12.10', 'cyn-8', 'rsr-2', 'C34B2.9', 'CELE_M163.11', 'rnp-5']"
STTTTTTTTT,16,0.000783,"['C12D12.1', 'CELE_M106.8', 'CELE_R03C1.1', 'CELE_F55D12.5', 'CELE_F52E1.5', 'epi-1', 'CELE_Y97E10AR.2', 'CELE_T13C5.10', 'CELE_F52G3.5', 'CELE_T13C2.3', 'nas-14', 'CELE_T26A8.1', 'CELE_K02E2.8', 'clec-243', 'CELE_F56H9.6', 'CELE_Y68A4B.3']"
ACAAFFRRTV,15,0.000734,"['nhr-174', 'nhr-54', 'nhr-213', 'nhr-53', 'nhr-121', 'nhr-205', 'nhr-95', 'nhr-113', 'nhr-78', 'nhr-13', 'nhr-20', 'nhr-16', 'nhr-80', 'nhr-256', 'hizr-1']"
SCRACAAFFR,15,0.000734,"['nhr-42', 'nhr-177', 'nhr-232', 'nhr-161', 'nhr-44', 'nhr-130', 'nhr-178', 'nhr-95', 'nhr-150', 'nhr-139', 'nhr-84', 'hizr-1', 'nhr-18', 'G5EFA1', 'Q5VKU3']"
TTTTTTTTTE,13,0.000636,"['CELE_F55D12.5', 'CELE_Y116F11B.2', 'epi-1', 'CELE_Y37H2A.11', 'CELE_Y97E10AR.2', 'CELE_F40E10.5', 'CELE_T13C2.3', 'nas-14', 'CELE_T26A8.1', 'CELE_Y22D7AL.4', 'CELE_K02E2.8', 'CELE_Y68A4B.3', 'CELE_F52G3.5']"
APPPPPPPPP,13,0.000636,"['ddl-2', 'wsp-1', 'wip-1', 'exc-6', 'frl-1', 'CELE_ZC123.1', 'grl-25', 'grl-22', 'C15C6.3', 'shn-1', 'CELE_Y40B1A.3', 'CELE_Y43F8B.28', 'unc-34']"
PTTTTTTTTT,12,0.000587,"['clec-141', 'C16D9.1', 'CELE_Y37H2A.11', 'CELE_Y43F8C.9', 'CELE_ZC434.9', 'dpy-21', 'CELE_T13C5.2', 'CELE_Y51H7C.13', 'CELE_Y37E3.19', 'CELE_Y69A2AR.31', 'CELE_W03F9.11', 'clec-199']"
TTTSTTTTTT,12,0.000587,"['C12D12.1', 'CELE_F23H12.5', 'CELE_T13C5.10', 'CELE_F56H9.6', 'CELE_T13C2.3', 'clec-245', 'CELE_T11F9.12', 'mec-1', 'CELE_R07E3.6', 'F40H6.5', 'clec-199', 'deg-1']"
TSTTTTTTTT,11,0.000538,"['C12D12.1', 'CELE_M106.8', 'ntl-11', 'CELE_F49E10.2', 'CELE_T13C5.10', 'CELE_T13C2.3', 'CELE_F56H9.6', 'CELE_T26A8.1', 'clec-243', 'CELE_Y68A4B.3', 'deg-1']"
RACAAFFRRT,10,0.00049,"['nhr-54', 'nhr-56', 'nhr-232', 'nhr-45', 'nhr-53', 'nhr-205', 'nhr-213', 'nhr-95', 'hizr-1', 'nhr-16']"
RSRSRSRSRS,10,0.00049,"['rsp-3', 'CELE_F36A2.10', 'CELE_Y57G11C.9', 'CELE_F28C1.1', 'CELE_F49C12.15', 'numr-2', 'CELE_D1037.1', 'ttn-1', 'usp-39', 'CELE_F08H9.2']"
VHCSAGIGRT,10,0.00049,"['C55B7.3', 'CELE_T27A3.5', 'CELE_Y113G7C.1', 'CELE_F36H1.3', 'CELE_Y48G9A.9', 'CELE_T22C1.8', 'CELE_Y71G12B.31', 'ptp-2', 'CELE_Y69A2AR.19', 'ptp-1']"
CNGCKTFFRR,10,0.00049,"['nhr-40', 'nhr-47', 'nhr-1', 'nhr-209', 'nhr-173', 'nhr-136', 'nhr-10', 'nhr-17', 'nhr-60', 'nhr-120']"
TTSTTTTTTT,10,0.00049,"['C12D12.1', 'ntl-11', 'CELE_T13C5.10', 'CELE_F56H9.6', 'CELE_T13C2.3', 'mec-1', 'CELE_T26A8.1', 'CELE_R07E3.6', 'clec-243', 'deg-1']"
QVKIWFQNRR,10,0.00049,"['mab-5', 'ceh-28', 'mls-2', 'ceh-9', 'ceh-7', 'ceh-13', 'vab-15', 'ceh-1', 'ceh-43', 'php-3']"
PRYCLFGDTV,10,0.00049,"['gcy-33', 'gcy-21', 'gcy-35', 'gcy-23', 'gcy-9', 'gcy-28', 'gcy-19', 'odr-1', 'gcy-11', 'gcy-13']"
TTTTSTTTTT,10,0.00049,"['C12D12.1', 'CELE_F56H9.6', 'CELE_F23H12.5', 'dpy-6', 'cutl-16', 'mec-1', 'clec-243', 'F40H6.5', 'clec-199', 'CELE_Y16B4A.2']"
VVHCSAGIGR,9,0.000441,"['C55B7.3', 'CELE_T27A3.5', 'CELE_Y113G7C.1', 'CELE_F36H1.3', 'CELE_Y48G9A.9', 'CELE_Y71G12B.31', 'ptp-2', 'CELE_Y69A2AR.19', 'ptp-1']"
SCNGCKTFFR,9,0.000441,"['nhr-40', 'nhr-47', 'nhr-1', 'nhr-209', 'nhr-173', 'nhr-136', 'nhr-10', 'nhr-60', 'nhr-120']"
HCSAGIGRTG,9,0.000441,"['C55B7.3', 'CELE_T27A3.5', 'CELE_Y71G12B.31', 'CELE_F36H1.3', 'CELE_Y48G9A.9', 'CELE_T22C1.8', 'ptp-2', 'ptp-3', 'ptp-1']"
ACRACAAFFR,9,0.000441,"['nhr-213', 'nhr-16', 'nhr-53', 'Q86PJ3', 'nhr-205', 'nhr-143', 'nhr-230', 'nhr-30', 'nhr-28']"
SSSSSSSSSE,9,0.000441,"['CELE_K01D12.8', 'CELE_D1086.19', 'clec-232', 'CELE_Y32H12A.8', 'clec-233', 'CELE_Y39B6A.1', 'rsr-2', 'C34B2.9', 'ncx-5']"
TTTTTTTEEP,9,0.000441,"['CELE_Y97E10AR.2', 'CELE_Y116F11B.2', 'epi-1', 'CELE_D1054.9', 'CELE_F52G3.5', 'CELE_T13C2.3', 'nas-14', 'C06G1.2', 'unc-52']"
GGGGGGGGGG,9,0.000441,"['clp-1', 'nova-1', 'xrn-2', 'ssq-4', 'col-2', 'grd-1', 'grl-17', 'uaf-2', 'CELE_F47B8.13']"
RYCLFGDTVN,9,0.000441,"['gcy-33', 'gcy-21', 'gcy-35', 'gcy-23', 'gcy-9', 'gcy-28', 'gcy-19', 'odr-1', 'gcy-13']"
HRDIAARNCL,9,0.000441,"['CELE_T25B9.4', 'svh-4', 'kin-26', 'CELE_Y116A8C.24', 'frk-1', 'CELE_M176.9', 'CELE_R11E3.1', 'spe-8', 'CELE_ZC581.7']"
WDTAGQERFR,8,0.000392,"['tag-312', 'rab-30', 'rab-6.1', 'C56E6.2', 'rab-18', '4R79.2', 'rab-14', 'aex-6']"
IVVHCSAGIG,8,0.000392,"['C55B7.3', 'CELE_T27A3.5', 'CELE_Y113G7C.1', 'CELE_F36H1.3', 'CELE_Y71G12B.31', 'ptp-2', 'CELE_Y69A2AR.19', 'ptp-1']"
YKVETIGDAY,8,0.000392,"['gcy-31', 'gcy-35', 'gcy-23', 'gcy-9', 'gcy-28', 'gcy-11', 'gcy-13', 'gcy-12']"
AAAAAAAAAA,8,0.000392,"['met-1', 'ceh-24', 'frl-1', 'ldb-1', 'baz-2', 'pqn-41', 'chd-7', 'bed-2']"
LADEMGLGKT,8,0.000392,"['let-418', 'ssl-1', 'csb-1', 'CELE_T05A12.4', 'isw-1', 'chd-7', 'chd-1', 'pqn-15']"
TTTTTEEPTT,8,0.000392,"['CELE_T06A4.1', 'CELE_Y97E10AR.2', 'CELE_Y116F11B.2', 'CELE_H42K12.3', 'CELE_D1054.9', 'CELE_T27A10.6', 'CELE_T13C2.3', 'nas-14']"
TCRACAAFFR,8,0.000392,"['nhr-54', 'nhr-55', 'nhr-145', 'nhr-225', 'Q86PK3', 'nhr-59', 'nhr-110', 'nhr-218']"
SSTTTTTTTT,8,0.000392,"['CELE_R03C1.1', 'CELE_F55D12.5', 'C04G6.2', 'CELE_Y97E10AR.2', 'CELE_F52G3.5', 'CELE_K02E10.4', 'nas-14', 'CELE_T09D3.3']"
TTTTTTSTTT,8,0.000392,"['lat-1', 'CELE_R03C1.1', 'CELE_F23H12.5', 'CELE_K07D4.6', 'dpy-6', 'clec-243', 'rol-1', 'CELE_Y16B4A.2']"
TTTTTTEEPT,8,0.000392,"['CELE_Y97E10AR.2', 'CELE_Y116F11B.2', 'epi-1', 'CELE_H42K12.3', 'CELE_D1054.9', 'CELE_T27A10.6', 'CELE_T13C2.3', 'nas-14']"
TSSSSSSSSS,8,0.000392,"['CELE_F26F4.6', 'mca-1', 'C46F11.4', 'CELE_F41G3.20', 'CELE_K01D12.10', 'CELE_K07A1.20', 'C34B2.9', 'ncx-5']"
TTTEEPTTTT,8,0.000392,"['CELE_Y97E10AR.2', 'CELE_Y116F11B.2', 'CELE_D1054.9', 'CELE_T27A10.6', 'unc-52', 'CELE_T13C2.3', 'dpy-6', 'nas-14']"
TTTTTSTTTT,8,0.000392,"['lat-1', 'CELE_R03C1.1', 'CELE_F23H12.5', 'dpy-6', 'mec-1', 'clec-243', 'rol-1', 'CELE_Y16B4A.2']"
GGGYGGGYGG,8,0.000392,"['CELE_Y47D7A.15', 'hrp-2', 'rbm-28', 'nlp-25', 'CELE_R102.11', 'xrn-2', 'CELE_T21C9.9', 'F12A10.7']"
ILADEMGLGK,8,0.000392,"['let-418', 'ssl-1', 'csb-1', 'CELE_T05A12.4', 'isw-1', 'chd-7', 'chd-1', 'pqn-15']"
PIVVHCSAGI,8,0.000392,"['C55B7.3', 'CELE_T27A3.5', 'CELE_Y113G7C.1', 'CELE_F36H1.3', 'CELE_Y71G12B.31', 'ptp-2', 'CELE_Y69A2AR.19', 'ptp-1']"
GGYGGGYGGG,7,0.000343,"['CELE_Y47D7A.15', 'C34F11.8', 'nlp-33', 'rbm-28', 'CELE_R102.11', 'xrn-2', 'CELE_T21C9.9']"
KVETIGDAYM,7,0.000343,"['gcy-31', 'gcy-35', 'gcy-23', 'gcy-9', 'gcy-28', 'gcy-11', 'gcy-12']"
LQQQQQQQQQ,7,0.000343,"['bcl-11', 'lin-36', 'CELE_F54B11.4', 'pqn-21', 'pqn-26', 'rad-26', 'chd-7']"
TTTTEAPTTT,7,0.000343,"['mlt-11', 'CELE_F55D12.5', 'CELE_F23H12.5', 'C54D2.1', 'CELE_F52G3.5', 'CELE_K02E2.8', 'rol-1']"
CNGCKGFFRR,7,0.000343,"['nhr-4', 'nhr-49', 'nhr-34', 'nhr-35', 'nhr-14', 'nhr-100', 'nhr-61']"
QVWFQNRRAK,7,0.000343,"['alr-1', 'ceh-8', 'unc-4', 'ceh-10', 'ceh-14', 'ceh-17', 'unc-42']"
PPPPPPPPPM,7,0.000343,"['CELE_Y71H2AM.15', 'grl-4', 'wsp-1', 'frl-1', 'grl-22', 'CELE_Y40B1A.3', 'wve-1']"
SRSRSRSRSR,7,0.000343,"['rsp-3', 'CELE_F36A2.10', 'CELE_Y57G11C.9', 'CELE_F28C1.1', 'CELE_F49C12.15', 'CELE_D1037.1', 'CELE_F08H9.2']"
HRDLKPENLL,7,0.000343,"['mak-2', 'unc-43', 'aak-1', 'sad-1', 'CELE_R06A10.4', 'pig-1', 'cmk-1']"
QKQRIAIARA,7,0.000343,"['pgp-1', 'pgp-10', 'haf-1', 'haf-7', 'haf-6', 'haf-4', 'pgp-11']"
GGQKQRIAIA,7,0.000343,"['pgp-1', 'pgp-10', 'haf-1', 'haf-7', 'haf-6', 'haf-4', 'pgp-11']"
TTTTTTTTEE,7,0.000343,"['CELE_Y97E10AR.2', 'CELE_Y116F11B.2', 'epi-1', 'CELE_D1054.9', 'CELE_F52G3.5', 'CELE_T13C2.3', 'nas-14']"
TTTTEEPTTT,7,0.000343,"['CELE_Y97E10AR.2', 'CELE_Y116F11B.2', 'CELE_D1054.9', 'CELE_T27A10.6', 'unc-52', 'CELE_T13C2.3', 'nas-14']"
GQKQRIAIAR,7,0.000343,"['pgp-1', 'pgp-10', 'haf-1', 'haf-7', 'haf-6', 'haf-4', 'pgp-11']"
SGGQKQRIAI,7,0.000343,"['pgp-1', 'pgp-10', 'haf-1', 'haf-7', 'haf-6', 'haf-4', 'pgp-11']"
YCLFGDTVNT,7,0.000343,"['gcy-33', 'gcy-21', 'gcy-9', 'gcy-28', 'gcy-19', 'gcy-13', 'gcy-36']"
TTTTTTTSTT,7,0.000343,"['lat-1', 'CELE_F23H12.5', 'CELE_F49E10.2', 'CELE_K07D4.6', 'CELE_ZK265.7', 'clec-243', 'rol-1']"
AAAQQQQQQQ,7,0.000343,"['CELE_Y75B8A.8', 'pqn-41', 'cbp-1', 'mdt-15', 'baz-2', 'chd-7', 'CELE_Y67H2A.10']"
GCKGFFRRSI,6,0.000294,"['nhr-34', 'sex-1', 'nhr-69', 'nhr-85', 'nhr-100', 'nhr-61']"
AYGQTGSGKT,6,0.000294,"['klp-19', 'klp-15', 'KLP-7', 'KLP-10', 'osm-3', 'klp-12']"
PPPPPPPPPA,6,0.000294,"['cas-1', 'wip-1', 'CELE_ZC123.1', 'grl-25', 'viro-2', 'unc-34']"
RACAAFFRRS,6,0.000294,"['nhr-43', 'nhr-273', 'nhr-218', 'nhr-84', 'nhr-115', 'nhr-28']"
SSSSSSSSST,6,0.000294,"['lin-39', 'CELE_F41G3.20', 'CELE_D2092.6', 'trpl-2', 'CELE_K01D12.10', 'CELE_Y46G5A.20']"
LDEATSALDS,6,0.000294,"['pgp-13', 'pgp-11', 'pgp-10', 'pgp-6', 'haf-7', 'haf-6']"
LFLGDYVDRG,6,0.000294,"['C27B7.6', 'C23G10.1', 'CELE_Y69E1A.4', 'tax-6', 'CELE_W03D8.2', 'CELE_R08A2.2']"
CNACKMFFRR,6,0.000294,"['nhr-188', 'nhr-185', 'nhr-124', 'nhr-26', 'nhr-15', 'nhr-9']"
TTTTTTTEAP,6,0.000294,"['CELE_T19A5.3', 'CELE_F55D12.5', 'C54D2.1', 'CELE_F40E10.5', 'CELE_K02E2.8', 'CELE_Y68A4B.3']"
DTVNTASRME,6,0.000294,"['gcy-33', 'gcy-21', 'gcy-9', 'gcy-19', 'gcy-13', 'gcy-12']"
TVNTASRMES,6,0.000294,"['gcy-33', 'gcy-21', 'gcy-9', 'gcy-19', 'gcy-13', 'gcy-12']"
LFGDTVNTAS,6,0.000294,"['gcy-33', 'gcy-21', 'gcy-9', 'gcy-19', 'gcy-13', 'gcy-12']"
TTTTTTTTTS,6,0.000294,"['lat-1', 'cwp-4', 'dpy-21', 'CELE_Y37E3.19', 'clec-243', 'rol-1']"
SSSSSSSTSS,6,0.000294,"['rga-2', 'lin-39', 'ces-1', 'hot-2', 'CELE_Y46G5A.20', 'larp-5']"
GPPGPPGPPG,6,0.000294,"['col-83', 'col-51', 'col-49', 'sqt-3', 'col-115', 'col-135']"
NSIRHNLSLN,6,0.000294,"['fkh-10', 'fkh-8', 'unc-130', 'fkh-2', 'let-381', 'fkh-6']"
SGGGGGGGGG,6,0.000294,"['col-51', 'grd-1', 'nova-1', 'uaf-2', 'CELE_F47B8.13', 'grl-23']"
CPAGPPGPPG,6,0.000294,"['col-19', 'col-55', 'col-37', 'col-129', 'col-183', 'col-120']"
AAPPPPPPPP,6,0.000294,"['CELE_F54A3.6', 'C15C6.3', 'wsp-1', 'rimb-1', 'CELE_ZC123.1', 'grl-25']"
DEMGLGKTIQ,6,0.000294,"['M03C11.8', 'ssl-1', 'csb-1', 'CELE_T05A12.4', 'chd-1', 'pqn-15']"
MPRYCLFGDT,6,0.000294,"['gcy-21', 'gcy-35', 'gcy-28', 'gcy-19', 'gcy-11', 'gcy-13']"
ACAAFFRRSV,6,0.000294,"['nhr-43', 'nhr-142', 'nhr-273', 'nhr-115', 'nhr-22', 'nhr-28']"
TTTEAPTTTT,6,0.000294,"['mlt-11', 'CELE_F55D12.5', 'CELE_F23H12.5', 'CELE_H42K12.3', 'CELE_F52G3.5', 'CELE_K02E2.8']"
TTTTTTTTTP,6,0.000294,"['clec-141', 'CELE_T13C5.10', 'CELE_Y43F8C.9', 'spp-7', 'CELE_W03F9.11', 'clec-199']"
TTTPTTTTTT,6,0.000294,"['clec-141', 'CELE_Y95B8A.6', 'CELE_K07D4.6', 'CELE_F56H9.6', 'clec-118', 'clec-199']"
HRDLAARNVL,6,0.000294,"['csk-1', 'CELE_Y47G6A.5', 'egl-15', 'CELE_F26E4.5', 'ark-1', 'src-1']"
TSSTTTTTTT,6,0.000294,"['CELE_R03C1.1', 'C04G6.2', 'CELE_Y97E10AR.2', 'CELE_F52G3.5', 'CELE_T25B2.3', 'nas-14']"
FGDTVNTASR,6,0.000294,"['gcy-33', 'gcy-21', 'gcy-9', 'gcy-19', 'gcy-13', 'gcy-12']"
EEEEEEEEEE,6,0.000294,"['rpi-1', 'tni-3', 'C53C9.2', 'CELE_Y54G11A.14', 'C16H3.3', 'cec-1']"
VHCSAGVGRT,6,0.000294,"['CELE_T28F4.3', 'CELE_F54F12.1', 'CELE_Y41D4A.5', 'CELE_T20B6.1', 'CELE_F55F8.7', 'CELE_ZK354.8']"
CSAGVGRTGT,6,0.000294,"['CELE_F54F12.1', 'CELE_Y41D4A.5', 'CELE_T20B6.1', 'CELE_F20B6.1', 'B0207.1', 'clr-1']"
SSSSSSSSES,6,0.000294,"['CELE_W03G1.5', 'clec-232', 'rtfo-1', 'CELE_Y39B6A.1', 'rsr-2', 'CELE_K01D12.8']"
KKEEKKEEKK,6,0.000294,"['C53B4.2', 'CELE_F57H12.5', 'C08F8.6', 'CELE_ZK354.3', 'wdfy-3', 'CELE_F53G12.8']"
HCSAGVGRTG,6,0.000294,"['CELE_F54F12.1', 'CELE_Y41D4A.5', 'CELE_T20B6.1', 'CELE_F20B6.1', 'B0207.1', 'clr-1']"
GDTVNTASRM,6,0.000294,"['gcy-33', 'gcy-21', 'gcy-9', 'gcy-19', 'gcy-13', 'gcy-12']"
KKSKKSKKSK,6,0.000294,"['CELE_Y37E11B.10', 'CELE_Y54E2A.7', 'C41G7.6', 'cec-8', 'R07E5.1', 'CELE_W09C3.2']"
ETTTTTTTTT,6,0.000294,"['clec-228', 'mam-1', 'clec-144', 'CELE_Y22D7AL.4', 'CELE_M02G9.1', 'CELE_H37A05.4']"
FAYGQTGSGK,6,0.000294,"['klp-4', 'KLP-7', 'klp-6', 'KLP-10', 'osm-3', 'unc-104']"
PGPPGPPGPP,6,0.000294,"['col-83', 'col-99', 'C50F7.5', 'col-34', 'col-115', 'col-135']"
IHRDIAARNC,6,0.000294,"['CELE_T25B9.4', 'frk-1', 'CELE_M176.9', 'CELE_R11E3.1', 'spe-8', 'CELE_ZC581.7']"
TQVKIWFQNR,6,0.000294,"['ceh-28', 'mls-2', 'ceh-9', 'vab-15', 'ceh-1', 'ceh-43']"
LSCRACAAFF,5,0.000245,"['nhr-42', 'nhr-140', 'nhr-133', 'nhr-84', 'G5EFA1']"
KIWFQNRRMK,5,0.000245,"['egl-5', 'ceh-12', 'ceh-13', 'php-3', 'mab-5']"
RKVCRSLRTA,5,0.000245,"['fbxa-47', 'fbxa-60', 'fbxa-37', 'C39B5.2', 'fbxa-11']"
CIHRDIAARN,5,0.000245,"['frk-1', 'kin-9', 'CELE_M176.9', 'CELE_ZC581.7', 'CELE_R11E3.1']"
HRDIKPENLL,5,0.000245,"['CELE_R02C2.6', 'CELE_F52B5.2', 'chk-1', 'air-2', 'CELE_F32B6.10']"
ACNGCKGFFR,5,0.000245,"['nhr-61', 'nhr-34', 'nhr-35', 'nhr-14', 'nhr-4']"
VPSCNGCKTF,5,0.000245,"['nhr-10', 'nhr-141', 'nhr-173', 'nhr-136', 'nhr-209']"
PPGPPGPPGP,5,0.000245,"['col-34', 'col-83', 'col-99', 'col-49', 'C50F7.5']"
PPPPPPPPPS,5,0.000245,"['CELE_Y43F8B.28', 'CELE_F59E12.9', 'inft-2', 'wsp-1', 'CELE_F07A11.4']"
LMCRTCEEFG,5,0.000245,"['B0281.1', 'C28G1.6', 'CELE_F43C11.8', 'CELE_F43C11.7', 'C28G1.5']"
AAQQQQQQQQ,5,0.000245,"['chd-7', 'pqn-41', 'egl-27', 'CELE_Y67H2A.10', 'mdt-15']"
SSSSSSSSSG,5,0.000245,"['cyn-8', 'C46F11.4', 'mca-1', 'grl-25', 'rnp-5']"
KSKKSKKSKK,5,0.000245,"['CELE_Y37E11B.10', 'R07E5.1', 'CELE_Y54E2A.7', 'cec-8', 'C41G7.6']"
LDEATSALDT,5,0.000245,"['pgp-3', 'haf-2', 'pgp-11', 'pgp-8', 'W09D6.6']"
YLFLGDYVDR,5,0.000245,"['C27B7.6', 'CELE_Y69E1A.4', 'tax-6', 'CELE_W03D8.2', 'C23G10.1']"
TTTTTPTTTT,5,0.000245,"['CELE_F54E4.4', 'clec-141', 'CELE_K07D4.6', 'CELE_F56H9.6', 'clec-199']"
QQQQQQQQQA,5,0.000245,"['egrh-3', 'chd-7', 'pqn-21', 'adr-1', 'ssl-1']"
QQQQQQQQQL,5,0.000245,"['bcl-11', 'CELE_Y75B8A.6', 'pes-4', 'unc-75', 'rad-26']"
NGCKTFFRRT,5,0.000245,"['nhr-10', 'nhr-154', 'nhr-173', 'nhr-120', 'nhr-1']"
SCNACKMFFR,5,0.000245,"['nhr-185', 'nhr-26', 'nhr-124', 'nhr-186', 'nhr-9']"
LSGGQKQRIA,5,0.000245,"['haf-1', 'pgp-1', 'pgp-10', 'haf-6', 'pgp-11']"
ADEMGLGKTI,5,0.000245,"['CELE_T05A12.4', 'chd-1', 'ssl-1', 'pqn-15', 'csb-1']"
LLFGPPGTGK,5,0.000245,"['nsf-1', 'vps-4', 'rpt-4', 'figl-1', 'cdc-48.1']"
VQVWFQNRRA,5,0.000245,"['alr-1', 'ceh-14', 'unc-4', 'ceh-8', 'ceh-17']"
EEEEEEEEED,5,0.000245,"['C53C9.2', 'rpi-1', 'CELE_Y54G11A.14', 'atg9', 'C16H3.3']"
TTTTTTTPPP,5,0.000245,"['CELE_Y69A2AR.31', 'CELE_W03F9.11', 'CELE_Y43F8C.9', 'spp-7', 'deg-1']"
GAPPPPPPPP,5,0.000245,"['shn-1', 'frl-1', 'CELE_ZK180.5', 'unc-34', 'wsp-1']"
QLWDTAGQER,5,0.000245,"['4R79.2', 'tag-312', 'aex-6', 'rab-33', 'rab-6.1']"
GCGGGGGGGC,5,0.000245,"['grl-17', 'grl-25', 'grl-23', 'grl-20', 'C27A2.5']"
PSCNGCKTFF,5,0.000245,"['nhr-10', 'nhr-141', 'nhr-173', 'nhr-136', 'nhr-209']"
MQQQQQQQQQ,5,0.000245,"['egrh-3', 'pqn-85', 'sel-8', 'pes-4', 'mbk-1']"
LPGPPGPPGP,5,0.000245,"['col-71', 'col-99', 'col-68', 'col-115', 'col-135']"
CKACAAFFRR,5,0.000245,"['nhr-11', 'nhr-78', 'nhr-13', 'nhr-57', 'nhr-79']"
KVCRSLRTAV,5,0.000245,"['fbxa-47', 'fbxa-60', 'fbxa-37', 'C39B5.2', 'fbxa-11']"
LLDEATSALD,5,0.000245,"['pgp-3', 'pgp-11', 'pgp-10', 'pgp-6', 'haf-4']"
KLMCRTCEEF,5,0.000245,"['B0281.1', 'C28G1.6', 'CELE_F43C11.8', 'CELE_F43C11.7', 'C28G1.5']"
ENLHPDFCLT,5,0.000245,"['irld-63', 'irld-24', 'irld-12', 'irld-39', 'irld-64']"
KACAAFFRRT,5,0.000245,"['nhr-256', 'nhr-11', 'nhr-78', 'nhr-13', 'nhr-57']"
RDLKPENLLL,5,0.000245,"['aak-1', 'sad-1', 'unc-43', 'sgk-1', 'pig-1']"
TTTTTTTTTQ,5,0.000245,"['C12D12.1', 'mam-1', 'CELE_R03C1.1', 'C16D9.1', 'CELE_M02G9.1']"
GPPGPPGQPG,5,0.000245,"['col-10', 'dpy-4', 'col-129', 'col-55', 'emb-9']"
TRAGGLGINL,5,0.000245,"['let-418', 'M03C11.8', 'chd-7', 'isw-1', 'chd-1']"
GGGRGGGGGG,5,0.000245,"['CELE_R08F11.7', 'ddx-17', 'grsp-3', 'CELE_F53C3.3', 'clec-233']"
TTTTPTTTTT,5,0.000245,"['CELE_F54E4.4', 'clec-141', 'CELE_K07D4.6', 'CELE_F56H9.6', 'clec-199']"
CLFGDTVNTA,5,0.000245,"['gcy-19', 'gcy-9', 'gcy-13', 'gcy-33', 'gcy-21']"
GGGFRGGRGG,5,0.000245,"['fib-1', 'CELE_K07H8.10', 'Y66H1A.4', 'lpd-6', 'gtbp-1']"
DTAGQERFRS,5,0.000245,"['4R79.2', 'tag-312', 'aex-6', 'rab-6.1', 'rab-30']"
TTTTTTTTEA,5,0.000245,"['sym-1', 'CELE_F40E10.5', 'CELE_F55D12.5', 'CELE_K02E2.8', 'CELE_Y68A4B.3']"
FVTHGGLGST,5,0.000245,"['ugt-18', 'ugt-6', 'ugt-13', 'ugt-28', 'ugt-44']"
KQRIAIARAI,5,0.000245,"['pgp-11', 'pgp-4', 'pgp-10', 'haf-6', 'pgp-6']"
FLKHWINGSN,5,0.000245,"['fbxb-85', 'fbxb-60', 'fbxb-3', 'fbxb-88', 'fbxb-83']"
AHQWFGNLVT,5,0.000245,"['CELE_Y42A5A.1', 'anp-1', 'CELE_Y67D8C.9', 'CELE_R03G8.4', 'CELE_F49B2.6']"
VCRSLRTAVD,5,0.000245,"['fbxa-47', 'fbxa-60', 'fbxa-37', 'C39B5.2', 'fbxa-11']"
LLLDEATSAL,5,0.000245,"['pgp-3', 'pgp-11', 'pgp-10', 'pgp-6', 'haf-4']"
TTTTTTEAPT,5,0.000245,"['CELE_K02E2.8', 'C54D2.1', 'CELE_F55D12.5', 'CELE_F40E10.5', 'CELE_F23H12.5']"
LNLVDLAGSE,5,0.000245,"['klp-17', 'bmk-1', 'osm-3', 'klp-3', 'KLP-10']"
TTSSTTTTTT,5,0.000245,"['CELE_F52G3.5', 'CELE_Y97E10AR.2', 'CELE_R03C1.1', 'CELE_T25B2.3', 'C04G6.2']"
RSSSSSSSSS,5,0.000245,"['cyn-8', 'C30H6.5', 'CELE_Y46G5A.20', 'CELE_Y32H12A.8', 'rnp-5']"
STSSSSSSSS,5,0.000245,"['CELE_F26F4.6', 'cfp-1', 'C34B2.9', 'mca-1', 'CELE_K07A1.20']"
TTPTTTTTTT,5,0.000245,"['CELE_K07D4.6', 'clec-141', 'clec-118', 'CELE_F56H9.6', 'clec-199']"
VPPPPPPPPP,5,0.000245,"['viro-2', 'CELE_H31G24.1', 'CELE_W03B1.5', 'wsp-1', 'CELE_F07A11.4']"
NGCKGFFRRS,5,0.000245,"['nhr-61', 'nhr-34', 'nhr-14', 'nhr-4', 'nhr-100']"
NLVDLAGSER,5,0.000245,"['klp-17', 'klp-6', 'osm-3', 'klp-3', 'KLP-10']"
GILADEMGLG,5,0.000245,"['CELE_T05A12.4', 'isw-1', 'ssl-1', 'pqn-15', 'csb-1']"
