k-mer,number of proteins,percentage,all,(Out of 21462 proteins in total)
AAAAAAAAAA,102,0.004753,"['ZFX', 'ZFR', 'NIPA1', 'RAPGEF5', 'SHARP1', 'LRRC47', 'FOXI3', 'CREBZF', 'LHX2', 'ADAMTS1', 'SIX4', 'J9JHW3', 'TOR3A', 'DMPK', 'PTBP2', 'IRX3', 'E2RJR5', 'PEX26', 'PRRC2A', 'SP5', 'EVX2', 'LOC609540', 'J9P7E4', 'UNCX', 'HTATIP2', 'TBX2', 'J9P5I5', 'RBM47', 'ARID1B', 'MAZ', 'J9NX23', 'LOC608319', 'MAMLD1', 'ATMIN', 'OSBP', 'J9P1Y2', 'PABPN1', 'WHRN', 'ARHGEF33', 'CHD3', 'J9P7U7', 'GSX2', 'ASXL2', 'J9PA93', 'ZBTB8B', 'SOBP', 'NLK', 'J9P336', 'TMEM65', 'PTF1A', 'HOXD11', 'FAM8A1', 'FBRS', 'ALKBH5', 'PRDM8', 'KDM1A', 'TMEM131', 'ZFHX3', 'TLE4', 'SHROOM3', 'J9NRP0', 'PHOX2B', 'PRPF40A', 'FOXB2', 'CLASRP', 'KLHL11', 'FBXO41', 'P3H1', 'FOXD3', 'RXRB', 'OLIG2', 'IRS4', 'SOWAHA', 'J9PBP4', 'AMOT', 'J9NRR6', 'HMX3', 'RBM4', 'TRIL', 'PSMD6', 'JARID2', 'FOXO1', 'SOX3', 'J9NYJ1', 'J9P3I8', 'J9NZ23', 'EOMES', 'PGR', 'MCEE', 'J9P6S3', 'POU3F1', 'RTF1', 'J9NTF2', 'PCDH8', 'TBL1X', 'ARX', 'ZNF358', 'NRDE2', 'MIDN', 'CDK13', 'CKAP4', 'KCNN2']"
EEEEEEEEEE,97,0.00452,"['NCBP3', 'KMT5C', 'NISCH', 'PROCA1', 'PPP4R2', 'E2RQ76', 'FKBP8', 'CLSTN1', 'IFNLR1', 'CERS3', 'SUPT5H', 'EIF3D', 'CFAP65', 'MICAL3', 'P3H3', 'MAPK8IP2', 'KDM2A', 'WEE1', 'HDGF', 'MYT1', 'TRIM26', 'ACIN1', 'RANGAP1', 'BAZ1B', 'SNAPC5', 'HRC', 'ZNF526', 'PCGF6', 'NRDC', 'ANO8', 'C18H11orf95', 'GTF3C3', 'SPRYD3', 'EP400', 'TSPOAP1', 'FERD3L', 'EIF5B', 'DAXX', 'PIK3R5', 'J9P9F9', 'ZNF513', 'KLHL34', 'H9GWJ2', 'PLPPR3', 'PAXIP1', 'SMYD5', 'PHF23', 'C11H9orf131', 'ZNF592', 'HDAC5', 'ZFHX3', 'PELP1', 'TRPC3', 'POLE', 'PRKCSH', 'F1PPG0', 'EHMT2', 'PGBD2', 'CNKSR2', 'RBM19', 'ERICH4', 'KIF21A', 'ZNF326', 'J9NUQ4', 'PODXL2', 'CELSR2', 'LOC611067', 'PLCD3', 'TAOK2', 'NEUROD2', 'YTHDC1', 'KIF1A', 'BABAM1', 'PRM3', 'TBC1D12', 'KIAA1217', 'ZNF316', 'HMGB3', 'BCL11A', 'LOC489591', 'SMARCA4', 'F1PYQ6', 'F1PTI2', 'TMEM132A', 'LOC403555', 'ATP1B4', 'STAC3', 'PIEZO2', 'ZBTB47', 'PLEKHG3', 'HAP1', 'NCL', 'KANK1', 'KAT6B', 'DCAF8', 'SLC4A1AP', 'SCAF1']"
GGGGGGGGGG,90,0.004193,"['HSF5', 'RBM15B', 'NAV1', 'J9P3C2', 'F1Q0H5', 'LOC100856622', 'J9NYT8', 'SMAD7', 'EVX2', 'SHOX2', 'IQCJ-SCHIP1', 'MKRN1', 'ADCY1', 'TCF7L1', 'FOXA1', 'GATAD1', 'FUS', 'RRAD', 'F8A1', 'FUBP1', 'RFX1', 'U2AF1', 'SOX12', 'NBEA', 'ITPKB', 'ZFC3H1', 'DLX2', 'MN1', 'TTC9', 'J9NX07', 'CCDC6', 'J9PBI9', 'J9NVP4', 'J9PBA5', 'ABTB2', 'CD99', 'PCDH10', 'PCDH17', 'ZNF503', 'PRDM8', 'PDZD8', 'SHARP1', 'CAPNS1', 'SMCHD1', 'EIF2B5', 'ZFHX3', 'TBX2', 'MESP1', 'J9P9L2', 'FZD7', 'BAIAP2L2', 'KIF3C', 'ERICH6', 'FOXF2', 'PLPP6', 'C18H11orf68', 'TAPT1', 'OLIG2', 'COL17A1', 'UNC80', 'AK4', 'SRP68', 'C37H2orf69', 'FAM117B', 'SOX2', 'ANKRD17', 'FEZF2', 'F1PBH7', 'HS3ST3A1', 'C32H4orf54', 'KLF4', 'SIPA1L3', 'TRA2A', 'VPS13C', 'PRDM1', 'POU3F1', 'J9P8U5', 'J9P8U3', 'ARIH1', 'EMC10', 'MEX3B', 'J9NXI2', 'NKPD1', 'SOGA3', 'TLX1', 'CACNG8', 'PURA', 'J9NZJ4', 'WIPF1', 'ILF3']"
PPPPPPPPPP,85,0.00396,"['J9P2B8', 'WASHC1', 'BAG6', 'KCNC2', 'FNBP4', 'ZNF318', 'PEG10', 'C18H11orf95', 'ZFHX3', 'SF3B2', 'POLG', 'ACR', 'MEGF8', 'F1PMB4', 'SEPT8', 'SETD1A', 'J9P5U9', 'SYNPO', 'GABBR2', 'INSM1', 'NKX2-4', 'J9NST0', 'AHDC1', 'SOX30', 'JMY', 'ESPN', 'WASF2', 'ALAS1', 'PRDM6', 'FMNL1', 'ZNF341', 'CAP2', 'PXK', 'RAPH1', 'YLPM1', 'ZIC5', 'PRIMA1', 'WHAMM', 'RBM33', 'J9PAJ1', 'VIRMA', 'PCLO', 'GGN', 'LZTS2', 'FOXE3', 'SPEF2', 'TSPYL2', 'DIAPH3', 'FIGN', 'KDM6B', 'DAB2IP', 'LPCAT4', 'ACAP2', 'R3HDM1', 'FASLG', 'ZNF462', 'RNF44', 'J9NU01', 'J9NY46', 'ZNF827', 'SALL2', 'J9P6E4', 'FHDC1', 'WAS', 'PTPN5', 'SRPK2', 'FHOD1', 'J9PBN4', 'CABLES2', 'NOTUM', 'J9PAV4', 'UCKL1', 'IRS4', 'J9P1S7', 'SIK2', 'DMRTB1', 'PHC1', 'PRR12', 'MAMLD1', 'PRR11', 'HTT', 'RNF215', 'ATXN7', 'PPP3CB', 'J9P7P3']"
XXXXXXXXXX,75,0.003495,"['F1PFW6', 'EFNB3', 'J9PA15', 'F1PU36', 'RAB39B', 'CLBA1', 'STAB2', 'ALKAL1', 'J9P0T1', 'NIT1', 'F1PKI3', 'SCYL1', 'J9NYZ8', 'DMRTB1', 'J9P363', 'SEPT9', 'J9NVW5', 'E2RQ76', 'SCAP', 'AP4B1', 'F1PVR5', 'PELI2', 'J9NU01', 'J9P0A7', 'J9P9B7', 'CLEC3B', 'J9P3I8', 'J9NZ23', 'RUNX3', 'J9NRZ1', 'E2RDH2', 'DLGAP3', 'J9NZC2', 'CBFB', 'F1Q262', 'F1P6W0', 'PLEKHD1', 'J9P6H3', 'J9P975', 'F6XM67', 'GRM3', 'POU3F3', 'SP9', 'J9P6Y2', 'PEAK3', 'FIGN', 'LOC102153005', 'ATG10', 'J9PAA6', 'J9NZJ4', 'J9PBI9', 'J9P9I1', 'GPT', 'CACNA2D1', 'FAM171A2', 'J9P0S3', 'EIF4E3', 'SEMA3B', 'CNTLN', 'EMILIN1', 'F1PKQ2', 'NOTCH4', 'CCDC85C', 'J9P6A2', 'ARHGAP22', 'J9NY24', 'PPFIBP1', 'DXO', 'SNCG', 'C12H6orf132', 'OPRD1', 'DNAJB2', 'Peg3', 'LMOD1', 'H2BF45']"
SSSSSSSSSS,54,0.002516,"['ZCCHC10', 'J9NS57', 'SYMPK', 'SETD1A', 'LURAP1L', 'PRG4', 'EDC4', 'NR1D1', 'RANBP10', 'SIX3', 'DCAF5', 'PEG10', 'SALL2', 'SERTAD4', 'PRR13', 'CHD8', 'TNRC18', 'F6XVW9', 'NPAS1', 'MLLT3', 'POU6F2', 'GUCY1A2', 'CAMTA2', 'BRD2', 'KDM6B', 'RLIM', 'HSPB7', 'PPRC1', 'HEG1', 'ZBTB4', 'HOXD4', 'TSHZ3', 'ARL6IP4', 'GTF2IRD1', 'ZBTB22', 'ATXN7', 'J9P377', 'JMJD6', 'MEX3B', 'FAM193B', 'LOC492226', 'E2F4', 'MBTPS2', 'HDGFL2', 'SRRM2', 'TMEM40', 'FBRS', 'PRDM2', 'PNN', 'PPIG', 'RNF126', 'SYN2', 'NFE2L1', 'ZNF865']"
QQQQQQQQQQ,54,0.002516,"['LIN7A', 'FOXP2', 'GIGYF2', 'POU3F2', 'CELF3', 'ZFHX3', 'BMP2K', 'GLG1', 'TNRC6B', 'DENND4B', 'SHROOM4', 'THAP11', 'NCOR2', 'MAMLD1', 'MINK1', 'NCOA6', 'CACNA1A', 'NCOA3', 'TMCC2', 'FAM155A', 'MED12', 'VEZF1', 'MAGI1', 'DLX6', 'PPP1R14C', 'MED15', 'CREBZF', 'KMT2D', 'TET2', 'IER5L', 'AR', 'ATN1', 'KCNN2', 'FRMPD3', 'ST6GALNAC5', 'NUFIP2', 'TNS1', 'NFAT5', 'AMOTL1', 'AKAP2', 'PRDM8', 'ARID1B', 'F1PM52', 'TFCP2', 'HTT', 'TOX3', 'CXXC1', 'TWISTNB', 'DRPLA', 'KAT6A', 'NUMBL', 'J9NT54', 'CREBBP', 'CHERP']"
GGGGGGGGGA,34,0.001584,"['ONECUT3', 'FOXA1', 'SMAD7', 'GLI2', 'SRSF1', 'FEZF2', 'BAIAP2L2', 'HS3ST3A1', 'BMP2K', 'NAV1', 'F8A1', 'F1Q0H5', 'HNRNPL', 'ERICH6', 'ZFC3H1', 'VPS13C', 'C18H11orf68', 'MN1', 'BICRA', 'EVX2', 'SHOX2', 'ITPKB', 'J9NVP4', 'J9PBA5', 'ADCY1', 'J9P1D4', 'TLX1', 'NRXN1', 'AK4', 'CACNG8', 'C32H4orf54', 'ZNF503', 'SOGA3', 'PDZD8']"
EEEEEEEEED,32,0.001491,"['NRDC', 'ANO8', 'ZNF316', 'B4GALNT3', 'HMGB2', 'ZFHX3', 'PELP1', 'CCDC28B', 'PRKCSH', 'ARID4B', 'FKBP8', 'EHMT2', 'ARMH4', 'NOC2L', 'PIK3R5', 'MAPK8IP2', 'KDM2A', 'LOC403555', 'KIF21A', 'MYT1', 'ANP32E', 'ZBTB7C', 'ZNF777', 'NCBP3', 'PHF23', 'ZNF526', 'KIF1A', 'FBXO3', 'C11H9orf131', 'SPRYD3', 'KANK1', 'KAT6B']"
SAAAAAAAAA,31,0.001444,"['HMX3', 'PSMD6', 'TLE4', 'TBX2', 'PITX3', 'CHCHD10', 'NKX2-3', 'ZNF703', 'HOXA13', 'HOXA11', 'EOMES', 'SPTLC2', 'NLK', 'J9P6S3', 'TRIL', 'E2RJR5', 'SP5', 'EVX2', 'LOC609540', 'KCNN2', 'PBX2', 'TBL1X', 'RBM47', 'ARID1B', 'ID4', 'MAZ', 'MAMLD1', 'J9PBP4', 'PRDM8', 'CKAP4', 'AMOT']"
EEEEEEEEEG,31,0.001444,"['NISCH', 'C18H11orf95', 'LOC489591', 'ZNF830', 'POLE', 'ANP32E', 'E2RQ76', 'BCORL1', 'LOC100855804', 'CNKSR2', 'J9P9F9', 'J9P8S0', 'ZNF513', 'WEE1', 'KDM2B', 'BEND4', 'PLPPR3', 'MIER1', 'ACIN1', 'RANGAP1', 'SMYD5', 'LOC611067', 'SCAF1', 'TAOK2', 'NEUROD2', 'HAP1', 'TRPC3', 'EIF4G1', 'ARHGAP31', 'ZBTB47', 'RILPL2']"
AAAAAAAAAG,30,0.001398,"['KDM1A', 'J9PA93', 'NIPA1', 'SHROOM3', 'ZNF358', 'PI4K2A', 'SOX1', 'FAM8A1', 'J9NYJ1', 'ADAMTS1', 'J9P7U7', 'J9NZ23', 'J9NRP0', 'ZIC5', 'SPTLC2', 'PTBP2', 'FOXB2', 'TRIL', 'PABPN1', 'RXRB', 'J9P7E4', 'PHOX2B', 'TBX2', 'KCNJ4', 'OSBP', 'J9NX23', 'LOC608319', 'SOWAHA', 'J9PBP4', 'PRDM8']"
APPPPPPPPP,29,0.001351,"['J9P2B8', 'WASHC1', 'BAG6', 'KCNC2', 'SF1', 'ACR', 'WASL', 'J9NST0', 'J9NU01', 'WASF2', 'J9PBN4', 'FMNL1', 'FOXC2', 'PHC1', 'NRG2', 'TMEM121B', 'KMT2E', 'R3HDM1', 'SALL2', 'HNRNPUL1', 'UBR4', 'FHOD1', 'E2F2', 'INSM1', 'PRR12', 'WIPF3', 'STK39', 'PPP3CB', 'J9P7P3']"
AGGGGGGGGG,29,0.001351,"['HSF5', 'SMCHD1', 'FUBP1', 'MKRN1', 'CAPNS1', 'SOX1', 'FOXA1', 'FEZF2', 'FZD7', 'J9NT05', 'SIX3', 'NBEA', 'F1Q0H5', 'LOC100856622', 'J9NYT8', 'DLX2', 'SMAD7', 'MN1', 'BICRA', 'TDRD6', 'SHOX2', 'J9PBI9', 'TBX2', 'J9P1D4', 'AK4', 'CACNG8', 'PCDH17', 'LRCH2', 'ILF3']"
AAAAAAAAAS,26,0.001211,"['TMEM131', 'WHRN', 'SOX3', 'PITX3', 'ZNF703', 'CDK13', 'HOXA13', 'J9JHW3', 'EN1', 'PGR', 'P3H1', 'CLASRP', 'KLHL11', 'E2RJR5', 'EVX2', 'LOC609540', 'KCNN2', 'FBXO41', 'PBX2', 'IRS4', 'ARID1B', 'J9P6S3', 'MAMLD1', 'CXXC5', 'ATMIN', 'CKAP4']"
DEEEEEEEEE,26,0.001211,"['NRDC', 'ZNF316', 'HMGB2', 'SKAP1', 'BCL11A', 'PPP4R2', 'PELP1', 'GTF3C3', 'ZNF830', 'DEK', 'DAXX', 'CERS3', 'ARMH4', 'EIF3D', 'VGLL3', 'PLCB3', 'ZBTB7C', 'HOMEZ', 'MIER1', 'TRIM26', 'RANGAP1', 'LOC403555', 'BRD2', 'ARSI', 'NCL', 'KAT6B']"
LPPPPPPPPP,25,0.001165,"['ESPN', 'ZNF318', 'C18H11orf95', 'DMRTB1', 'SETD1B', 'SEPT8', 'SOX30', 'SIK2', 'FAM155B', 'CAP2', 'PXK', 'PRIMA1', 'WHAMM', 'KDM6B', 'GGN', 'MAP3K21', 'TSPYL2', 'SCAF11', 'RNF44', 'SP5', 'ZNF366', 'FASLG', 'PRR12', 'PRR11', 'J9P9C8']"
PPPPPPPPPA,24,0.001118,"['WASHC1', 'BAG6', 'FNBP4', 'FOXE3', 'ACR', 'MEGF8', 'SETD1B', 'GABBR2', 'AHDC1', 'SOX30', 'PXK', 'LPCAT4', 'ZIC5', 'PHC1', 'GGN', 'FIGN', 'DAB2IP', 'ACAP2', 'HNRNPUL1', 'CABLES2', 'UCKL1', 'IRS4', 'PRR12', 'STK39']"
PAPAPAPAPA,24,0.001118,"['ZNF217', 'MAMSTR', 'J9NWD5', 'J9P2Z7', 'MYL1', 'LEMD2', 'ADAMTS1', 'RPL29', 'GGN', 'RALGDS', 'PEX26', 'HK1', 'PAPD5', 'ISPD', 'TRIM47', 'PHLPP1', 'SAPCD2', 'J9P8C3', 'J9NSS2', 'J9PBP2', 'KIF13B', 'C30H15orf39', 'J9P2N8', 'AMOT']"
PGGGGGGGGG,23,0.001072,"['F8A1', 'EIF2B5', 'J9P9L2', 'BAIAP2L2', 'SOX12', 'PCDH10', 'NAV1', 'ONECUT3', 'ITPKB', 'DHX36', 'FOXF2', 'ERICH6', 'SIPA1L3', 'VPS13C', 'ARIH1', 'TMEM245', 'TTC9', 'KLF4', 'TLX1', 'NRXN1', 'SRP68', 'COQ5', 'ZNF503']"
SGGGGGGGGG,23,0.001072,"['FUS', 'LURAP1L', 'SOX2', 'ANKRD17', 'F1PBH7', 'EGR1', 'HS3ST3A1', 'GLI2', 'ITPKB', 'ATOH1', 'ZFC3H1', 'FAM117B', 'CCDC6', 'ANKS1A', 'MEX3B', 'KIF3C', 'COL17A1', 'NKPD1', 'RFX1', 'TRA2A', 'PURA', 'KRT10', 'ZNF503']"
GEEEEEEEEE,23,0.001072,"['B4GALNT3', 'NISCH', 'SETD1A', 'ANP32E', 'E2RQ76', 'FERD3L', 'FKBP8', 'NAP1L5', 'J9P9F9', 'KDM2A', 'ATP1B4', 'J9NUQ4', 'YTHDC1', 'TRIM26', 'PODXL2', 'LOC611067', 'NEUROD2', 'CCDC28B', 'HAP1', 'KIF1A', 'TEX2', 'SPRYD3', 'ZBTB47']"
PPPPPPPPLP,23,0.001072,"['ESPN', 'ENAH', 'ZFHX3', 'JMY', 'WASF1', 'FMNL1', 'ALAS1', 'ZNF341', 'PCLO', 'KDM6B', 'ARHGEF11', 'DIAPH3', 'R3HDM1', 'REST', 'FASLG', 'MTFR1', 'MTFR2', 'SRPK2', 'FHDC1', 'SHTN1', 'PRR11', 'WIPF3', 'J9NY46']"
PPPPPPPPPL,23,0.001072,"['ESPN', 'ONECUT3', 'ENAH', 'ZFHX3', 'JMY', 'CDK12', 'FMNL1', 'ALAS1', 'ZNF341', 'PCLO', 'KDM6B', 'SRPK2', 'TSPYL2', 'DIAPH3', 'R3HDM1', 'FASLG', 'MTFR1', 'UBR4', 'E2F2', 'SHTN1', 'PRR11', 'WIPF3', 'J9NY46']"
APAPAPAPAP,22,0.001025,"['MAMSTR', 'CNTNAP1', 'J9NWD5', 'MYL4', 'J9P2Z7', 'RPL29', 'ZNF608', 'GGN', 'RALGDS', 'PEX26', 'LOC102152097', 'PAPD5', 'ISPD', 'TRIM47', 'PHLPP1', 'SAPCD2', 'J9NSS2', 'J9PBP2', 'C30H15orf39', 'J9P2N8', 'SYNPO2', 'PDZD8']"
GAGGGGGGGG,22,0.001025,"['HSF5', 'KCNC2', 'SMAD7', 'SLC2A13', 'MKRN1', 'J9NVW7', 'ADAMTS19', 'CAPNS1', 'SOX1', 'FOXA1', 'NPAS3', 'SIX3', 'NBEA', 'F1Q0H5', 'J9NYT8', 'F1PZS8', 'MN1', 'GSK3A', 'AK4', 'CACNG8', 'LRCH2', 'HOXD11']"
VAAAAAAAAA,21,0.000978,"['KLHL11', 'CHD3', 'ALKBH5', 'L7N0M1', 'ARX', 'FOXB2', 'HOXA13', 'LHX2', 'ZBTB8B', 'LOC608319', 'EN1', 'FOXO1', 'PGR', 'PRPF40A', 'DMPK', 'PI4K2A', 'ARHGAP4', 'MCEE', 'SOX1', 'GSX2', 'HTATIP2']"
QPPPPPPPPP,21,0.000978,"['NOTUM', 'BARHL2', 'ONECUT3', 'PRDM6', 'CCDC6', 'DAB2IP', 'MAMLD1', 'ACAP2', 'SF3B2', 'PRR12', 'FIGN', 'MEGF8', 'SETD1B', 'PCLO', 'F1PCX3', 'RBM33', 'HTT', 'ZNF462', 'ATXN7', 'ZNF341', 'PEG10']"
PAAAAAAAAA,20,0.000932,"['FAM8A1', 'TMEM65', 'SHARP1', 'J9P790', 'PEX26', 'WHRN', 'PRRC2A', 'KCNJ4', 'FOXD3', 'RXRB', 'SHROOM3', 'OTUD1', 'J9P7E4', 'J9P336', 'J9P376', 'FOXI3', 'J9JHF6', 'OLIG2', 'J9P1Y2', 'ARHGEF33']"
EEEEEEEEDE,20,0.000932,"['OS9', 'NOC2L', 'ZBTB7C', 'ARMH4', 'HMGB2', 'RGL2', 'CACNA1D', 'ZFHX3', 'BOD1L1', 'CLIP3', 'ANP32E', 'SENP3', 'EHMT2', 'PRDM2', 'ZNF777', 'ATRX', 'ARID4B', 'ZEB1', 'MAPK8IP2', 'MYT1']"
PPPPPPPPPR,19,0.000885,"['J9P2B8', 'J9NU01', 'NOTUM', 'J9PAV4', 'KCNC2', 'F1PIN6', 'J9PBN4', 'SYNPO', 'C18H11orf95', 'ZNF366', 'PRIMA1', 'SEPT8', 'J9P9C8', 'ATXN7', 'J9NRG6', 'INSM1', 'MAP3K21', 'NRG2', 'PTPN5']"
PPPPPPPLPP,19,0.000885,"['ARHGEF11', 'SHTN1', 'DAAM2', 'FMNL1', 'FMN1', 'R3HDM1', 'REST', 'HOXD3', 'FASLG', 'ALAS1', 'ZNF341', 'PRR11', 'PCLO', 'PCDH15', 'WIPF3', 'MTFR1', 'MTFR2', 'GRID2IP', 'WASF1']"
GGGGGGGGGS,19,0.000885,"['TCF7L1', 'CD99', 'F1PBH7', 'SOX12', 'HNRNPA0', 'EGR1', 'PURA', 'ZFHX3', 'SIX3', 'J9P3C2', 'SRP68', 'J9PBI9', 'ATOH1', 'KRT10', 'DLX2', 'EMC10', 'RBM15B', 'ILF3', 'RFX1']"
QVKIWFQNRR,19,0.000885,"['DBX2', 'HMX3', 'HOXB1', 'HOXD8', 'HOXC12', 'CDX2', 'GBX1', 'HOXD10', 'HOXD11', 'NKX1-1', 'Q9XT68', 'HOXA4', 'NKX3-2', 'NKX2-3', 'MSX2', 'MNX1', 'GSX1', 'HOXA9', 'DLX3']"
LLLLLLLLLL,19,0.000885,"['THSD7A', 'FZD4', 'LRIG2', 'LOC476453', 'LRPAP1', 'FBLN7', 'LARGE2', 'CPD', 'MANBA', 'J9NZ47', 'CELSR2', 'DLA-79', 'FREM1', 'AGPAT1', 'DDR1', 'J9NTA7', 'HFE', 'GHDC', 'J9NS89']"
AVAAAAAAAA,18,0.000839,"['KLHL11', 'CHD3', 'ALKBH5', 'ARX', 'DEAF1', 'CPEB3', 'EN1', 'FOXO1', 'GSX2', 'MED14', 'ZBTB8B', 'DMPK', 'TAPT1', 'ARHGAP4', 'MCEE', 'SOX1', 'F1PWM1', 'HTATIP2']"
GGGGGGGGAG,18,0.000839,"['TITF1', 'F1Q0H5', 'ADCY1', 'ISOC1', 'ONECUT3', 'NPAS3', 'SMAD7', 'HS3ST3A1', 'NRXN1', 'EVX2', 'F8A1', 'C32H4orf54', 'GMCL1', 'HNRNPL', 'ITPKB', 'ERICH6', 'SHOX2', 'ZFC3H1']"
PSSSSSSSSS,18,0.000839,"['SALL2', 'SIPA1L1', 'SERTAD4', 'HDGFL2', 'J9NS57', 'CHD8', 'SYMPK', 'NPAS1', 'SIX3', 'NR1D1', 'FBRS', 'CAMTA2', 'EDC4', 'BACH2', 'ZBTB22', 'RANBP10', 'SYN2', 'ZNF865']"
EEEEEEEDEE,18,0.000839,"['HUWE1', 'ZBTB7C', 'RSPH4A', 'ARMH4', 'NOC2L', 'RANGAP1', 'PPARGC1B', 'PELP1', 'SETD1A', 'EHMT2', 'J9NVR5', 'ZNF316', 'ZBTB47', 'ARID4B', 'CIZ1', 'CWC22', 'MAPK8IP2', 'MYT1']"
PPPPPPLPPP,17,0.000792,"['NAF1', 'ARHGEF11', 'SHTN1', 'MYPOP', 'ZBTB12', 'DTX3', 'F6XL69', 'REST', 'ALAS1', 'ZNF341', 'PRR11', 'PCLO', 'NPBWR1', 'PCDH15', 'WIPF3', 'GRID2IP', 'WASF1']"
EDEEEEEEEE,17,0.000792,"['PLCB3', 'CERS3', 'ZBTB7C', 'ARMH4', 'MIER1', 'SKAP1', 'EIF3D', 'RANGAP1', 'PPP4R2', 'ZNF830', 'NPHP1', 'NCL', 'ZNF316', 'HMGB2', 'VGLL3', 'BRD2', 'MYT1']"
CQGDSGGPLV,17,0.000792,"['TMPRSS9', 'F1PXI5', 'F1PZN9', 'TMPRSS2', 'KLK11', 'LOC476356', 'TMPRSS5', 'TMPRSS6', 'GZMK', 'PLG', 'TMPRSS13', 'PLAU', 'KLK6', 'TMPRSS11B', 'PLAT', 'P15944', 'PRSS36']"
RGGGGGGGGG,17,0.000792,"['J9NXI2', 'J9NTR2', 'SRSF1', 'ADCY1', 'PLPP6', 'C18H11orf68', 'U2AF1', 'EVX2', 'ARHGAP23', 'J9P3C2', 'C32H4orf54', 'SHARP1', 'IQCJ-SCHIP1', 'APC2', 'J9P613', 'SOGA3', 'RBM15B']"
GGGGGGGGGP,17,0.000792,"['ARHGAP23', 'ABTB2', 'SMCHD1', 'ARIH1', 'NBEA', 'J9NT05', 'UNC80', 'TBX2', 'PCDH10', 'J9NZJ4', 'GAREM2', 'LOC100856622', 'TAPT1', 'APC2', 'MESP1', 'FAM117B', 'COL17A1']"
EEEDEEEEEE,16,0.000746,"['CHIC1', 'DNAH11', 'ZNF316', 'RANGAP1', 'CFAP43', 'KDM4A', 'PELP1', 'ZNF428', 'NPHP1', 'NCL', 'DNHD1', 'APBB1', 'VGLL3', 'MYT1', 'BRD2', 'PAK3']"
GPPGPPGPPG,16,0.000746,"['COL15A1', 'GLDN', 'COL18A1', 'C1QTNF3', 'TNLG7C', 'COL19A1', 'EMID1', 'O62801', 'C1QTNF12', 'COL1A1', 'J9NV78', 'CPSF6', 'SGIP1', 'F1PR41', 'COL12A1', 'COL17A1']"
GAAAAAAAAA,16,0.000746,"['J9PAF2', 'TMEM131', 'FBXO41', 'J9NYJ1', 'PTF1A', 'ARID1A', 'J9NZ23', 'J9NX23', 'TBX2', 'GAS1', 'EID2', 'ZFHX3', 'ATMIN', 'SOX3', 'PHOX2B', 'ZNF358']"
QGDSGGPLVC,16,0.000746,"['TMPRSS9', 'F1PXI5', 'GZMB', 'F1PZN9', 'KLK11', 'LOC476356', 'TMPRSS5', 'TMPRSS6', 'GZMK', 'PLG', 'TMPRSS13', 'PLAU', 'KLK6', 'PLAT', 'P15944', 'PRSS36']"
EEDEEEEEEE,16,0.000746,"['CHIC1', 'ZNF316', 'ZBTB7C', 'ARMH4', 'HMGB3', 'MIER1', 'RANGAP1', 'PPP4R2', 'NPHP1', 'NCL', 'ZNF428', 'ASCC2', 'VGLL3', 'MYT1', 'BRD2', 'PAK3']"
PPGPPGPPGP,15,0.000699,"['COL15A1', 'SGIP1', 'GLDN', 'COL18A1', 'TNLG7C', 'EMID1', 'O62801', 'COL23A1', 'COL1A1', 'J9NV78', 'CPSF6', 'CABLES2', 'F1PR41', 'C1QTNF12', 'COL17A1']"
QQQQQQQQQP,15,0.000699,"['FOXP2', 'NCOA3', 'AMOTL1', 'AKAP2', 'TNS1', 'IER5L', 'GLG1', 'MAMLD1', 'HTT', 'PHC1', 'MAGI1', 'KAT6A', 'THAP11', 'NUFIP2', 'DLX6']"
AAAAAAAAAP,15,0.000699,"['J9NRR6', 'TMEM65', 'J9P790', 'L7N0M1', 'PRRC2A', 'HCN4', 'OTUD1', 'J9NTF2', 'TOR3A', 'LRRC47', 'CHCHD10', 'J9P376', 'FOXI3', 'J9JHF6', 'J9P336']"
GAGAGAGAGA,15,0.000699,"['FBXO45', 'J9P136', 'KCNH1', 'USB1', 'NOG', 'GDF6', 'LOC478037', 'J9P2M8', 'SORT1', 'J9NZC4', 'J9PBP4', 'LACTBL1', 'SLC46A2', 'SOX4', 'J9NWV5']"
RAAAAAAAAA,15,0.000699,"['CREBZF', 'INCENP', 'J9JHF6', 'ADAMTS1', 'J9P5I5', 'J9P7U7', 'IRS4', 'J9P3I8', 'ASXL2', 'J9NTF2', 'SOBP', 'RTF1', 'ZFP91', 'PHOX2B', 'J9NRP0']"
HHHHHHHHHH,15,0.000699,"['FAM76B', 'ONECUT1', 'OTX1', 'FAM84A', 'SYNGAP1', 'DLGAP3', 'POU4F2', 'SOWAHC', 'RHOBTB2', 'ZIC3', 'DYRK1A', 'FOXB2', 'USP34', 'MEOX2', 'HAND1']"
SEEEEEEEEE,15,0.000699,"['DAXX', 'EHMT2', 'HAP1', 'H9GWJ2', 'PIEZO2', 'CELSR2', 'LOC489591', 'SMYD5', 'BAZ1B', 'C11H9orf131', 'KAT6B', 'DCAF8', 'SMARCA4', 'CLSTN1', 'PHF23']"
DSCQGDSGGP,15,0.000699,"['TMPRSS9', 'PRSS56', 'HABP2', 'F9', 'TMPRSS2', 'PRSS12', 'PLAU', 'GZMK', 'PLG', 'TMPRSS13', 'F1PXI5', 'KLK6', 'TMPRSS15', 'P06871', 'P15944']"
GPGPGPGPGP,14,0.000652,"['SLC52A2', 'SNX18', 'J9PBP2', 'NRG2', 'RBM12', 'ADRA2C', 'RBM27', 'DOC2B', 'J9P3B1', 'CHDH', 'PPP1R9B', 'SMARCA4', 'J9NVP4', 'TRIM7']"
PPPPPPPPPG,14,0.000652,"['RNF10', 'WASF2', 'SALL2', 'FAM155B', 'CAP2', 'SF1', 'J9P5U9', 'HTT', 'WASL', 'J9PAJ1', 'MED19', 'PPP3CB', 'SF3B2', 'J9P7P3']"
LELLVLEQFL,14,0.000652,"['ZNF444', 'ZNF215', 'ZNF446', 'PGBD1', 'LOC608197', 'ZBED9', 'J9NWB9', 'ZNF496', 'ZNF174', 'E2QW91', 'ZSCAN10', 'F1PSF5', 'ZSCAN1', 'ZSCAN21']"
HQRTHTGEKP,14,0.000652,"['LOC100688087', 'ZNF202', 'ZNF382', 'ZNF316', 'ZNF252', 'ZNF48', 'KLF6', 'MZF1', 'ZKSCAN2', 'ZNF22', 'ZNF775', 'ZNF394', 'ZNF514', 'ZNF672']"
LQQQQQQQQQ,14,0.000652,"['FOXP2', 'MINK1', 'NCOA6', 'GIGYF2', 'KMT2D', 'NCOA3', 'TMCC2', 'TBC1D5', 'MAMLD1', 'AR', 'TOX3', 'MED15', 'CREBBP', 'TNRC6B']"
SCQGDSGGPL,14,0.000652,"['TMPRSS9', 'PRSS56', 'HABP2', 'TMPRSS2', 'KLK11', 'PLAU', 'GZMK', 'PLG', 'TMPRSS13', 'F1PXI5', 'KLK6', 'TMPRSS15', 'P15944', 'PRSS12']"
AGAGAGAGAG,14,0.000652,"['FBXO45', 'J9P3E4', 'KCNH1', 'USB1', 'J9P136', 'GDF6', 'LOC478037', 'J9P2M8', 'SORT1', 'J9NZC4', 'J9PBP4', 'LACTBL1', 'SOX4', 'J9NWV5']"
IHTGEKPYKC,14,0.000652,"['ZNF215', 'ZNF536', 'ZNF629', 'ZNF236', 'ZNF252', 'J9JHW0', 'ZNF319', 'J9NXZ4', 'ZNF554', 'ZNF18', 'ZNF597', 'ZNF22', 'ZSCAN20', 'KLF8']"
KIWFQNRRMK,13,0.000606,"['DBX2', 'HOXD8', 'HOXC12', 'HOXB3', 'HOXB1', 'HOXD10', 'HOXD11', 'Q9XT68', 'HOXA4', 'PDX1', 'HOXD3', 'MNX1', 'HOXA9']"
EGEEEEEEEE,13,0.000606,"['HAP1', 'KRI1', 'B4GALNT3', 'TRIM26', 'CTNNBL1', 'NAP1L5', 'SETD1A', 'ANP32E', 'SPRYD3', 'E2RQ76', 'FERD3L', 'FKBP8', 'J9NUQ4']"
QVWFQNRRAK,13,0.000606,"['LHX3', 'NOBOX', 'ESX1', 'SHOX', 'DRGX', 'UNCX', 'ALX4', 'ARX', 'VSX1', 'PROP1', 'PRRX1', 'SEBOX', 'PHOX2B']"
PPPPPPPPAP,13,0.000606,"['PRKCI', 'WASHC1', 'BAG6', 'KMT2E', 'FNBP4', 'ENAH', 'DAB2IP', 'MYO18A', 'SCAF1', 'APBB1IP', 'GGN', 'ACR', 'FOXC2']"
AXXXXXXXXX,13,0.000606,"['J9NU01', 'PELI2', 'FAM222A', 'J9P6H3', 'HSPG2', 'J9NY24', 'J9NZJ4', 'J9P363', 'J9NVW5', 'CACNA2D2', 'J9P376', 'AP4B1', 'F1PVR5']"
AAVAAAAAAA,13,0.000606,"['KLHL11', 'CHD3', 'GSX2', 'S5TR79', 'DEAF1', 'ZBTB8B', 'EN1', 'FOXO1', 'MED14', 'CPEB3', 'TAPT1', 'MCEE', 'ALKBH5']"
ASSSSSSSSS,13,0.000606,"['OBSCN', 'SETD1A', 'ZBTB4', 'CHD9', 'TNRC18', 'PPRC1', 'SP4', 'MLLT3', 'POU6F2', 'ERF', 'ATN1', 'MEX3D', 'LZTS2']"
EEEEEEEEGE,13,0.000606,"['HAP1', 'J9PBA1', 'PLPPR3', 'MIER1', 'NISCH', 'RANGAP1', 'CACNA1F', 'CNKSR2', 'SMYD5', 'J9P8S0', 'TRPC3', 'EIF4G1', 'KRI1']"
PGPGPGPGPG,13,0.000606,"['SLC52A2', 'J9PBP2', 'NRG2', 'SNX18', 'SLC16A14', 'RBM27', 'DOC2B', 'J9P3B1', 'CHDH', 'PPP1R9B', 'SMARCA4', 'J9NVP4', 'TRIM7']"
RIHTGEKPYK,12,0.000559,"['ZNF536', 'ZNF629', 'ZNF236', 'ZNF252', 'J9JHW0', 'ZNF319', 'J9NXZ4', 'ZNF554', 'ZNF597', 'ZNF22', 'ZSCAN20', 'KLF8']"
PQPQPQPQPQ,12,0.000559,"['E2R901', 'MCM3AP', 'F1PSZ1', 'FBN2', 'ASCL1', 'J9P6U0', 'USP43', 'POU6F2', 'KANK2', 'ZFHX4', 'PPP2R5D', 'BAZ2A']"
QPQPQPQPQP,12,0.000559,"['E2R901', 'MCM3AP', 'F1PSZ1', 'FBN2', 'ASCL1', 'J9P6U0', 'USP43', 'POU6F2', 'KANK3', 'ZFHX4', 'PPP2R5D', 'BAZ2A']"
PEEEEEEEEE,12,0.000559,"['E2RN87', 'IFNLR1', 'KMT5C', 'SUPT5H', 'BEND4', 'TRPC3', 'PRKCSH', 'P3H3', 'SCAF1', 'KANK1', 'KAT6B', 'EIF5B']"
AAAAAAAAAT,12,0.000559,"['HOXA7', 'TBL1X', 'INCENP', 'ZFR', 'ASXL2', 'HOXA11', 'EOMES', 'FBRS', 'FOXO1', 'DACH1', 'ARHGAP4', 'J9P1Y2']"
AAAAAAAAAV,12,0.000559,"['CHD3', 'RBM4', 'RBM47', 'ARX', 'MAZ', 'ZBTB8B', 'FOXO1', 'RTF1', 'DMPK', 'ZFP91', 'OLIG2', 'AMOT']"
PLPPPPPPPP,12,0.000559,"['PRR11', 'PRRG2', 'TRERF1', 'SIK2', 'C18H11orf95', 'RNF44', 'FAM155B', 'PRR12', 'DMRTB1', 'SETD1B', 'WHAMM', 'KDM6B']"
DACQGDSGGP,12,0.000559,"['Q38J75', 'F1PXI5', 'J9PB61', 'F1PZN9', 'TMPRSS5', 'TMPRSS6', 'F1Q314', 'HPN', 'HGFAC', 'A0A097PIN8', 'PRSS8', 'TMPRSS11B']"
GGGGGGGGPG,12,0.000559,"['ABTB2', 'ARIH1', 'GSK3A', 'NBEA', 'HOXD11', 'TBX2', 'PCDH10', 'J9NZJ4', 'GAREM2', 'TAPT1', 'APC2', 'E2RMQ8']"
AAAAAAAASS,12,0.000559,"['CDK13', 'E2RJR5', 'ARID1B', 'HOXA13', 'J9JHW3', 'CPEB3', 'EVX2', 'KCNN2', 'SOX3', 'PITX3', 'CKAP4', 'WHRN']"
AAAAAAAAVA,12,0.000559,"['CHD3', 'ARX', 'MLLT6', 'MAZ', 'ZBTB8B', 'ZNF385D', 'EN1', 'FOXO1', 'RTF1', 'ZMIZ1', 'ALKBH5', 'AMOT']"
HQRIHTGEKP,12,0.000559,"['ZNF205', 'ZNF200', 'ZNF252', 'ZNF787', 'J9NXZ4', 'ZNF554', 'ZKSCAN2', 'ZNF853', 'ZNF22', 'ZNF655', 'ZNF32', 'ZSCAN16']"
PGPPGPPGPP,12,0.000559,"['COL15A1', 'GLDN', 'COL18A1', 'COL19A1', 'EMID1', 'C1QTNF12', 'COL1A1', 'J9NV78', 'CPSF6', 'SGIP1', 'COL12A1', 'COL17A1']"
ILELLVLEQF,11,0.000513,"['ZNF215', 'PGBD1', 'LOC608197', 'ZBED9', 'J9NWB9', 'ZNF496', 'ZNF174', 'E2QW91', 'ZSCAN10', 'F1PSF5', 'ZSCAN21']"
GGGGGAGGGG,11,0.000513,"['MPND', 'KLHL26', 'TAL1', 'ONECUT3', 'MLLT6', 'HOXD11', 'KRT1', 'SHOX2', 'LRCH2', 'SIX3', 'CCDC85C']"
QEEEEEEEEE,11,0.000513,"['PLEKHG3', 'KLHL34', 'ZNF592', 'PIK3R5', 'KIF17', 'PLCD3', 'TSPOAP1', 'ZNF777', 'HDGF', 'F1PVR5', 'HRC']"
EEEEEEDEEE,11,0.000513,"['ZNF316', 'ARMH4', 'ZBTB47', 'RANGAP1', 'PPARGC1B', 'PELP1', 'BBX', 'SMARCA2', 'CIZ1', 'MAPK8IP2', 'MYT1']"
SSSSSSSSST,11,0.000513,"['SETD1A', 'ZCCHC10', 'F6XVW9', 'CHD8', 'TNRC18', 'SRRM2', 'MLLT3', 'SYMPK', 'PRG4', 'PNN', 'SYN2']"
AAAAAAVAAA,11,0.000513,"['J9P6A2', 'ALKBH5', 'CHD5', 'ASXL3', 'MAZ', 'ZMIZ1', 'EN1', 'FOXO1', 'KCNA4', 'NACC1', 'MLLT6']"
AEEEEEEEEE,11,0.000513,"['PGBD2', 'F1PYQ6', 'PLPPR3', 'VSIG10', 'C18H11orf95', 'ZFHX3', 'ARHGAP31', 'F1PPG0', 'SCAF1', 'TBC1D12', 'ARID4B']"
ASAAAAAAAA,11,0.000513,"['HMX3', 'PSMD6', 'TBL1X', 'RBM47', 'MAZ', 'SP5', 'EVX2', 'NKX1-1', 'PITX3', 'NT5DC3', 'AMOT']"
HRRIHTGEKP,11,0.000513,"['ZNF324', 'ZNF317', 'LOC106558995', 'ZNF692', 'ZNF597', 'ZKSCAN2', 'ZNF787', 'ZKSCAN4', 'ZNF22', 'KLF8', 'REPIN1']"
AAAAAAAAAR,11,0.000513,"['MIDN', 'J9NYJ1', 'ARHGEF33', 'PTF1A', 'ID4', 'J9P3A2', 'CYB5D2', 'EID2', 'J9P3I8', 'GATA4', 'J9P1Y2']"
LADEMGLGKT,11,0.000513,"['SHPRH', 'J9PA15', 'CHD2', 'CHD4', 'RAD54B', 'HELLS', 'CHD8', 'INO80', 'SMARCAD1', 'SMARCA4', 'SMARCA5']"
SPPPPPPPPP,11,0.000513,"['SYNPO', 'ZNF462', 'UCKL1', 'J9P1S7', 'FNBP4', 'J9P5U9', 'RNF215', 'ZIC5', 'VIRMA', 'RNF10', 'LZTS2']"
HRDLAARNVL,11,0.000513,"['ERBB2', 'PDGFRB', 'CSK', 'EPHA8', 'FRK', 'Q6QHH1', 'ZAP70', 'JAK1', 'TIE1', 'FGFR2', 'FLT3']"
PSAAAAAAAA,11,0.000513,"['TRIL', 'HOXA13', 'EOMES', 'OTP', 'KCNN2', 'J9PBP4', 'CHCHD10', 'SOX3', 'PTBP1', 'OLIG2', 'J9P6S3']"
EEEEEEEEES,11,0.000513,"['E2RN87', 'PROCA1', 'PPP4R2', 'SETD1A', 'HRC', 'SNAPC5', 'RBM19', 'KIAA1217', 'EIF5B', 'CLSTN1', 'BRD2']"
EEGEEEEEEE,11,0.000513,"['HAP1', 'KRI1', 'B4GALNT3', 'TRIM26', 'RANGAP1', 'NAP1L5', 'SETD1A', 'ANP32E', 'E2RQ76', 'FERD3L', 'USP34']"
ILADEMGLGK,11,0.000513,"['SHPRH', 'J9PA15', 'CHD2', 'CHD4', 'RAD54B', 'HELLS', 'CHD8', 'INO80', 'SMARCAD1', 'SMARCA4', 'SMARCA5']"
HCSAGVGRTG,11,0.000513,"['PTPN20', 'PTPRS', 'PTPRQ', 'PTPN14', 'PTPRG', 'PTPRC', 'PTPRB', 'PTPRA', 'PTPRO', 'PTPRJ', 'PTPRH']"
QRIHTGEKPY,11,0.000513,"['ZNF205', 'ZNF200', 'ZNF252', 'ZNF787', 'J9NXZ4', 'ZNF554', 'ZKSCAN2', 'ZNF853', 'ZNF22', 'ZNF32', 'ZSCAN16']"
QRTHTGEKPY,11,0.000513,"['ZNF382', 'MZF1', 'ZNF252', 'ZNF48', 'KLF6', 'ZKSCAN2', 'ZKSCAN4', 'ZNF22', 'ZNF775', 'ZNF394', 'ZNF514']"
GGGGGGGGGE,11,0.000513,"['NKPD1', 'FZD7', 'TMEM245', 'SMAD6', 'TDRD6', 'J9NX07', 'PCDH10', 'ECEL1', 'SIPA1L3', 'MEX3B', 'KIF3C']"
RXXXXXXXXX,11,0.000513,"['J9P0A7', 'J9P3I8', 'J9P975', 'DMRTB1', 'E2RDH2', 'DXO', 'J9NZC2', 'CBFB', 'OPRD1', 'PLEKHD1', 'PEAK3']"
RQQQQQQQQQ,11,0.000513,"['MAML3', 'GIGYF2', 'ARHGEF17', 'ZFHX3', 'LRCH4', 'AR', 'IER5L', 'DENND4B', 'ST6GALNAC5', 'THAP11', 'ATXN3']"
GGGGGGGAGG,10,0.000466,"['ONECUT3', 'NPAS3', 'HOXC13', 'NRXN1', 'HOXD11', 'KRT1', 'SHOX2', 'SIX3', 'CCDC85C', 'ZFC3H1']"
LYRDVMLENY,10,0.000466,"['ZNF215', 'ZNF445', 'ZNF169', 'LOC102151519', 'ZNF713', 'L7N0F9', 'J9NXP1', 'ZNF404', 'ZNF789', 'F1PUQ8']"
PPPPPPPPPS,10,0.000466,"['DDX17', 'KMT2E', 'SCAF11', 'WAS', 'ZNF462', 'PEG10', 'ZFHX4', 'RNF215', 'LZTS2', 'NKX2-4']"
GPPPPPPPPP,10,0.000466,"['F1PMB4', 'J9PAV4', 'CDK12', 'ENAH', 'FOXE3', 'POLG', 'LPCAT4', 'ZIC5', 'GABBR2', 'NKX2-4']"
LLLLLLLLPP,10,0.000466,"['ACP4', 'PTGS1', 'LAMA3', 'GUCY2D', 'PRSS50', 'MST1R', 'ADAMTS8', 'PODXL', 'P3H3', 'PRSS38']"
SSSSSSSSSP,10,0.000466,"['SERTAD4', 'ZBTB4', 'J9NS57', 'ERF', 'SIX3', 'C32H4orf54', 'CUL4B', 'RANBP10', 'RNF126', 'RLIM']"
QQQQQQQQQH,10,0.000466,"['MAML3', 'KMT2D', 'ARID1B', 'TET2', 'LRCH4', 'DRPLA', 'ATN1', 'VEZF1', 'PRDM8', 'MED15']"
EEEEDEEEEE,10,0.000466,"['CHIC1', 'NGEF', 'ZNF316', 'RANGAP1', 'PPARGC1B', 'PELP1', 'ZBTB47', 'VGLL3', 'ZNF428', 'MYT1']"
PPPPPLPPPP,10,0.000466,"['NAF1', 'SHTN1', 'MYPOP', 'F6XL69', 'ZNF341', 'PRR11', 'PCDH15', 'WIPF3', 'TRIM66', 'J9NS89']"
VKIWFQNRRM,10,0.000466,"['DBX2', 'HOXD8', 'HOXB1', 'HOXD10', 'HOXD11', 'Q9XT68', 'HOXC12', 'HOXA4', 'MNX1', 'HOXA9']"
RTHTGEKPYK,10,0.000466,"['ZNF217', 'J9P5U0', 'LOC102151519', 'ZNF48', 'KLF5', 'LOC484934', 'ZNF852', 'MYNN', 'ZNF76', 'ZSCAN16']"
AAAAAAAAAE,10,0.000466,"['CREBZF', 'J9PAF2', 'POU3F1', 'UNCX', 'HOXD11', 'TBX2', 'ZIC5', 'SOBP', 'MCEE', 'ALKBH5']"
HRDLKPENLL,10,0.000466,"['ICK', 'RPS6KA5', 'BRSK2', 'CAMK4', 'DCLK3', 'CAMK2A', 'MELK', 'MAPKAPK5', 'PSKH2', 'CAMK1D']"
TAAAAAAAAA,10,0.000466,"['RBM4', 'ARX', 'CDK13', 'NIPA1', 'HOXA7', 'TOR3A', 'DACH1', 'SOX3', 'IQSEC3', 'OSBP']"
FAYGQTGSGK,10,0.000466,"['KIF16B', 'KIF6', 'KIF7', 'KIF27', 'KIF14', 'KIF15', 'KIF13B', 'STARD9', 'KIF2C', 'KIFC1']"
AAPAPAPAPA,10,0.000466,"['PAQR8', 'LOC102152097', 'J9NSS2', 'J9PBP2', 'MYL4', 'GUCY1A2', 'C30H15orf39', 'PAPD5', 'ISPD', 'PDZD8']"
EEEEEEEEDD,10,0.000466,"['NRDC', 'ANO8', 'ZNF526', 'ZNF316', 'J9P962', 'FBXO3', 'KDM2A', 'KAT6B', 'KIF21A', 'ZCCHC6']"
ACQGDSGGPL,10,0.000466,"['F1PXI5', 'J9PB61', 'F1PZN9', 'TMPRSS5', 'TMPRSS6', 'F1Q314', 'HGFAC', 'PRSS8', 'A0A097PIN8', 'TMPRSS11B']"
VHCSAGVGRT,10,0.000466,"['PTPN20', 'PTPRS', 'PTPRQ', 'PTPN14', 'PTPRG', 'PTPRC', 'PTPRB', 'PTPRA', 'PTPRO', 'PTPRJ']"
DDEEEEEEEE,10,0.000466,"['MDN1', 'DAXX', 'NRDC', 'BCL11A', 'RANGAP1', 'GTF3C3', 'RIPPLY1', 'DEK', 'ATRX', 'KAT6B']"
PPPLLLLLLL,10,0.000466,"['NPR1', 'PLOD2', 'ADAMTS8', 'IFI30', 'CELSR2', 'PODXL', 'LOC111089960', 'IFNGR2', 'AACS', 'SEMA4B']"
THTGEKPYKC,10,0.000466,"['ZNF217', 'J9P5U0', 'LOC102151519', 'ZNF48', 'KLF5', 'LOC484934', 'ZNF852', 'MYNN', 'ZNF76', 'ZSCAN16']"
GPAAAAAAAA,9,0.000419,"['KCNJ4', 'TMEM65', 'GSX1', 'ARHGEF33', 'HSPB1', 'WNK1', 'J9PAW6', 'J9P7E4', 'J9NYV5']"
HIRTHTGEKP,9,0.000419,"['ZBTB7A', 'CTCFL', 'EGR2', 'ZNF624', 'MTF1', 'PRDM6', 'J9P4G0', 'ZNF648', 'Slug']"
PPPPLLLLLL,9,0.000419,"['HPSE', 'NPR1', 'PLOD2', 'ADAMTS8', 'IFI30', 'CELSR2', 'PODXL', 'IFNGR2', 'AACS']"
PPPPPPPPPQ,9,0.000419,"['TMEM121B', 'BARHL2', 'SIK2', 'DMRTB1', 'POLG', 'MAMLD1', 'ZNF827', 'RBM33', 'VIRMA']"
QQQQQQQQPP,9,0.000419,"['AKAP2', 'IER5L', 'GLG1', 'HTT', 'MAGI1', 'ATXN7', 'KAT6A', 'NUFIP2', 'DLX6']"
GGGGGGGGSG,9,0.000419,"['TCF7L1', 'MARF1', 'EGR1', 'NAA30', 'SRP68', 'RFX1', 'PURA', 'KCNN2', 'EMC10']"
SSSSSSSSSA,9,0.000419,"['HSPB7', 'NFE2L1', 'POU6F2', 'FBRS', 'GUCY1A2', 'ATN1', 'MEX3D', 'LZTS2', 'MED1']"
PPAAAAAAAA,9,0.000419,"['J9P790', 'PRRC2A', 'J9NS97', 'SHROOM3', 'HOXA2', 'FOXI3', 'OLIG2', 'TDRP', 'J9NWV5']"
HQRIHTGERP,9,0.000419,"['ZNF502', 'ZNF672', 'ZNF398', 'ZNF554', 'ZNF648', 'ZNF775', 'ZNF282', 'ZNF467', 'ZSCAN30']"
DDDDDDDDDD,9,0.000419,"['DMXL1', 'TAF7L', 'F1P8D7', 'ZNF711', 'TAF9', 'GPALPP1', 'WASHC2C', 'LOC403555', 'NPM1']"
EEEEEEEGEE,9,0.000419,"['HAP1', 'KRI1', 'PLPPR3', 'NISCH', 'RANGAP1', 'CACNA1F', 'FTSJ3', 'J9P8S0', 'WWC1']"
HTGEKPYKCP,9,0.000419,"['ZNF536', 'ZNF76', 'ZNF263', 'ZNF334', 'ZNF319', 'ZNF18', 'LOC111089966', 'ZNF513', 'ZNF516']"
PPPPPPPPRP,9,0.000419,"['KCNC2', 'J9PAV4', 'F1PIN6', 'RNF169', 'J9NUL2', 'F1Q475', 'NRG2', 'MAP3K21', 'J9NRG6']"
VQVWFQNRRA,9,0.000419,"['LHX3', 'ESX1', 'SHOX', 'DRGX', 'UNCX', 'ALX4', 'ARX', 'PRRX1', 'PHOX2B']"
NLVDLAGSER,9,0.000419,"['KIF9', 'CENPE', 'J9NYM2', 'KIF15', 'STARD9', 'KIF17', 'KIF3B', 'KIFC3', 'KIFC1']"
AAAAAAAVAA,9,0.000419,"['CHD5', 'MLLT6', 'MAZ', 'MED25', 'ZBTB8B', 'EN1', 'FOXO1', 'ZMIZ1', 'ALKBH5']"
AAAAAAAAPA,9,0.000419,"['J9NRR6', 'J9P790', 'HSPB1', 'PRRC2A', 'TOR3A', 'LRRC47', 'J9JHF6', 'F1PWM1', 'J9P336']"
GLPGPPGPPG,9,0.000419,"['COL15A1', 'GLDN', 'COL18A1', 'SCARA3', 'C1QTNF7', 'ERFE', 'COL28A1', 'COL1A1', 'COL17A1']"
QILELLVLEQ,9,0.000419,"['ZNF215', 'ZNF496', 'ZNF174', 'ZBED9', 'LOC608197', 'E2QW91', 'ZSCAN10', 'F1PSF5', 'ZSCAN21']"
AAPPPPPPPP,9,0.000419,"['J9NST0', 'WASF2', 'FMNL1', 'R3HDM1', 'PRR12', 'ACR', 'WASL', 'PCDH15', 'PPP3CB']"
PAPPPPPPPP,9,0.000419,"['TMEM121B', 'E2F2', 'SALL2', 'INSM1', 'PHC1', 'KDM6B', 'WIPF3', 'STK39', 'J9P7P3']"
GSGGGGGGGG,9,0.000419,"['CNOT11', 'EGR1', 'LURAP1L', 'J9NZZ9', 'PURA', 'ANKS1A', 'MEX3B', 'KIF3C', 'COL17A1']"
RSRSRSRSRS,9,0.000419,"['J9P3E4', 'SRSF1', 'ZRANB2', 'PERM1', 'ACIN1', 'SRRM4', 'CHERP', 'J9P295', 'SRSF2']"
GGGGGGGGAA,9,0.000419,"['J9PBA5', 'GLI2', 'CACNG8', 'J9P1D4', 'BMP2K', 'AK4', 'NAV1', 'EVX2', 'POU2F2']"
EEEGEEEEEE,9,0.000419,"['HAP1', 'KRI1', 'B4GALNT3', 'TRIM26', 'AK7', 'RANGAP1', 'NAP1L5', 'E2RQ76', 'USP34']"
RDLAARNVLV,9,0.000419,"['ERBB2', 'CSK', 'EPHA8', 'FRK', 'Q6QHH1', 'JAK1', 'TIE1', 'FGFR2', 'FLT3']"
EEEEEEGEEE,9,0.000419,"['HAP1', 'KRI1', 'ZNFX1', 'E2RQ76', 'TIMELESS', 'RANGAP1', 'CACNA1F', 'ANP32A', 'NISCH']"
PPLPPPPPPP,9,0.000419,"['PRR11', 'TRERF1', 'SIK2', 'J9P8Y9', 'C18H11orf95', 'F6XL69', 'SETD1B', 'WHAMM', 'KDM6B']"
AAAVAAAAAA,9,0.000419,"['KLHL11', 'CHD3', 'GSX2', 'DEAF1', 'ZBTB8B', 'EN1', 'FOXO1', 'TAPT1', 'ALKBH5']"
RRIHTGEKPY,9,0.000419,"['ZNF317', 'LOC106558995', 'ZNF597', 'ZKSCAN2', 'ZNF787', 'ZKSCAN4', 'ZNF22', 'REPIN1', 'KLF8']"
GGGGGGAGGG,9,0.000419,"['POU3F3', 'MPND', 'ONECUT3', 'HOXD11', 'KRT1', 'SHOX2', 'LRCH2', 'SIX3', 'CCDC85C']"
EEEEEEEEEQ,9,0.000419,"['KLHL34', 'PLCB3', 'HAP1', 'H9GWJ2', 'KIF17', 'BABAM1', 'SCAF1', 'PGBD2', 'SMARCA4']"
EEEEEEEEEA,9,0.000419,"['DAXX', 'CELSR2', 'VSIG10', 'TRIM26', 'ARSI', 'NAP1L5', 'ZNF592', 'SETD1B', 'HDGF']"
THTGEKPYEC,9,0.000419,"['ZNF629', 'ZBTB7A', 'ZNF382', 'ZNF252', 'ZNF554', 'J9P4G0', 'J9PA33', 'ZNF514', 'ZSCAN23']"
LAAAAAAAAA,9,0.000419,"['MIDN', 'PRDM12', 'J9P3A2', 'RAPGEF5', 'ZIC5', 'P3H1', 'CYB5D2', 'GATA4', 'J9P1Y2']"
AGGGGGGGGA,9,0.000419,"['ALK', 'ISOC1', 'MNX1', 'NPAS3', 'GMCL1', 'GAREM2', 'ADAMTS19', 'ANKRD17', 'POU2F2']"
GPPGPQGPPG,9,0.000419,"['TNLG7C', 'COL18A1', 'EMID1', 'HACL1', 'ERFE', 'COL28A1', 'COL23A1', 'COL12A1', 'COL17A1']"
GGGGGGGSGG,9,0.000419,"['RAD23B', 'SLITRK3', 'MARF1', 'EGR1', 'PURA', 'RFX1', 'SRP68', 'CDK9', 'ZSWIM8']"
HQRVHTGEKP,9,0.000419,"['ZNF324', 'ZNF697', 'ZNF18', 'ZNF852', 'J9P1Y6', 'ZNF513', 'ZNF394', 'J9PA33', 'ZKSCAN4']"
PQPPPPPPPP,9,0.000419,"['NOTUM', 'ONECUT3', 'PAXIP1', 'PRR12', 'SETD1B', 'F1PCX3', 'RBM33', 'HTT', 'PEG10']"
GGGGGGGGGV,9,0.000419,"['FUBP1', 'HSF5', 'DDHD1', 'EIF2B5', 'TTC9', 'ITPKB', 'ZNF503', 'SOX1', 'J9NWH4']"
HQRTHTGERP,9,0.000419,"['ZNF853', 'ZNF316', 'ZNF322', 'KLF14', 'ZNF696', 'ZNF787', 'J9P3M8', 'ZNF777', 'ZFP69B']"
PEPEPEPEPE,9,0.000419,"['TGM1', 'J9PA60', 'SLC3A1', 'MAP3K4', 'TMEM59L', 'CEP295NL', 'GRID2IP', 'MAPK8IP2', 'SASH1']"
LLLLLLLPPP,8,0.000373,"['ACP4', 'PTGS1', 'PRSS50', 'MST1R', 'ADAMTS8', 'ITGA5', 'PODXL', 'P3H3']"
KEEEEEEEEE,8,0.000373,"['ANO8', 'NLRP3', 'F1PTI2', 'NOC2L', 'CRYBG2', 'SETD1B', 'ISY1', 'KDM2B']"
LEEEEEEEEE,8,0.000373,"['HDAC5', 'ZNF526', 'PCGF6', 'CFAP65', 'EP400', 'SNAPC5', 'SIGLEC11', 'CRACR2B']"
RRRRRRRRRR,8,0.000373,"['J9NYJ0', 'ZBTB2', 'J9NXQ8', 'J9P1J0', 'ATP10A', 'J9JHW3', 'J9P8S0', 'GLS']"
WDTAGQERFR,8,0.000373,"['RAB9A', 'RAB27A', 'RAB4B', 'RAB39B', 'RAB26', 'RAB33B', 'RAB6B', 'RASEF']"
GRGGGGGGGG,8,0.000373,"['J9NTR2', 'SRSF1', 'ADCY1', 'C18H11orf68', 'J9JHV0', 'ARHGAP23', 'U2AF1', 'SOGA3']"
SDVWSFGVLL,8,0.000373,"['MAP3K11', 'Q6DTW4', 'MET', 'HCK', 'FLT4', 'TIE1', 'MATK', 'FGFR1']"
GPGGGGGGGG,8,0.000373,"['ARIH1', 'TSEN15', 'EIF2B5', 'TLX1', 'FOXF2', 'ERICH6', 'E2RMQ8', 'DHX36']"
PPPPLPPPPP,8,0.000373,"['SHTN1', 'C19orf54', 'PCDH15', 'F6XL69', 'ZNF341', 'KDM6B', 'WIPF3', 'J9NS89']"
PQQQQQQQQQ,8,0.000373,"['CACNA1A', 'TET2', 'CELF3', 'BMP2K', 'DRPLA', 'MAGI1', 'KAT6A', 'NUFIP2']"
SSSSSSSSSG,8,0.000373,"['SRRM2', 'HEG1', 'ARL6IP4', 'CAMTA2', 'SALL2', 'SIPA1L1', 'MEX3B', 'TMEM40']"
QRVHTGEKPY,8,0.000373,"['ZNF621', 'ZNF697', 'ZNF18', 'ZNF852', 'J9P1Y6', 'ZNF513', 'ZNF394', 'ZKSCAN4']"
HVRTHTGEKP,8,0.000373,"['ZNF143', 'ZNF333', 'EGR4', 'LOC484933', 'ZNF786', 'MYNN', 'ZBTB49', 'SNAI1']"
QQQQQQQQQA,8,0.000373,"['DENND4B', 'KMT2D', 'CACNA1A', 'ZFHX3', 'FOXA2', 'MED15', 'FRMPD3', 'NUMBL']"
DEMGLGKTIQ,8,0.000373,"['J9PA15', 'CHD2', 'ZRANB3', 'CHD8', 'CHD3', 'ERCC6', 'SMARCAD1', 'SMARCA4']"
VHRDLAARNV,8,0.000373,"['ERBB2', 'PDGFRB', 'CSK', 'EPHA8', 'SRMS', 'ZAP70', 'JAK1', 'FLT3']"
PLLLLLLLLL,8,0.000373,"['PTGS1', 'THSD7A', 'TMUB1', 'MANBA', 'CD55', 'LRPAP1', 'CELSR2', 'LRP1']"
RVQVWFQNRR,8,0.000373,"['ESX1', 'SHOX', 'DRGX', 'UNCX', 'ALX4', 'ARX', 'PRRX1', 'PHOX2B']"
PRPRPRPRPR,8,0.000373,"['J9NXK7', 'OLFML2A', 'J9P338', 'J9P2F7', 'FNDC11', 'PRELP', 'J9P8S9', 'J9PA20']"
RPRPRPRPRP,8,0.000373,"['J9NXK7', 'OLFML2A', 'J9P338', 'FNDC11', 'KLHDC9', 'PRELP', 'J9P8S9', 'J9PA20']"
GGGGGGGGGR,8,0.000373,"['J9NXI2', 'RRAD', 'U2AF1', 'PLPP6', 'FZD7', 'PTS', 'TRA2A', 'DHX36']"
EPEPEPEPEP,8,0.000373,"['J9PA60', 'SLC3A1', 'MAP3K4', 'TMEM59L', 'GRID2IP', 'CEP295NL', 'MAPK8IP2', 'SASH1']"
HLRTHTGEKP,8,0.000373,"['ZNF217', 'ZNF202', 'ZNF554', 'KLF11', 'KLF5', 'ZNF852', 'KLF1', 'ZBTB48']"
TXXXXXXXXX,8,0.000373,"['NOTCH4', 'LOC102153005', 'J9P0T1', 'ARHGAP22', 'BHLHA9', 'E2RM01', 'J9P9I1', 'F6XM67']"
PPPLPPPPPP,8,0.000373,"['SH2B1', 'F6XL69', 'ZNF341', 'SETD1B', 'WHAMM', 'KDM6B', 'WIPF3', 'BCL9L']"
GSSSSSSSSS,8,0.000373,"['E2RF37', 'TSHZ3', 'NFE2L1', 'ARL6IP4', 'PCDH12', 'NBEA', 'MEX3B', 'RLIM']"
GTPYWMAPEV,8,0.000373,"['NRK', 'MAP4K5', 'MAP4K4', 'STK10', 'MAP3K19', 'PAK6', 'PAK2', 'TAOK3']"
HRRTHTGEKP,8,0.000373,"['ZNF205', 'J9NZ00', 'ZNF316', 'ZNF630', 'ZNF48', 'KLF3', 'ZSCAN21', 'ZNF652']"
QLQQQQQQQQ,8,0.000373,"['ADCY5', 'NCOA6', 'KMT2D', 'MAMLD1', 'ZNF853', 'MED15', 'TOX3', 'SOGA3']"
GRGRGRGRGR,8,0.000373,"['SNRPD1', 'LARP1B', 'J9P136', 'J9NSN0', 'RBM26', 'J9NWS4', 'RPS2', 'E2QV65']"
CEGCKGFFRR,8,0.000373,"['RARA', 'E2RDS9', 'RORC', 'THRA', 'NR1I2', 'PPARD', 'NR1D2', 'NR1H2']"
EEEEGEEEEE,8,0.000373,"['HAP1', 'KRI1', 'TRIM26', 'AK7', 'RANGAP1', 'CACNA1F', 'E2RQ76', 'UHRF1']"
EEEEEGEEEE,8,0.000373,"['HAP1', 'KRI1', 'TIMELESS', 'AK7', 'RANGAP1', 'CACNA1F', 'SETD1B', 'E2RQ76']"
PPLLLLLLLL,8,0.000373,"['NECTIN2', 'LRPAP1', 'ADAMTS8', 'CELSR2', 'PODXL', 'IFNGR2', 'J9P377', 'CLASRP']"
EEEEEEEEGG,8,0.000373,"['PRICKLE2', 'ARHGAP31', 'LOC100855804', 'C20H19orf66', 'CCDC27', 'ZNF830', 'ZBTB47', 'E2RQ76']"
SGSSSSSSSS,8,0.000373,"['OSBPL11', 'CHD9', 'MEX3B', 'ARL6IP4', 'NBEA', 'J9P7Q9', 'CCNT2', 'RLIM']"
WFQNRRAKWR,8,0.000373,"['HHEX', 'NOBOX', 'ARX', 'DRGX', 'UNCX', 'ALX4', 'ESX1', 'VSX1']"
AYGQTGSGKT,8,0.000373,"['KIF6', 'KIF7', 'KIF27', 'KIF4A', 'KIF15', 'STARD9', 'KIF2C', 'KIFC1']"
EEEEEEEDED,8,0.000373,"['OS9', 'PHACTR1', 'HMGB2', 'SENP3', 'ANP32E', 'ABCC9', 'PRDM2', 'CC2D1B']"
TQVKIWFQNR,8,0.000373,"['HMX3', 'HOXB1', 'NKX1-1', 'NKX3-2', 'NKX2-3', 'MSX2', 'MNX1', 'DLX3']"
SKEQILELLV,7,0.000326,"['ZBED9', 'ZNF449', 'ZKSCAN2', 'E2QW91', 'F1PSF5', 'ZSCAN12', 'ZNF394']"
PPPAPPPPPP,7,0.000326,"['E2F2', 'WASF2', 'BOD1L1', 'PCDH15', 'STK39', 'MYPOP', 'J9P7P3']"
SSSSSSSSPS,7,0.000326,"['SPRED3', 'LOC102153919', 'PRDM2', 'RANBP10', 'RNF126', 'SIX3', 'RLIM']"
LLPLLLLLLL,7,0.000326,"['THSD7A', 'TMUB1', 'PLBD1', 'CD55', 'PLXNA1', 'ITGA5', 'J9P940']"
QRIHTGERPY,7,0.000326,"['ZNF502', 'ZNF398', 'ZNF554', 'ZNF775', 'ZNF282', 'ZNF467', 'ZSCAN30']"
IWFQNRRMKW,7,0.000326,"['DBX2', 'HOXD8', 'F6V4P2', 'Q9XT68', 'HOXA4', 'PDX1', 'MNX1']"
DVWSFGVLLW,7,0.000326,"['MAP3K11', 'Q6DTW4', 'MET', 'FLT4', 'TIE1', 'MATK', 'FGFR1']"
RDVMLENYRN,7,0.000326,"['ZNF445', 'ZNF333', 'LOC106558995', 'ZNF350', 'J9NXP1', 'ZNF789', 'ZNF614']"
EEVEEEEEEE,7,0.000326,"['PLCB2', 'AK9', 'PRM3', 'KAT6B', 'GAR1', 'ITGAE', 'MYT1']"
ALLLLLLLLL,7,0.000326,"['J9NS89', 'LOC476453', 'DNASE1L1', 'LARGE2', 'FREM1', 'HGFAC', 'FBLN7']"
PPAPPPPPPP,7,0.000326,"['E2F2', 'MAZ', 'PCDH15', 'WIPF3', 'STK39', 'J9P7P3', 'XIRP2']"
YRDVMLENYR,7,0.000326,"['ZNF445', 'ZNF333', 'LOC106558995', 'ZNF350', 'J9NXP1', 'ZNF789', 'ZNF614']"
GGAGGGGGGG,7,0.000326,"['J9P2L0', 'MN1', 'NPAS3', 'HOXD11', 'LRCH2', 'SLC2A13', 'SIX3']"
QQQQQQQQQR,7,0.000326,"['F1PM52', 'POU3F2', 'CELF3', 'TBC1D5', 'FAM155A', 'TNRC6B', 'PPP1R14C']"
PPPPPPPPAA,7,0.000326,"['F1PYQ2', 'RBL2', 'WASF2', 'UCKL1', 'FIGN', 'PXK', 'STK39']"
THTGEKPYTC,7,0.000326,"['ZNF324', 'ZNF689', 'ZSCAN25', 'ZNF697', 'ZBTB49', 'SNAI3', 'ZNF394']"
HTGEKPYKCE,7,0.000326,"['ZNF214', 'ZNF217', 'LOC484933', 'ZNF768', 'MYNN', 'IKZF5', 'ZSCAN22']"
SRSRSRSRSR,7,0.000326,"['SRSF1', 'ZRANB2', 'ACIN1', 'SRRM4', 'CHERP', 'J9P295', 'SRSF2']"
EARVQVWFQN,7,0.000326,"['ESX1', 'SHOX', 'DRGX', 'ALX4', 'ARX', 'PRRX1', 'PHOX2B']"
RTHTGEKPYE,7,0.000326,"['ZBTB7A', 'ZNF629', 'ZNF252', 'ZNF554', 'J9P4G0', 'ZNF514', 'ZSCAN23']"
RTHTGEKPYT,7,0.000326,"['ZNF324', 'ZNF689', 'ZSCAN25', 'ZNF697', 'ZBTB49', 'SNAI3', 'ZNF394']"
RTHTGEKPYQ,7,0.000326,"['ZNF382', 'ZKSCAN2', 'ZNF263', 'ZNF711', 'LOC484934', 'ZNF22', 'J9NZ00']"
VHTGEKPYKC,7,0.000326,"['ZNF319', 'LOC111089966', 'ZKSCAN5', 'ZNF18', 'ZNF568', 'ZNF513', 'ZSCAN20']"
HRDLAARNIL,7,0.000326,"['TEK', 'EPHA6', 'EPHA2', 'KIT', 'JAK3', 'FLT4', 'MATK']"
RQVKIWFQNR,7,0.000326,"['HOXD8', 'CDX2', 'HOXD10', 'HOXD11', 'Q9XT68', 'HOXA4', 'HOXA9']"
EEEEEEDEED,7,0.000326,"['HUWE1', 'ZBTB7C', 'J9NVR5', 'NOC2L', 'SETD1A', 'TSPOAP1', 'ARID4B']"
RGRGRGRGRG,7,0.000326,"['SNRPD1', 'LARP1B', 'J9P136', 'J9NSN0', 'RBM26', 'RPS2', 'E2QV65']"
EEEEDEEDEE,7,0.000326,"['ZBTB7C', 'HMGB1', 'NOC2L', 'SETD1A', 'GRWD1', 'PIAS4', 'TSPOAP1']"
DTAGQERFRS,7,0.000326,"['RAB9A', 'RAB27A', 'RAB4B', 'RAB39B', 'RAB26', 'RAB6B', 'RASEF']"
LEAFGNAKTV,7,0.000326,"['MYH14', 'MYH4', 'MYO1F', 'O97714', 'MYO1B', 'MYO6', 'MYO7B']"
KEQILELLVL,7,0.000326,"['ZNF496', 'LOC608197', 'ZBED9', 'ZNF174', 'E2QW91', 'F1PSF5', 'ZSCAN21']"
YRDSKLTRLL,7,0.000326,"['KIF21A', 'KIF4A', 'KIF18B', 'KIF17', 'KIF22', 'KIF3B', 'KIF19']"
RRTHTGEKPY,7,0.000326,"['ZNF205', 'J9NZ00', 'ZNF630', 'ZNF48', 'KLF3', 'ZSCAN21', 'ZNF652']"
QAPCREPDVG,7,0.000326,"['MYO3B', 'PAF1', 'E2RKY6', 'CHPT1', 'SRPK1', 'ZNF467', 'J9NTD9']"
AAAAAAAASG,7,0.000326,"['FBXO41', 'IRS4', 'ARID1A', 'EVX2', 'ATMIN', 'PBX2', 'CLASRP']"
ADEMGLGKTI,7,0.000326,"['J9PA15', 'CHD2', 'ZRANB3', 'CHD8', 'CHD3', 'SMARCAD1', 'SMARCA4']"
EQILELLVLE,7,0.000326,"['ZNF496', 'LOC608197', 'ZBED9', 'ZNF174', 'E2QW91', 'F1PSF5', 'ZSCAN21']"
AAAAAVAAAA,7,0.000326,"['J9P6A2', 'DEAF1', 'EN1', 'FOXO1', 'ZMIZ1', 'ALKBH5', 'ASXL3']"
EGGGGGGGGG,7,0.000326,"['J9PBA5', 'ZNF384', 'PRDM8', 'SMAD6', 'BMP2K', 'J9NZJ4', 'PTS']"
TTTTTTTTTT,7,0.000326,"['J9P6U0', 'FNDC1', 'LOC102151306', 'ANK3', 'GPR50', 'NPAT', 'CADM1']"
THTGEKPYQC,7,0.000326,"['ZNF382', 'ZKSCAN2', 'ZNF263', 'ZNF711', 'LOC484934', 'ZNF22', 'J9NZ00']"
GGGGGGSGGG,7,0.000326,"['TRIO', 'SLITRK3', 'PURA', 'RFX1', 'SRP68', 'SALL1', 'CDK9']"
MAYDRYVAIC,7,0.000326,"['Q6W6S8', 'LOC100855672', 'LOC485194', 'OR16A04', 'Q6W6V4', 'P30955', 'Q6W6V8']"
AAAAAAAATA,7,0.000326,"['HOXA7', 'TBL1X', 'INCENP', 'ZFR', 'GPR88', 'EOMES', 'ARHGAP4']"
DEEEDEEEEE,7,0.000326,"['DNAH11', 'J9P486', 'APBB1', 'SCRIB', 'NCL', 'E2QUM8', 'BRD2']"
QHQRIHTGEK,7,0.000326,"['ZNF205', 'ZNF252', 'ZNF554', 'ZNF787', 'ZNF22', 'ZNF655', 'ZSCAN16']"
LTEARVQVWF,7,0.000326,"['ARX', 'DRGX', 'ALX4', 'ESX1', 'PAX7', 'PRRX1', 'PHOX2B']"
WFQNRRMKWK,7,0.000326,"['HOXD8', 'F6V4P2', 'Q9XT68', 'HOXA4', 'PDX1', 'MNX1', 'MEOX2']"
EEEEEDEEEE,7,0.000326,"['CHIC1', 'ZNF316', 'RANGAP1', 'PPARGC1B', 'PELP1', 'ZBTB47', 'MYT1']"
DGGGGGGGGG,7,0.000326,"['POU3F1', 'CD99', 'MESP1', 'UNC80', 'PCDH10', 'TAPT1', 'ABTB2']"
PPPPPPPAPP,7,0.000326,"['DIAPH2', 'ACR', 'ENAH', 'MYO18A', 'SCAF1', 'WIPF3', 'GGN']"
RVHTGEKPYK,7,0.000326,"['LOC111089966', 'ZNF319', 'ZNF483', 'ZKSCAN5', 'ZNF18', 'J9P1Y6', 'ZNF513']"
ELLVLEQFLT,7,0.000326,"['ZNF215', 'L7N0D2', 'PGBD1', 'ZBED9', 'ZSCAN29', 'F1PSF5', 'ZSCAN21']"
ERERERERER,7,0.000326,"['RERE', 'PAF1', 'ZC3H13', 'CBX8', 'ZC3H18', 'SRPK1', 'J9P293']"
VEEEEEEEEE,7,0.000326,"['AK9', 'CNKSR2', 'POLE', 'PRKCSH', 'PRM3', 'RBM19', 'SLC4A1AP']"
EEEEEEEEEV,7,0.000326,"['PLEKHG3', 'ZNF326', 'CERS3', 'TRIM26', 'PAXIP1', 'BAZ1B', 'KAT6B']"
EEEEEEEEEP,7,0.000326,"['STAC3', 'RANGAP1', 'CRYBG2', 'PRKCSH', 'NCL', 'PLCD3', 'ERICH4']"
EEEEEEEEER,7,0.000326,"['J9NUQ4', 'F1PTI2', 'J9PB82', 'PODXL2', 'F1PPG0', 'FERD3L', 'CRACR2B']"
QQQPPPPPPP,7,0.000326,"['SOCS7', 'SMARCC1', 'BARHL2', 'SF1', 'SLITRK5', 'HTT', 'ZNF462']"
LNLVDLAGSE,7,0.000326,"['CENPE', 'KIF15', 'KIF17', 'KIF11', 'KIF3B', 'KIFC3', 'KIFC1']"
GXXXXXXXXX,7,0.000326,"['SEMA3B', 'CLEC3B', 'SCYL1', 'J9P5L0', 'F1P6W0', 'SCAP', 'ND6']"
CSAGVGRTGT,7,0.000326,"['PTPRG', 'PTPRC', 'PTPRB', 'PTPRA', 'PTPRO', 'PTPRJ', 'PTPRH']"
GGPGGPGGPG,7,0.000326,"['J9P2P3', 'F1PV65', 'J9PB67', 'E2RS29', 'COX18', 'SRSF11', 'RPS2']"
AAAAAAAAGP,7,0.000326,"['TRIL', 'PI4K2A', 'WNK4', 'ZIC5', 'PGS1', 'PRDM8', 'J9NRP0']"
AAAAAAAAGG,7,0.000326,"['NKX1-1', 'SOX1', 'DEAF1', 'J9NX23', 'SHROOM3', 'PHOX2B', 'OSBP']"
EDEEEDEEEE,7,0.000326,"['RTN4', 'J9P486', 'SCRIB', 'E2QUM8', 'AEBP2', 'MYT1L', 'BRD2']"
LVLEQFLTIL,7,0.000326,"['ZNF215', 'L7N0D2', 'PGBD1', 'ZBED9', 'ZSCAN29', 'F1PSF5', 'ZSCAN21']"
VWSFGVLLWE,7,0.000326,"['MAP3K11', 'Q6DTW4', 'MET', 'FLT4', 'TIE1', 'MATK', 'FGFR1']"
VLEQFLTILP,7,0.000326,"['ZNF215', 'L7N0D2', 'PGBD1', 'ZBED9', 'ZSCAN29', 'F1PSF5', 'ZSCAN21']"
PAPAPAPAPG,7,0.000326,"['CIC', 'PAQR8', 'J9NWD5', 'ARHGAP17', 'RASEF', 'MAFF', 'PDZD8']"
VWFQNRRAKW,7,0.000326,"['NOBOX', 'ARX', 'DRGX', 'UNCX', 'ALX4', 'ESX1', 'VSX1']"
GGGGGGGGGL,7,0.000326,"['SHARP1', 'CAPNS1', 'KLF4', 'PRDM1', 'ANKS1A', 'PRDM8', 'PCDH17']"
LLVLEQFLTI,7,0.000326,"['ZNF215', 'L7N0D2', 'PGBD1', 'ZBED9', 'ZSCAN29', 'F1PSF5', 'ZSCAN21']"
ARVQVWFQNR,7,0.000326,"['ESX1', 'SHOX', 'DRGX', 'ALX4', 'ARX', 'PRRX1', 'PHOX2B']"
QLWDTAGQER,7,0.000326,"['RAB27A', 'RAB34', 'RAB33B', 'RAB6B', 'F1PIB8', 'RASEF', 'CRACR2A']"
GILADEMGLG,7,0.000326,"['HELLS', 'J9PA15', 'SMARCA4', 'INO80', 'SMARCAD1', 'SHPRH', 'SMARCA5']"
LLLLLLLLLV,7,0.000326,"['LRP1', 'LRPAP1', 'LARGE2', 'C20orf141', 'HGFAC', 'DDR1', 'PTH2']"
GGGGGSGGGG,7,0.000326,"['TRIO', 'SLITRK3', 'POU4F2', 'PURA', 'SALL1', 'CNOT3', 'CDK9']"
AGAGGGGGGG,6,0.00028,"['FOXA1', 'HSF5', 'CACNG8', 'MAFA', 'J9NYT8', 'SOX1']"
RGPPGPPGPP,6,0.00028,"['COL15A1', 'F1PR41', 'COL9A1', 'COL5A3', 'EMID1', 'COL17A1']"
EEEEEEEDDD,6,0.00028,"['NRDC', 'ZNF316', 'CSPG5', 'HOMEZ', 'DMTN', 'FBXO3']"
AAAAVAAAAA,6,0.00028,"['KLHL11', 'DEAF1', 'EN1', 'FOXO1', 'ZMIZ1', 'ALKBH5']"
PQPQPQPQPP,6,0.00028,"['TRERF1', 'ZFHX4', 'FBN2', 'USP43', 'ALX4', 'PPP2R5D']"
SSEEEEEEEE,6,0.00028,"['FKBP15', 'H9GWJ2', 'NOLC1', 'KAT6B', 'IBSP', 'CLSTN1']"
PPGTGKTLLA,6,0.00028,"['PEX1', 'PEX6', 'YME1L1', 'KATNAL2', 'AFG3L2', 'PSMC3']"
PPPPPPLPPG,6,0.00028,"['ENAH', 'FMNL1', 'FMN1', 'R3HDM1', 'RGL3', 'DAAM2']"
LXXXXXXXXX,6,0.00028,"['F1PFW6', 'J9PA15', 'SEMA3E', 'PPFIBP1', 'GPT', 'FAM171A2']"
GPPGTGKTLL,6,0.00028,"['PEX1', 'PEX6', 'YME1L1', 'KATNAL2', 'AFG3L2', 'PSMC3']"
EEEEVEEEEE,6,0.00028,"['PLCB2', 'MIS18A', 'TULP1', 'PRM3', 'KAT6B', 'MYT1']"
KKERKKERKK,6,0.00028,"['DNAH14', 'J9P8B2', 'TTBK1', 'J9NSA4', 'F1PTI2', 'E2RR31']"
GRHYWEVEVG,6,0.00028,"['TRIM39', 'TRIM27', 'TRIM68', 'MEFV', 'TRIML1', 'TRIM41']"
KDACQGDSGG,6,0.00028,"['Q38J75', 'F1PXI5', 'F1PZN9', 'TMPRSS6', 'PRSS8', 'TMPRSS11B']"
IVHRDLKPEN,6,0.00028,"['CAMK1D', 'CAMK2G', 'CAMK4', 'DCLK3', 'CDK4', 'PHKG1']"
EVEEEEEEEE,6,0.00028,"['OS9', 'AK9', 'CNKSR2', 'PRM3', 'KAT6B', 'SLC4A1AP']"
GGGGSGGGGG,6,0.00028,"['TRIO', 'J9P8B9', 'PURA', 'POU4F2', 'CDK9', 'SIN3B']"
SSSSSSSSSC,6,0.00028,"['HOXD4', 'TSHZ3', 'MLLT3', 'CHD9', 'LURAP1L', 'FAM193B']"
SSSSSSSSSF,6,0.00028,"['LOC492226', 'MLLT3', 'NBEA', 'PRDM2', 'J9P377', 'NR1D1']"
SSSSSSSSSD,6,0.00028,"['OBSCN', 'JMJD6', 'HDGFL2', 'PRR13', 'PPIG', 'BRD2']"
KQAPCREPDV,6,0.00028,"['MYO3B', 'PAF1', 'CHPT1', 'SRPK1', 'ZNF467', 'J9NTD9']"
PPPPPPPPQQ,6,0.00028,"['TOB1', 'BARHL2', 'SIK2', 'MAMLD1', 'SOX9', 'RBM33']"
LIRHQRIHTG,6,0.00028,"['ZNF629', 'J9JHM7', 'ZNF619', 'ZKSCAN2', 'ZNF263', 'ZNF467']"
GGGGAGGGGG,6,0.00028,"['MPND', 'HOXD11', 'PRR12', 'LRCH2', 'SIX3', 'CCDC85C']"
AAGGGGGGGG,6,0.00028,"['SMCHD1', 'JUN', 'BICRA', 'SHOX2', 'GAREM2', 'LOC100856622']"
GGGGGGGAGA,6,0.00028,"['ISOC1', 'HS3ST3A1', 'ARID1A', 'NPAS3', 'EVX2', 'HNRNPL']"
IHTGEKPYEC,6,0.00028,"['ZBTB16', 'ZNF252', 'J9JHW0', 'J9P1Y6', 'ZNF114', 'ZSCAN16']"
AAAPAPAPAP,6,0.00028,"['CACNA1I', 'LOC102152097', 'CMTM2', 'GUCY1A2', 'MYL1', 'ISPD']"
RLLLLLLLLL,6,0.00028,"['FZD4', 'FKBP11', 'CTSA', 'NGFR', 'PTH2', 'HFE']"
XXXXXXXXXF,6,0.00028,"['EIF4E3', 'CREG1', 'CLBA1', 'J9NRZ1', 'F1PVR5', 'J9P0S3']"
XXXXXXXXXP,6,0.00028,"['EFNB3', 'ALKAL1', 'HSPG2', 'DMRTB1', 'AP4B1', 'AXL']"
SSSSSSSSTS,6,0.00028,"['ZCCHC10', 'SRRM2', 'MLLT3', 'SETD1A', 'PNN', 'CBX2']"
HTGEKPYKCK,6,0.00028,"['ZNF236', 'J9JHW0', 'ZNF554', 'LOC484934', 'ZNF852', 'ZSCAN21']"
HTGEKPYKCS,6,0.00028,"['ZNF215', 'LOC102151519', 'ZNF449', 'KLF7', 'ZNF18', 'ZNF852']"
EKKKKKKKKK,6,0.00028,"['J9P994', 'J9NTF4', 'SLU7', 'J9P8U9', 'WDR87', 'SMARCA4']"
KSDVWSFGVL,6,0.00028,"['TXK', 'Q6DTW4', 'MET', 'HCK', 'TIE1', 'MATK']"
AAAAAAAPAP,6,0.00028,"['L7N0M1', 'J9P790', 'PRRC2A', 'ITM2C', 'LRRC47', 'MYL1']"
SSRSHAIFTI,6,0.00028,"['KIF16B', 'KIF27', 'KIF4A', 'STARD9', 'KIF21A', 'KIF3A']"
LQLWDTAGQE,6,0.00028,"['RAB27A', 'RAB34', 'RAB6B', 'F1PIB8', 'RASEF', 'CRACR2A']"
EEEEEEEEEL,6,0.00028,"['F1PYQ6', 'HOMEZ', 'TSPOAP1', 'BCL11A', 'PRM3', 'SIGLEC11']"
YGPPGTGKTL,6,0.00028,"['PEX1', 'ATAD3A', 'KATNAL2', 'VCP', 'ATAD2B', 'PSMC3']"
EGCKGFFRRS,6,0.00028,"['RARA', 'VDR', 'E2RDS9', 'RORC', 'NR1D2', 'NR1H2']"
GAPPPPPPPP,6,0.00028,"['FHOD1', 'KCNC2', 'J9PBN4', 'SF1', 'SIX5', 'FOXI3']"
APSSSSSSSS,6,0.00028,"['ZNF865', 'SERTAD4', 'HDGFL2', 'SYMPK', 'SALL2', 'RANBP10']"
GGGAGGGGGG,6,0.00028,"['MN1', 'SLC2A13', 'HOXD11', 'PRR12', 'LRCH2', 'SIX3']"
AAAAAAAAAL,6,0.00028,"['PCDH8', 'PEX26', 'SP5', 'FOXD3', 'EVX2', 'HTATIP2']"
GGGSGGGGGG,6,0.00028,"['POU4F2', 'SYNGAP1', 'PURA', 'LAMC2', 'SIN3B', 'COL17A1']"
EAFGNAKTVR,6,0.00028,"['MYH4', 'MYO1F', 'O97714', 'MYO1B', 'MYO6', 'MYO7B']"
SSSSSSSTSS,6,0.00028,"['ZCCHC10', 'KIAA1549', 'SRRM2', 'SETD1A', 'PNN', 'CBX2']"
SSRSRSRSRS,6,0.00028,"['SRSF5', 'CCNL1', 'ZRANB2', 'PPRC1', 'PGM1', 'CHERP']"
TEARVQVWFQ,6,0.00028,"['ARX', 'DRGX', 'ALX4', 'ESX1', 'PRRX1', 'PHOX2B']"
NSIRHNLSLN,6,0.00028,"['FOXJ1', 'FOXJ2', 'FOXK2', 'FOXD3', 'FOXL1', 'FOXI3']"
GGEEEEEEEE,6,0.00028,"['NEUROD2', 'ATP1B4', 'C18H11orf95', 'LOC611067', 'ZBTB47', 'KDM2A']"
PAGGGGGGGG,6,0.00028,"['FZD7', 'TDRD6', 'SHROOM1', 'J9PBI9', 'MNX1', 'DLX2']"
SPSSSSSSSS,6,0.00028,"['CHD8', 'SIX3', 'CAMTA2', 'EDC4', 'NR1D1', 'NUFIP2']"
EDDEEEEEEE,6,0.00028,"['ZNF316', 'BCL11A', 'RANGAP1', 'GTF3C3', 'ATRX', 'KAT6B']"
SSGSSSSSSS,6,0.00028,"['J9P6G9', 'ARL6IP4', 'CDSN', 'NOL4', 'CCNT2', 'RLIM']"
HMRTHTGEKP,6,0.00028,"['ZNF536', 'KLF10', 'ZBTB7C', 'ZBTB7B', 'ZNF711', 'ZNF558']"
LRTHTGEKPY,6,0.00028,"['ZNF217', 'ZNF202', 'KLF5', 'ZNF554', 'ZNF852', 'KLF1']"
HLRIHTGEKP,6,0.00028,"['ZNF536', 'ZNF410', 'ZSCAN26', 'BCL6', 'LOC611144', 'ZSCAN23']"
SHTGEKPYKC,6,0.00028,"['ZNF236', 'BCL11A', 'J9NYK1', 'IKZF5', 'ZSCAN25', 'ZNF502']"
EEEDEEDEED,6,0.00028,"['ZBTB7C', 'HMGB1', 'NOC2L', 'GRWD1', 'PIAS4', 'LMOD2']"
NEEEEEEEEE,6,0.00028,"['PROCA1', 'J9P8S0', 'MAPK8IP2', 'BCORL1', 'TAOK2', 'MYT1']"
KKAYRKLALK,6,0.00028,"['DNAJA4', 'DNAJC5G', 'DNAJC21', 'DNAJB6', 'DNAJB13', 'DNAJB14']"
RAGGGGGGGG,6,0.00028,"['FEZF2', 'J9NS57', 'J9NT05', 'J9NWS4', 'ANKRD17', 'J9P9L2']"
THQRIHTGEK,6,0.00028,"['ZNF691', 'J9NXZ4', 'ZNF853', 'ZNF32', 'ZSCAN20', 'LOC611144']"
GSGSGSGSGS,6,0.00028,"['DMRT1', 'J9P2M8', 'ZDHHC20', 'RTBDN', 'SRGN', 'LMOD2']"
HTHTHTHTHT,6,0.00028,"['J9PAZ2', 'F1PVP6', 'F1PIN6', 'J9P8V4', 'J9P0E9', 'J9P5M7']"
FIHRDLAARN,6,0.00028,"['TNK2', 'TEK', 'TXK', 'ABL1', 'ROS1', 'AXL']"
RERERERERE,6,0.00028,"['RERE', 'PAF1', 'ZC3H13', 'CBX8', 'ZC3H18', 'J9P293']"
GSAAAAAAAA,6,0.00028,"['RASL11B', 'VAX1', 'ZNF703', 'ID4', 'LOC609540', 'PBX2']"
TRAGGLGINL,6,0.00028,"['HELLS', 'CHD2', 'CHD4', 'CHD8', 'INO80', 'SMARCA5']"
HIRSHTGERP,6,0.00028,"['ZBTB8B', 'ZNF831', 'PRDM5', 'HIVEP1', 'CTCF', 'HIVEP3']"
ETQVKIWFQN,6,0.00028,"['HMX3', 'HOXB1', 'NKX1-1', 'NKX3-2', 'MSX2', 'MNX1']"
THTHTHTHTH,6,0.00028,"['F1PVP6', 'F1PIN6', 'J9P8V4', 'J9NZC4', 'J9P0E9', 'J9P5M7']"
PPPPPPPPGP,6,0.00028,"['NEUROD2', 'SOCS7', 'WASF2', 'CAP2', 'HTT', 'WASL']"
GGSGGGGGGG,6,0.00028,"['GBX1', 'EGR1', 'SYNGAP1', 'LURAP1L', 'LAMC2', 'COL17A1']"
RRIHTGERPY,6,0.00028,"['F1PVG3', 'ZNF316', 'ZNF574', 'J9P1Y6', 'ZNF777', 'REPIN1']"
AFGNAKTVRN,6,0.00028,"['MYH4', 'MYO1F', 'O97714', 'MYO1B', 'MYO6', 'MYO7B']"
NGILADEMGL,6,0.00028,"['HELLS', 'J9PA15', 'INO80', 'SMARCAD1', 'SMARCA4', 'SMARCA5']"
AGAAAAAAAA,6,0.00028,"['J9NYJ1', 'TMEM131', 'MKRN1', 'TBX2', 'ZFHX3', 'GAS1']"
AAAAAAPAPA,6,0.00028,"['L7N0M1', 'J9P790', 'PRRC2A', 'ITM2C', 'TMEM229A', 'MYL1']"
QVKVWFQNRR,6,0.00028,"['VAX1', 'HLX', 'HOXB2', 'EMX2', 'NKX6-2', 'MEOX2']"
VGGGGGGGGG,6,0.00028,"['SOGA3', 'ZFHX3', 'J9NX07', 'GAREM2', 'J9NWH4', 'J9NVP4']"
QQQQQQPPPP,6,0.00028,"['HLX', 'SF1', 'KAT6A', 'HTT', 'DLX6', 'F1Q0F6']"
DEEEEEEEDE,6,0.00028,"['ZNF316', 'AMER1', 'HUWE1', 'ABCC9', 'ZBTB47', 'CIZ1']"
KKKKKKKKKK,6,0.00028,"['J9NSA4', 'J9NRT9', 'SLU7', 'J9P8U9', 'J9NV72', 'ZNF22']"
EEEEEDEEDE,6,0.00028,"['ZBTB7C', 'HMGB1', 'NOC2L', 'SETD1A', 'PIAS4', 'TSPOAP1']"
EEEEEEEEET,6,0.00028,"['HAP1', 'PIEZO2', 'SKAP1', 'LOC489591', 'GTF3C3', 'TBC1D12']"
EEEEEEEEEM,6,0.00028,"['CLSPN', 'TMEM132A', 'PCGF6', 'CFAP65', 'P3H3', 'F1PVR5']"
FQNRRAKWRK,6,0.00028,"['NOBOX', 'ARX', 'DRGX', 'UNCX', 'ALX4', 'VSX1']"
RSHTGEKPYK,6,0.00028,"['ZNF236', 'BCL11A', 'J9NYK1', 'IKZF5', 'ZSCAN25', 'ZNF502']"
AAAAAAAAGA,6,0.00028,"['PABPN1', 'ADAMTS1', 'KCNJ4', 'HOXA13', 'NPHP3', 'EEFSEC']"
EEEEEDDEEE,6,0.00028,"['ANO8', 'ZNF526', 'BCL11A', 'SLC4A3', 'KAT6B', 'ZCCHC6']"
KQQQQQQQQQ,6,0.00028,"['CREBZF', 'F1PM52', 'KMT2D', 'SETD1A', 'VEZF1', 'TWISTNB']"
IRHQRIHTGE,6,0.00028,"['ZNF629', 'J9JHM7', 'ZNF619', 'ZKSCAN2', 'ZNF263', 'ZNF467']"
RRQQQQQQQQ,6,0.00028,"['ARHGEF17', 'IER5L', 'LRCH4', 'DENND4B', 'ST6GALNAC5', 'THAP11']"
RTHTGEKPFA,6,0.00028,"['ZNF672', 'ZBTB7B', 'EGR2', 'EGR4', 'J9NT49', 'GLI4']"
RTHTGERPYK,6,0.00028,"['ZNF629', 'REST', 'ZNF782', 'ZNF768', 'F1Q138', 'J9NZ00']"
LLPPPPPPPP,6,0.00028,"['CARMIL3', 'SOX30', 'MECP2', 'SP5', 'PRIMA1', 'SEPT8']"
THTGEKPFAC,6,0.00028,"['ZNF672', 'ZBTB7B', 'EGR2', 'EGR4', 'J9NT49', 'GLI4']"
LIKHQRTHTG,6,0.00028,"['J9NZ00', 'ZKSCAN4', 'ZNF37A', 'ZNF394', 'ZNF514', 'ZNF768']"
PYRDSKLTRL,6,0.00028,"['KIF21A', 'KIF4A', 'KIF18B', 'KIF17', 'KIF22', 'KIF3B']"
HLRTHTGERP,6,0.00028,"['ZNF324', 'J9NZ00', 'ZNF574', 'ZNF263', 'ZNF358', 'ZNF467']"
EQQQQQQQQQ,6,0.00028,"['KMT2C', 'NFAT5', 'MED12', 'FAM155A', 'TFCP2', 'FBXW7']"
EEEEDDDDDD,6,0.00028,"['NRDC', 'CHD4', 'HOMEZ', 'SETD1B', 'FBXO3', 'HRC']"
PPPPPLLLLL,6,0.00028,"['HPSE', 'NPR1', 'PLOD2', 'CELSR2', 'IFI30', 'C37H2orf69']"
PGLPGPPGPP,6,0.00028,"['COL15A1', 'GLDN', 'COL18A1', 'SCARA3', 'C1QTNF7', 'COL1A1']"
QRIHTGEKPF,6,0.00028,"['ZNF620', 'ZKSCAN2', 'ZKSCAN5', 'ZFP90', 'LOC100685462', 'ZNF510']"
SGSGSGSGSG,6,0.00028,"['DMRT1', 'ADCY8', 'ZDHHC20', 'RTBDN', 'SRGN', 'LMOD2']"
SXXXXXXXXX,6,0.00028,"['J9P737', 'EFNB3', 'CNTLN', 'ATG10', 'RUNX3', 'LMOD1']"
AGAGAGAGAA,6,0.00028,"['NOG', 'KCTD8', 'LOC478037', 'J9P2M8', 'J9NZC4', 'SLC46A2']"
FYAPWCGHCK,6,0.00028,"['PDIA6', 'P4HB', 'PDIA4', 'J9P1D3', 'TMX3', 'TXNDC5']"
EKQAPCREPD,6,0.00028,"['MYO3B', 'PAF1', 'CHPT1', 'SRPK1', 'ZNF467', 'J9NTD9']"
RDLKPENILL,6,0.00028,"['RPS6KA1', 'SGK3', 'GRK6', 'PDPK1', 'PRKX', 'PHKG1']"
HRRIHTGERP,6,0.00028,"['F1PVG3', 'ZNF316', 'ZNF574', 'J9P1Y6', 'ZNF777', 'REPIN1']"
THTGERPYKC,6,0.00028,"['ZNF629', 'REST', 'ZNF782', 'ZNF768', 'F1Q138', 'J9NZ00']"
SSAAAAAAAA,6,0.00028,"['ARID1B', 'MAMLD1', 'SPTLC2', 'NLK', 'PRDM8', 'CKAP4']"
LEQFLTILPE,5,0.000233,"['ZNF215', 'ZKSCAN8', 'F1PSF5', 'L7N0D2', 'ZBED9']"
PPGPPGPPGS,5,0.000233,"['COL15A1', 'GLDN', 'COL9A3', 'COL12A1', 'COL17A1']"
PSPPPPPPPP,5,0.000233,"['FHDC1', 'MAP7D1', 'ZIC5', 'MANEAL', 'SCAF1']"
SSSSSTSSSS,5,0.000233,"['SETD1A', 'J9P707', 'F6XVW9', 'BRDT', 'PNN']"
GPQGPPGPPG,5,0.000233,"['C1QTNF2', 'COL18A1', 'COL22A1', 'COL11A1', 'COL23A1']"
RSKEQILELL,5,0.000233,"['ZNF449', 'F1PSF5', 'ZKSCAN2', 'ZKSCAN4', 'L7N0D2']"
EEEEEEEDDE,5,0.000233,"['KAT6B', 'ARID4B', 'ANO8', 'ZCCHC6', 'ZNF526']"
RNLYRDVMLE,5,0.000233,"['ZNF445', 'ZNF114', 'ZNF333', 'L7N073', 'ZNF568']"
LIQHQRIHTG,5,0.000233,"['ZNF655', 'ZSCAN16', 'ZNF252', 'ZNF205', 'ZNF22']"
GVGGGGGGGG,5,0.000233,"['J9NX07', 'GAREM2', 'J9NWH4', 'J9NVP4', 'ZFHX3']"
RIHTGEKPYE,5,0.000233,"['J9P1Y6', 'ZNF252', 'ZBTB16', 'J9JHW0', 'ZSCAN16']"
RIHTGEKPYV,5,0.000233,"['ZNF143', 'ZNF252', 'ZNF382', 'ZNF205', 'REPIN1']"
ARAAAAAAAA,5,0.000233,"['J9P3I8', 'Q9XSR8', 'J9P5I5', 'CHD7', 'J9NTF2']"
SSSSSSSSAS,5,0.000233,"['FBRS', 'NFE2L1', 'MED1', 'ATN1', 'HSPB7']"
SGRHYWEVEV,5,0.000233,"['TRIM68', 'MEFV', 'TRIM41', 'TRIM39', 'LOC100855640']"
IKIWFQNRRM,5,0.000233,"['HOXD4', 'HOXB3', 'HOXA7', 'PDX1', 'HOXD3']"
HQRLHTGERP,5,0.000233,"['ZNF619', 'ZNF449', 'ZNF786', 'LOC102152670', 'Q9XSR2']"
RRRRRRRRRG,5,0.000233,"['ZBTB2', 'GLS', 'J9P8S0', 'J9JHW3', 'TBC1D31']"
LTETQVKIWF,5,0.000233,"['NKX1-1', 'MSX2', 'MNX1', 'HMX3', 'NKX3-2']"
HRRTHTGERP,5,0.000233,"['ZNF782', 'J9P269', 'ZNF316', 'F1Q138', 'ZNF771']"
VYKVETIGDA,5,0.000233,"['GUCY1A1', 'NPR1', 'GUCY2C', 'GUCY2D', 'F1PIP2']"
THTGEKPFKC,5,0.000233,"['ZNF536', 'ZIC5', 'J9NTD3', 'PRDM6', 'ZNF322']"
VQKKTFTKWV,5,0.000233,"['SPTBN4', 'PLEC', 'Q6V0G7', 'DMD', 'MACF1']"
EAEEEEEEEE,5,0.000233,"['ARID4B', 'ZMYND15', 'F1PBG8', 'ZFHX3', 'F1PYQ6']"
HHRIHTGEKP,5,0.000233,"['J9PA33', 'ZNF252', 'GZF1', 'ZSCAN21', 'J9JHW0']"
GAWGCFDEFN,5,0.000233,"['DNAH10', 'DNAH9', 'DYNC2H1', 'F6V7I1', 'DYNC1H1']"
EEDEEDEDED,5,0.000233,"['RTN4', 'ARID1B', 'UBTF', 'MNX1', 'NCL']"
IHTGEKPYVC,5,0.000233,"['ZNF143', 'ZNF252', 'ZNF382', 'ZNF205', 'REPIN1']"
EQEEEEEEEE,5,0.000233,"['PLEKHG3', 'PIK3R5', 'EPB41L2', 'ZBTB47', 'ZNF777']"
REPDVGFDPG,5,0.000233,"['J9P377', 'F6XJ16', 'SRPK1', 'SDCCAG8', 'E2RKY6']"
VHRDLKPENL,5,0.000233,"['CAMK1D', 'RPS6KA5', 'CAMK4', 'DCLK3', 'CAMK2A']"
APAPAPAPAL,5,0.000233,"['J9NWD5', 'PHLPP1', 'RALGDS', 'MAMSTR', 'AMOT']"
APAPAPAPAA,5,0.000233,"['PAQR8', 'KIF13B', 'GUCY1A2', 'C30H15orf39', 'J9NSS2']"
SSSSSSSDSD,5,0.000233,"['PPIG', 'AFF3', 'NFKBIB', 'JMJD6', 'HDGFL2']"
EEEVEEEEEE,5,0.000233,"['KAT6B', 'PLCB2', 'TTBK1', 'PRM3', 'MYT1']"
PPPPPPPPPV,5,0.000233,"['ZNF318', 'RAPH1', 'YLPM1', 'SETD1B', 'FNBP4']"
VVHCSAGIGR,5,0.000233,"['PTPN1', 'PTPN9', 'PTPN7', 'PTPN11', 'PTPN4']"
RYVAICHPLR,5,0.000233,"['cOR10H13', 'OR2AE1', 'E2R5N8', 'OR04A12', 'LOC485317']"
REKERERERE,5,0.000233,"['GSE1', 'EIF3A', 'ZC3H13', 'RNF20', 'LUC7L3']"
GDSGGPLVCE,5,0.000233,"['CORIN', 'TMPRSS13', 'PRSS38', 'PRSS36', 'TMPRSS9']"
DRYVAICHPL,5,0.000233,"['OR2A12', 'Q6W6V4', 'E2R5N8', 'OR04A12', 'LOC485317']"
SSSSSSTSSS,5,0.000233,"['SETD1A', 'J9P707', 'SRRM2', 'CBX2', 'PNN']"
SDEEEEEEEE,5,0.000233,"['PELP1', 'ZCCHC6', 'ZFP91', 'ARSI', 'BOD1L1']"
ELCRRWLRPE,5,0.000233,"['ZBED9', 'ZNF394', 'ZKSCAN4', 'LOC491421', 'ZSCAN2']"
QQQQQQQQAA,5,0.000233,"['CACNA1A', 'FOXA2', 'DENND4B', 'FRMPD3', 'NUMBL']"
SYTANLAAFL,5,0.000233,"['GRID1', 'GRIA3', 'GRIN1', 'GRIK3', 'GRIK4']"
PPPPQQQQQQ,5,0.000233,"['QRICH1', 'TOB1', 'KAT6A', 'CELF3', 'FOXJ2']"
IKKAYRKLAL,5,0.000233,"['DNAJB3', 'DNAJB13', 'DNAJB11', 'DNAJC5G', 'DNAJA4']"
QQQQPPPPPP,5,0.000233,"['SMARCC1', 'ZNF462', 'HTT', 'EP400', 'SF1']"
SSSSSSSSSL,5,0.000233,"['MBTPS2', 'DDIT4', 'NPAS1', 'EDC4', 'ING3']"
NLYRDVMLEN,5,0.000233,"['ZNF215', 'ZNF445', 'ZNF114', 'L7N0F9', 'ZNF713']"
PPPPPPPPQP,5,0.000233,"['POLG', 'VIRMA', 'DMRTB1', 'SLITRK5', 'CEBPB']"
HRDLKPENIL,5,0.000233,"['CDK4', 'PDPK1', 'MKNK1', 'RPS6KA4', 'PHKG1']"
SSSSSSSSDS,5,0.000233,"['PPIG', 'PRR13', 'AFF3', 'JMJD6', 'HDGFL2']"
FSSSSSSSSS,5,0.000233,"['C32H4orf54', 'LOC492226', 'DDIT4', 'GTF2IRD1', 'RNF126']"
PPPPPPPQPQ,5,0.000233,"['POLG', 'VIRMA', 'DMRTB1', 'SLITRK5', 'MAML2']"
KHQRIHTGEK,5,0.000233,"['ZNF18', 'ZNF334', 'ZNF483', 'ZNF394', 'LOC111089966']"
QQQQQQQQQE,5,0.000233,"['SHROOM4', 'SETD1A', 'ST6GALNAC5', 'AR', 'ARHGEF17']"
QQQQQQQQQM,5,0.000233,"['NCOA3', 'TOX3', 'NCOA6', 'NCOR2', 'KMT2D']"
QQQQQQQQQL,5,0.000233,"['FBXW7', 'GLCCI1', 'NCOA6', 'BMP2K', 'KMT2D']"
KPYKCKECGK,5,0.000233,"['ZNF510', 'LOC484934', 'ZNF852', 'J9JHW0', 'ZSCAN21']"
YVAICHPLRY,5,0.000233,"['cOR10H13', 'OR2AE1', 'E2R5N8', 'OR04A12', 'LOC485317']"
GPPGPPGIPG,5,0.000233,"['C1QTNF3', 'COL4A5', 'COL22A1', 'COL23A1', 'COL17A1']"
LLYGPPGTGK,5,0.000233,"['PEX1', 'RFC5', 'KATNAL2', 'SPATA5', 'PSMC6']"
LLLPLLLLLL,5,0.000233,"['TMUB1', 'PLXNA1', 'J9P940', 'MMP11', 'GDF10']"
XXXXXXXXXE,5,0.000233,"['F1Q262', 'CBFB', 'CCDC85C', 'J9P043', 'E2RQ76']"
XXXXXXXXXS,5,0.000233,"['FAM222A', 'ATG10', 'NIT1', 'J9PBI9', 'SCAP']"
HTGEKPYKCT,5,0.000233,"['ZNF319', 'KLF5', 'ZNF252', 'ZNF629', 'KLF8']"
SKLTRLLQDS,5,0.000233,"['KIF17', 'KIF22', 'KIF21A', 'KIF4A', 'KIF3A']"
RDSKLTRLLQ,5,0.000233,"['KIF3B', 'KIF17', 'KIF21A', 'KIF4A', 'KIF22']"
IHTGERPYRC,5,0.000233,"['J9P1Y6', 'ZNF789', 'F1PVG3', 'ZNF316', 'ZNF793']"
PPPPPPPPRR,5,0.000233,"['IRS4', 'ATXN7', 'KIAA1217', 'J9NU01', 'ZNF366']"
TPPPPPPPPP,5,0.000233,"['FHDC1', 'JMY', 'ZFHX4', 'ZNF827', 'J9PAJ1']"
RAXXXXXXXX,5,0.000233,"['CACNA2D2', 'J9P376', 'J9NZJ4', 'AP4B1', 'J9P6H3']"
RTHTGEKPFK,5,0.000233,"['ZNF536', 'ZIC5', 'J9NTD3', 'PRDM6', 'ZNF322']"
PAPPPAPAPA,5,0.000233,"['SOBP', 'ADRB1', 'KDM6B', 'IGSF9B', 'UBAP1L']"
AWGCFDEFNR,5,0.000233,"['DNAH10', 'DNAH9', 'DYNC2H1', 'F6V7I1', 'DYNC1H1']"
ITMNPGYAGR,5,0.000233,"['F6V7I1', 'DNAH9', 'DNAH10', 'DNAH7', 'DYNC1H1']"
RDLAARNILV,5,0.000233,"['JAK3', 'EPHA6', 'TEK', 'EPHA2', 'MATK']"
KRPMNAFMVW,5,0.000233,"['SOX2', 'SOX30', 'SOX9', 'SOX13', 'SOX12']"
IKHQRTHTGE,5,0.000233,"['ZNF37A', 'ZNF394', 'ZNF768', 'ZNF514', 'ZKSCAN4']"
QIWDTAGQER,5,0.000233,"['RAB11A', 'RAB7A', 'RAB12', 'RAB39B', 'RAB26']"
LTRLLQDSLG,5,0.000233,"['KIF17', 'KIF22', 'KIF21A', 'KIF4A', 'KIF3A']"
FVHRDLAARN,5,0.000233,"['MET', 'IGF1R', 'ZAP70', 'CSK', 'Q6DTW4']"
VATRWYRAPE,5,0.000233,"['MAPK14', 'CDKL4', 'MAPK15', 'MAPK7', 'CDK20']"
ERKKERKKER,5,0.000233,"['F1PTI2', 'J9P8B2', 'TTBK1', 'DNAH14', 'E2RR31']"
HQQQQQQQQQ,5,0.000233,"['GLG1', 'MGA', 'TET2', 'CXXC1', 'POU3F2']"
HERTHTGEKP,5,0.000233,"['ZNF324', 'ZNF554', 'SALL3', 'ZFP90', 'J9P5U0']"
RIHTGEKPYQ,5,0.000233,"['ZNF174', 'ZFX', 'ZSCAN21', 'ZNF74', 'LOC111089966']"
VAICHPLRYT,5,0.000233,"['cOR55B3', 'LOC106557457', 'OR2AE1', 'LOC483444', 'OR04A12']"
HSSSSSSSSS,5,0.000233,"['PRR13', 'HSPB7', 'MED1', 'FAM193B', 'ATXN7']"
GPIVVHCSAG,5,0.000233,"['PTPRK', 'PTPN1', 'PTPRE', 'PTPN7', 'PTPRC']"
DEDEEEEEEE,5,0.000233,"['HOMEZ', 'CERS3', 'EIF3D', 'TERF2IP', 'ABCC9']"
ELCHQWLRPE,5,0.000233,"['ZKSCAN1', 'ZNF446', 'ZNF202', 'E2QW91', 'PGBD1']"
IHTGEKPYQC,5,0.000233,"['ZNF174', 'ZFX', 'ZSCAN21', 'ZNF74', 'LOC111089966']"
SQQQQQQQQQ,5,0.000233,"['NFAT5', 'NCOA6', 'NCOR2', 'TMCC2', 'GLCCI1']"
DXXXXXXXXX,5,0.000233,"['J9NYZ8', 'SP9', 'F1Q262', 'F1PKI3', 'EMILIN1']"
QRTHTGERPY,5,0.000233,"['ZNF322', 'ZNF853', 'ZFP69B', 'ZNF316', 'ZNF696']"
ERQVKIWFQN,5,0.000233,"['CDX2', 'Q9XT68', 'HOXA4', 'HOXD8', 'HOXA9']"
DRDRDRDRDR,5,0.000233,"['FIP1L1', 'ZNF217', 'NELFE', 'SCAF1', 'PQBP1']"
RHQRIHTGER,5,0.000233,"['ZNF467', 'ZNF282', 'ZNF629', 'ZNF648', 'ZNF397']"
QWVLTAAHCF,5,0.000233,"['C2', 'F1Q314', 'F1PJ78', 'KLKB1', 'TMPRSS13']"
TPYWMAPEVI,5,0.000233,"['NRK', 'MAP3K19', 'PAK6', 'MAP4K4', 'TAOK3']"
SSSSSSDSDS,5,0.000233,"['PPIG', 'NFKBIB', 'ZCCHC10', 'JMJD6', 'RTF1']"
LWDTAGQERF,5,0.000233,"['RAB27A', 'RAB34', 'RASEF', 'RAB6B', 'RAB33B']"
LPGPPGPPGP,5,0.000233,"['COL18A1', 'COL15A1', 'ERFE', 'GLDN', 'COL1A1']"
DLYRDVMLEN,5,0.000233,"['ZNF350', 'ZNF789', 'ZNF404', 'J9NXP1', 'F1PUQ8']"
KHQRVHTGEK,5,0.000233,"['ZNF324', 'ZNF483', 'ZNF394', 'ZNF697', 'LOC111089966']"
GAGAGAGAGG,5,0.000233,"['FBXO45', 'SORT1', 'MRPL28', 'IRS2', 'J9NWV5']"
LRELCRRWLR,5,0.000233,"['ZBED9', 'ZNF394', 'ZKSCAN4', 'LOC491421', 'ZSCAN2']"
IQVWFQNRRA,5,0.000233,"['VSX1', 'SEBOX', 'J9NVC7', 'DUXA', 'PROP1']"
APAPAPAPGP,5,0.000233,"['ALG11', 'PDZD8', 'MTDH', 'MAFF', 'J9NWD5']"
ATAAAAAAAA,5,0.000233,"['QSOX2', 'SOX3', 'IQSEC3', 'RBM4', 'RBFOX2']"
RHRRTHTGEK,5,0.000233,"['ZNF34', 'SP3', 'KLF10', 'ZNF316', 'ZNF652']"
DLKPENILLD,5,0.000233,"['GRK6', 'RPS6KA1', 'PRKX', 'SGK3', 'PHKG1']"
GGGGPGGGGG,5,0.000233,"['ASXL1', 'E2RMQ8', 'J9NUT3', 'ZNF316', 'HOXD11']"
VVHCSAGVGR,5,0.000233,"['PTPRF', 'PTPRC', 'PTPRB', 'PTPRA', 'PTPN14']"
GGGGGGGGAR,5,0.000233,"['ADAMTS19', 'ANKRD17', 'GAREM2', 'BAIAP2L2', 'PDCD2L']"
ESSSSSSSSS,5,0.000233,"['ZCCHC10', 'SETD1A', 'CUL4B', 'PRG4', 'DCAF5']"
TRLLQDSLGG,5,0.000233,"['KIF17', 'KIF22', 'KIF21A', 'KIF4A', 'KIF3A']"
PGGPGGPGGP,5,0.000233,"['COX18', 'F1PV65', 'J9P1K6', 'SRSF11', 'J9JHK5']"
HVRIHTGEKP,5,0.000233,"['ZNF383', 'ZNF143', 'ZBTB17', 'BCL6B', 'ZNF236']"
HTGEKPYECK,5,0.000233,"['ZNF556', 'ZNF114', 'ZNF620', 'J9JHW0', 'ZNF331']"
GPPGLPGPPG,5,0.000233,"['SCARA3', 'COL15A1', 'COL4A5', 'COL22A1', 'GLDN']"
EQVSHHPPIS,5,0.000233,"['OSBPL10', 'OSBPL2', 'OSBPL8', 'OSBPL9', 'OSBPL7']"
LRTHTGERPY,5,0.000233,"['ZNF324', 'ZNF263', 'ZNF358', 'J9NZ00', 'ZNF467']"
SSSSSGSSSS,5,0.000233,"['ARL6IP4', 'EMSY', 'SRRM2', 'SOX4', 'Q06SM5']"
RLRELCRRWL,5,0.000233,"['ZBED9', 'ZNF394', 'ZKSCAN4', 'LOC491421', 'ZSCAN2']"
QQPPPPPPPP,5,0.000233,"['SETD1A', 'ZNF462', 'SOCS7', 'SLITRK5', 'BARHL2']"
YNGTIFAYGQ,5,0.000233,"['KIF6', 'KIF15', 'CENPE', 'KIF5C', 'KIF3A']"
IHRDLAARNC,5,0.000233,"['ABL1', 'TXK', 'FER', 'ROS1', 'AXL']"
GLGLGLGLGL,5,0.000233,"['NOS3', 'LGI3', 'SLC3A1', 'PROM2', 'THSD1']"
APAAAAAAAA,5,0.000233,"['BARX1', 'SHARP1', 'OTUD1', 'FOXF2', 'J9P1Y2']"
RKKERKKERK,5,0.000233,"['F1PTI2', 'J9P8B2', 'TTBK1', 'DNAH14', 'E2RR31']"
SSSGSSSSSS,5,0.000233,"['TTLL4', 'ARL6IP4', 'J9P6G9', 'RLIM', 'PHLDB1']"
NLGNTCFMNS,5,0.000233,"['USP30', 'USP2', 'USP19', 'USP32', 'USP15']"
AAAAAAASSS,5,0.000233,"['ARID1B', 'HOXA13', 'J9NVP5', 'KCNN2', 'CDK13']"
DVMLENYRNL,5,0.000233,"['LOC106558995', 'ZNF350', 'ZNF333', 'J9NXP1', 'ZNF614']"
EEAEEEEEEE,5,0.000233,"['ARID4B', 'ZMYND15', 'F1PYQ6', 'ZFHX3', 'PDE4C']"
SDVWSFGILL,5,0.000233,"['PDGFRB', 'FGFR4', 'FER', 'LCK', 'CSK']"
SSSSSSSGSS,5,0.000233,"['POU4F2', 'ARL6IP4', 'SRRM2', 'SOX4', 'CDSN']"
EEEEEEEESE,5,0.000233,"['SETD1A', 'NPHP1', 'EIF5B', 'CLSTN1', 'BRD2']"
LLLLLLPPPP,5,0.000233,"['ITGA5', 'ACP4', 'PTGS1', 'ADAMTS8', 'MMP11']"
TSSSSSSSSS,5,0.000233,"['KBTBD6', 'J9P3V4', 'F6XVW9', 'TMEM40', 'KDM6B']"
EEEEEDEEED,5,0.000233,"['APLP2', 'ARMH4', 'RSPH6A', 'PPARGC1B', 'BBX']"
EEEEEEEEDG,5,0.000233,"['CCDC28B', 'GOLIM4', 'SPRYD3', 'NEUROD4', 'PUS7']"
RELCRRWLRP,5,0.000233,"['ZBED9', 'ZNF394', 'ZKSCAN4', 'LOC491421', 'ZSCAN2']"
QAQAQAQAQA,5,0.000233,"['TCERG1', 'PLEC', 'ZNF384', 'MAP6', 'ADAMTSL5']"
KDSCQGDSGG,5,0.000233,"['F9', 'F1PXI5', 'P06871', 'KLK6', 'GZMK']"
ELLVLEQFLS,5,0.000233,"['LOC608197', 'ZSCAN10', 'J9NWB9', 'E2QW91', 'ZNF397']"
PPPPPPPLPG,5,0.000233,"['DAAM1', 'KDM6B', 'FMNL1', 'FHDC1', 'DIAPH3']"
PPQPQPPPPP,5,0.000233,"['POU6F2', 'PLEKHG2', 'SLITRK5', 'IRS1', 'KDM6B']"
GGGGGGGGSS,5,0.000233,"['HNRNPA0', 'ATOH1', 'RBM15B', 'ILF3', 'KRT10']"
CSSSSSSSSS,5,0.000233,"['LURAP1L', 'GUCY1A2', 'PPRC1', 'PEG10', 'MLLT3']"
SSTSSSSSSS,5,0.000233,"['VPS35L', 'USP24', 'F6XVW9', 'TMEM40', 'J9P707']"
WQNSIRHNLS,5,0.000233,"['FOXJ1', 'FOXI3', 'FOXL1', 'FOXD3', 'FOXK2']"
IQHQRIHTGE,5,0.000233,"['ZNF655', 'ZSCAN16', 'ZNF252', 'ZNF205', 'ZNF22']"
FITMNPGYAG,5,0.000233,"['F6V7I1', 'DNAH9', 'DNAH10', 'DNAH7', 'DYNC1H1']"
HHHHHHHHHP,5,0.000233,"['VGLL3', 'ONECUT1', 'YY1', 'HAND1', 'CACNA1A']"
DRYVAICKPL,5,0.000233,"['LOC100683660', 'DOPRH07', 'OR52K2', 'LOC100688383', 'F1PQ72']"
EEEEEEEEEK,5,0.000233,"['VGLL3', 'DEK', 'EP400', 'SLC4A1AP', 'KMT5C']"
RNNNSSRFGK,5,0.000233,"['MYO1F', 'MYO1A', 'MYO19', 'MYO6', 'MYH16']"
THTGEKPFQC,5,0.000233,"['ZBTB48', 'ZNF16', 'ZIC2', 'ZNF786', 'ZNF641']"
LRLLLLLLLL,5,0.000233,"['IL20RA', 'P3H3', 'GUCY2D', 'FZD4', 'CTSA']"
PPPPAPPPPP,5,0.000233,"['STK39', 'WIPF1', 'LIX1L', 'MYPOP', 'BOD1L1']"
MPPPPPPPPP,5,0.000233,"['FMNL2', 'IRS4', 'IQSEC2', 'PTPN5', 'DIAPH3']"
AAAAAAAAGE,5,0.000233,"['J9NYJ1', 'NIPA1', 'BARX1', 'RXRB', 'J9PBP4']"
HVRTHTGERP,5,0.000233,"['MTF1', 'ZBTB11', 'LOC100686484', 'ZNF76', 'REST']"
NNNSSRFGKF,5,0.000233,"['MYO10', 'MYO19', 'MYO9B', 'MYH16', 'MYO6']"
RHQRIHTGEK,5,0.000233,"['ZNF619', 'ZSCAN25', 'ZKSCAN2', 'ZNF629', 'J9JHM7']"
YKVETIGDAY,5,0.000233,"['GUCY1A1', 'NPR1', 'GUCY2C', 'GUCY2D', 'F1PIP2']"
IRTHTGEKPF,5,0.000233,"['EGR2', 'MTF1', 'PRDM6', 'Slug', 'CTCFL']"
RSPPPPPPPP,5,0.000233,"['RNF215', 'J9P7M2', 'LZTS2', 'RBM33', 'UCKL1']"
TETQVKIWFQ,5,0.000233,"['NKX1-1', 'MSX2', 'MNX1', 'HMX3', 'NKX3-2']"
LLLTGTPLQN,5,0.000233,"['HELLS', 'J9PA15', 'SMARCA4', 'SMARCA5', 'CHD4']"
IRTHTGEKPY,5,0.000233,"['ZNF624', 'J9P4G0', 'ZBTB7A', 'ZNF648', 'SNAI3']"
LYGPPGTGKT,5,0.000233,"['PEX1', 'PSMC1', 'KATNAL2', 'SPATA5', 'RFC5']"
EHQRIHTGEK,5,0.000233,"['J9NXZ4', 'LOC100685462', 'ZNF382', 'ZFP90', 'ZSCAN30']"
RHNLSLNKCF,5,0.000233,"['FOXN4', 'FOXJ1', 'FOXG1', 'FOXJ2', 'FOXN2']"
QQQQQQQPPP,5,0.000233,"['KAT6A', 'CDX2', 'HLX', 'DLX6', 'HTT']"
HTGERPYACA,5,0.000233,"['ZNF668', 'ZNF311', 'ZNF316', 'F1Q138', 'ZNF771']"
GKTLLAKAVA,5,0.000233,"['PSMC1', 'PEX6', 'NVL', 'KATNAL2', 'SPG7']"
EEEEEEEEVE,5,0.000233,"['KAT6B', 'EPB41L2', 'BAZ1B', 'PAXIP1', 'MYT1']"
SSGGGGGGGG,5,0.000233,"['ZFC3H1', 'NPR3', 'NKPD1', 'RFX1', 'FUS']"
RLVITPLTDR,5,0.000233,"['F6V7I1', 'DNAH8', 'DNAH9', 'DNAH10', 'DNAH7']"
PXXXXXXXXX,5,0.000233,"['POU3F3', 'EIF4E3', 'F1PKQ2', 'Peg3', 'STAB2']"
QRTHTGEKPF,5,0.000233,"['ZNF202', 'LOC100688087', 'J9NTD3', 'ZNF672', 'ZNF316']"
EEEEEDDDDD,5,0.000233,"['HOMEZ', 'DDHD1', 'NRDC', 'CHD4', 'FBXO3']"
NGTIFAYGQT,5,0.000233,"['KIF6', 'KIF15', 'CENPE', 'KIF5C', 'KIF3A']"
STSSSSSSSS,5,0.000233,"['J9P707', 'F6XVW9', 'UBE2E1', 'TMEM40', 'ATXN7L1']"
EEDEEEEEDE,5,0.000233,"['HMGB1', 'CHIC1', 'NGEF', 'PPARGC1B', 'ZBTB47']"
EAAAAAAAAA,5,0.000233,"['SP4', 'FBRS', 'JARID2', 'CLASRP', 'J9JHW3']"
PGPKAGAKPL,5,0.000233,"['J9P377', 'F6XJ16', 'SRPK1', 'ZNF467', 'E2RKY6']"
EDDDDDDDDD,5,0.000233,"['LOC403555', 'NPM1', 'ZNF711', 'TAF9', 'ZBTB4']"
PPPPPQQQQQ,5,0.000233,"['QRICH1', 'TOB1', 'KAT6A', 'CELF3', 'FOXJ2']"
KHQRTHTGEK,5,0.000233,"['ZNF79', 'ZNF394', 'ZKSCAN4', 'ZNF514', 'ZNF48']"
HTGEKPYQCS,5,0.000233,"['ZNF174', 'ZKSCAN4', 'J9NZ00', 'ZFP90', 'LOC111089966']"
QNSIRHNLSL,5,0.000233,"['FOXJ1', 'FOXI3', 'FOXL1', 'FOXD3', 'FOXK2']"
DSKLTRLLQD,5,0.000233,"['KIF3B', 'KIF17', 'KIF21A', 'KIF4A', 'KIF22']"
QKKTFTKWVN,5,0.000233,"['SPTBN4', 'PLEC', 'Q6V0G7', 'DMD', 'MACF1']"
PGPGPGPGPA,5,0.000233,"['DOC2B', 'SYNM', 'SMARCA4', 'PRRT3', 'SNX18']"
KLTRLLQDSL,5,0.000233,"['KIF17', 'KIF22', 'KIF21A', 'KIF4A', 'KIF3A']"
APCREPDVGL,5,0.000233,"['CHPT1', 'PAF1', 'MYO3B', 'ZNF467', 'J9NTD9']"
HLRIHSGEKP,5,0.000233,"['ZBTB17', 'ZFP82', 'ZEB1', 'ZSCAN22', 'ZBTB41']"
STRAGGLGIN,5,0.000233,"['INO80', 'HELLS', 'CHD2', 'SMARCA5', 'CHD4']"
EEEEEEELEE,5,0.000233,"['PRDM16', 'RRP9', 'CFAP65', 'PKNOX2', 'ARID3A']"
LVDLAGSERQ,5,0.000233,"['J9NYM2', 'KIF15', 'KIF17', 'KIF4A', 'KIF3A']"
LVDLAGSERA,5,0.000233,"['KIF16B', 'KIF13B', 'STARD9', 'CENPE', 'KIF1A']"
EDEEDEEEEE,5,0.000233,"['ARMH4', 'HMGB1', 'CHIC1', 'ZBTB7C', 'ANP32A']"
KERKKERKKE,5,0.000233,"['F1PTI2', 'J9P8B2', 'TTBK1', 'DNAH14', 'E2RR31']"
GPAGTGKTET,5,0.000233,"['F6V7I1', 'DNAH8', 'DNAH9', 'DNAH10', 'DNAH7']"
GYNGTIFAYG,5,0.000233,"['KIF6', 'KIF15', 'CENPE', 'KIF5C', 'KIF3A']"
FQNRRMKWKK,5,0.000233,"['PDX1', 'Q9XT68', 'HOXA4', 'HOXD8', 'F6V4P2']"
LLLLLLLLLP,5,0.000233,"['PTGS1', 'J9NZ47', 'MST1R', 'MANBA', 'AGPAT1']"
EDEEEEEDEE,5,0.000233,"['HMGB1', 'CHIC1', 'APLP2', 'ZBTB47', 'CSRNP3']"
HRDLAARNCM,5,0.000233,"['MET', 'IGF1R', 'AXL', 'Q6QHH2', 'Q6DTW4']"
KLSRALRYYY,5,0.000233,"['FLI1', 'ETV3', 'ELF5', 'GABPA', 'ELK4']"
PPPPPPPPPE,5,0.000233,"['J9NST0', 'PRDM6', 'SPEF2', 'IQSEC2', 'F1PCX3']"
