k-mer,number of proteins,percentage,all,(Out of 23721 proteins in total)
EEEEEEEEEE,64,0.002698,"['A0A1D5NV86', 'RCJMB04_4n14', 'ERMN', 'SGK223', 'CLSPN', 'F1NLT1', 'RCJMB04_2d15', 'A0A1D5PCQ8', 'ZFHX3', 'BCL11B', 'WDR86', 'SPRYD3', 'SLC4A3', 'A0A1L1RTH4', 'BCORL1', 'A0A1D5PT85', 'IBSP', 'GREB1', 'brg1', 'LOC101747779', 'FAM163A', 'LOC107050801', 'A0A1L1RYT4', 'EIF3D', 'FTSJ3', 'PPARGC1B', 'CNKSR2', 'A0A1L1RK01', 'calsyntenin-1', 'Pomc', 'R4GFK2', 'MYT1', 'MEA1', 'FAM131A', 'R4GGX8', 'ZNF326', 'ZBTB7C', 'A0A1D5PTH9', 'MSC', 'FOXD1', 'A0A1D5PVY3', 'A0A1D5NVM8', 'URP', 'PRF1', 'CHRNA2', 'UNC13A', 'PAXIP1', 'Stac3', 'ARID3A', 'CCDC135', 'NEUROD1', 'C5H14ORF37', 'NANOS1', 'R4GIV3', 'SLC4A1AP', 'RCJMB04_19c24', 'HB9', 'CDC2L1', 'A0A1D5P2J1', 'ASCC2', 'CIZ1', 'A0A1L1RLG9', 'LOC107050978', 'LMOD2']"
PPPPPPPPPP,43,0.001813,"['A0A1D5NVD0', 'WASHC1', 'ZFHX4', 'F1NY33', 'A0A1D5P9D7', 'WASL', 'Atoh1', 'THAP12', 'KIAA1429', 'BOD1L1', 'A0A1D5P8Q4', 'cFKH-1', 'LD', 'A0A1D5P1A1', 'WASF2', 'LOC423919', 'FMNL2', 'PHACTR2', 'INF2', 'E1C5Z6', 'ZNF341', 'PCLO', 'A0A1D5NZW1', 'A0A1D5P720', 'PRIMA1', 'E1C4G3', 'ARHGEF17', 'DAAM1', 'RNF44', 'ZXDC', 'A0A1L1RWM9', 'FOXD1', 'HOXC10', 'RCJMB04_3b24', 'MTFR1', 'SRPK2', 'BACE2', 'A0A1L1RQT2', 'BMT2', 'A0A1D5NWZ9', 'TLX3', 'HOXA4', 'LMOD2']"
SSSSSSSSSS,40,0.001686,"['TNKS', 'ZCCHC10', 'RFWD2', 'IL10RA', 'DGKQ', 'MED1', 'RANBP10', 'JMJD6', 'CHD9', 'NFE2L1', 'DNMT1', 'POU6F2', 'PCIF1', 'TBC1D25', 'TSHZ3', 'VTG2', 'VTG1', 'A0A1D5PT45', 'F1NWZ3', 'E1BQP2', 'A0A1D5P366', 'NOLC1', 'ZFP36L2', 'RCJMB04_1p14', 'F1NHV5', 'A0A1D5PY66', 'RHOBTB2', 'A0A1L1RTI5', 'MEX3B', 'BRINP2', 'ARID3A', 'O57580', 'FAM133', 'RING3', 'TTC14', 'HB9', 'MIDN', 'PRDM2', 'F1NBK4', 'ZNF653']"
GGGGGGGGGG,38,0.001602,"['ONECUT2', 'QSOX1', 'JUND', 'A0A1D5PHX8', 'SOX1', 'A0A1D5PEZ9', 'DDX50', 'BHLHE22', 'HNRNPU', 'A0A1D5NZW1', 'FOXB2', 'TOP2B', 'A0A1D5PQG1', 'SP8', 'POU3F2', 'ZNF326', 'A0A1D5PJL1', 'ARBP', 'E1C456', 'A0A1D5NZD4', 'A0A1D5P2J1', 'EVX1', 'A0A1D5PLJ7', 'A0A1D5P526', 'SFSWAP', 'FOXD1', 'OLIG2', 'A0A1D5PLN1', 'A0A1D5PEN1', 'E2F4', 'A0A1D5PZI1', 'HCN2', 'A0A1D5P730', 'A0A1D5NYE4', 'A0A2H5AJ80', 'MAF', 'A0A1D5PVV3', 'A0A1L1RK34']"
AAAAAAAAAA,28,0.00118,"['A0A1D5P5G8', 'Grg4', 'A0A1D5NU34', 'A0A1D5PEU6', 'ZFHX3', 'A0A1D5PKK8', 'irx1', 'cFKH-1', 'CLSTN3', 'VAX1', 'ASXL2', 'BHLHE22', 'GUCY1A2', 'ZIC2', 'PTBP2', 'NLK', 'SP8', 'A0A1D5P033', 'EVX2', 'IGFBP4', 'PAPD5', 'A0A1D5PGB9', 'SOX21', 'ARX', 'ARID1A', 'A0A1L1RUX9', 'HCN4', 'STRN']"
DEEEEEEEEE,26,0.001096,"['RCJMB04_4n14', 'RCJMB04_3a6', 'HMGB1', 'DEK', 'BCORL1', 'IBSP', 'C5H14ORF37', 'LOC107050801', 'EIF3D', 'SOHo-1', 'MYT1', 'MEA1', 'FAM131A', 'RCJMB04_19c24', 'ZBTB7C', 'FOXD1', 'ANKZF1', 'URP', 'NEUROD1', 'A0A1L1RW81', 'R4GIV3', 'SPRYD3', 'HB9', 'A0A1D5P2J1', 'CIZ1', 'LMOD2']"
EEEEEEEEED,26,0.001096,"['A0A1D5NV86', 'ERMN', 'HMGB1', 'SSFA2', 'ZFHX3', 'SPRYD3', 'A0A1D5PT85', 'MSC', 'IFNLR1', 'C5H14ORF37', 'A0A1L1RYT4', 'RCJMB04_3a6', 'HNRNPU', 'PGR', 'FAM131A', 'A0A1D5PTH9', 'FOXD1', 'RCJMB04_2d15', 'LOC107057151', 'ARID3A', 'NEUROD1', 'A0A1L1RW81', 'A0A1D5PR26', 'RCJMB04_5m6', 'L3MBTL2', 'LMOD2']"
QQQQQQQQQQ,24,0.001012,"['FOXP1', 'MAP4K4', 'ZFHX3', 'TRPC3', 'TNRC6B', 'A0A1D5PVZ6', 'PHLPP1', 'SIK3', 'ASXL3', 'A0A1D5PU47', 'RBM33', 'RCJMB04_24b18', 'A0A1D5NXB5', 'BGP1', 'RPRD2', 'BCAR1', 'NFAT5', 'F1NP45', 'A0S0L7', 'RUNX2', 'MEF2D', 'E1BTZ4', 'CREBBP', 'RCJMB04_19p6']"
EDEEEEEEEE,21,0.000885,"['MEA1', 'FAM131A', 'RCJMB04_4n14', 'RCJMB04_19c24', 'C5H14ORF37', 'ZBTB7C', 'USB1', 'LOC107050801', 'HMGB1', 'EIF3D', 'SOHo-1', 'FOXD1', 'HB9', 'R4GIV3', 'SETD1B', 'SPRYD3', 'BCORL1', 'ANKRD17', 'FERD3L', 'A0A1L1RW81', 'MYT1']"
EEEEEEEEDE,19,0.000801,"['A0A1D5NV86', 'FAM131A', 'SUPT6H', 'A0A1L1RW81', 'C5H14ORF37', 'A0A1D5PTH9', 'A0A1L1RYT4', 'HNRNPU', 'ZFHX3', 'A0A1L1RW28', 'ZNF592', 'ANKRD26', 'HMGB2', 'ERMN', 'KAT6A', 'A0A1D5PT85', 'EIF5B', 'LOC107050978', 'LMOD2']"
EEEEEEDEEE,18,0.000759,"['A0A1D5P366', 'CHIC1', 'SUGP2', 'A0A1L1RYT4', 'E7EL51', 'A0A1D5NUE6', 'A0A1L1RW28', 'DCAF8', 'ZNF592', 'SETD1B', 'PIAS4', 'HMGB2', 'MYT1L', 'ANKRD17', 'A0A1D5PT85', 'EIF5B', 'LOC107050978', 'Gga.41084']"
EEEEDEEEEE,18,0.000759,"['A0A1L1RYT4', 'BCAN', 'RCJMB04_4n14', 'CHIC1', 'C5H14ORF37', 'R4GKD5', 'ARX', 'A0A1D5P366', 'E7EL51', 'A0A1L1RW28', 'SUGP2', 'SETD1B', 'HMGB2', 'MYT1L', 'ANKRD17', 'EIF5B', 'CLSTN2', 'Gga.41084']"
EEEEEEEDEE,18,0.000759,"['MMP15', 'ERMN', 'C5H14ORF37', 'A0A1D5PTH9', 'A0A1L1RYT4', 'A0A1D5NUE6', 'A0A1D5P173', 'A0A1L1RW28', 'ZNF592', 'SETD1B', 'URP', 'HMGB2', 'MYT1L', 'ANKRD17', 'KAT6A', 'A0A1D5PT85', 'EIF5B', 'LOC107050978']"
EEEEEDEEEE,17,0.000717,"['RCJMB04_4n14', 'CHIC1', 'C5H14ORF37', 'R4GKD5', 'HMGB3', 'A0A1L1RYT4', 'E7EL51', 'A0A1L1RW28', 'SETD1B', 'A0A1D5P366', 'MYT1L', 'ANKRD17', 'DCAF8', 'EIF5B', 'LOC107050978', 'SUGP2', 'Gga.41084']"
QVKIWFQNRR,17,0.000717,"['HMX1', 'GBX2', 'DBX2', 'HOXD9', 'NKX-2.5', 'HOXB1', 'HOXD12', 'MNR2', 'HOXD11', 'HOXC10', 'HOXA4', 'CHOX-CAD1', 'NKX3-1', 'MSX1', 'Dlx3', 'GSX1', 'SAX1']"
EEEDEEEEEE,16,0.000675,"['A0A1L1RYT4', 'FAM131A', 'RCJMB04_4n14', 'RCJMB04_19c24', 'CHIC1', 'C5H14ORF37', 'A0A1D5P366', 'A0A1L1RW28', 'BRPF1', 'SETD1B', 'PRDM2', 'HMGB2', 'ANKRD17', 'EIF5B', 'CLSTN2', 'Gga.41084']"
EEDEEEEEEE,16,0.000675,"['MEA1', 'FAM131A', 'RCJMB04_4n14', 'RCJMB04_19c24', 'C5H14ORF37', 'CSPG5', 'A0A1L1RYT4', 'HMGB1', 'EIF3D', 'SETD1B', 'A0A1D5PKI9', 'PRDM2', 'BCORL1', 'ANKRD17', 'EIF5B', 'Gga.41084']"
PPPPPPPPLP,16,0.000675,"['ARHGEF11', 'TP53', 'WASF1', 'A0A1D5NX64', 'ARHGEF17', 'ENAH', 'LOC423919', 'ZFHX3', 'A0A1D5PRI0', 'PCLO', 'SETBP1', 'MTFR1', 'E1C4A3', 'FMN2', 'INF2', 'SRPK2']"
PPPPPPPPPL,15,0.000632,"['TP53', 'A0A1D5NX64', 'ARHGEF17', 'ENAH', 'LOC423919', 'A0A1D5PSB4', 'ZFHX3', 'FMN2', 'F1NY33', 'PCLO', 'A0A1D5P0T0', 'MTFR1', 'E1C4G3', 'INF2', 'SRPK2']"
GPPGPPGPPG,15,0.000632,"['A0A1D5PGE2', 'SCARA3', 'EDA', 'Q90802', 'COL15A1', 'C1QTNF2', 'C1QTNF3', 'COL9A1', 'A0A1D5P5M7', 'COLEC12', 'CPSF6', 'A0A1D5PCZ4', 'COL2A1', 'COL12A1', 'COL17A1']"
RGGGGGGGGG,15,0.000632,"['A0A1D5PEN1', 'DDX17', 'SRSF1', 'A0A1D5PJL1', 'U2AF1', 'DDX50', 'EVX1', 'HNRNPU', 'A0A1D5PLN1', 'FOXD3', 'A0A1D5P526', 'A0A2H5AJ80', 'SLC25A28', 'A0A1D5PVV3', 'TRA2B']"
EEEEEEEEEG,15,0.000632,"['MEA1', 'A0A1D5PAJ0', 'GREB1', 'A0A1D5PP69', 'F1NWL4', 'A0A1D5PUS1', 'NAA30', 'SOHo-1', 'A0A1D5PVY3', 'A0A1L1RK01', 'URP', 'SLC4A3', 'Pomc', 'R4GFK2', 'CIZ1']"
APPPPPPPPP,14,0.00059,"['WASF2', 'A0A1D5NW16', 'PHACTR2', 'DRD4', 'LOC423919', 'ZXDC', 'A0A1D5PSB4', 'TLX3', 'A0A1D5NYW8', 'HOXC10', 'HOXA4', 'WASL', 'LMOD2', 'SRPK2']"
ASSSSSSSSS,14,0.00059,"['TNKS', 'F1NWZ3', 'CECR2', 'RFWD2', 'CABIN1', 'CHD9', 'NFE2L1', 'DNMT1', 'MLLT3', 'POU6F2', 'RHOBTB2', 'A0A1L1RTI5', 'MEX3B', 'NRTN']"
QVWFQNRRAK,13,0.000548,"['LHX3', 'ARX', 'Alx-4', 'SHOX', 'O73592', 'DRGX', 'A0A1D5PP87', 'RX1', 'prop-1', 'VSX1', 'PRRX1', 'PHOX2B', 'Q68PG0']"
AEEEEEEEEE,13,0.000548,"['SNAPC3', 'ERMN', 'LOC101747779', 'TMEM259', 'NANOS1', 'MSC', 'NAA30', 'A0A1D5PVY3', 'A0A1D5NVM8', 'URP', 'RCJMB04_4j2', 'A0A1D5PS49', 'LOC107050978']"
EEEEEEEEEA,13,0.000548,"['A0A1L1RPV6', 'Stac3', 'LOC107050801', 'A0A1D5PP69', 'R4GIV3', 'A0A1D5PFQ4', 'SNAPC3', 'NANOS1', 'HB9', 'A0A1D5PUS1', 'PAXIP1', 'IBSP', 'LOC107050978']"
LPPPPPPPPP,13,0.000548,"['BACE2', 'WASHC1', 'APBB1IP', 'A0A1D5NX64', 'SCAF11', 'DAAM1', 'SMAD6', 'RNF44', 'FMN1', 'FOXD1', 'A0A1D5NZB3', 'A0A1D5P662', 'INF2']"
PGPPGPPGPP,13,0.000548,"['SCARA3', 'Q90802', 'COL15A1', 'C1QTNF2', 'PNISR', 'COL9A1', 'A0A1D5P5M7', 'A0A1D5PJ01', 'CPSF6', 'A0A1D5PCZ4', 'COL2A1', 'COL12A1', 'COL17A1']"
PPPPPPPPPA,12,0.000506,"['E1C4A3', 'BACE2', 'A0A1D5NW16', 'A0A1L1RQT2', 'FMNL2', 'DRD4', 'LOC107056307', 'CAMKV', 'FIGN', 'A0A1D5PVU2', 'RCJMB04_3b24', 'MEX3A']"
LADEMGLGKT,12,0.000506,"['CHD1', 'RCJMB04_11c16', 'CHD7', 'RAD54B', 'SHPRH', 'INO80', 'F1P5V4', 'SMARCAD1', 'SMARCA2', 'A0A1D5P662', 'SMARCA5', 'CHD4']"
ILADEMGLGK,12,0.000506,"['CHD1', 'RCJMB04_11c16', 'CHD7', 'RAD54B', 'SHPRH', 'INO80', 'F1P5V4', 'SMARCAD1', 'SMARCA2', 'A0A1D5P662', 'SMARCA5', 'CHD4']"
SEEEEEEEEE,12,0.000506,"['A0A1D5NV86', 'IFNLR1', 'brg1', 'A0A1D5PP69', 'A0A1D5PUS1', 'R4GFK2', 'A0A1L1RK01', 'calsyntenin-1', 'A0A1L1RYT4', 'RRP12', 'A0A1D5PT85', 'Pomc']"
AGGGGGGGGG,12,0.000506,"['SP8', 'E2F4', 'E1C456', 'A0A1D5NZD4', 'BHLHE22', 'JUND', 'FOXD1', 'HOXA10', 'SUZ12', 'SOX1', 'HNRNPD', 'A0A1L1RK34']"
PPGPPGPPGP,11,0.000464,"['SCARA3', 'EDA', 'Q90802', 'COL15A1', 'A0A1D5PCZ4', 'A0A1D5P5M7', 'COLEC12', 'COL1A1', 'CPSF6', 'Q90586', 'COL17A1']"
KIWFQNRRMK,11,0.000464,"['DBX2', 'HOXD9', 'HOXB3', 'HOXB1', 'HOXD12', 'MNR2', 'HOXD11', 'HOXC10', 'HOXA5', 'HOXA4', 'A0A1D5PNE2']"
PPPPPPPLPP,11,0.000464,"['ARHGEF11', 'WASF1', 'ARHGEF17', 'ASXL3', 'LOC423919', 'ZFHX3', 'E1C5Z6', 'PCLO', 'RBM33', 'MTFR1', 'ENAH']"
SSSSSSSSSA,11,0.000464,"['ARID3A', 'F1NWZ3', 'KANSL1', 'RFWD2', 'CABIN1', 'A0A1D5P366', 'DGKQ', 'RCJMB04_1p14', 'POU6F2', 'RHOBTB2', 'F1NBK4']"
AAAAAAAAAS,11,0.000464,"['A0A1D5P5G8', 'A0A1L1RUX9', 'ASXL2', 'A0A1D5NU34', 'HOXD13', 'HCN4', 'GUCY1A2', 'PAPD5', 'SOX1', 'irx1', 'PBX3']"
GGGGGGGGGR,11,0.000464,"['A0A1D5PEN1', 'DDX17', 'A0A1D5PJL1', 'ARBP', 'U2AF1', 'ONECUT2', 'A0A1D5PLN1', 'PURG', 'A0A1D5PQG1', 'A0A1D5PVV3', 'R4GHJ8']"
WDTAGQERFR,10,0.000422,"['RAB9A', 'RAB27A', 'RAB30', 'RAB33B', 'RAB6A', 'A0A1D5P8V7', 'RAB22A', 'RASEF', 'EFCAB4B', 'RAB14']"
PGGGGGGGGG,10,0.000422,"['POU3F2', 'RCJMB04_32l4', 'ARBP', 'ONECUT2', 'NAA30', 'EN2', 'SFSWAP', 'A0A1D5NYM6', 'FOXB2', 'cFKH-1']"
VQVWFQNRRA,10,0.000422,"['LHX3', 'ARX', 'Alx-4', 'SHOX', 'DRGX', 'A0A1D5PP87', 'RX1', 'PRRX1', 'PHOX2B', 'Q68PG0']"
AAAAAAAAAG,10,0.000422,"['SOX21', 'O57580', 'A0A1D5P033', 'FOXE1', 'JUND', 'EVX2', 'A0A1D5PKK8', 'STRN', 'IGFBP4', 'PTBP2']"
HRDLKPENLL,10,0.000422,"['ICK', 'RPS6KA5', 'CAMK1G', 'CAMK2D', 'BRSK2', 'RCJMB04_7d18', 'MAPKAPK5', 'A0A1D5PFI8', 'PSKH1', 'CHEK1']"
GEEEEEEEEE,10,0.000422,"['ARID3A', 'ZNF326', 'LOC101748464', 'HNRNPU', 'LOC101748756', 'L3MBTL2', 'CDC2L1', 'SLC4A3', 'FAM83G', 'A0A1D5NT34']"
HHHHHHHHHH,10,0.000422,"['A0A1D5PZI1', 'A0A1D5PVJ0', 'OTX1', 'DLGAP3', 'HAND1', 'MNB', 'SORBS2', 'USP34', 'FOXG1', 'MEOX2']"
PSSSSSSSSS,10,0.000422,"['ARID3A', 'KANSL1', 'ARHGEF17', 'NOLC1', 'FNIP2', 'RCJMB04_1p14', 'F1NHV5', 'HB9', 'A0A1D5PSQ2', 'BRINP2']"
SAAAAAAAAA,9,0.000379,"['SP8', 'SOX21', 'Grg4', 'A0A1L1RUX9', 'BHLHE22', 'CAMKV', 'NLK', 'EVX2', 'PBX3']"
HIRTHTGEKP,9,0.000379,"['ZNF143', 'ZBTB7A', 'MTF1', 'EGR1', 'EGR4', 'A0A1D5PPF1', 'PRDM6', 'SNAI2', 'A0A1D5PKE4']"
AAGGGGGGGG,9,0.000379,"['BHLHE22', 'JUND', 'HOXA10', 'A0A1L1RVA4', 'SUZ12', 'A0A1L1RV38', 'P79770', 'RCJMB04_8n22', 'A0A1L1RK34']"
DEMGLGKTIQ,9,0.000379,"['CHD1', 'RCJMB04_11c16', 'CHD7', 'ERCC6', 'E1BSZ6', 'F1P5V4', 'SMARCAD1', 'SMARCA2', 'A0A1D5P662']"
RVQVWFQNRR,9,0.000379,"['ARX', 'Alx-4', 'SHOX', 'DRGX', 'A0A1D5PP87', 'RX1', 'PRRX1', 'PHOX2B', 'Q68PG0']"
HRDLAARNIL,9,0.000379,"['EPHB2', 'TEK', 'FLT3', 'EphA9', 'F1N996', 'KIT', 'Q90957', 'MATK', 'FLT1']"
NSIRHNLSLN,9,0.000379,"['FOXJ1', 'FOXJ2', 'FOXK2', 'FOXG1', 'O13017', 'FOXD3', 'F1NNW9', 'I1SV11', 'FOXI1']"
GGGGGGGGGS,9,0.000379,"['E2F4', 'A0A1D5PEZ9', 'HCN2', 'EVX1', 'HNRNPU', 'EN2', 'SUZ12', 'A0A1D5PFD7', 'TOP2B']"
GGGGGGGGGE,9,0.000379,"['POU3F2', 'JUND', 'A0A1D5PJL1', 'E1C456', 'EVX1', 'FOXD3', 'A0A1D5PLJ7', 'HNRNPD', 'A0A1L1RK34']"
TQVKIWFQNR,9,0.000379,"['HMX1', 'SAX1', 'NKX-2.5', 'Q90639', 'HOXB1', 'MNR2', 'NKX3-1', 'MSX1', 'Dlx3']"
SSEEEEEEEE,8,0.000337,"['IFNLR1', 'NRDC', 'PPP1R2', 'A0A1D5PP69', 'calsyntenin-1', 'A0A1D5PUS1', 'R4GFK2', 'A0A1L1RYT4']"
RERERERERE,8,0.000337,"['E1BVH0', 'E1C1G5', 'ZC3H13', 'A0A1L1RK01', 'RBM25', 'A0A1D5PG70', 'A0A1D5PV47', 'A0A1D5PT85']"
VYKVETIGDA,8,0.000337,"['GC1', 'NPR2', 'GUCY2C', 'A0A1D5PF85', 'F1NDM7', 'GUCY1B4', 'GUCY1A3', 'A0A1D5P0K7']"
PPPPPPLPPP,8,0.000337,"['ARHGEF11', 'WASF1', 'ARHGEF17', 'LOC423919', 'PCLO', 'SETBP1', 'RBM33', 'MTFR1']"
AYGQTGSGKT,8,0.000337,"['A0A1D5PKY2', 'KIF6', 'KIF4', 'KIF15', 'F1NWE7', 'KIF2A', 'E1C472', 'KIFC1']"
PQQQQQQQQQ,8,0.000337,"['E1BSL3', 'ASXL3', 'TRPC3', 'SOX9', 'E1BTZ4', 'CRH', 'EP300', 'A0A1D5PVZ6']"
SSSSSSSSST,8,0.000337,"['TNKS', 'ZCCHC10', 'A0A1D5P366', 'TTC14', 'A0A1D5PY66', 'MED1', 'PCIF1', 'VTG3']"
ADEMGLGKTI,8,0.000337,"['CHD1', 'RCJMB04_11c16', 'CHD7', 'E1BSZ6', 'F1P5V4', 'SMARCAD1', 'SMARCA2', 'A0A1D5P662']"
YKVETIGDAY,8,0.000337,"['GC1', 'NPR2', 'GUCY2C', 'A0A1D5PF85', 'F1NDM7', 'GUCY1B4', 'GUCY1A2', 'A0A1D5P0K7']"
VKIWFQNRRM,8,0.000337,"['DBX2', 'HOXD9', 'HOXB1', 'HOXD12', 'MNR2', 'HOXD11', 'HOXC10', 'HOXA4']"
DVYKVETIGD,8,0.000337,"['GC1', 'NPR2', 'GUCY2C', 'A0A1D5PF85', 'F1NDM7', 'GUCY1B4', 'GUCY1A3', 'A0A1D5P0K7']"
YGPPGTGKTL,8,0.000337,"['ATAD3A', 'A0A1L1RU16', 'KATNAL2', 'VCP', 'PSMC1', 'ATAD2B', 'F1NLN4', 'PSMC6']"
CQGDSGGPLV,8,0.000337,"['R4GM81', 'CTRL', 'TMPRSS2', 'A0A1L1RY46', 'E1C8L4', 'PLG', 'ST14', 'F1NP62']"
GAAAAAAAAA,8,0.000337,"['SOX21', 'E1BQ73', 'A0A1D5NU34', 'JUND', 'ZFHX3', 'SMYD5', 'MSANTD2', 'CLSTN3']"
SPPPPPPPPP,8,0.000337,"['LD', 'BMT2', 'CAP2', 'PCLO', 'A0A1D5PVU2', 'RCJMB04_3b24', 'A0A1D5P720', 'KIAA1429']"
SCQGDSGGPL,8,0.000337,"['CTRL', 'TMPRSS2', 'A0A1L1RY46', 'TMPRSS12', 'HABP2', 'TMPRSS15', 'F1NH25', 'F1NP62']"
CEGCKGFFRR,8,0.000337,"['RARA', 'VDR', 'THRB', 'PPARD', 'REV-ERBb', 'LXRA', 'NR1D1', 'LOC419888']"
HRDLAARNVL,8,0.000337,"['PDGFRA', 'CSK', 'ERBB4', 'SYK', 'F1N869', 'RET', 'Q90956', 'FGFR2']"
FAYGQTGSGK,8,0.000337,"['KIF13A', 'KIF6', 'E1C472', 'Gga.12069', 'KIF14', 'KIF15', 'KIF2A', 'KIFC1']"
EEEEEEEEDD,8,0.000337,"['NEUROD1', 'RCJMB04_35i21', 'HMGB1', 'SSFA2', 'SEC63', 'NRDC', 'SPRYD3', 'L3MBTL2']"
QVKVWFQNRR,8,0.000337,"['VAX1', 'HLX', 'GGMOXr1', 'EMX2', 'HOXD1', 'HOXA2', 'NKX6-3', 'Gnot1']"
WQNSIRHNLS,8,0.000337,"['FOXJ1', 'FOXK2', 'FOXG1', 'O13017', 'F1NNW9', 'FOXD3', 'I1SV11', 'FOXI1']"
GRGGGGGGGG,8,0.000337,"['SRSF1', 'U2AF1', 'A0A1D5PHQ0', 'FOXD3', 'A0A1D5PLN1', 'PURG', 'SLC25A28', 'A0A1D5PVV3']"
HCSAGVGRTG,8,0.000337,"['PTPN21', 'PTPRS', 'F1N8A2', 'F1NSL6', 'PTPRG', 'PTPRC', 'PTPRO', 'PTPRJ']"
VWFQNRRAKW,8,0.000337,"['Alx-4', 'ARX', 'DRGX', 'A0A1D5PP87', 'A0A1L1RS54', 'RX1', 'VSX1', 'Q68PG0']"
GGGGGGGGGA,8,0.000337,"['SP8', 'SRSF1', 'QSOX1', 'FOXD1', 'A0A1D5NYE4', 'MAF', 'FOXB2', 'cFKH-1']"
QNSIRHNLSL,8,0.000337,"['FOXJ1', 'FOXK2', 'FOXG1', 'O13017', 'F1NNW9', 'FOXD3', 'I1SV11', 'FOXI1']"
WFQNRRAKWR,8,0.000337,"['HHEX', 'Alx-4', 'ARX', 'DRGX', 'A0A1D5PP87', 'A0A1L1RS54', 'RX1', 'VSX1']"
RQQQQQQQQQ,8,0.000337,"['foxp2', 'MAP4K4', 'SIK3', 'ARID2', 'BGP1', 'ZFHX3', 'A0A1D5NV01', 'RCJMB04_24b18']"
DSCQGDSGGP,8,0.000337,"['TMPRSS2', 'A0A1L1RY46', 'Q90629', 'TMPRSS12', 'HABP2', 'TMPRSS15', 'F1NH25', 'F1NP62']"
VETIGDAYMV,7,0.000295,"['GC1', 'NPR2', 'GUCY2C', 'A0A1D5PF85', 'F1NDM7', 'GUCY1B4', 'A0A1D5P0K7']"
PPPPPPPPPH,7,0.000295,"['A0A1D5P1A1', 'A0A1D5NWZ9', 'HOXA4', 'A0A1D5NZW1', 'THAP12', 'A0A1D5P662', 'cFKH-1']"
ISGESGAGKT,7,0.000295,"['E1C7H7', 'A0A1D5NT59', 'A0A1D5PKX0', 'MYO1E', 'MYO1C', 'A0A1D5PA89', 'H9KZX6']"
QQQQQQQQQR,7,0.000295,"['foxp2', 'PHLPP1', 'BGP1', 'A0A1D5P1Z6', 'RCJMB04_5m6', 'E1BTZ4', 'EP300']"
QQQQQQQQQE,7,0.000295,"['MAP4K4', 'SIK3', 'A0A1D5NV01', 'RUNX2', 'TRPC3', 'TNRC6B', 'RPRD2']"
NLVDLAGSER,7,0.000295,"['A0A1D5PKY2', 'CENPE', 'KIF15', 'KIF3B', 'KIFC3', 'A0A1D5PFH2', 'E1C693']"
DACQGDSGGP,7,0.000295,"['R4GM81', 'E1C8L4', 'TMPRSS6', 'OVCH2', 'ST14', 'HGFAC', 'F10']"
SGGGGGGGGG,7,0.000295,"['ARBP', 'HNRNPA0', 'QSOX1', 'MAF', 'A0A1D5P2J1', 'A0A1D5PCB8', 'TOP2B']"
SPSSSSSSSS,7,0.000295,"['FNIP2', 'MAP3K1', 'A0A1L1RUV0', 'RCJMB04_1p14', 'F1NHV5', 'PITX2', 'BRINP2']"
SHTGERPYKC,7,0.000295,"['ZNF628', 'A4D0F7', 'BCL11B', 'ZNF555', 'PLAG1', 'ZBTB24', 'RREB1']"
HMRTHTGEKP,7,0.000295,"['ZNF6', 'ZBTB7C', 'A0A1D5PPF1', 'A0A1D5P376', 'PRDM5', 'E1C3K5', 'A0A1D5PPL8']"
GTPYWMAPEV,7,0.000295,"['MAP4K4', 'STK10', 'A0A1D5PK36', 'MAP3K19', 'PAK7', 'PAK2', 'TAOK3']"
ETQVKIWFQN,7,0.000295,"['HMX1', 'SAX1', 'Q90639', 'HOXB1', 'MNR2', 'NKX3-1', 'MSX1']"
LQIWDTAGQE,7,0.000295,"['RAB36', 'RAB9B', 'RAB30', 'A0A1L1RT80', 'A0A1D5P8V7', 'RAB3B', 'RAB14']"
ERERERERER,7,0.000295,"['E1BVH0', 'E1C1G5', 'ZC3H13', 'A0A1L1RK01', 'RBM25', 'A0A1D5PG70', 'A0A1D5PV47']"
PPPPPPPLPS,7,0.000295,"['A0A1D5P5G8', 'WASF1', 'ENAH', 'A0A1L1RUX9', 'FMN2', 'F1P0G8', 'INF2']"
KRPMNAFMVW,7,0.000295,"['U5MXI9', 'SOX11', 'Sox9', 'F1NJ38', 'A0A1L1RMR7', 'SOX3', 'SOX9']"
VEEEEEEEEE,7,0.000295,"['A0A1D5PP69', 'CDHR5', 'PPARGC1B', 'FTSJ3', 'ZFHX3', 'A0A1D5PUS1', 'CNKSR2']"
VHCSAGVGRT,7,0.000295,"['PTPN21', 'PTPRS', 'F1N8A2', 'F1NSL6', 'PTPRG', 'PTPRC', 'PTPRJ']"
DDEEEEEEEE,7,0.000295,"['SUPT6H', 'SSFA2', 'ZNF830', 'DEK', 'CIZ1', 'IBSP', 'LMOD2']"
GPPGPQGPPG,7,0.000295,"['EDA', 'COL22A1', 'FAM132A', 'O93419', 'R4GME9', 'COL3A1', 'COL12A1']"
KVETIGDAYM,7,0.000295,"['GC1', 'NPR2', 'GUCY2C', 'A0A1D5PF85', 'F1NDM7', 'GUCY1B4', 'A0A1D5P0K7']"
FYAPWCGHCK,7,0.000295,"['A0A1D5P7N7', 'PDIA6', 'PDIA3', 'TMX3', 'P12244', 'TXNDC5', 'RCJMB04_2j3']"
DTAGQERFRS,7,0.000295,"['RAB9A', 'RAB30', 'RAB6A', 'RASEF', 'EFCAB4B', 'F1P0F8', 'R4GJ47']"
GAGGGGGGGG,7,0.000295,"['E2F4', 'NUP58', 'DACH2', 'FOXD1', 'EN1', 'SOX1', 'HNRNPD']"
GILADEMGLG,7,0.000295,"['RCJMB04_11c16', 'INO80', 'F1P5V4', 'SMARCAD1', 'SMARCA2', 'SHPRH', 'SMARCA5']"
PSPPPPPPPP,6,0.000253,"['F1NWZ3', 'LD', 'A0A1L1RJH6', 'RCJMB04_3b24', 'A0A1D5P720', 'PCLO']"
KEEEEEEEEE,6,0.000253,"['A0A1D5PCQ8', 'A0A1L1RPV6', 'RCJMB04_5m6', 'UNC13A', 'A0A1L1RTH4', 'LOC107050978']"
EGCKGFFRRS,6,0.000253,"['RARA', 'VDR', 'LOC419888', 'LXRA', 'NR1D1', 'REV-ERBb']"
HCSAGIGRTG,6,0.000253,"['PTPN11', 'A0A1D5P2X5', 'PTPN9', 'PTPN3', 'F1P3K6', 'F1NHC0']"
PPGTGKTLLA,6,0.000253,"['YME1L1', 'A0A1L1RU16', 'KATNA1', 'AFG3L2', 'PSMC1', 'PSMC6']"
GPPGTGKTLL,6,0.000253,"['YME1L1', 'A0A1L1RU16', 'KATNA1', 'AFG3L2', 'PSMC1', 'PSMC6']"
PPQPPPPPPP,6,0.000253,"['NAF1', 'A0A1D5P5X5', 'ZNF341', 'A0A1D5PLB7', 'A0A1D5PP26', 'MAPKAPK2']"
RDLKPENILL,6,0.000253,"['PRKX', 'SGK1', 'GRK5', 'PDPK1', 'RPS6KA', 'PHKG1']"
GDEEEEEEEE,6,0.000253,"['RRAGD', 'SS4R', 'A0A1D5PAJ0', 'RYR3', 'RCJMB04_3a6', 'URP']"
ETIGDAYMVV,6,0.000253,"['NPR2', 'GUCY2C', 'A0A1D5PF85', 'F1NDM7', 'GUCY1B4', 'A0A1D5P0K7']"
PPPPPPPPPR,6,0.000253,"['A0A1D5P8M5', 'TLX3', 'PRIMA1', 'ZXDC', 'Atoh1', 'FOXD1']"
DDDEEEEEEE,6,0.000253,"['A0A1D5PXY0', 'SUPT6H', 'ZNF830', 'SETD1B', 'IBSP', 'NT5C2']"
SSSSSSSSSF,6,0.000253,"['CECR2', 'NFE2L1', 'ZFP36L2', 'MLLT3', 'F1P3D1', 'PRDM2']"
SSSSSSSSSE,6,0.000253,"['CHD9', 'NOLC1', 'EAF2', 'HB9', 'TBC1D25', 'VTG1']"
QQQQQQQQQL,6,0.000253,"['E1BSW5', 'RBM33', 'ASXL3', 'SOX9', 'A0A1D5PU47', 'A0A1D5PAB7']"
VHRDLAARNV,6,0.000253,"['PDGFRA', 'CSK', 'ERBB4', 'SYK', 'RET', 'JAK1']"
LLYGPPGTGK,6,0.000253,"['A0A1L1RU16', 'KATNAL2', 'PSMC5', 'VCP', 'F1NLN4', 'PSMC6']"
XXXXXXXXXX,6,0.000253,"['EPHB1', 'COX1', 'SLC45A2', 'IL1B', 'ND5', 'P81475']"
AAAAAAVAAA,6,0.000253,"['E1BQ73', 'ASXL3', 'MRGBP', 'KCNA4', 'ZMIZ1', 'A0A1D5NVG5']"
KSDVWSFGVL,6,0.000253,"['c-met', 'PTK7', 'SYK', 'MST1R', 'TIE1', 'BTK']"
SSSSSSSSSG,6,0.000253,"['NR4A1', 'SMG8', 'A0A1D5PSQ2', 'BRINP2', 'ZNF653', 'A0A1D5PT45']"
LSSSSSSSSS,6,0.000253,"['PCIF1', 'FAM133', 'NR4A1', 'PRDM2', 'F1NBK4', 'RANBP10']"
THTGEKPYKC,6,0.000253,"['A0A1D5PRQ3', 'K7VRT9', 'A0A1D5PPF1', 'ZFP92', 'MYNN', 'KLF8']"
CQGDSGGPLA,6,0.000253,"['F1NKH4', 'TMPRSS6', 'F1NLT4', 'TMPRSS12', 'HGFAC', 'F1NP62']"
RPMNAFMVWA,6,0.000253,"['LOC107052723', 'U5MXI9', 'Sox9', 'F1NJ38', 'A0A1L1RMR7', 'SOX9']"
RTHTGEKPYK,6,0.000253,"['A0A1D5PRQ3', 'K7VRT9', 'A0A1D5PPF1', 'ZFP92', 'MYNN', 'KLF8']"
QIWDTAGQER,6,0.000253,"['RAB9B', 'RAB30', 'A0A1L1RT80', 'A0A1D5P8V7', 'RAB3B', 'RAB14']"
GPPGPPGPQG,6,0.000253,"['SCARA3', 'EDA', 'FAM132A', 'F1NZZ3', 'O93419', 'R4GME9']"
FVHRDLAARN,6,0.000253,"['PTK7', 'CSK', 'SYK', 'MST1R', 'LOC100857811', 'CTK-2']"
QLWDTAGQER,6,0.000253,"['Rab27a', 'RAB33B', 'LOC100858849', 'RAB6A', 'RASEF', 'EFCAB4B']"
GLPGPPGPPG,6,0.000253,"['COL15A1', 'COL9A1', 'A0A1D5PDH5', 'COL2A1', 'COL20A1', 'COL17A1']"
REREREREKE,6,0.000253,"['Gga.53205', 'A0A1D5PJZ2', 'ZC3H13', 'RBM25', 'A0A1D5PT85', 'RNF20']"
TDVAARGLDI,6,0.000253,"['DDX27', 'DDX24', 'DDX42', 'DDX54', 'DDX18', 'RCJMB04_6o15']"
NDNSSRFGKY,6,0.000253,"['E1C7H7', 'A0A1D5NT59', 'MYO1A', 'MYO5C', 'A0A1D5PA89', 'MYO5A']"
LWDTAGQERF,6,0.000253,"['Rab27a', 'RAB33B', 'LOC100858849', 'RAB6A', 'RASEF', 'EFCAB4B']"
IWDTAGQERF,6,0.000253,"['RAB9B', 'RAB31', 'RAB30', 'A0A1D5P8V7', 'A0A1D5NTJ5', 'RAB14']"
QPPPPPPPPP,6,0.000253,"['RCJMB04_3i14', 'FIGN', 'BOD1L1', 'ZNF341', 'E1C4G3', 'MEX3A']"
MPRYCLFGDT,6,0.000253,"['GC1', 'GUCY2C', 'A0A1D5PF85', 'F1NDM7', 'GUCY1B4', 'A0A1D5P3H2']"
YNGTIFAYGQ,6,0.000253,"['RCJMB04_22e2', 'KIF6', 'KIF5B', 'KIF15', 'CENPE', 'A0A1D5PFH2']"
EEEGEEEEEE,6,0.000253,"['A0A1D5PL97', 'A0A1D5PGY2', 'L3MBTL2', 'CDC2L1', 'UPF2', 'USP34']"
QGDSGGPLAC,6,0.000253,"['F1NKH4', 'TMPRSS6', 'F1NLT4', 'TMPRSS12', 'HGFAC', 'F1NP62']"
RDLAARNCLV,6,0.000253,"['PTK7', 'Q90958', 'ABL2', 'c-fps', 'ROS1', 'BTK']"
EFYAPWCGHC,6,0.000253,"['A0A1D5P7N7', 'PDIA6', 'PDIA3', 'A0A1D5PKM6', 'P12244', 'RCJMB04_2j3']"
TRAGGLGINL,6,0.000253,"['CHD1', 'CHD4', 'CHD7', 'INO80', 'F1P5V4', 'SMARCA1']"
GWQNSIRHNL,6,0.000253,"['Q9DGG2', 'FOXK2', 'FOXG1', 'O13017', 'I1SV11', 'FOXI1']"
IHRDLAARNC,6,0.000253,"['ITK', 'Q90958', 'ABL2', 'c-fps', 'ROS1', 'TYRO3']"
SAPPPPPPPP,6,0.000253,"['WASF2', 'RDX', 'EPO', 'WASL', 'SRPK2', 'ZXDC']"
RDLAARNVLV,6,0.000253,"['CSK', 'ERBB4', 'F1N869', 'RET', 'Q90956', 'FGFR2']"
GGGRGGGGGG,6,0.000253,"['FAM98B', 'A0A1D5PHQ0', 'A0A1D5NZA3', 'A0A1L1RQV8', 'A0A1D5PVV3', 'GAR1']"
RNDNSSRFGK,6,0.000253,"['A0A1D5NT59', 'MYO1A', 'MYH1B', 'MYO5C', 'MYO5A', 'A0A1D5P311']"
VHCSAGIGRT,6,0.000253,"['PTPN11', 'A0A1D5P2X5', 'PTPN9', 'PTPN3', 'F1P3K6', 'F1NHC0']"
RSHTGERPYK,6,0.000253,"['ZNF628', 'A4D0F7', 'BCL11B', 'ZNF555', 'ZBTB24', 'RREB1']"
EEEEEEGEEE,6,0.000253,"['A0A1D5PL97', 'LMNB1', 'E1C2A1', 'Pomc', 'PBXIP1', 'LMOD3']"
LTEARVQVWF,6,0.000253,"['Alx-4', 'ARX', 'DRGX', 'Pax-7', 'PRRX1', 'PHOX2B']"
NGILADEMGL,6,0.000253,"['RCJMB04_11c16', 'INO80', 'F1P5V4', 'SMARCAD1', 'SMARCA2', 'SMARCA5']"
HLRTHTGEKP,6,0.000253,"['KLF11', 'A0A1D5PRQ3', 'KLF5', 'KLF2', 'ZBTB48', 'ZBTB24']"
ACQGDSGGPL,6,0.000253,"['R4GM81', 'OVCH2', 'TMPRSS6', 'E1C8L4', 'ST14', 'HGFAC']"
QAAAAAAAAA,6,0.000253,"['A0A1D5P5G8', 'ARID1A', 'HCN4', 'POU6F2', 'RCJMB04_8j10', 'cFKH-1']"
EEEEEEEEEQ,6,0.000253,"['RCJMB04_19c24', 'brg1', 'SGK223', 'A0A1L1RLG9', 'PRF1', 'A0A1D5PS49']"
EEEEEEEEEK,6,0.000253,"['LOC101748464', 'CDHR5', 'LOC101748756', 'DEK', 'CHRNA2', 'A0A1L1RTH4']"
FQNRRAKWRK,6,0.000253,"['Alx-4', 'ARX', 'DRGX', 'A0A1D5PP87', 'A0A1L1RS54', 'VSX1']"
LNLVDLAGSE,6,0.000253,"['CENPE', 'RCJMB04_1f15', 'KIF15', 'KIF3B', 'KIFC3', 'A0A1D5PFH2']"
CSAGVGRTGT,6,0.000253,"['F1N8A2', 'PTPRG', 'PTPRE', 'PTPRC', 'PTPRO', 'PTPRJ']"
AAAAAAAAGG,6,0.000253,"['SOX21', 'ARBP', 'A0A1D5P033', 'JUND', 'STRN', 'A0A1D5PR82']"
EEVEEEEEEE,6,0.000253,"['SUPT5H', 'ROBO4', 'ZFHX3', 'DBN1', 'ZEB1', 'NT5C2']"
GPPGPVGPPG,6,0.000253,"['COL22A1', 'A0A1D5PK05', 'COL28A1', 'COL6A1', 'COL2A1', 'COL12A1']"
IRTHTGEKPF,6,0.000253,"['MTF1', 'EGR1', 'EGR4', 'PRDM6', 'SNAI2', 'A0A1D5PKE4']"
LYGPPGTGKT,6,0.000253,"['A0A1L1RU16', 'KATNAL2', 'VCP', 'PSMC1', 'F1NLN4', 'PSMC6']"
RHNLSLNKCF,6,0.000253,"['FOXJ1', 'FOXJ2', 'FOXG1', 'FOXN1', 'FOXN2', 'FOXN3']"
NGTIFAYGQT,6,0.000253,"['KIF6', 'KIF5B', 'KIF15', 'KIF3B', 'CENPE', 'A0A1D5PFH2']"
EARVQVWFQN,6,0.000253,"['Alx-4', 'SHOX', 'DRGX', 'ARX', 'PRRX1', 'PHOX2B']"
CIHRDLAARN,6,0.000253,"['Q7LZ55', 'KIT', 'Q90943', 'FGFR2', 'FLT3', 'FLT1']"
SDVWSFGVLL,6,0.000253,"['LOC422316', 'RET', 'MET', 'JAK', 'TIE1', 'FGFR1']"
ARVQVWFQNR,6,0.000253,"['Alx-4', 'SHOX', 'DRGX', 'ARX', 'PRRX1', 'PHOX2B']"
RYCLFGDTVN,6,0.000253,"['GC1', 'GUCY2C', 'A0A1D5PF85', 'F1NDM7', 'GUCY1B4', 'A0A1D5P3H2']"
GYNGTIFAYG,6,0.000253,"['RCJMB04_22e2', 'KIF6', 'KIF5B', 'KIF15', 'CENPE', 'A0A1D5PFH2']"
PRYCLFGDTV,6,0.000253,"['GC1', 'GUCY2C', 'A0A1D5PF85', 'F1NDM7', 'GUCY1B4', 'A0A1D5P3H2']"
HRDLAARNCL,6,0.000253,"['PTK7', 'Q90958', 'ABL2', 'c-fps', 'ROS1', 'BTK']"
RQRVMAAQVA,5,0.000211,"['DMRT1', 'DMRT2', 'DMRT3', 'Q6SVA6', 'A0A1D5P6E1']"
GPQGPPGPPG,5,0.000211,"['EDA', 'COL4A5', 'COL22A1', 'A0A1D5P0C7', 'COL17A1']"
GGGGGGGGSG,5,0.000211,"['ZIC2', 'MFN1', 'E2F4', 'TOP2B', 'SUZ12']"
GGGGGGGAGG,5,0.000211,"['FOXB2', 'FOXD1', 'cFKH-1', 'MAU2', 'MAF']"
KMPRYCLFGD,5,0.000211,"['GUCY1B4', 'A0A1D5PF85', 'A0A1D5P3H2', 'F1NDM7', 'GUCY2C']"
WFANARRRLK,5,0.000211,"['IRX4', 'irx1', 'F1NHU5', 'Q98TY1', 'MKX']"
QRVMAAQVAL,5,0.000211,"['DMRT1', 'DMRT2', 'DMRT3', 'Q6SVA6', 'A0A1D5P6E1']"
DVWSFGVLMW,5,0.000211,"['SYK', 'MST1R', 'FGFR2', 'BTK', 'PTK7']"
TVNTASRMES,5,0.000211,"['GC1', 'A0A1D5PF85', 'A0A1D5P3H2', 'F1NDM7', 'GUCY2C']"
LFGVTPADSG,5,0.000211,"['LOC107050038', 'A0A1D5PSF7', 'LOC100857435', 'A0A1L1RKX5', 'A0A1D5P2A1']"
LTETQVKIWF,5,0.000211,"['HMX1', 'MSX1', 'Q90639', 'SAX1', 'MNR2']"
SDSSSSSSSS,5,0.000211,"['RING3', 'VTG1', 'ZCCHC10', 'JMJD6', 'HECTD4']"
DVWSFGVLLW,5,0.000211,"['TIE1', 'LOC422316', 'MET', 'RET', 'FGFR1']"
YCLFGDTVNT,5,0.000211,"['GC1', 'A0A1D5PF85', 'A0A1D5P3H2', 'F1NDM7', 'GUCY2C']"
RVMAAQVALR,5,0.000211,"['DMRT1', 'DMRT2', 'DMRT3', 'Q6SVA6', 'A0A1D5P6E1']"
QEEEEEEEEE,5,0.000211,"['ASCC2', 'RCJMB04_2d15', 'PRF1', 'A0A1L1RVA2', 'LOC107057151']"
SDVWSFGVLM,5,0.000211,"['SYK', 'MST1R', 'FGFR2', 'BTK', 'PTK7']"
FGVTPADSGT,5,0.000211,"['LOC107050038', 'A0A1D5PSF7', 'LOC100857435', 'A0A1L1RKX5', 'A0A1D5P2A1']"
FTLFGVTPAD,5,0.000211,"['LOC107050038', 'A0A1L1RML8', 'LOC100857435', 'A0A1D5PSF7', 'A0A1L1RW77']"
PPPPPPPPPS,5,0.000211,"['E1C5Z6', 'ZFHX4', 'SCAF11', 'DDX17', 'ARHGEF17']"
PPPPPPPPPQ,5,0.000211,"['A0A1D5NX96', 'ZNF341', 'BOD1L1', 'KIAA1429', 'A0A1D5P720']"
PPPPPPPPPG,5,0.000211,"['DAAM1', 'SMAD6', 'WASL', 'CAP2', 'WASF2']"
VVHCSAGIGR,5,0.000211,"['PTPN9', 'E1BWF6', 'PTPN1', 'PTPN11', 'A0A1D5P2X5']"
PPPPLPPPPP,5,0.000211,"['MYO16', 'JMY', 'SETBP1', 'RBM33', 'LOC423919']"
EVEEEEEEEE,5,0.000211,"['DBN1', 'CNKSR2', 'ZEB1', 'ZFHX3', 'ZNF704']"
GPPPPPPPPP,5,0.000211,"['A0A1D5NX96', 'ENAH', 'A0A1L1RWM9', 'A0A1D5NZW1', 'A0A1L1RQT2']"
EKEKEKEKEK,5,0.000211,"['A0A1D5P2W1', 'Q6EE30', 'RCJMB04_5m6', 'E1C4G3', 'A0A1D5PJZ2']"
REREREKEKE,5,0.000211,"['RBM25', 'Gga.53205', 'A0A1D5PJZ2', 'RNF20', 'A0A1D5PE08']"
KICDFGLARD,5,0.000211,"['PDGFRA', 'FLT1', 'FLT3', 'Q90957', 'KIT']"
SSSSSSSSSL,5,0.000211,"['CD6', 'DNMT1', 'NRTN', 'A0A1L1RTI5', 'ING3']"
SSSSSSSSSD,5,0.000211,"['FAM133', 'VTG1', 'JMJD6', 'RING3', 'O57580']"
RDLAARNILV,5,0.000211,"['EPHB2', 'TEK', 'FLT3', 'EphA9', 'F1N996']"
PPPPPPPGPP,5,0.000211,"['A0A1D5PJQ6', 'F1NWZ3', 'WASL', 'CAP2', 'WASF2']"
FGDTVNTASR,5,0.000211,"['GC1', 'A0A1D5PF85', 'A0A1D5P3H2', 'F1NDM7', 'GUCY2C']"
ADSGTYRCSY,5,0.000211,"['LOC107050038', 'A0A1D5PSF7', 'LOC100857435', 'A0A1L1RKX5', 'A0A1D5P2A1']"
EDEEEEEEED,5,0.000211,"['WDHD1', 'A0A1L1RYT4', 'Gga.41084', 'ABCC9', 'CSPG5']"
DEDEEEEEEE,5,0.000211,"['MIER1', 'JARID2', 'ABCC9', 'ZBTB7C', 'MYT1']"
QQQQQQQQQH,5,0.000211,"['foxp2', 'ARID2', 'A0S0L7', 'BGP1', 'RCJMB04_19p6']"
GCKGFFRRSI,5,0.000211,"['RARA', 'HNF4G', 'CXR', 'REV-ERBb', 'FXR']"
VHRDLAARNI,5,0.000211,"['EPHB2', 'VEGFR3', 'MATK', 'EphA9', 'F1N996']"
CLFGDTVNTA,5,0.000211,"['GC1', 'A0A1D5PF85', 'A0A1D5P3H2', 'F1NDM7', 'GUCY2C']"
HTGEKPYKCE,5,0.000211,"['IKZF5', 'ZNF236', 'A0A1D5PRQ3', 'MYNN', 'A0A1D5PPF1']"
AAAAGGGGGG,5,0.000211,"['PPP1R14C', 'STRN', 'JUND', 'A0A1L1RK34', 'HOXA10']"
TPPPPPPPPP,5,0.000211,"['ZFHX4', 'ENAH', 'ARHGEF17', 'A0A1D5P8Q4', 'CAMKV']"
DVAARGLDIP,5,0.000211,"['RCJMB04_6o15', 'DDX42', 'DDX54', 'DDX18', 'DDX24']"
AAAAAAAGGG,5,0.000211,"['A0A1D5P033', 'A0A1D5P1J8', 'PRKD1', 'MED4', 'STRN']"
SSSSSSSASS,5,0.000211,"['F1NBK4', 'A0A1D5P366', 'OTX1', 'A0A1D5NW16', 'CABIN1']"
YTKSSHLKAH,5,0.000211,"['KLF2', 'KLF6', 'KLF8', 'K7VRT9', 'A0A1L1RJP5']"
LVLAPTRELA,5,0.000211,"['DDX17', 'DDX43', 'A7VJB0', 'DDX50', 'EIF4A2']"
ERQRVMAAQV,5,0.000211,"['DMRT1', 'DMRT2', 'DMRT3', 'Q6SVA6', 'A0A1D5P6E1']"
LQLWDTAGQE,5,0.000211,"['EFCAB4B', 'Rab27a', 'LOC100858849', 'RAB6A', 'RASEF']"
IFAYGQTGSG,5,0.000211,"['KIF6', 'KIF15', 'KIF13A', 'Gga.12069', 'KIFC1']"
KVWFQNRRMK,5,0.000211,"['GGMOXr1', 'HLX', 'HOXD1', 'EVX2', 'HOXA2']"
DTVNTASRME,5,0.000211,"['GC1', 'A0A1D5PF85', 'A0A1D5P3H2', 'F1NDM7', 'GUCY2C']"
PPPPQPPPPP,5,0.000211,"['BCL9L', 'ZNF341', 'SLC35F1', 'GON4L', 'MAPKAPK2']"
RQVKIWFQNR,5,0.000211,"['HOXC10', 'HOXA4', 'CHOX-CAD1', 'HOXD9', 'HOXD11']"
MNYDKLSRAL,5,0.000211,"['A0A1D5PWI2', 'ETV3', 'ERG', 'A0A1D5PKQ6', 'ELK4']"
CVCVCVCVCV,5,0.000211,"['A0A1D5PHE5', 'A0A1D5PRP7', 'A0A1D5PQM7', 'A0A1L1RT60', 'A0A1D5PXL9']"
EEEDEEEEED,5,0.000211,"['HMGB3', 'BCAN', 'E7EL51', 'SUGP2', 'A0A1L1RKH2']"
LFGDTVNTAS,5,0.000211,"['GC1', 'A0A1D5PF85', 'A0A1D5P3H2', 'F1NDM7', 'GUCY2C']"
SSSSSSSTSS,5,0.000211,"['E1BX64', 'TNKS', 'A0A1D5PY66', 'ARL6IP4', 'PCIF1']"
VTPADSGTYR,5,0.000211,"['LOC107050038', 'A0A1D5PSF7', 'LOC100857435', 'A0A1L1RKX5', 'A0A1D5P2A1']"
LQQQQQQQQQ,5,0.000211,"['CREBBP', 'E1BSW5', 'FOXP1', 'GIGYF2', 'A0A1D5PAB7']"
TEARVQVWFQ,5,0.000211,"['PRRX1', 'ARX', 'PHOX2B', 'DRGX', 'Alx-4']"
NEEEEEEEEE,5,0.000211,"['F1NLT1', 'A0A1L1RLG9', 'GREB1', 'FAM163A', 'BCL11B']"
KEKEKEKEKE,5,0.000211,"['A0A1D5P2W1', 'Q6EE30', 'RCJMB04_5m6', 'E1C4G3', 'A0A1D5PJZ2']"
GGGRGRGGGG,5,0.000211,"['R4GKE9', 'A0A1D5PWX4', 'HNRNPA0', 'A0A1D5PG67', 'DHX57']"
GPIVVHCSAG,5,0.000211,"['PTPRK', 'PTPRC', 'PTPRS', 'A0A1D5P2X5', 'PTPRZ1']"
DEEEEEDEEE,5,0.000211,"['HMGB3', 'BCAN', 'E7EL51', 'CWC22', 'FEZ1']"
GGGGRGGGGG,5,0.000211,"['FAM98B', 'A0A1D5NZA3', 'GAR1', 'A0A1D5PVV3', 'A0A1L1RQV8']"
WSFGVLLWEI,5,0.000211,"['LTK', 'LOC422316', 'TIE1', 'RET', 'FGFR1']"
EDDEEEEEEE,5,0.000211,"['SSFA2', 'DEK', 'A0A1D5NUE6', 'CIZ1', 'LMOD2']"
LEAFGNAKTV,5,0.000211,"['MYH1B', 'Q7LZ83', 'MYO10L', 'MYO1E', 'MYO1B']"
EEEEEEEEAE,5,0.000211,"['LOC107050801', 'HB9', 'IBSP', 'Stac3', 'PAXIP1']"
LPGPPGPPGP,5,0.000211,"['C1QTNF2', 'COL15A1', 'COL17A1', 'Q90689', 'COL1A1']"
PPPLPPPPPP,5,0.000211,"['MYO16', 'LOC423919', 'SETD1B', 'SETBP1', 'A0A1D5NZB3']"
AAQVALRRQQ,5,0.000211,"['DMRT1', 'DMRT2', 'DMRT3', 'Q6SVA6', 'A0A1D5P6E1']"
VWSFGVLMWE,5,0.000211,"['SYK', 'MST1R', 'FGFR2', 'BTK', 'PTK7']"
RSRSRSRSRS,5,0.000211,"['NKTR', 'LBR', 'CHERP', 'SCAF11', 'SRSF2']"
GGGGGGGGAG,5,0.000211,"['EGR2', 'FOXB2', 'FOXD1', 'cFKH-1', 'MAF']"
GPPGPPGPRG,5,0.000211,"['LOC100859113', 'Q90796', 'COL9A1', 'COL20A1', 'COL17A1']"
GVTPADSGTY,5,0.000211,"['LOC107050038', 'A0A1D5PSF7', 'LOC100857435', 'A0A1L1RKX5', 'A0A1D5P2A1']"
QGDSGGPLVC,5,0.000211,"['PLG', 'F1NP62', 'A0A1L1RY46', 'E1C8L4', 'CTSG']"
TPADSGTYRC,5,0.000211,"['LOC107050038', 'A0A1D5PSF7', 'LOC100857435', 'A0A1L1RKX5', 'A0A1D5P2A1']"
PPPPGPPPPP,5,0.000211,"['A0A1D5PJQ6', 'ENAH', 'WASL', 'A0A1D5Q032', 'WASF3']"
FIHRDLAARN,5,0.000211,"['RCJMB04_29e6', 'ABL2', 'ROS1', 'TYRO3', 'TEK']"
MAAQVALRRQ,5,0.000211,"['DMRT1', 'DMRT2', 'DMRT3', 'Q6SVA6', 'A0A1D5P6E1']"
IVYRDLKPEN,5,0.000211,"['GRK4', 'PRKX', 'PRKACA', 'RPS6KA6', 'SGK1']"
TIGDAYMVVS,5,0.000211,"['A0A1D5PF85', 'NPR2', 'F1NDM7', 'A0A1D5P0K7', 'GUCY2C']"
HIRSHTGERP,5,0.000211,"['PRDM5', 'E1BSY4', 'HIVEP2', 'CTCF', 'HIVEP1']"
EREREREKEK,5,0.000211,"['RBM25', 'Gga.53205', 'A0A1D5PJZ2', 'RNF20', 'A0A1D5PE08']"
VHRDLAARNC,5,0.000211,"['CTK-2', 'MST1R', 'RYK', 'PTK7', 'LOC100857811']"
IHRDLAARNI,5,0.000211,"['TEK', 'FLT1', 'FLT3', 'Q90957', 'KIT']"
VMAAQVALRR,5,0.000211,"['DMRT1', 'DMRT2', 'DMRT3', 'Q6SVA6', 'A0A1D5P6E1']"
THTGEKPFSC,5,0.000211,"['SNAI2', 'KLF11', 'WT1(-KTS)', 'EGR4', 'LOC427726']"
TAAAAAAAAA,5,0.000211,"['ARX', 'Dach1', 'GUCY1A2', 'A0A1D5PKK8', 'VAX1']"
NLGNTCFMNS,5,0.000211,"['A0A1D5PST6', 'USP2', 'USP19', 'USP32', 'USP15']"
PPPPPPPPGP,5,0.000211,"['A0A1D5PJQ6', 'F1NWZ3', 'WASL', 'CAP2', 'WASF2']"
SDVWSFGILL,5,0.000211,"['PDGFRB', 'Q90943', 'CSK', 'YES1', 'FLT3']"
AQVALRRQQA,5,0.000211,"['DMRT1', 'DMRT2', 'DMRT3', 'Q6SVA6', 'A0A1D5P6E1']"
DEEEEEEEED,5,0.000211,"['CCM2L', 'HMGB2', 'ZNF592', 'EIF5B', 'SSFA2']"
AAAGGGGGGG,5,0.000211,"['PPP1R14C', 'RCJMB04_8j5', 'JUND', 'A0A1L1RK34', 'HOXA10']"
CGSPPYAAPE,5,0.000211,"['NIM1K', 'MARK3', 'MARK1', 'SIK3', 'SIK2']"
YGQTGSGKTY,5,0.000211,"['F1NWE7', 'A0A1D5PKY2', 'KIF4', 'E1C472', 'KIFC1']"
STRAGGLGIN,5,0.000211,"['CHD1', 'SMARCA1', 'INO80', 'F1P5V4', 'CHD4']"
HHHHHHHHHQ,5,0.000211,"['DLGAP3', 'MAFB', 'Q8JHA3', 'OTX1', 'MEOX2']"
EEEEEEEEEV,5,0.000211,"['ASCC2', 'IBSP', 'LOC101747779', 'ZBTB7C', 'CNKSR2']"
EEEEEEEEEL,5,0.000211,"['F1NLT1', 'A0A1L1RVA2', 'PREP2', 'BCL11B', 'UNC13A']"
DACKGDSGGP,5,0.000211,"['F1NUN5', 'A0A1L1RTT9', 'PLAT', 'PLAU', 'GZMK']"
EEGEEEEEEE,5,0.000211,"['WBP1', 'L3MBTL2', 'USP34', 'CDC2L1', 'A0A1D5PL97']"
TKSDVWSFGV,5,0.000211,"['c-met', 'MST1R', 'ITK', 'PTK7', 'TIE1']"
VVHCSAGVGR,5,0.000211,"['PTPRG', 'PTPRC', 'F1NSL6', 'PTPRS', 'F1N8A2']"
LLQQQQQQQQ,5,0.000211,"['CREBBP', 'E1BSW5', 'FOXP1', 'TNRC6B', 'A0A1D5PAB7']"
EEEEEEEEAA,5,0.000211,"['SNAPC3', 'A0A1L1RPV6', 'NANOS1', 'URP', 'LOC107050978']"
DLKPENILLD,5,0.000211,"['GRK5', 'RPS6KA', 'PRKX', 'PHKG1', 'SGK1']"
TETQVKIWFQ,5,0.000211,"['HMX1', 'MSX1', 'Q90639', 'SAX1', 'MNR2']"
KSSHLKAHLR,5,0.000211,"['KLF11', 'R4GKC4', 'KLF5', 'KLF15', 'KLF2']"
EEEEGEEEEE,5,0.000211,"['FAM38A', 'A0A1D5PL97', 'UPF2', 'A0A1D5PGY2', 'A0A1D5PI35']"
DEEDEEEEEE,5,0.000211,"['MEA1', 'E1C2A1', 'HMGB1', 'EIF3D', 'TMED8']"
LLLTGTPLQN,5,0.000211,"['ERCC6L', 'brg1', 'SMARCA5', 'F1P5V4', 'CHD4']"
VWSFGVLLWE,5,0.000211,"['TIE1', 'LOC422316', 'MET', 'RET', 'FGFR1']"
GKTLLAKAVA,5,0.000211,"['A0A1L1RU16', 'PSMC1', 'KATNA1', 'NVL', 'RCJMB04_24l18']"
PPPQPPPPPP,5,0.000211,"['NAF1', 'ZNF341', 'MAPKAPK2', 'Q6T9Z5', 'GON4L']"
GDTVNTASRM,5,0.000211,"['GC1', 'A0A1D5PF85', 'A0A1D5P3H2', 'F1NDM7', 'GUCY2C']"
PADSGTYRCS,5,0.000211,"['LOC107050038', 'A0A1D5PSF7', 'LOC100857435', 'A0A1L1RKX5', 'A0A1D5P2A1']"
IGDAYMVVSG,5,0.000211,"['A0A1D5PF85', 'NPR2', 'F1NDM7', 'A0A1D5P0K7', 'GUCY2C']"
PPPPPPGPPP,5,0.000211,"['A0A1D5PJQ6', 'ABI3', 'WASL', 'CAP2', 'WASF2']"
LLLLLLLLLL,5,0.000211,"['CACNA2D2', 'A0A1D5NU85', 'LOC101748254', 'A0A1D5PJ43', 'F1NUM9']"
SGESGAGKTE,5,0.000211,"['A0A1D5PKX0', 'A0A1D5PA89', 'MYO1C', 'MYO6', 'A0A1D5NT59']"
VPPPPPPPPP,5,0.000211,"['A0A1D5P9D7', 'MTFR1', 'E1C5Z6', 'FMNL2', 'LOC107056307']"
HRDLAARNCM,5,0.000211,"['CTK-2', 'MST1R', 'INSRR', 'TYRO3', 'LOC100857811']"
KLSRALRYYY,5,0.000211,"['A0A1D5PAU2', 'ETV3', 'ERG', 'GABPA', 'ELK4']"
DSSSSSSSSS,5,0.000211,"['VTG3', 'RING3', 'VTG1', 'ZCCHC10', 'JMJD6']"
LTGTPLQNNL,5,0.000211,"['ATRX', 'ERCC6L', 'SMARCA5', 'F1P5V4', 'CHD4']"
