k-mer,number of proteins,percentage,all,(Out of 27792 proteins in total)
SSSSSSSSSS,52,0.001871,"['G3PZR5', 'G3NU21', 'G3P1W7', 'NR2E3', 'G3Q312', 'G3NPS0', 'G3PBE1', 'G3NIW7', 'G3PXX4', 'G3NST3', 'G3Q8I1', 'G3Q445', 'G3NK30', 'Q06AL4', 'PRR12', 'G3QBF1', 'G3NMN5', 'G3P006', 'G3PVN5', 'G3Q4A5', 'G3PZY3', 'G3PED2', 'G3NS43', 'G3PMS9', 'G3N6E5', 'G3PVJ3', 'G3PRJ8', 'DIDO1', 'G3PRN0', 'G3NUJ6', 'G3NBJ7', 'G3PCF1', 'G3P2V5', 'G3PB84', 'G3NJZ7', 'G3P206', 'G3NUA7', 'G3PTX5', 'G3PPZ4', 'G3PPG2', 'G3NI81', 'OLIG3', 'G3P5I3', 'G3QBZ6', 'G3NQ08', 'G3PEY3', 'G3NTR7', 'G3P2Y3', 'G3P158', 'G3QAG2', 'G3N4B3', 'G3Q853']"
GGGGGGGGGG,34,0.001223,"['G3QCC3', 'G3Q7H7', 'G3NJS6', 'G3NNX4', 'G3PGT2', 'G3PEK4', 'G3NCG8', 'G3NBX4', 'G3NDV0', 'G3NZU2', 'G3PPW2', 'G3PYQ2', 'G3Q4A5', 'G3PPI5', 'G3NG39', 'G3N6E3', 'G3NL27', 'G3PFJ9', 'G3PXF6', 'G3PDY5', 'G3NJP7', 'G3PMN9', 'G3QB67', 'G3PYD8', 'G3PY49', 'G3NSD5', 'G3PK71', 'EIF4G1', 'G3NHT4', 'G3PTR8', 'G3P446', 'G3NA02', 'G3PMY3', 'G3P9E0']"
EEEEEEEEEE,33,0.001187,"['G3PZI1', 'G3P3B5', 'G3N9Y9', 'G3NL92', 'QRFP2', 'G3NHC4', 'G3NKW5', 'G3N7Y8', 'G3P4N0', 'G3P5B2', 'G3NC81', 'G3P147', 'G3QBA7', 'G3PNL3', 'G3Q5R8', 'G3PXU4', 'G3NND9', 'G3PLX6', 'G3PBW4', 'G3P1X3', 'G3PWF6', 'PAK3', 'G3PQE1', 'G3P2K8', 'G3Q2N2', 'G3Q893', 'G3Q5U5', 'G3Q1I4', 'G3NJQ0', 'G3NWF3', 'G3NU48', 'G3Q4S7', 'G3Q1P1']"
QVKIWFQNRR,24,0.000864,"['G3Q333', 'G3PMJ1', 'G3NVL4', 'G3N725', 'G3NVS3', 'G3P476', 'G3Q1H3', 'G3NAG6', 'MSX1', 'G3NL22', 'G3P453', 'G3P5E1', 'G3P4A6', 'G3NIT9', 'G3PVI4', 'G3P058', 'G3Q696', 'G3NL04', 'G3NQ21', 'DBX1', 'G3PQV5', 'HOXA4', 'G3NXG6', 'G3NME3']"
PPPPPPPPPP,19,0.000684,"['G3NZF9', 'G3Q3P8', 'G3PCQ4', 'G3Q674', 'G3PI36', 'G3P4I0', 'G3P691', 'G3PAF2', 'G3PQU9', 'G3P7Q1', 'G3PX74', 'G3NY05', 'G3PME2', 'G3P6J2', 'G3Q4S7', 'G3NI69', 'G3NT79', 'G3Q4T1', 'WHAMM']"
QQQQQQQQQQ,18,0.000648,"['G3QAL8', 'G3P6A6', 'G3Q3P8', 'G3NMV4', 'U5TS71', 'G3PQ02', 'G3NA81', 'G3NJP7', 'G3N5A1', 'G3NCD7', 'G3PFG0', 'G3PSH7', 'G3PTV3', 'G3QA56', 'G3P0M0', 'G3PF17', 'G3PJK6', 'G3PE03']"
GPPGPPGPPG,15,0.00054,"['col10a1', 'COL15A1', 'G3P418', 'G3Q2V4', 'G3PWW7', 'G3PTQ9', 'G3PND5', 'G3P0M6', 'G3PQF7', 'G3PW84', 'G3NWK5', 'G3Q211', 'G3Q4M0', 'G3Q806', 'G3PB50']"
VCVCVCVCVC,14,0.000504,"['G3QCC1', 'G3Q092', 'G3NMT0', 'G3Q8C3', 'G3P6C9', 'G3PCF6', 'G3Q894', 'G3NZB0', 'G3PRS8', 'G3NEI9', 'G3N7M8', 'G3P6P5', 'G3Q5M8', 'G3PAM9']"
VKIWFQNRRM,13,0.000468,"['G3NQ21', 'DBX1', 'G3NVS3', 'G3NVL4', 'HOXA4', 'G3P476', 'G3P4A6', 'G3NIT9', 'G3NL22', 'G3NL04', 'G3P058', 'G3P453', 'G3PQV5']"
CVCVCVCVCV,13,0.000468,"['G3QCC1', 'G3Q092', 'G3NMT0', 'G3Q8C3', 'G3PCF6', 'G3Q894', 'G3NZB0', 'G3PRS8', 'G3NEI9', 'G3N7M8', 'G3P6P5', 'G3Q5M8', 'G3Q5X1']"
EEEEEEEEED,13,0.000468,"['G3NC81', 'G3NND9', 'G3PLX6', 'G3P3B5', 'G3P5B2', 'PES1', 'G3PG03', 'G3Q5R8', 'G3Q1I4', 'G3NHC4', 'G3P2K8', 'G3Q113', 'PAK3']"
KIWFQNRRMK,12,0.000432,"['G3NQ21', 'DBX1', 'G3NVS3', 'G3NVL4', 'G3NKY8', 'G3NQ08', 'G3NIT9', 'G3NL22', 'G3NL04', 'G3P058', 'G3P453', 'G3PQV5']"
QVWFQNRRAK,12,0.000432,"['G3NB97', 'G3PWP0', 'G3NN53', 'G3P4T3', 'G3NV49', 'G3PLW6', 'G3P9T3', 'G3PBM4', 'G3NQY7', 'G3NRH1', 'G3NDI2', 'G3PVT5']"
CQGDSGGPLV,12,0.000432,"['G3Q4K3', 'G3PHL7', 'G3P9C9', 'G3PG31', 'KLK13', 'G3NTF8', 'G3N599', 'G3ND26', 'G3NFA9', 'G3ND34', 'G3NXK1', 'G3NR28']"
QGDSGGPLVC,12,0.000432,"['G3PI01', 'G3PHL7', 'G3P9C9', 'G3PG31', 'KLK13', 'G3NTF8', 'G3N599', 'G3ND26', 'G3NFA9', 'G3ND34', 'G3NXK1', 'G3NR28']"
FAYGQTGSGK,12,0.000432,"['G3NW41', 'G3P6E8', 'G3PTT7', 'G3P539', 'G3P071', 'G3P0W9', 'G3PAU1', 'G3PJ78', 'G3NAT2', 'G3Q039', 'G3Q803', 'G3NLA7']"
TSSSSSSSSS,12,0.000432,"['G3NRM9', 'G3NV58', 'G3QAG2', 'G3PM51', 'G3QAL6', 'G3P2V5', 'G3NMI0', 'G3Q4A5', 'NR2E3', 'G3N6E5', 'G3P2Y3', 'DIDO1']"
PSSSSSSSSS,12,0.000432,"['G3PRN0', 'G3NPS0', 'G3NWL0', 'G3P1W7', 'G3PCF1', 'G3N434', 'G3PSL3', 'G3PB84', 'G3N4B3', 'G3N4Z1', 'G3Q8I1', 'G3NI81']"
GGGGGGGGGS,12,0.000432,"['G3Q4A5', 'EIF4G1', 'G3QB56', 'G3PTR8', 'G3NJP7', 'G3PGT2', 'G3PPI5', 'G3PYD8', 'G3P446', 'G3NUA7', 'G3NBX4', 'G3PMY3']"
DSCQGDSGGP,12,0.000432,"['G3ND34', 'G3N9A0', 'G3P746', 'G3NY94', 'G3P437', 'G3NTF8', 'G3N599', 'G3NYF7', 'G3NX20', 'G3P0N7', 'G3PQK7', 'G3NR28']"
SSSSSSSSSA,11,0.000396,"['G3QBZ6', 'G3N434', 'G3PMS9', 'G3PM51', 'G3PBE1', 'PRR12', 'NR2E3', 'G3PVN5', 'G3N4Z1', 'G3NI81', 'G3NMN5']"
LADEMGLGKT,11,0.000396,"['G3NIG5', 'G3N434', 'G3PYT5', 'G3PCK6', 'G3Q6H2', 'G3P371', 'G3PU79', 'G3NWJ9', 'G3Q445', 'G3PHR2', 'G3NIY9']"
RGGGGGGGGG,11,0.000396,"['G3NG39', 'G3QCC3', 'G3NA89', 'G3NNX4', 'G3PS31', 'G3NVH8', 'G3NA02', 'G3NCG8', 'G3NJU2', 'G3NBX4', 'G3NL27']"
EEEEEEEEEG,11,0.000396,"['G3Q1X2', 'G3N9Y9', 'G3PFH5', 'G3NKW5', 'G3N7Y8', 'G3PHH0', 'G3NQD4', 'G3NJQ0', 'G3Q746', 'G3PS49', 'G3PXU4']"
APPPPPPPPP,11,0.000396,"['G3NT04', 'CHD4', 'G3NF02', 'G3Q674', 'G3PQU9', 'G3NEI9', 'G3PX74', 'G3NI69', 'G3Q4S7', 'G3Q4T1', 'WHAMM']"
ILADEMGLGK,11,0.000396,"['G3NIG5', 'G3N434', 'G3PYT5', 'G3PCK6', 'G3Q6H2', 'G3P371', 'G3PU79', 'G3NWJ9', 'G3Q445', 'G3PHR2', 'G3NIY9']"
HRDLAARNVL,11,0.000396,"['PDGFRB', 'G3NGP8', 'G3Q6Z4', 'EGFR', 'G3PKV8', 'G3PF30', 'G3Q450', 'G3NUB1', 'G3NG57', 'G3P5R0', 'G3NSQ1']"
TQVKIWFQNR,11,0.000396,"['G3NQ21', 'G3Q333', 'G3P5E1', 'G3PQV5', 'G3NXG6', 'G3NVL4', 'G3N725', 'G3PVI4', 'MSX1', 'G3Q696', 'G3NME3']"
AYGQTGSGKT,10,0.00036,"['G3P539', 'G3PTT7', 'G3P6E8', 'G3P071', 'G3PAU1', 'G3PJ78', 'G3QA94', 'G3NAT2', 'G3Q039', 'G3PCB8']"
SGGGGGGGGG,10,0.00036,"['G3NSD5', 'G3PXF6', 'SHC3', 'G3PPW2', 'G3PMN9', 'G3QB67', 'G3PYD8', 'G3NKR3', 'KCNA5', 'G3Q668']"
HTHTHTHTHT,10,0.00036,"['G3NYS8', 'G3NK85', 'G3NHG2', 'G3Q2N5', 'G3PXU3', 'G3PEK4', 'G3N5B2', 'G3Q937', 'G3Q9T6', 'G3P3Q2']"
SCQGDSGGPL,10,0.00036,"['G3PBK1', 'G3ND34', 'G3N9A0', 'G3PPY1', 'G3NTF8', 'G3P0N2', 'G3N599', 'G3P437', 'G3PQK7', 'G3NR28']"
VVHCSAGVGR,10,0.00036,"['G3P1C4', 'G3N689', 'G3NEL3', 'G3NZ91', 'PTPN14', 'PTPRF', 'G3NXR7', 'G3PAL9', 'G3PI72', 'G3NDT5']"
EEDEEEEEEE,10,0.00036,"['BEND4', 'G3PED2', 'G3PAJ7', 'G3P4N0', 'G3QBA7', 'G3PUX6', 'G3PU79', 'G3NX34', 'G3PS49', 'PAK3']"
PGPPGPPGPP,10,0.00036,"['G3PV70', 'G3NW79', 'G3PND5', 'G3PWW7', 'G3P1B8', 'G3P0M6', 'G3Q2V4', 'G3PQF7', 'G3Q806', 'G3PB50']"
PPGPPGPPGP,9,0.000324,"['G3P418', 'G3NW79', 'G3Q2V4', 'G3PWW7', 'G3NRB1', 'G3PB50', 'G3PQF7', 'G3Q806', 'G3P0M6']"
WDTAGQERFR,9,0.000324,"['RAB9A', 'G3PTJ3', 'G3NXB6', 'G3Q4I4', 'RAB6C', 'G3PJE0', 'G3P4S3', 'G3NP63', 'G3PFY0']"
SDVWSFGVLL,9,0.000324,"['G3P5M8', 'PTK6', 'G3Q2X3', 'G3PBM5', 'G3NUB1', 'G3NG57', 'G3PFN6', 'G3PTS5', 'G3P3G3']"
PPPPPPPPPL,9,0.000324,"['G3NT04', 'G3NF02', 'G3PI36', 'G3PQU9', 'G3PX74', 'G3PKG0', 'G3PME2', 'G3NT79', 'WHAMM']"
GDSGGPLVCE,9,0.000324,"['G3PBJ6', 'G3PI05', 'G3PG31', 'G3NTF8', 'G3NU39', 'G3N599', 'G3PHK6', 'G3Q1R1', 'G3NXK1']"
EDEEEEEEEE,9,0.000324,"['BEND4', 'G3N9Y9', 'G3N7Z8', 'G3QBA7', 'G3PUX6', 'G3P4N0', 'G3NX34', 'G3PS49', 'PAK3']"
ASSSSSSSSS,9,0.000324,"['G3PEY3', 'ZBTB5', 'G3PMS9', 'G3NUJ6', 'G3NYV9', 'G3NJ55', 'G3Q312', 'G3NK22', 'G3QBB1']"
HRDLKPENLL,9,0.000324,"['G3QCM8', 'G3PK58', 'G3N626', 'G3NPX6', 'G3N8Z3', 'G3PUG4', 'G3PBB7', 'G3NSM0', 'G3PBH5']"
DTAGQERFRS,9,0.000324,"['RAB9A', 'G3NXB6', 'G3PUP0', 'G3NPY7', 'RAB6C', 'G3QAV9', 'G3NP63', 'G3PFY0', 'G3PL27']"
ETQVKIWFQN,9,0.000324,"['G3NQ21', 'G3Q333', 'G3P5E1', 'G3PQV5', 'G3NVL4', 'G3N725', 'G3PVI4', 'MSX1', 'G3Q696']"
THTHTHTHTH,9,0.000324,"['G3NYS8', 'G3NK85', 'G3NHG2', 'G3Q2N5', 'G3PXU3', 'G3N5B2', 'G3Q937', 'G3Q9T6', 'G3P3Q2']"
DEEEEEEEEE,9,0.000324,"['G3NC81', 'G3P3B5', 'G3N9Y9', 'G3PZ38', 'G3QBA7', 'G3P4N0', 'G3NJQ0', 'G3PS49', 'PAK3']"
VHCSAGVGRT,9,0.000324,"['G3N689', 'G3NZ91', 'PTPN14', 'PTPRF', 'G3NXR7', 'G3PAL9', 'G3PI72', 'G3NDT5', 'G3N8Z9']"
GPPGPPGLPG,9,0.000324,"['G3Q4L7', 'COL15A1', 'G3PY44', 'G3P418', 'G3PNR4', 'G3NWK5', 'G3P2E4', 'G3PWW7', 'G3NBF5']"
HCSAGVGRTG,9,0.000324,"['G3N689', 'G3NZ91', 'PTPN14', 'PTPRF', 'G3NXR7', 'G3PAL9', 'G3PI72', 'G3NDT5', 'G3N8Z9']"
SEEEEEEEEE,9,0.000324,"['G3PZI1', 'G3NND9', 'G3PBW4', 'G3NL92', 'G3Q893', 'G3PG03', 'G3NWF3', 'G3P2K8', 'G3NU48']"
VQVWFQNRRA,9,0.000324,"['G3NB97', 'G3NN53', 'G3NV49', 'G3PLW6', 'G3P9T3', 'G3P4T3', 'G3NRH1', 'G3PVT5', 'G3PWP0']"
GPAGPPGPPG,8,0.000288,"['G3PNC7', 'col10a1', 'G3NUQ2', 'Eda', 'G3NNI9', 'G3P418', 'G3NWK5', 'G3Q211']"
SSSSSSSSSL,8,0.000288,"['G3QBF1', 'ZBTB5', 'G3P6V2', 'G3PSL3', 'G3PED2', 'G3P206', 'G3NWL0', 'G3N6B6']"
SSSSSSSSSP,8,0.000288,"['G3NTR7', 'G3P1W7', 'G3NV58', 'G3NK22', 'G3NQ50', 'G3Q8I1', 'Q06AL4', 'G3PVJ3']"
RVQVWFQNRR,8,0.000288,"['G3NB97', 'G3NN53', 'G3NV49', 'G3PLW6', 'G3P4T3', 'G3NRH1', 'G3PVT5', 'G3PWP0']"
AAAAAAAAAA,8,0.000288,"['G3NJA1', 'G3NKL2', 'G3P708', 'G3Q9R2', 'G3P1I5', 'G3P589', 'OLIG3', 'G3NL27']"
DACQGDSGGP,8,0.000288,"['G3PBJ6', 'G3P9C9', 'G3Q4L0', 'G3NFB3', 'G3NXW3', 'G3PYM9', 'HGFAC', 'G3N6C4']"
NSIRHNLSLN,8,0.000288,"['G3NQ32', 'G3NKL4', 'G3NWU7', 'G3PR01', 'G3NDS7', 'G3NV19', 'G3NMR0', 'G3P8Q9']"
IWDTAGQERF,8,0.000288,"['G3PWH7', 'G3N6W4', 'G3NQ30', 'G3N7X1', 'RAB21', 'G3PQ05', 'G3NXB6', 'G3NPY7']"
RDLAARNVLV,8,0.000288,"['G3NGP8', 'EGFR', 'G3PKV8', 'G3PF30', 'G3NUB1', 'G3NG57', 'G3P5R0', 'G3NSQ1']"
CEGCKGFFRR,8,0.000288,"['G3PCG5', 'RARG', 'G3PYI0', 'G3NTI6', 'G3NLS8', 'G3NMG0', 'G3P057', 'G3NZ06']"
ERERERERER,8,0.000288,"['G3NQE9', 'G3QCN2', 'G3Q144', 'G3NZ40', 'G3PEL8', 'G3PTY9', 'G3PHG5', 'G3NUL3']"
QVKVWFQNRR,8,0.000288,"['G3NM49', 'G3PP03', 'G3NM65', 'G3PGW3', 'G3PDS3', 'HOXA2', 'G3NEF0', 'G3P6Q8']"
RERERERERE,8,0.000288,"['G3NQE9', 'G3QCN2', 'G3Q144', 'G3NZ40', 'G3PEL8', 'G3PTY9', 'G3PHG5', 'G3NUL3']"
PPSSSSSSSS,8,0.000288,"['G3PRN0', 'G3P1W7', 'G3Q7H8', 'G3PCF1', 'G3NPS0', 'G3PSL3', 'G3PB84', 'G3N4B3']"
SSSSSTSSSS,7,0.000252,"['G3P068', 'G3P006', 'G3Q853', 'G3QAG2', 'G3N4U5', 'G3NI81', 'G3N8D8']"
DVWSFGVLLW,7,0.000252,"['G3P5M8', 'G3Q2X3', 'G3NUB1', 'G3NG57', 'G3PFN6', 'G3PTS5', 'G3P3G3']"
STSSSSSSSS,7,0.000252,"['G3NRM9', 'G3QAG2', 'G3NAA3', 'G3NMI0', 'G3P2Y3', 'G3PPW6', 'DIDO1']"
VETIGDAYMV,7,0.000252,"['G3Q1S4', 'G3PRL3', 'G3NXB3', 'G3Q4C6', 'G3P5T2', 'G3Q1Q8', 'G3NH76']"
SSSSSSTSSS,7,0.000252,"['G3NH37', 'G3P006', 'G3Q853', 'G3QAG2', 'G3N4U5', 'G3NI81', 'G3N8D8']"
RQVKIWFQNR,7,0.000252,"['G3NVS3', 'HOXA4', 'G3P476', 'G3P4A6', 'G3NAG6', 'G3NL04', 'G3P058']"
DEMGLGKTIQ,7,0.000252,"['G3NV40', 'G3N434', 'G3Q6H2', 'G3NIY9', 'G3NWJ9', 'G3Q445', 'G3PU79']"
SRSRSRSRSR,7,0.000252,"['G3PKN1', 'G3NBG9', 'G3PXM2', 'G3NCH3', 'G3PFA2', 'G3P5V1', 'G3NVP9']"
YKVETIGDAY,7,0.000252,"['G3PRL3', 'G3NXB3', 'G3Q0T2', 'G3Q4C6', 'G3P5T2', 'G3Q1Q8', 'G3NH76']"
NLVDLAGSER,7,0.000252,"['G3P071', 'G3Q039', 'G3PF47', 'G3PV00', 'G3PAU1', 'G3NHQ5', 'G3NLP3']"
GPPGPPGPQG,7,0.000252,"['G3N9W4', 'G3PV70', 'G3PGE1', 'G3Q2V4', 'G3PWW7', 'G3NCA8', 'G3PB50']"
QLWDTAGQER,7,0.000252,"['G3Q8B4', 'G3QB58', 'G3PTJ1', 'G3Q7G7', 'RAB6C', 'G3N9C0', 'G3NYB3']"
EEEDEEEEEE,7,0.000252,"['G3PAJ7', 'G3PPT4', 'G3QBA7', 'G3PU79', 'G3PS49', 'G3P4N0', 'PAK3']"
HRDLAARNIL,7,0.000252,"['G3PTV5', 'G3Q2X3', 'G3PVJ8', 'G3P1H3', 'SRMS', 'G3PMN1', 'G3PRR3']"
SSSSSSSTSS,7,0.000252,"['G3P006', 'G3Q853', 'G3QAG2', 'G3PZY0', 'G3NUA7', 'G3NI81', 'G3N8D8']"
RGRGRGRGRG,7,0.000252,"['G3NL79', 'G3PDV0', 'G3NNI5', 'G3N8I0', 'G3NK93', 'G3NM21', 'G3NAT9']"
NDNSSRFGKY,7,0.000252,"['G3NRN6', 'G3NCL8', 'G3PMI6', 'G3QC71', 'G3NNA8', 'G3P3I2', 'G3NXI8']"
GTPYWMAPEV,7,0.000252,"['G3PV77', 'G3N6Y2', 'G3PMH6', 'G3PKT1', 'G3NBZ4', 'G3Q7U6', 'PAK3']"
TRAGGLGINL,7,0.000252,"['G3NIG5', 'G3N434', 'G3PYT5', 'G3Q6H2', 'G3NWJ9', 'G3Q445', 'G3PHR2']"
VHRDLAARNV,7,0.000252,"['PDGFRB', 'EGFR', 'G3PKV8', 'G3PF30', 'G3Q450', 'G3NG57', 'G3P5R0']"
LQIWDTAGQE,7,0.000252,"['G3PWH7', 'G3NIQ5', 'G3NXB6', 'G3N7X1', 'G3PQ05', 'G3PP64', 'G3NPY7']"
RNDNSSRFGK,7,0.000252,"['G3NRN6', 'G3NCL8', 'G3PMI6', 'G3QC71', 'G3NPD6', 'myh6', 'MYH7B']"
PAGPPGPPGP,7,0.000252,"['G3PNC7', 'col10a1', 'Eda', 'G3NNI9', 'G3P418', 'G3NWK5', 'G3Q211']"
SSSSSSSSTS,7,0.000252,"['G3Q853', 'G3QAG2', 'G3NV82', 'G3PZY0', 'G3NUA7', 'G3NI81', 'G3N8D8']"
IFAYGQTGSG,7,0.000252,"['G3NW41', 'G3P0W9', 'G3PJ78', 'G3P071', 'G3NLA7', 'G3Q039', 'KIF21A']"
HLRTHTGEKP,7,0.000252,"['G3NCZ8', 'G3PCR9', 'G3NGB9', 'G3P797', 'G3N9E3', 'G3Q605', 'KLF2']"
ACQGDSGGPL,7,0.000252,"['G3NFQ3', 'G3PBJ6', 'G3P9C9', 'G3NFB3', 'G3NXW3', 'HGFAC', 'G3N6C4']"
GILADEMGLG,7,0.000252,"['G3NIG5', 'G3PYT5', 'G3PCK6', 'G3NIY9', 'G3NWJ9', 'G3PHR2', 'G3PU79']"
EEEEDEEEEE,7,0.000252,"['G3NIK4', 'G3PAJ7', 'G3Q5U5', 'G3QBA7', 'G3PU79', 'USP34', 'G3P4N0']"
VWSFGVLLWE,7,0.000252,"['G3P5M8', 'G3Q2X3', 'G3NUB1', 'G3NG57', 'G3PFN6', 'G3PTS5', 'G3P3G3']"
RHNLSLNKCF,7,0.000252,"['G3NKL4', 'G3NWU7', 'G3P3J1', 'G3NU40', 'G3NPH9', 'G3P1A4', 'G3P8Q9']"
KVETIGDAYM,7,0.000252,"['G3Q1S4', 'G3PRL3', 'G3NXB3', 'G3Q4C6', 'G3P5T2', 'G3Q1Q8', 'G3NH76']"
LWDTAGQERF,7,0.000252,"['G3QB58', 'G3PTJ1', 'G3Q7G7', 'RAB6C', 'G3N9C0', 'G3NP63', 'G3NYB3']"
GSGGGGGGGG,7,0.000252,"['G3PXF6', 'SHC3', 'G3PPW2', 'G3PYD8', 'G3NKR3', 'G3NI10', 'KCNA5']"
PPPPPPPPLP,7,0.000252,"['G3PRA3', 'ATXN1L', 'G3NF02', 'G3PQU9', 'WHAMM', 'G3PKG0', 'G3NT79']"
LSTRAGGLGI,6,0.000216,"['G3NIG5', 'G3PYT5', 'G3Q6H2', 'G3NWJ9', 'G3Q445', 'G3PHR2']"
EEEEEEEDDD,6,0.000216,"['G3P3B5', 'G3N7Z8', 'G3Q5A0', 'G3Q1I4', 'G3NQA1', 'PAK3']"
SSSSSSSSAS,6,0.000216,"['G3QBZ6', 'G3PVN5', 'G3N434', 'NR2E3', 'G3N4Z1', 'G3NMN5']"
EGCKGFFRRS,6,0.000216,"['RARG', 'G3PYI0', 'G3PCG5', 'G3NLS8', 'G3NMG0', 'G3NZ06']"
KSDVWSFGVL,6,0.000216,"['G3PBM5', 'G3PE97', 'PTK6', 'G3Q450', 'G3NUB1', 'G3P3G3']"
TVNTASRMES,6,0.000216,"['G3PJZ9', 'G3NXB3', 'G3QAP7', 'G3P5T2', 'G3Q1Q8', 'G3NH76']"
LTETQVKIWF,6,0.000216,"['G3Q333', 'G3P5E1', 'G3PQV5', 'G3PVI4', 'MSX1', 'G3Q696']"
VYKVETIGDA,6,0.000216,"['G3NXB3', 'G3Q0T2', 'G3Q4C6', 'G3P5T2', 'G3Q1Q8', 'G3NH76']"
PPPPPPLPPP,6,0.000216,"['G3NXV5', 'G3NF02', 'G3P3B6', 'G3NCV7', 'G3PZY1', 'G3PCC6']"
HIRTHTGEKP,6,0.000216,"['G3Q265', 'MTF1', 'G3NDC1', 'G3Q164', 'G3PGU1', 'G3PAV9']"
PPPPPPPPPQ,6,0.000216,"['G3PYM6', 'G3Q3P8', 'G3P3A9', 'G3PCQ4', 'G3PAF2', 'G3P6J2']"
AAAAAAAAAS,6,0.000216,"['G3NKL2', 'G3PE58', 'G3NWS0', 'G3Q345', 'G3PTY5', 'G3NL27']"
SSSSSSSSSG,6,0.000216,"['G3NRM9', 'G3PEY3', 'G3PBB1', 'G3N6E5', 'G3PRJ8', 'G3P2Y3']"
SSSSSSSSSE,6,0.000216,"['G3PZR5', 'G3N4B3', 'G3NS43', 'G3PTX5', 'G3PPG2', 'G3NJ55']"
SSSSSSSSSD,6,0.000216,"['G3QAG2', 'G3PQC9', 'G3NST3', 'G3NBJ7', 'G3PPZ4', 'G3NNA7']"
DVYKVETIGD,6,0.000216,"['G3NXB3', 'G3Q0T2', 'G3Q4C6', 'G3P5T2', 'G3Q1Q8', 'G3NH76']"
QQQQQQQQQL,6,0.000216,"['G3PRN0', 'G3Q3P8', 'MLLT6', 'G3NJP7', 'G3Q810', 'G3PJK6']"
DDDDDDDDDD,6,0.000216,"['G3P5K4', 'G3N5I0', 'G3P4H5', 'G3PC16', 'G3N4M0', 'G3NIY0']"
VVHRDLKPEN,6,0.000216,"['G3P031', 'G3QCM8', 'G3PK58', 'G3NG40', 'G3PTT2', 'G3QA73']"
LQLWDTAGQE,6,0.000216,"['G3QB58', 'G3Q166', 'RAB6C', 'G3NYB3', 'G3NP63', 'G3N9C0']"
ITMNPGYAGR,6,0.000216,"['DNAH10', 'DNAH8', 'G3NCJ3', 'G3NCH8', 'G3PFL8', 'G3P920']"
EARVQVWFQN,6,0.000216,"['G3NB97', 'G3NN53', 'G3NV49', 'G3PLW6', 'G3P4T3', 'G3PWP0']"
YGPPGTGKTL,6,0.000216,"['G3PUL8', 'G3N7Z5', 'G3Q7L6', 'KATNAL2', 'G3P597', 'G3PFL0']"
QIWDTAGQER,6,0.000216,"['G3PWH7', 'G3N6W4', 'G3NXB6', 'G3N7X1', 'G3PQ05', 'G3NPY7']"
DTVNTASRME,6,0.000216,"['G3PJZ9', 'G3NXB3', 'G3QAP7', 'G3P5T2', 'G3Q1Q8', 'G3NH76']"
FVHRDLAARN,6,0.000216,"['G3PE97', 'G3PPC2', 'G3Q450', 'G3P5R0', 'G3P3G3', 'G3P8C3']"
LQQQQQQQQQ,6,0.000216,"['G3NA81', 'G3Q810', 'G3NCD7', 'G3NFT7', 'G3PJK6', 'G3PE03']"
LEAFGNAKTV,6,0.000216,"['G3PTC2', 'G3PD79', 'G3PNB9', 'G3NXI8', 'G3NI21', 'G3PCM9']"
HMRTHTGEKP,6,0.000216,"['G3PMG1', 'G3NLA5', 'G3Q7I1', 'G3P6Q5', 'G3PW18', 'G3PNA0']"
AHKAVLAACS,6,0.000216,"['G3NNS7', 'G3PK95', 'G3PKS1', 'G3NUN2', 'G3NMH8', 'G3N9D5']"
HLRIHTGEKP,6,0.000216,"['G3PMG1', 'G3PD80', 'G3P9H7', 'G3PKB8', 'G3P6Q9', 'G3Q6R4']"
YRDSKLTRLL,6,0.000216,"['G3P539', 'G3NG35', 'G3PS71', 'G3NXE5', 'G3QA94', 'G3NHQ5']"
LLSTRAGGLG,6,0.000216,"['G3NIG5', 'G3Q6H2', 'G3PU79', 'G3NWJ9', 'G3Q445', 'G3PHR2']"
ADEMGLGKTI,6,0.000216,"['G3N434', 'G3Q6H2', 'G3NIY9', 'G3NWJ9', 'G3Q445', 'G3PU79']"
EEEEEEDDDD,6,0.000216,"['G3P3B5', 'G3Q5A0', 'G3NEG5', 'G3PGH2', 'G3PI74', 'PAK3']"
THTGEKPFAC,6,0.000216,"['G3PTK5', 'G3P4F3', 'G3Q265', 'G3N657', 'G3PWR3', 'G3PRJ8']"
PPPPPPPLPP,6,0.000216,"['DIAPH1', 'G3NF02', 'G3PQU9', 'G3PCC6', 'WHAMM', 'G3PKG0']"
FGDTVNTASR,6,0.000216,"['G3PJZ9', 'G3NXB3', 'G3QAP7', 'G3P5T2', 'G3Q1Q8', 'G3NH76']"
WQNSIRHNLS,6,0.000216,"['G3NQ32', 'G3NKL4', 'G3PR01', 'G3NDS7', 'G3NV19', 'G3NMR0']"
FITMNPGYAG,6,0.000216,"['DNAH10', 'DNAH8', 'G3NCJ3', 'G3NCH8', 'G3PFL8', 'G3P920']"
GEEEEEEEEE,6,0.000216,"['G3P147', 'QRFP2', 'G3N7Y8', 'G3PHH0', 'G3NQD4', 'G3PXU4']"
LNLVDLAGSE,6,0.000216,"['G3P071', 'G3PF47', 'G3PAV2', 'G3Q039', 'G3NHQ5', 'G3NLP3']"
CSAGVGRTGT,6,0.000216,"['G3N689', 'G3NZ91', 'G3NXR7', 'G3PAL9', 'G3NDT5', 'G3N8Z9']"
LVDLAGSERA,6,0.000216,"['G3NW41', 'G3NKH0', 'KIF27', 'G3PF47', 'G3PAU1', 'G3Q803']"
TETQVKIWFQ,6,0.000216,"['G3Q333', 'G3P5E1', 'G3PQV5', 'G3PVI4', 'MSX1', 'G3Q696']"
SSSSTSSSSS,6,0.000216,"['G3P068', 'G3P006', 'G3Q853', 'G3QAG2', 'G3N4U5', 'G3NI81']"
LLLTGTPLQN,6,0.000216,"['G3NIG5', 'G3PYT5', 'G3Q6H2', 'G3PNF3', 'G3NIY9', 'G3NWJ9']"
PGPPGPPGPQ,6,0.000216,"['G3N9W4', 'G3PGE1', 'G3Q2V4', 'G3PB50', 'G3NCA8', 'G3PWW7']"
FLLSTRAGGL,6,0.000216,"['G3NIG5', 'G3Q6H2', 'G3PU79', 'G3NWJ9', 'G3Q445', 'G3PHR2']"
GDTVNTASRM,6,0.000216,"['G3PJZ9', 'G3NXB3', 'G3QAP7', 'G3P5T2', 'G3Q1Q8', 'G3NH76']"
FYAPWCGHCK,6,0.000216,"['G3P507', 'G3Q2E1', 'G3ND82', 'G3NCG1', 'G3NVG1', 'G3N8I8']"
RDLKPENILL,6,0.000216,"['G3Q3R1', 'G3N720', 'G3P2K5', 'G3NEW2', 'G3P2J8', 'G3PR23']"
GGGGGGGGGT,6,0.000216,"['G3NSD5', 'G3NN18', 'G3NJS6', 'G3N9M6', 'G3PYD8', 'G3NJU2']"
QNSIRHNLSL,6,0.000216,"['G3NQ32', 'G3NKL4', 'G3PR01', 'G3NDS7', 'G3NV19', 'G3NMR0']"
ARVQVWFQNR,6,0.000216,"['G3NB97', 'G3NN53', 'G3NV49', 'G3PLW6', 'G3P4T3', 'G3PWP0']"
STRAGGLGIN,6,0.000216,"['G3NIG5', 'G3PYT5', 'G3Q6H2', 'G3NWJ9', 'G3Q445', 'G3PHR2']"
GGGGGGGSGG,6,0.000216,"['UBE2O', 'G3PAF3', 'G3Q316', 'G3PPI5', 'G3PYD8', 'G3NT97']"
DDDEEEEEEE,6,0.000216,"['G3P3B5', 'G3Q5A0', 'CSRNP3', 'G3PS37', 'G3NK22', 'G3NQA1']"
DSSSSSSSSS,6,0.000216,"['G3QBZ6', 'G3NBJ7', 'G3PQC9', 'G3NS43', 'G3PTX5', 'G3PVJ3']"
AYIATQGPLP,5,0.00018,"['PTPRF', 'G3PUF9', 'PTPN12', 'G3Q009', 'G3PAF6']"
RQRVMAAQVA,5,0.00018,"['G3NUK6', 'Dmrt1', 'G3PNF6', 'DMRTA1', 'G3PNF9']"
ETIGDAYMVV,5,0.00018,"['G3P5T2', 'G3Q1S4', 'G3Q1Q8', 'G3PRL3', 'G3P7W3']"
KEEEEEEEEE,5,0.00018,"['G3PYE6', 'G3P4I2', 'G3P1X3', 'G3Q296', 'G3Q4S7']"
SSSSSSSSPS,5,0.00018,"['G3NQ50', 'G3NK22', 'G3NVL2', 'G3Q4V0', 'Q06AL4']"
SDSSSSSSSS,5,0.00018,"['G3NBJ7', 'G3PVJ3', 'G3PQC9', 'G3NS43', 'G3PTX5']"
GETGSGKTTQ,5,0.00018,"['YTHDC2', 'G3PT86', 'G3Q7K8', 'G3NIK4', 'G3NSM1']"
HCSAGIGRTG,5,0.00018,"['G3PUF9', 'PTPN7', 'G3P6Y8', 'G3NVS7', 'G3P3G4']"
GPPGLPGPPG,5,0.00018,"['G3PVP6', 'G3PQF7', 'G3NWM7', 'G3P2B2', 'G3PMX4']"
EIDGQALLLL,5,0.00018,"['G3PG29', 'G3PIX7', 'G3PXQ2', 'G3P4S7', 'G3NB87']"
SSSSSSSSFS,5,0.00018,"['G3Q4A5', 'G3P2Q3', 'G3PZ78', 'G3P5Q0', 'G3PN45']"
THTGEKPYSC,5,0.00018,"['G3P6Q5', 'G3NAL5', 'G3Q7I1', 'G3NDC1', 'G3P812']"
PPGTGKTLLA,5,0.00018,"['G3PUL8', 'G3Q7L6', 'KATNAL2', 'G3PVL4', 'G3N9F4']"
YCLFGDTVNT,5,0.00018,"['G3QAP7', 'G3NH76', 'G3P5T2', 'G3Q1Q8', 'G3NXB3']"
RVMAAQVALR,5,0.00018,"['G3NUK6', 'Dmrt1', 'G3PNF6', 'DMRTA1', 'G3PNF9']"
GPPGTGKTLL,5,0.00018,"['G3PUL8', 'G3Q7L6', 'KATNAL2', 'G3PVL4', 'G3N9F4']"
QVKTWFQNRR,5,0.00018,"['G3P5D6', 'HHEX', 'G3NEL0', 'G3Q9L7', 'G3Q181']"
GPPGPAGPPG,5,0.00018,"['G3N706', 'G3P5E3', 'G3PV70', 'G3PYX8', 'G3NRB1']"
AYGQTGSGKS,5,0.00018,"['G3NW41', 'G3P0W9', 'G3NLA7', 'G3Q803', 'G3PV00']"
ISGESGAGKT,5,0.00018,"['G3PTC2', 'G3QC71', 'G3NCL8', 'G3P3I2', 'G3NNA8']"
SSSTSSSSSS,5,0.00018,"['G3QAG2', 'G3NQ16', 'G3Q853', 'G3P006', 'G3NAA3']"
EYQDLLNVKM,5,0.00018,"['G3Q0J4', 'G3NMS4', 'G3Q0I4', 'G3NME2', 'G3N5X9']"
ESSSSSSSSS,5,0.00018,"['G3NK30', 'G3PPG2', 'G3PED2', 'G3NNA7', 'OLIG3']"
HRDLKPENIL,5,0.00018,"['G3N643', 'G3P2J8', 'G3NXY2', 'G3P2K5', 'G3PBP5']"
SSSSSSSSDS,5,0.00018,"['G3QAG2', 'G3NNA7', 'G3PQC9', 'G3NST3', 'G3NBJ7']"
PGGGGGGGGG,5,0.00018,"['G3PH71', 'G3NHT4', 'G3NJS6', 'G3PY49', 'G3N9M6']"
EDEDEEEEEE,5,0.00018,"['G3NWM0', 'G3ND87', 'G3N9K8', 'G3NLJ5', 'SECISBP2L']"
PPPPPLPPPP,5,0.00018,"['G3NCV7', 'G3Q6P5', 'G3PCC6', 'G3PX74', 'G3NXV5']"
LLYGPPGTGK,5,0.00018,"['G3P597', 'G3Q7L6', 'KATNAL2', 'SPATA5', 'G3NV74']"
CLFGDTVNTA,5,0.00018,"['G3QAP7', 'G3NH76', 'G3P5T2', 'G3Q1Q8', 'G3NXB3']"
KPPYSYIALI,5,0.00018,"['G3PVU8', 'G3NV19', 'G3NMR0', 'G3NMP9', 'G3PZD3']"
VLDVNDNAPV,5,0.00018,"['G3QBG4', 'G3Q1B0', 'DCHS2', 'G3NQI9', 'G3Q1C0']"
QEIDGQALLL,5,0.00018,"['G3PG29', 'G3PIX7', 'G3PXQ2', 'G3P4S7', 'G3NB87']"
PYRDSKLTRL,5,0.00018,"['G3NXE5', 'G3P539', 'G3QA94', 'G3NHQ5', 'G3PS71']"
ERQRVMAAQV,5,0.00018,"['G3NUK6', 'Dmrt1', 'G3PNF6', 'DMRTA1', 'G3PNF9']"
SSSSSSSSST,5,0.00018,"['G3PRN0', 'G3PZY0', 'G3Q853', 'G3NQ08', 'G3NUA7']"
THTGEKPYRC,5,0.00018,"['G3NCZ8', 'G3P5N1', 'G3NAH0', 'G3PSA1', 'G3NMW4']"
KRPMNAFMVW,5,0.00018,"['G3NEM6', 'G3P2X1', 'G3PA36', 'G3NQ05', 'G3PSN2']"
RTHTGEKPYR,5,0.00018,"['G3NCZ8', 'G3P5N1', 'G3NAH0', 'G3PSA1', 'G3NMW4']"
RSDELTRHYR,5,0.00018,"['G3QCD9', 'G3PW49', 'G3NAU3', 'G3Q605', 'G3P943']"
GLPGPPGPPG,5,0.00018,"['G3PQF7', 'COL15A1', 'G3NNI9', 'G3P1B8', 'G3N9W4']"
LRIHTGEKPY,5,0.00018,"['G3Q6R4', 'G3PD80', 'G3PMG1', 'G3P9H7', 'G3Q0L6']"
SSSSSSSPSS,5,0.00018,"['G3NRH0', 'G3Q312', 'G3NVL2', 'Q06AL4', 'G3NK22']"
DDDDEEEEEE,5,0.00018,"['G3NU29', 'G3Q5A0', 'G3P3B5', 'G3PS37', 'CSRNP3']"
LFGDTVNTAS,5,0.00018,"['G3QAP7', 'G3NH76', 'G3P5T2', 'G3Q1Q8', 'G3NXB3']"
VATRWYRAPE,5,0.00018,"['G3NYD7', 'G3PH81', 'G3N6W7', 'G3NNR8', 'G3NXY6']"
EAFGNAKTVR,5,0.00018,"['G3NI21', 'G3PD79', 'G3PTC2', 'MYH7B', 'G3NXI8']"
EEEEEEDEEE,5,0.00018,"['G3Q9K6', 'EIF3D', 'G3PGG8', 'G3PWC2', 'G3NG37']"
EEEEEEDEDE,5,0.00018,"['PES1', 'G3N9K8', 'G3NLJ5', 'G3NGA8', 'G3N834']"
LPGPPGPPGP,5,0.00018,"['G3PQF7', 'COL15A1', 'G3N9W4', 'G3P1B8', 'G3PB50']"
SGESGAGKTE,5,0.00018,"['G3PD79', 'G3NNA8', 'G3QC71', 'G3NCL8', 'G3P3I2']"
VVRVWFCNRR,5,0.00018,"['G3NU69', 'G3QCH4', 'G3PKE2', 'G3PA30', 'G3PZT4']"
LRTHTGEKPY,5,0.00018,"['G3NCZ8', 'G3Q605', 'KLF2', 'G3NGB9', 'G3P797']"
HMRSHTGEKP,5,0.00018,"['IKZF5', 'G3PDD1', 'G3PGE6', 'G3NN71', 'G3P1P7']"
KNSIRHNLSL,5,0.00018,"['FOXO1', 'G3NYE3', 'G3Q8W6', 'G3NWU7', 'G3P8Q9']"
KKAYRKLALK,5,0.00018,"['G3NIM0', 'G3P171', 'G3NRU8', 'DNAJA4', 'G3PVX1']"
AAQVALRRQQ,5,0.00018,"['G3NUK6', 'Dmrt1', 'G3PNF6', 'DMRTA1', 'G3PNF9']"
RSRSRSRSRS,5,0.00018,"['G3NBG9', 'G3P5V1', 'G3PKN1', 'G3PD82', 'G3PFA2']"
MPRYCLFGDT,5,0.00018,"['G3NH76', 'G3P5T2', 'G3Q4C6', 'G3Q1Q8', 'G3NXB3']"
ADEMGLGKTV,5,0.00018,"['G3PQ13', 'G3PCK6', 'G3NIG5', 'G3PHR2', 'G3NKE9']"
FIHRDLAARN,5,0.00018,"['G3PVJ8', 'G3Q3J0', 'G3NUB1', 'AXL', 'G3PAB4']"
MAAQVALRRQ,5,0.00018,"['G3NUK6', 'Dmrt1', 'G3PNF6', 'DMRTA1', 'G3PNF9']"
LVLTPTRELA,5,0.00018,"['G3NZD3', 'G3P290', 'G3NVR8', 'G3PEF4', 'G3PUA1']"
YNGTIFAYGQ,5,0.00018,"['G3P071', 'G3NLA7', 'G3PF47', 'G3Q089', 'G3PJ78']"
IHRDLAARNV,5,0.00018,"['G3NVW0', 'G3NSQ1', 'G3NUB1', 'G3NGP8', 'G3Q6Z4']"
VMAAQVALRR,5,0.00018,"['G3NUK6', 'Dmrt1', 'G3PNF6', 'DMRTA1', 'G3PNF9']"
PPGPPGPQGP,5,0.00018,"['G3PWW7', 'G3N9W4', 'G3PV70', 'G3PB50', 'G3Q2V4']"
VHCSAGIGRT,5,0.00018,"['G3PSG6', 'G3PUF9', 'PTPN7', 'G3P3G4', 'G3NVS7']"
GGSGGGGGGG,5,0.00018,"['G3PPW2', 'G3PXF6', 'G3PYD8', 'UBE2O', 'G3NXW0']"
AQVALRRQQA,5,0.00018,"['G3NUK6', 'Dmrt1', 'G3PNF6', 'DMRTA1', 'G3PNF9']"
DEEEEEEEEG,5,0.00018,"['G3PBA1', 'G3NNF7', 'G3NK22', 'G3Q811', 'G3NX34']"
LTEARVQVWF,5,0.00018,"['G3NV49', 'G3P4T3', 'G3NN53', 'G3PHJ5', 'G3PWP0']"
AFGNAKTVRN,5,0.00018,"['G3NI21', 'G3PD79', 'G3PTC2', 'MYH7B', 'G3NXI8']"
VDDCGDGSDE,5,0.00018,"['G3N599', 'G3NIT5', 'G3NXW3', 'G3NXD3', 'G3NNN8']"
NGILADEMGL,5,0.00018,"['G3PYT5', 'G3NIG5', 'G3PHR2', 'G3NIY9', 'G3PU79']"
EEEEEEEEDD,5,0.00018,"['G3Q1I4', 'G3N7Z8', 'G3P3B5', 'PES1', 'PAK3']"
QRVMAAQVAL,5,0.00018,"['G3NUK6', 'Dmrt1', 'G3PNF6', 'DMRTA1', 'G3PNF9']"
VRVWFCNRRQ,5,0.00018,"['G3NU69', 'G3QCH4', 'G3PKE2', 'G3PA30', 'G3PZT4']"
YGQTGSGKTY,5,0.00018,"['G3P539', 'KIF27', 'G3PTT7', 'G3NAT2', 'G3PAU1']"
GGGGGGGGSS,5,0.00018,"['G3PTR8', 'G3NJP7', 'G3QB56', 'G3PMY3', 'G3NUA7']"
GPRGPPGPPG,5,0.00018,"['G3P5E3', 'G3PLP6', 'G3NCA8', 'G3PLA6', 'G3NBF5']"
SSTSSSSSSS,5,0.00018,"['G3QAG2', 'G3NBA5', 'G3NAA3', 'G3P006', 'G3PPW6']"
GHIKLTDFGL,5,0.00018,"['G3N932', 'G3PVB1', 'G3Q3R1', 'G3PTF2', 'G3NN09']"
VLEAFGNAKT,5,0.00018,"['G3PXL4', 'G3NXI8', 'G3PXX3', 'G3NCL8', 'G3P3I2']"
EEEEEEEKEE,5,0.00018,"['G3Q0R5', 'G3NIS0', 'G3PQ19', 'G3P747', 'G3NMV4']"
EEEEEEEEES,5,0.00018,"['G3NWF3', 'G3P4I2', 'G3Q893', 'G3Q4S7', 'G3NL92']"
GWKNSIRHNL,5,0.00018,"['FOXO1', 'G3NYE3', 'G3Q8W6', 'G3NWU7', 'G3P8Q9']"
GGGGGGSGGG,5,0.00018,"['G3PPI5', 'G3PAF3', 'G3PYD8', 'UBE2O', 'G3Q316']"
GWQNSIRHNL,5,0.00018,"['G3NQ32', 'G3NDS7', 'G3PR01', 'G3NMR0', 'G3NU40']"
DLKPENILLD,5,0.00018,"['G3NEW2', 'G3Q3R1', 'G3PR23', 'G3P2K5', 'G3N720']"
GRGRGRGRGR,5,0.00018,"['G3NAT9', 'G3NL79', 'G3NNI5', 'G3PDV0', 'G3NK93']"
KSSHLKAHLR,5,0.00018,"['G3P9D7', 'G3N9E3', 'G3Q605', 'KLF2', 'KLF15']"
WKNSIRHNLS,5,0.00018,"['FOXO1', 'G3NYE3', 'G3Q8W6', 'G3NWU7', 'G3P8Q9']"
HHHHHHHHHH,5,0.00018,"['G3ND73', 'plagl2', 'G3PYQ2', 'USP34', 'G3PW33']"
LYGPPGTGKT,5,0.00018,"['G3P597', 'G3Q7L6', 'KATNAL2', 'SPATA5', 'G3NV74']"
GPPGPQGPPG,5,0.00018,"['G3PYJ1', 'G3P418', 'G3NCA8', 'G3PB50', 'G3Q2V4']"
GKTLLAKAVA,5,0.00018,"['G3NNG5', 'G3PRY8', 'G3Q7L6', 'G3NCX4', 'KATNAL2']"
LDVNDNAPVF,5,0.00018,"['G3QBG4', 'G3Q1B0', 'DCHS2', 'G3NQI9', 'G3Q1C0']"
EEEEEEEEGE,5,0.00018,"['G3PHH0', 'G3NK22', 'G3PVU4', 'G3N7Y8', 'G3NJQ0']"
RSSSSSSSSS,5,0.00018,"['G3NQ50', 'G3N8Z4', 'G3NMN5', 'G3P006', 'G3P158']"
NGTIFAYGQT,5,0.00018,"['G3P071', 'G3NHQ5', 'G3PF47', 'G3Q089', 'G3PJ78']"
VHRDLKPENL,5,0.00018,"['G3PK58', 'G3PBH5', 'G3NPX6', 'G3N8Z3', 'G3QCM8']"
FARSDELTRH,5,0.00018,"['KLF6', 'G3NAU3', 'G3Q605', 'G3PNA0', 'G3QCD9']"
EDDDDDDDDD,5,0.00018,"['G3N5I0', 'G3P5K4', 'G3NHU7', 'G3NIY0', 'G3PVY2']"
VWFQNRRAKW,5,0.00018,"['G3NRH1', 'G3NQY7', 'G3NV49', 'G3P4T3', 'G3PVT5']"
GGGGGGGGGA,5,0.00018,"['G3PFJ9', 'G3PEK4', 'G3N7E6', 'G3PDY5', 'G3P9E0']"
WSFGVLLWEI,5,0.00018,"['G3PFN6', 'G3NUB1', 'G3NG57', 'G3Q2X3', 'G3PH87']"
VWSYGVLLWE,5,0.00018,"['G3QCN7', 'G3P984', 'G3NKX2', 'G3Q9A0', 'G3NFC6']"
SSSSSSSFSS,5,0.00018,"['G3PZ78', 'USP34', 'G3P5Q0', 'G3PBE3', 'G3PN45']"
IHTGEKPFSC,5,0.00018,"['G3PS58', 'G3P6Q5', 'G3P6Q9', 'G3NEI5', 'G3NNS7']"
WFQNRRAKWR,5,0.00018,"['G3NV49', 'HHEX', 'G3NQY7', 'G3P4T3', 'G3PVT5']"
RYCLFGDTVN,5,0.00018,"['G3QAP7', 'G3NH76', 'G3P5T2', 'G3Q1Q8', 'G3NXB3']"
HLRIHSGEKP,5,0.00018,"['G3PB24', 'G3Q0D1', 'G3N522', 'G3NLS2', 'G3PUF4']"
AGGGGGGGGG,5,0.00018,"['G3PGT2', 'G3NJP7', 'G3NN18', 'G3P446', 'G3NUA7']"
GYNGTIFAYG,5,0.00018,"['G3P071', 'G3NLA7', 'G3PF47', 'G3Q089', 'G3PJ78']"
PRYCLFGDTV,5,0.00018,"['G3NH76', 'G3P5T2', 'G3Q4C6', 'G3Q1Q8', 'G3NXB3']"
RLVITPLTDR,5,0.00018,"['G3NCJ3', 'G3NTE1', 'G3PFL8', 'DNAH10', 'G3PRS5']"
EEEEEEEDED,5,0.00018,"['PES1', 'G3NVU3', 'G3PWQ5', 'G3NGA8', 'G3P5B2']"
NSVRHNLSLN,5,0.00018,"['G3P3J1', 'G3PVU8', 'G3NPH9', 'G3P1A4', 'G3NMP9']"
HRDLAARNCM,5,0.00018,"['G3PE97', 'G3N6U0', 'G3P3G3', 'AXL', 'G3PPC2']"
GQTGSGKTYT,5,0.00018,"['G3P539', 'KIF27', 'G3PTT7', 'G3NAT2', 'G3PAU1']"
LTGTPLQNNL,5,0.00018,"['G3PYT5', 'G3NIG5', 'G3Q6H2', 'G3NWJ9', 'G3Q2I8']"
