k-mer,number of proteins,percentage,all,(Out of 48991 proteins in total)
EEEEEEEEEE,91,0.001857,"['NCBP3', 'ANP32E', 'IL27', 'FKBP8', 'CLSTN1', 'CERS3', 'CNGB1', 'EIF3D', 'ALMS1', 'CACNA1F', 'CNPY4', 'CUL9', 'KDM2A', 'WEE1', 'NGEF', 'TRIM26', 'ACIN1', 'CENPB', 'BAZ1B', 'SNAPC5', 'HRC', 'A0A0U1RQG5', 'SETD1B', 'MYO15B', 'SHROOM4', 'GTF3C3', 'SPRYD3', 'EP400', 'TSPOAP1', 'ARID4B', 'EIF5B', 'DAXX', 'CHIC1', 'TIMELESS', 'PPARGC1B', 'CSRNP3', 'FLJ13052', 'PLPPR3', 'TPRN', 'SENP3', 'CDK11A', 'PAXIP1', 'SMYD5', 'PHF23', 'CCDC136', 'VSIG10', 'RRP12', 'ZFHX3', 'PELP1', 'PRKCSH', 'ADRA2B', 'SLC4A3', 'DCAF8L2', 'KCNA4', 'PODN', 'EHMT2', 'SKIDA1', 'HNRNPU', 'CNKSR2', 'MYT1L', 'RBM19', 'PODXL2', 'CELSR2', 'SCAF1', 'ATRX', 'TAOK2', 'NEUROD2', 'YTHDC1', 'WIZ', 'RANGAP1', 'HMGB3', 'BCL11A', 'AEBP2', 'C11orf95', 'SMARCA4', 'B3KR36', 'STAC3', 'RTN4', 'SLC24A1', 'KAT6B', 'DKFZp686H09231', 'TTBK1', 'LOC105371045', 'PLEKHG5', 'FBXO3', 'FAM9A', 'NCL', 'ZBTB47', 'WDR70', 'SLC4A1AP', 'B7Z347']"
AAAAAAAAAA,88,0.001796,"['ZFR', 'NIPA1', 'KMT5A', 'NKX2-3', 'NKX2-4', 'OTUD7A', 'LHX2', 'BHLHE41', 'MAP3K4', 'ZSWIM6', 'SLC12A2', 'PTBP2', 'IRX1', 'SP9', 'IRF2BPL', 'EVX2', 'RPL14', 'GATA6', 'NKX6-1', 'RBM47', 'ARID1B', 'MAZ', 'RUNX2', 'Q59GJ0', 'MNX1', 'B7Z8M4', 'CHD3', 'EGR2', 'ASXL2', 'ZBTB8B', 'EPPK1', 'EN1', 'ZIC3', 'NLK', 'GDF11', 'PRDM12', 'HOXD13', 'HOXD11', 'FBRS', 'RBM24', 'CASKIN1', 'ALKBH5', 'PRDM8', 'LCORL', 'BTBD2', 'KDM1A', 'TLE4', 'TBX2', 'TMEM200C', 'LHFPL3', 'SKIDA1', 'PRPF40A', 'REPS2', 'FOXB2', 'CLASRP', 'KLHL11', 'FBXO41', 'ASCL1', 'FOXD3', 'FEV', 'FOXL2', 'PHLPP1', 'OLIG2', 'TBL1XR1', 'IRS4', 'ID4', 'PRKD1', 'SKOR1', 'HMX3', 'RBM4', 'MSH3', 'JUND', 'HAND2', 'ELN', 'TMEM158', 'CDK13', 'EOMES', 'POU3F3', 'PABPN1', 'POU4F1', 'PHOX2B', 'ZNF804A', 'SOX21', 'ARX', 'ZNF358', 'DMRTA1', 'CCDC177', 'GSX2']"
QQQQQQQQQQ,69,0.001408,"['FOXP2', 'LIN7A', 'SATB1', 'SIK3', 'CELF3', 'ZFHX3', 'POLG', 'GLG1', 'EP400', 'DCP1B', 'DENND4B', 'D2CTD4', 'SMARCA2', 'THAP11', 'PHLDA1', 'NCOR2', 'ABCF1', 'NCOA3', 'ZNF384', 'MAML2', 'MAML3', 'FAM157B', 'RAI1', 'CACNA1A', 'TMEM229A', 'MEF2A', 'POU6F2', 'USF3', 'MED12', 'PHC1', 'MED15', 'MAGI1', 'CAGL114', 'NUMBL', 'POU3F2', 'KMT2D', 'TSC22D1', 'MN1', 'ASCL1', 'R3HDM2', 'IRF2BPL', 'KCNN3', 'TFCP2', 'AAK1', 'AR', 'ATN1', 'CHERP', 'FRMPD3', 'NCOA6', 'ST6GALNAC5', 'NFAT5', 'ARID3B', 'FAM171B', 'VEZF1', 'AAD14', 'ARID1B', 'TFEB', 'RUNX2', 'MAMLD1', 'HTT', 'TOX3', 'SCA7', 'ATXN8', 'TBP', 'ATXN7', 'ATXN2', 'ATXN3', 'CREBBP', 'ATXN1']"
PPPPPPPPPP,68,0.001388,"['RANBP9', 'HS3ST4', 'BAG6', 'ESPN', 'FNBP4', 'ZNF318', 'FBXO11', 'ZFHX3', 'SF3B2', 'SETD1A', 'SMN1', 'WASL', 'C11orf95', 'D2CTG4', 'PEG10', 'SEMA4G', 'PXK', 'JMY', 'MYPOP', 'WASF2', 'SIK2', 'ASXL3', 'FMNL1', 'MAP3K4', 'AHDC1', 'RAPH1', 'ZNF341', 'ZIC5', 'PRIMA1', 'KDM6B', 'VIRMA', 'PCLO', 'FOXB2', 'DOT1L', 'GJD3', 'ADGRB1', 'TRERF1', 'MICALCL', 'DIAPH3', 'RNF44', 'DAB2IP', 'SP5', 'HOXB4', 'R3HDM1', 'WIPF3', 'ZNF827', 'SALL2', 'ALG13', 'MEX3C', 'SRPK2', 'Q59EF8', 'FHDC1', 'TRRAP', 'IRS4', 'Q6ZMW8', 'ZC3H4', 'USP51', 'PRR12', 'HTT', 'Q59GR2', 'FLJ00096', 'WASH4P', 'ZNF462', 'ANTXRL', 'PPP3CB', 'SKOR2', 'ASFMR1', 'LMOD2']"
SSSSSSSSSS,57,0.001163,"['CIR1', 'DKFZp781N1049', 'PPRC1', 'SETD1A', 'MPRIP', 'PRG4', 'EDC4', 'TNRC18', 'NR1D1', 'ATXN7L1', 'BHMG1', 'JMJD6', 'CSNKA2IP', 'CHD9', 'NFE2L1', 'TPRXL', 'KCNMA1', 'MLLT3', 'POU6F2', 'FAM193B', 'RLIM', 'TMEM40', 'JCAD', 'EPHB6', 'HEG1', 'ZBTB4', 'SALL1', 'TSHZ3', 'NOLC1', 'ARL6IP4', 'GTF2IRD1', 'ATN1', 'SHE', 'SALL2', 'PHLPP2', 'SERTAD4', 'MEX3B', 'SRRM2', 'BRD2', 'NKX6-1', 'NAF1', 'E2F4', 'MBTPS2', 'HDGFL2', 'LZTS2', 'ZNF865', 'RANBP10', 'DCAF5', 'PRR13', 'SYN2', 'PRDM2', 'PNN', 'PPIG', 'RNF126', 'BCL6B', 'DACH1', 'MLLT6']"
GGGGGGGGGG,55,0.001123,"['SP8', 'CAPNS1', 'FUS', 'PI4KA', 'Q70T21', 'ONECUT2', 'CCDC6-RET', 'FUBP1', 'ZFHX3', 'RFX1', 'LURAP1L', 'Q59FY1', 'SRSF11', 'AEBP2', 'ANKRD17', 'XYLT1', 'GDF7', 'Q8N7I6', 'SOX1', 'FEZF2', 'DHX57', 'NPAS3', 'WDR26', 'FOXF1', 'FBXL17', 'TRA2A', 'U2AF1L5', 'POU3F3', 'TAL1', 'HOXD9', 'ARIH1', 'HOXB3', 'PITPNM2', 'EVX2', 'HOXC13', 'SHOX2', 'CCDC6', 'DACH1', 'MEX3D', 'EMC10', 'WIPF1', 'UNC80', 'HCN1', 'ARID1B', 'GSK3A', 'POU4F2', 'NRXN1', 'TCF7L1', 'YEATS2', 'PURA', 'AR', 'MAF', 'ZNF503', 'FOXC1', 'FBL']"
DEEEEEEEEE,36,0.000735,"['GTF3C5', 'HMGB3', 'BCL11B', 'GTF3C3', 'ZNF830', 'B4DHJ8', 'SLC4A3', 'KCNA4', 'DAXX', 'CHIC1', 'CNGB1', 'SUPT5H', 'EIF3D', 'HNRNPU', 'PPARGC1B', 'CSRNP3', 'HOMEZ', 'PIK3R5', 'MYT1L', 'KIF21A', 'TTBK1', 'ZBTB7C', 'PLPPR3', 'RTN4', 'MIER1', 'TRIM26', 'RANGAP1', 'BAZ1B', 'PELP1', 'ZEB1', 'MAPK8IP2', 'A0A0U1RQG5', 'NCL', 'PIAS4', 'ZBTB47', 'KAT6B']"
EEEEEEEEED,35,0.000714,"['NCBP3', 'HMGB3', 'ZFHX3', 'PELP1', 'FBXO3', 'GTF3C5', 'ARID4B', 'FKBP8', 'EHMT2', 'VSIG10', 'EIF5B', 'NAP1L2', 'CSRNP3', 'HOMEZ', 'GZF1', 'KDM2A', 'KIF21A', 'MYT1', 'B3KS12', 'PIAS4', 'ZBTB7C', 'PLPPR3', 'RTN4', 'ACIN1', 'SENP3', 'BAZ1B', 'SCAF1', 'ATRX', 'NEUROD1', 'PCGF6', 'ANP32E', 'SPRYD3', 'PRDM2', 'KAT6B', 'WIZ']"
SAAAAAAAAA,32,0.000653,"['HMX3', 'TLE3', 'BHLHE22', 'SP5', 'TBX2', 'PITX3', 'NKX2-3', 'ZNF703', 'HOXA13', 'PBX3', 'EOMES', 'ZSWIM6', 'ZIC2', 'FBXL17', 'SPTLC2', 'FOXB2', 'GSX2', 'SP8', 'FOXD3', 'IRF2BPL', 'EVX2', 'GATA6', 'NLK', 'NKX6-1', 'SOX21', 'RBM47', 'ID4', 'MAZ', 'EGR2', 'RBM24', 'PRDM8', 'ZNF395']"
PPPPPPPPPL,30,0.000612,"['HS3ST4', 'ESPN', 'ONECUT3', 'ENAH', 'FBXO11', 'FMN1', 'ZFHX3', 'Q6ZTJ3', 'INF2', 'JMY', 'CDK12', 'ASXL3', 'RAPH1', 'ZNF341', 'PCLO', 'KDM6B', 'DOT1L', 'TSPYL2', 'DIAPH3', 'R3HDM1', 'FASLG', 'MEX3C', 'UBR4', 'SHTN1', 'FMNL2', 'SRPK2', 'FLJ00096', 'ANTXRL', 'SKOR2', 'LMOD2']"
AAAAAAAAAG,30,0.000612,"['NIPA1', 'JUND', 'TBX2', 'ZNF358', 'SOX1', 'MNX1', 'SKIDA1', 'HOXA13', 'REPS2', 'ZSWIM6', 'ZIC5', 'SPTLC2', 'SLC12A2', 'C6orf223', 'FOXB2', 'GDF11', 'PABPN1', 'HOXD8', 'POU4F1', 'FOXL2', 'PTBP2', 'PHOX2B', 'ZNF804A', 'NRG3', 'DMRTA2', 'ARID1B', 'SOWAHA', 'PRDM8', 'ZNF395', 'SKOR1']"
PPPPPPPPLP,29,0.000592,"['FOXK1', 'WASF1', 'ENAH', 'FBXO11', 'FMN1', 'ZFHX3', 'Q6ZPA5', 'INF2', 'JMY', 'ESPN', 'FMNL2', 'ASXL3', 'ZNF341', 'RAPH1', 'YLPM1', 'PCLO', 'KDM6B', 'DOT1L', 'DIAPH3', 'R3HDM1', 'FASLG', 'MEX3C', 'SRPK2', 'NAF1', 'FHDC1', 'SHTN1', 'PRR11', 'ANTXRL', 'LMOD2']"
LPPPPPPPPP,27,0.000551,"['TRERF1', 'ZNF318', 'FMN1', 'PELP1', 'ACR', 'DMRTB1', 'SETD1B', 'B4DPV3', 'C11orf95', 'ESPN', 'ASXL3', 'FMNL1', 'PXK', 'RAPH1', 'ZIC5', 'PRIMA1', 'WHAMM', 'KDM6B', 'MYPOP', 'GJD3', 'SCAF11', 'RNF44', 'SP5', 'ALG13', 'Q59EF8', 'Q59GR2', 'LMOD2']"
EEEEEEEEEG,27,0.000551,"['ZNF830', 'SLC4A3', 'BCORL1', 'KCNA4', 'C11orf95', 'LOC105371045', 'SKIDA1', 'HNRNPU', 'CACNA1F', 'CNKSR2', 'CNPY4', 'MAPK8IP2', 'WEE1', 'PRX', 'TPRN', 'MIER1', 'CENPB', 'CDK11A', 'SMYD5', 'B7Z347', 'TAOK2', 'NEUROD2', 'PLEKHG5', 'PRM3', 'ZBTB47', 'KAT6B', 'ZNF428']"
EEEEEEEEDE,26,0.000531,"['ZNF316', 'HMGB2', 'NISCH', 'ZFHX3', 'ANP32E', 'TSPOAP1', 'ARID4B', 'EIF5B', 'KRI1', 'EHMT2', 'CACNA1D', 'CLIP3', 'GZF1', 'MYT1', 'PIAS4', 'PLPPR3', 'RTN4', 'SENP3', 'SCAF1', 'ZNF777', 'ATRX', 'TTBK1', 'BOD1L1', 'FBXO3', 'PRDM2', 'KAT6B']"
EEEDEEEEEE,25,0.00051,"['HMGB3', 'NISCH', 'PPP4R2', 'BCL11B', 'DIEXF', 'B4DEP3', 'APLP2', 'KCNA4', 'PLPPR3', 'PPARGC1B', 'GOLGA2', 'VGLL3', 'MYT1', 'ZBTB4', 'BAHCC1', 'RANGAP1', 'PELP1', 'TTBK1', 'HNRNPUL2', 'A0A0U1RQG5', 'PTMS', 'KAT6B', 'PDE4C', 'ZNF428', 'PAK3']"
AAAAAAAAAS,25,0.00051,"['SP9', 'CPEB3', 'HAND2', 'PITX3', 'SOX1', 'ZNF703', 'CDK13', 'ASXL2', 'TMEM200C', 'FBXL17', 'FOXB2', 'IRX1', 'CLASRP', 'KLHL11', 'FBXO41', 'EVX2', 'GATA6', 'PBX3', 'NKX6-1', 'TBL1XR1', 'IRS4', 'ARID1A', 'HOXD13', 'CCDC177', 'TOX4']"
EDEEEEEEEE,24,0.00049,"['HMGB2', 'BCL11B', 'ZNF830', 'B4DHJ8', 'GTF3C5', 'KCNA4', 'CHIC1', 'CNGB1', 'SUPT5H', 'EIF3D', 'PPARGC1B', 'TMED8', 'MYT1L', 'KIF21A', 'ZBTB7C', 'PLPPR3', 'RTN4', 'MIER1', 'RANGAP1', 'TTBK1', 'MAPK8IP2', 'A0A0U1RQG5', 'PIAS4', 'KAT6B']"
EEDEEEEEEE,24,0.00049,"['HMGB3', 'NISCH', 'BCL11B', 'DIEXF', 'B4DEP3', 'GTF3C5', 'KCNA4', 'CWC22', 'APLP2', 'CHIC1', 'PPARGC1B', 'GOLGA2', 'VGLL3', 'MYT1', 'ZBTB7C', 'PLPPR3', 'MIER1', 'RANGAP1', 'TTBK1', 'A0A0U1RQG5', 'MBD3', 'KAT6B', 'ZNF428', 'PAK3']"
PPPPPPLPPP,23,0.000469,"['DTX3', 'FMN1', 'SETBP1', 'ZBTB12', 'WASF1', 'ASXL3', 'ZNF341', 'CAP2', 'YLPM1', 'PCLO', 'VCPIP1', 'GRID2IP', 'DOT1L', 'ARHGEF11', 'FASLG', 'MTFR1', 'MEX3C', 'NAF1', 'SHTN1', 'PRR11', 'WIPF3', 'ANTXRL', 'PDE4D']"
PPPPPPPLPP,23,0.000469,"['FOXK1', 'ZFHX4', 'FMN1', 'SETBP1', 'Q6ZPA5', 'WASF1', 'ASXL3', 'ZNF341', 'YLPM1', 'PCLO', 'VCPIP1', 'GRID2IP', 'DOT1L', 'DAAM2', 'R3HDM1', 'FASLG', 'MTFR1', 'MEX3C', 'NAF1', 'SHTN1', 'PRR11', 'WIPF3', 'ANTXRL']"
EEEEDEEEEE,23,0.000469,"['ANO8', 'PPP6R1', 'PELP1', 'DIEXF', 'APLP2', 'KCNA4', 'PLPPR3', 'GOLGA2', 'RBM10', 'MYT1', 'ZBTB4', 'BAHCC1', 'RANGAP1', 'SCAF1', 'SALL2', 'TTBK1', 'FAM193A', 'A0A0U1RQG5', 'TAF1', 'PRDM2', 'KAT6B', 'ITGAE', 'ZNF428']"
ASSSSSSSSS,22,0.000449,"['PPRC1', 'ERF', 'DKFZp781N1049', 'SERTAD4', 'MLLT6', 'KCNMA1', 'MLLT3', 'POU6F2', 'NRG3', 'LZTS2', 'KMT2A', 'ZBTB4', 'NOLC1', 'SP4', 'MLL', 'ATN1', 'SALL2', 'HDGFL2', 'ZC3H3', 'BCL6B', 'TNRC18', 'GLCCI1']"
PPPPPPPPPA,22,0.000449,"['BAG6', 'FNBP4', 'SETD1B', 'GABBR2', 'SEMA4G', 'CEBPB', 'PXK', 'AHDC1', 'ZIC5', 'RANBP9', 'SCX', 'GJD3', 'FIGN', 'DAB2IP', 'TRRAP', 'ALG13', 'HNRNPUL1', 'Q59EF8', 'IRS4', 'USP51', 'PRR12', 'WASH4P']"
SGGGGGGGGG,22,0.000449,"['Q70T21', 'FUS', 'ONECUT2', 'CCDC6-RET', 'ZFHX3', 'LURAP1L', 'AEBP2', 'ANKRD17', 'HSPBP1', 'DHX57', 'EGR1', 'TRA2A', 'SP8', 'HOXB3', 'SP3', 'CCDC6', 'MTHFD1L', 'RFX1', 'MAP3K11', 'PURA', 'ZNF503', 'ILF3']"
APPPPPPPPP,22,0.000449,"['HS3ST4', 'BAG6', 'SF1', 'WASL', 'DKFZp686C24272', 'SEMA4G', 'WASF2', 'RANBP9', 'WT1', 'MICALCL', 'KMT2E', 'TRRAP', 'SALL2', 'HNRNPUL1', 'UBR4', 'FHDC1', 'PRR12', 'FLJ00096', 'PCDH15', 'WIPF3', 'PPP3CB', 'SKOR2']"
EEEEEEEDEE,21,0.000429,"['EHMT2', 'TULP1', 'KRI1', 'RSPH4A', 'PLPPR3', 'PATL2', 'NISCH', 'HUWE1', 'TRANK1', 'PELP1', 'RBM10', 'GZF1', 'SCAF1', 'PRDM2', 'TSPOAP1', 'KAT6B', 'APLP2', 'TTBK1', 'EIF5B', 'HRC', 'MYT1']"
EEEEEEDEEE,20,0.000408,"['SALL2', 'TTBK1', 'KRI1', 'ZBTB4', 'RYR1', 'RBM10', 'PLPPR3', 'RANGAP1', 'TRANK1', 'PELP1', 'ZMYND15', 'SCAF1', 'PRDM2', 'BBX', 'KAT6B', 'APLP2', 'HDGF', 'TSPOAP1', 'SMARCA2', 'MYT1']"
QQQQQQQQQP,20,0.000408,"['POLG', 'D2CTG4', 'ZNF384', 'MAML2', 'MAML3', 'TSC22D1', 'PHLDA1', 'MEF2A', 'SMARCA2', 'PHC1', 'POU6F2', 'GLG1', 'MAMLD1', 'HTT', 'KCNN3', 'ATXN7', 'TNS1', 'ATXN2', 'NCOR2', 'SCA7']"
HHHHHHHHHH,20,0.000408,"['FAM76B', 'SORBS2', 'YY1', 'DLGAP3', 'NR4A3', 'ONECUT1', 'OTX1', 'SKIDA1', 'SYNGAP1', 'DYRK1A', 'POU4F2', 'ZIC3', 'HOXA1', 'CACNA1A', 'GATA6', 'MAFA', 'CBX4', 'USP34', 'FOXG1', 'MEOX2']"
HQRIHTGEKP,20,0.000408,"['ZNF75CP', 'ZNF853', 'ZNF205', 'ZFP95', 'K7ENM7', 'kr-znf3', 'HZF28', 'B7ZKX2', 'ZSCAN5DP', 'ZNF487', 'ZKSCAN1', 'ZNF781', 'Q9NS42', 'ZNF787', 'B4E0P9', 'ZSCAN10', 'ZSCAN25', 'ZNF135', 'Q59F07', 'DKFZp761O1618']"
IHTGEKPYKC,20,0.000408,"['ZNF215', 'O60862', 'ZNF536', 'Q9NS42', 'ZNF629', 'Q6ZS47', 'ZNF236', 'ZNF75D', 'ZNF449', 'ZNF768', 'ZNF781', 'O14885', 'ZNF18', 'ZNF597', 'ZNF319', 'hCG_1804291', 'KLF8', 'ZNF100', 'Q8N9Y7', 'ZNF397']"
QPPPPPPPPP,19,0.000388,"['Q7Z5Z9', 'SIK2', 'ONECUT3', 'ASFMR1', 'FBXO11', 'DAB2IP', 'SF3B2', 'SETD1A', 'FIGN', 'ZNF341', 'HTT', 'CCDC6', 'ADGRB1', 'ZNF462', 'PCLO', 'FOXB2', 'D2CTG4', 'MEX3C', 'PEG10']"
QVKIWFQNRR,19,0.000388,"['DBX2', 'HMX3', 'CDX2', 'HOXD9', 'GSX2', 'HOXB1', 'HOXD12', 'HOXB8', 'HOXD10', 'NKX1-1', 'HOXA4', 'HOXA11', 'NKX3-1', 'DBX1', 'NKX2-3', 'MSX2', 'GBX1', 'MNX1', 'DLX3']"
AAAAAAAAAV,19,0.000388,"['POU3F3', 'RUNX2', 'CNNM1', 'ZFX', 'RBM47', 'TMEM158', 'MAZ', 'CHD3', 'MAP3K4', 'KMT5A', 'EN1', 'RBM4', 'ZIC2', 'IRF2BPL', 'ZFP91', 'FOXB2', 'OLIG2', 'Q59GJ0', 'NEXN-AS1']"
LLLLLLLLLL,19,0.000388,"['Q96HD8', 'LTBP3', 'HGFAC', 'NOTCH4', 'LRP8', 'LMLN2', 'CSF1R', 'BRI3BP', 'LRCOL1', 'SHBG', 'OTOF', 'ADAM33', 'LAMP1', 'Q7Z7E0', 'BTN2A2', 'SEMA4B', 'STRCP1', 'PLXNA1', 'DPEP3']"
GGGGGGGSGG,18,0.000367,"['Q13344', 'SLC4A5', 'TRIO', 'RAD23B', 'SLITRK3', 'RALY', 'HOXB3', 'TCF7L1', 'LOR', 'PURA', 'SRP68', 'NKX1-2', 'ARID1B', 'DACH1', 'ANKS1A', 'ZSWIM8', 'KIF3C', 'SRCIN1']"
LQQQQQQQQQ,18,0.000367,"['FOXP2', 'ARID3B', 'NCOA6', 'CAGL114', 'GIGYF2', 'KMT2D', 'AAD14', 'MN1', 'POU6F2', 'GLG1', 'MAMLD1', 'AR', 'KCNN3', 'MED15', 'Q6LC24', 'TOX3', 'SMARCA2', 'CREBBP']"
EEEEEDEEEE,18,0.000367,"['TTBK1', 'TRANK1', 'PLPPR3', 'RYR1', 'RBM10', 'SALL2', 'RANGAP1', 'PELP1', 'DIEXF', 'ZMYND15', 'SCAF1', 'PRDM2', 'TSPOAP1', 'VIRMA', 'KAT6B', 'APLP2', 'HDGF', 'MYT1']"
RIHTGEKPYK,17,0.000347,"['Q6ZS47', 'ZNF536', 'Q9NS42', 'ZNF629', 'ZNF236', 'ZNF75D', 'ZNF449', 'ZNF768', 'ZNF781', 'O14885', 'ZNF597', 'ZNF319', 'hCG_1804291', 'KLF8', 'ZNF100', 'Q8N9Y7', 'ZNF397']"
HRRIHTGEKP,17,0.000347,"['ZBTB39', 'ZNF785', 'REPIN1', 'ZNF8', 'ZNF692', 'ZNF597', 'B3KQ93', 'ZNF324B', 'ZKSCAN3', 'ZFP95', 'ZNF787', 'ZSCAN29', 'ZNF275', 'ZNF410', 'ZNF137P', 'ZNF100', 'KLF8']"
GGGGGGGGGS,17,0.000347,"['SP8', 'TCF7L1', 'Q13344', 'ZNF384', 'ARID1B', 'HOXB3', 'EGR1', 'RFX1', 'ZFHX3', 'EMC10', 'YEATS2', 'PURA', 'ILF3', 'PITPNM2', 'DACH1', 'WIPF1', 'HSPBP1']"
EEEEEEEEEA,17,0.000347,"['SHROOM4', 'DAXX', 'MAP3K9', 'CHIC1', 'CERS3', 'CELSR2', 'CHGA', 'RGL2', 'ALMS1', 'FAM212A', 'PRKCSH', 'CUL9', 'AEBP2', 'IRX6', 'HRC', 'TTBK1', 'MYT1']"
CQGDSGGPLV,16,0.000327,"['TMPRSS9', 'PRSS44', 'TMPRSS3', 'CTRL', 'TMPRSS6', 'KLK11', 'TMPRSS5', 'OVCH1', 'PLAT', 'PLG', 'TMPRSS13', 'PRSS36', 'TPSD1', 'F12', 'TMPRSS11E', 'LPA']"
PSSSSSSSSS,16,0.000327,"['BHMG1', 'MAGEA10', 'EPHB6', 'TPRXL', 'CHD8', 'ZNF865', 'RANBP10', 'REXO1', 'CAMTA2', 'SALL1', 'SHE', 'KLHL1', 'NR1D1', 'Q96DP0', 'SYN2', 'NKX6-1']"
QRIHTGEKPY,16,0.000327,"['ZNF853', 'ZNF205', 'kr-znf3', 'HZF28', 'ZSCAN5DP', 'ZNF487', 'ZKSCAN1', 'ZNF781', 'Q9NS42', 'ZNF787', 'DKFZp761O1618', 'B4DYF0', 'ZSCAN25', 'ZNF394', 'ZNF135', 'Q59F07']"
GGGGGGSGGG,16,0.000327,"['ZNF746', 'Q13344', 'PURA', 'SLITRK3', 'RALY', 'ARID1B', 'SRP68', 'ZFHX3', 'TCF7L1', 'LOR', 'CNOT3', 'NBEA', 'SLC4A5', 'DACH1', 'ANKS1A', 'KIF3C']"
PPPPLPPPPP,15,0.000306,"['FHOD1', 'FASLG', 'SHTN1', 'PDCD7', 'VCPIP1', 'YLPM1', 'PRR12', 'ZNF341', 'PRR11', 'PRIMA1', 'SETBP1', 'KDM6B', 'WIPF3', 'ANTXRL', 'PDE4D']"
AGGGGGGGGG,15,0.000306,"['POU3F3', 'CACNG8', 'CAPNS1', 'HOXD9', 'FEZF2', 'ARID1B', 'FUBP1', 'YEATS2', 'POU4F2', 'SHOX2', 'LRCH2', 'MAF', 'TAL1', 'SOX1', 'WDR26']"
QQQQQQQPPP,15,0.000306,"['SCAF4', 'SOCS7', 'ZNF384', 'MAML3', 'D2CTG4', 'FBXO11', 'MEF2A', 'PAXIP1', 'POU6F2', 'AAK1', 'HTT', 'KCNN3', 'ATXN7', 'ATXN2', 'SCA7']"
GGGGGGGGGA,15,0.000306,"['Q6ZS46', 'POU3F3', 'TAL1', 'FEZF2', 'ONECUT3', 'NPAS3', 'NRXN1', 'EVX2', 'CACNG8', 'HNRNPL', 'FOXF1', 'MAF', 'SRSF1', 'ZNF503', 'SOX1']"
RQQQQQQQQQ,15,0.000306,"['SIK3', 'MAML3', 'FAM157B', 'B4DX97', 'TBP', 'ZFHX3', 'FAM155A', 'POLG', 'MED12', 'EP400', 'TMEM229A', 'DENND4B', 'ATXN7', 'THAP11', 'SCA7']"
VAAAAAAAAA,15,0.000306,"['KLHL11', 'LHX2', 'SOX1', 'ARID1B', 'KMT5A', 'HOXA13', 'CHD3', 'ZBTB8B', 'EN1', 'PRPF40A', 'CPEB3', 'FOXB2', 'ALKBH5', 'PRKD1', 'SKOR1']"
QGDSGGPLVC,15,0.000306,"['TMPRSS9', 'PRSS44', 'TMPRSS3', 'CTRL', 'TMPRSS6', 'KLK11', 'TMPRSS5', 'OVCH1', 'PLAT', 'PLG', 'TMPRSS13', 'PRSS36', 'TPSD1', 'F12', 'LPA']"
PLLLLLLLLL,15,0.000306,"['DCHS1', 'PTPRN2', 'PCSK9', 'TMUB1', 'LRP5', 'ADAMTS8', 'CELSR2', 'PCDHAC2', 'CNPY3', 'ADAM33', 'LAMP1', 'Q7Z7E0', 'SEMA4B', 'STRCP1', 'FUCA2']"
SEEEEEEEEE,15,0.000306,"['EHMT2', 'CELSR2', 'WIZ', 'VSIG10', 'SENP3', 'CDK11A', 'SLC24A1', 'SMYD5', 'LOC105371045', 'ZFP91', 'FBLN2', 'DCAF8', 'SMARCA4', 'CLSTN1', 'PHF23']"
GAAAAAAAAA,15,0.000306,"['POU3F3', 'SOX1', 'FBXO41', 'ARX', 'MNX1', 'ARID1A', 'MSH3', 'HOXA13', 'JUND', 'TBX2', 'POU4F1', 'B7Z4K0', 'PHOX2B', 'ZNF358', 'LHFPL3']"
HQRVHTGEKP,15,0.000306,"['ZNF214', 'ZFP95', 'K7ENM7', 'ZNF619', 'B7ZKX2', 'ZNF697', 'ZNF324B', 'ZNF573', 'ZKSCAN3', 'ZFP41', 'ZNF18', 'ZSCAN10', 'DKFZp434J0650', 'ZNF513', 'ZNF806']"
GGGGGSGGGG,15,0.000306,"['TRIO', 'PURA', 'ANO8', 'SLITRK3', 'RALY', 'ARID1B', 'SRP68', 'ZFHX3', 'TCF7L1', 'LOR', 'CNOT3', 'NBEA', 'DACH1', 'ANKS1A', 'Q13344']"
GPPGPPGPPG,14,0.000286,"['Q9BT15', 'EDA', 'GLDN', 'COL18A1', 'C1QTNF3', 'COL19A1', 'EMID1', 'B4DTF5', 'B3KTP7', 'CPSF6', 'DKFZp547H099', 'COL2A1', 'COL12A1', 'COL17A1']"
PPPLPPPPPP,14,0.000286,"['VCPIP1', 'FASLG', 'MYPOP', 'KDM6B', 'SETD1B', 'PRR12', 'ZNF341', 'PRR11', 'PRIMA1', 'SETBP1', 'DBN1', 'WIPF3', 'BCL9L', 'PDE4D']"
PLPPPPPPPP,14,0.000286,"['TRERF1', 'PRRG2', 'MYPOP', 'ZBTB7B', 'RNF44', 'FMN1', 'PELP1', 'SHROOM3', 'RAPH1', 'SETD1B', 'PRIMA1', 'KDM6B', 'FASLG', 'ACR']"
PAAAAAAAAA,14,0.000286,"['A8K5V0', 'ELN', 'BHLHE41', 'FOXD3', 'MAP3K4', 'CCDC177', 'EN1', 'ZIC2', 'Q59GJ0', 'FOXF2', 'SKIDA1', 'PHLPP1', 'OLIG2', 'GDF11']"
HQRTHTGERP,14,0.000286,"['ZNF777', 'ZNF853', 'ZNF628', 'ZNF614', 'ZNF316', 'KLF14', 'ZNF500', 'ZNF787', 'ZNF768', 'ZNF274', 'ZNF416', 'ZSCAN5A', 'ZFP69B', 'Q96K08']"
QVWFQNRRAK,14,0.000286,"['VSX1', 'LHX4', 'ARX', 'DRGX', 'UNCX', 'ESX1', 'ALX3', 'SHOX', 'PROP1', 'OTP', 'PRRX1', 'MIXL1', 'PHOX2B', 'RAX']"
GSGGGGGGGG,14,0.000286,"['SP8', 'PURA', 'FUS', 'B4DF88', 'ARID1B', 'HOXB3', 'AEBP2', 'RFX1', 'ZFHX3', 'MAP3K11', 'LURAP1L', 'ONECUT2', 'HNRNPAB', 'DHX57']"
PPPPPLPPPP,14,0.000286,"['NAF1', 'FHOD1', 'LMTK3', 'SHTN1', 'YLPM1', 'PRR12', 'ZNF341', 'PRR11', 'FASLG', 'SETBP1', 'VCPIP1', 'WIPF3', 'ANTXRL', 'PDE4D']"
EEEEEEEEDD,14,0.000286,"['NEUROD1', 'HINFP', 'ZBTB7C', 'HOMEZ', 'FKBP8', 'NAP1L2', 'ACIN1', 'SEC63', 'KDM2A', 'ARIH2', 'CSRNP3', 'KIF21A', 'ZBTB9', 'NPM2']"
GGGGGGGGSG,14,0.000286,"['YEATS2', 'Q13344', 'SNX27', 'RALY', 'HOXB3', 'RFX1', 'EMC10', 'LOR', 'PURA', 'KCNN2', 'ARID1B', 'DACH1', 'TCF7L1', 'KIF3C']"
KKKKKKKKKK,14,0.000286,"['Q9H6M4', 'LPHN1', 'DKFZp686E10165', 'CDC2L1', 'Q9NXF0', 'SLU7', 'B4DK01', 'DKFZp434B1917', 'Q9H2G3', 'C12orf39', 'DKFZp686L04275', 'Q9H6S2', 'Q05CS9', 'DKFZp686J1525']"
SPASASRVAG,14,0.000286,"['MAP4K1', 'FLJ00399', 'NEK4', 'Q6ZWG0', 'AGBL3', 'Q99770', 'Q6ZSR7', 'B4DES2', 'Q6ZR97', 'Q8N6A8', 'C14orf105', 'AVGR8', 'C9orf85', 'ZNF415']"
HQRIHTGERP,13,0.000265,"['ZNF610', 'B4E2P6', 'ZNF542P', 'ZNF648', 'MZF1', 'ZNF134', 'ZSCAN9', 'ZNF584', 'ZNF837', 'ZNF775', 'ZNF282', 'ZNF467', 'ZNF587B']"
HQRTHTGEKP,13,0.000265,"['ZNF202', 'ZNF200', 'ZNF316', 'ZNF146', 'ZNF75A', 'DKFZp761O1618', 'ZNF487', 'KLF6', 'ZNF18', 'ZSCAN29', 'ZNF589', 'C9JVG2', 'ZNF42']"
GGGGGGGGAG,13,0.000265,"['POU3F3', 'IFFO2', 'ADCY1', 'ONECUT3', 'ARID1B', 'NPAS3', 'NRXN1', 'FOXD1', 'CACNG8', 'CCM2L', 'HNRNPL', 'EVX2', 'CCDC85C']"
SCQGDSGGPL,13,0.000265,"['TMPRSS3', 'PRSS12', 'TMPRSS9', 'PRSS56', 'CTRL', 'KLK11', 'TPSD1', 'PLG', 'TMPRSS13', 'ST14', 'PLAU', 'TMPRSS15', 'LPA']"
DSCQGDSGGP,13,0.000265,"['PRSS12', 'TMPRSS9', 'PRSS56', 'TPSD1', 'F9', 'KLK11', 'TMPRSS3', 'PLG', 'TMPRSS13', 'ST14', 'PLAU', 'TMPRSS15', 'LPA']"
PPPPPPPPPG,13,0.000265,"['WASF2', 'FMNL1', 'ZC3H4', 'HOXB4', 'SF1', 'ESRP2', 'HTT', 'WASL', 'SALL2', 'W5U981', 'PPP3CB', 'SF3B2', 'PCDH15']"
QQQQQQQQPP,13,0.000265,"['FOXJ2', 'ZNF384', 'MAML3', 'D2CTG4', 'SOCS7', 'IER5L', 'POU6F2', 'MEF2A', 'HTT', 'KCNN3', 'ATXN7', 'ATXN2', 'SCA7']"
QRVHTGEKPY,13,0.000265,"['ZNF214', 'ZFP95', 'K7ENM7', 'ZNF619', 'B7ZKX2', 'ZNF697', 'ZKSCAN3', 'ZNF573', 'ZNF18', 'ZSCAN10', 'DKFZp434J0650', 'ZNF513', 'ZNF806']"
QQQQQQQQQH,13,0.000265,"['FOXP2', 'CHD1', 'MAML3', 'KMT2D', 'ARID1B', 'BMP2K', 'Q15016', 'MED12', 'ATN1', 'VEZF1', 'CAGL114', 'AMOT', 'ATXN1']"
AVAAAAAAAA,13,0.000265,"['KLHL11', 'CHD3', 'SOX1', 'ARID1B', 'DEAF1', 'ZBTB8B', 'EN1', 'FOXO1', 'MED14', 'CPEB3', 'FOXB2', 'ALKBH5', 'SKOR1']"
RTHTGEKPYK,13,0.000265,"['KLF12', 'ZNF217', 'ZNF202', 'ZNF826P', 'ZNF76', 'DKFZp570I0164', 'ZNF48', 'KLF5', 'MYNN', 'ZNF184', 'ZNF137P', 'ZNF396', 'ZSCAN20']"
RRIHTGEKPY,13,0.000265,"['ZNF597', 'ZNF785', 'ZNF8', 'O14889', 'ZBTB39', 'ZKSCAN3', 'ZNF787', 'ZSCAN29', 'ZNF275', 'B3KQ93', 'REPIN1', 'ZNF100', 'KLF8']"
GEEEEEEEEE,13,0.000265,"['NEUROD2', 'YTHDC1', 'PRM3', 'O15451', 'SKIDA1', 'CENPB', 'TEX2', 'SPRYD3', 'PRDM2', 'DCAF8L2', 'KDM2A', 'FKBP8', 'HRC']"
TAAAAAAAAA,13,0.000265,"['OTUD7A', 'RBM4', 'ARX', 'CDK13', 'NIPA1', 'ASCL1', 'RPL14', 'RBM24', 'RBM23', 'DACH1', 'SOX3', 'NRG3', 'TMEM158']"
GGGGSGGGGG,12,0.000245,"['COL17A1', 'RALY', 'ARID1B', 'RFX1', 'ZFHX3', 'TCF7L1', 'PURA', 'SRP68', 'DACH1', 'ANKS1A', 'Q13344', 'ZNF281']"
QQQQQQPPPP,12,0.000245,"['SOCS7', 'MAML3', 'NONO', 'FBXO11', 'SF1', 'MEF2A', 'HTT', 'KCNN3', 'ATXN7', 'PHLPP1', 'D2CTG4', 'SCA7']"
PPPPPPPPAP,12,0.000245,"['Q59EF8', 'BAG6', 'KMT2E', 'FNBP4', 'TPRN', 'ENAH', 'DAB2IP', 'USP51', 'PRR12', 'SCAF1', 'WASH4P', 'APBB1IP']"
WLTPVIPALW,12,0.000245,"['Q96NR6', 'NANOGNB', 'B4DRQ5', 'Q29890', 'Q59GP7', 'K7EJH5', 'ZNF561-AS1', 'B4DHX3', 'C8orf17', 'C6orf149', 'Q6ZP75', 'ZFHX1B']"
DACQGDSGGP,12,0.000245,"['TMPRSS6', 'Q96EF3', 'PRSS44', 'KLK12', 'TMPRSS5', 'OVCH1', 'PLAT', 'HPN', 'HGFAC', 'PRSS8', 'F10', 'TMPRSS11E']"
AAAAAAAASS,12,0.000245,"['SP8', 'CDK13', 'HOXA13', 'CPEB3', 'EVX2', 'TMEM200C', 'GATA6', 'PITX3', 'SOX1', 'IRX1', 'CKAP4', 'NKX6-1']"
GGSGGGGGGG,12,0.000245,"['SP8', 'FUS', 'RALY', 'ARID1B', 'ONECUT2', 'AEBP2', 'RFX1', 'ZFHX3', 'SYNGAP1', 'LURAP1L', 'HOXB3', 'ZNF281']"
QQQQQPPPPP,12,0.000245,"['SOCS7', 'SLITRK5', 'NONO', 'B4DL38', 'FBXO11', 'SF1', 'MEF2A', 'HTT', 'BRD4', 'HEL-123', 'PHLPP1', 'D2CTG4']"
THTGEKPYKC,12,0.000245,"['KLF12', 'ZNF217', 'ZNF124', 'ZNF202', 'ZNF629', 'ZNF826P', 'ZSCAN20', 'KLF5', 'MYNN', 'O14858', 'ZNF76', 'ZNF396']"
GAGGGGGGGG,12,0.000245,"['POU3F3', 'CACNG8', 'CAPNS1', 'HOXD9', 'RALY', 'ARID1B', 'FOXD1', 'YEATS2', 'LRCH2', 'TAL1', 'SOX1', 'WDR26']"
KIWFQNRRMK,12,0.000245,"['DBX2', 'DBX1', 'HOXD9', 'HOXB3', 'HOXB1', 'HOXD12', 'HOXA11', 'HOXA7', 'HOXB4', 'HOXD10', 'PDX1', 'MNX1']"
LELLVLEQFL,12,0.000245,"['Q07644', 'MZF1', 'ZSCAN18', 'ZBED9', 'ZNF167', 'ZNF449', 'ZKSCAN1', 'ZNF496', 'B3KQP7', 'ZNF274', 'B7ZKX2', 'ZSCAN10']"
SSSSSSSSSA,12,0.000245,"['KMT2A', 'EPHB6', 'ZBTB4', 'SYN2', 'NFE2L1', 'MLL', 'POU6F2', 'ATN1', 'SHE', 'NRG3', 'LZTS2', 'CLASRP']"
SSSSSSSSSP,12,0.000245,"['SRRM2', 'SERTAD4', 'ZBTB4', 'ZC3H3', 'TPRXL', 'ERF', 'CUL4B', 'RANBP10', 'KLHL1', 'RNF126', 'RLIM', 'NKX6-1']"
ASAAAAAAAA,12,0.000245,"['HMX3', 'TMEM64', 'TBL1X', 'RBM47', 'FOXD3', 'ZFP36L2', 'EVX2', 'SP5', 'CKAP4', 'PITX3', 'FOXC1', 'NKX6-1']"
VGQAGLELLT,12,0.000245,"['hCG_1776533', 'O00420', 'HSP90AA5P', 'MST121', 'RABGEF1', 'O75029', 'Q9H387', 'Q708E2', 'Q9NRE8', 'C9orf85', 'hCG_2000535', 'Q6ZNX9']"
VHTGEKPYKC,12,0.000245,"['ZNF214', 'ZNF441', 'ZNF445', 'ZNF319', 'ZNF701', 'ZNF844', 'ZNF24', 'ZFP95', 'ZNF805', 'DKFZp434J0650', 'ZNF513', 'K7ENM7']"
HRRTHTGEKP,12,0.000245,"['KLF12', 'ZNF205', 'ZNF672', 'ZNF316', 'ZNF826P', 'B4DX96', 'ZNF133', 'ZNF844', 'ZNF629', 'ZNF500', 'ZNF559', 'ZNF652']"
PPLPPPPPPP,12,0.000245,"['TRERF1', 'MYPOP', 'PWWP2A', 'VCPIP1', 'FMN1', 'RAPH1', 'SETD1B', 'PRIMA1', 'SETBP1', 'KDM6B', 'FASLG', 'PDE4D']"
RVHTGEKPYK,12,0.000245,"['ZNF214', 'ZNF441', 'ZNF445', 'ZNF319', 'ZNF701', 'ZNF844', 'ZNF24', 'ZFP95', 'DKFZp434J0650', 'ZNF513', 'ZNF806', 'K7ENM7']"
LAAAAAAAAA,12,0.000245,"['MIDN', 'GBX1', 'PRDM12', 'ATP6AP1', 'TGFBR1', 'TMEM200C', 'SOWAHA', 'ZIC5', 'GATA4', 'IRX1', 'NBEAL2', 'NEXN-AS1']"
EEEEEGEEEE,12,0.000245,"['AKNA', 'FAM9B', 'SKIDA1', 'O15451', 'KCNH8', 'PPARGC1B', 'CENPB', 'PRM3', 'KAT6B', 'RSPH6A', 'RANGAP1', 'NPM2']"
QRTHTGEKPY,12,0.000245,"['ZNF184', 'ZNF672', 'MZF1', 'ZNF200', 'ZNF48', 'ZNF487', 'KLF6', 'ZKSCAN4', 'ZNF589', 'ZNF775', 'ZNF137P', 'ZSCAN29']"
GGGGGAGGGG,11,0.000225,"['POU3F3', 'TWIST1', 'MLLT6', 'GSX1', 'NPAS3', 'HOXA10', 'ZSWIM6', 'ZIC2', 'LRCH2', 'MAFA', 'FOXD1']"
QQQQPPPPPP,11,0.000225,"['NR3C2', 'SOCS7', 'SIK2', 'B4DL38', 'FOXG1', 'FBXO11', 'SF1', 'HTT', 'BRD4', 'KAT6A', 'D2CTG4']"
AAAAAAAAAT,11,0.000225,"['OTUD7A', 'KDM1A', 'GBX1', 'ARX', 'ZFR', 'DMRTA1', 'COPS6', 'EOMES', 'FBRS', 'DACH1', 'NKX2-4']"
AEEEEEEEEE,11,0.000225,"['MAP3K9', 'SCAF1', 'CCND1', 'TIMELESS', 'ZFHX3', 'ADRA2B', 'DKFZp686H09231', 'WDR70', 'ARID4B', 'C11orf95', 'DHX37']"
VQVWFQNRRA,11,0.000225,"['LHX4', 'ESX1', 'ARX', 'DRGX', 'UNCX', 'SHOX', 'ALX3', 'OTP', 'PRRX1', 'PHOX2B', 'RAX']"
QILELLVLEQ,11,0.000225,"['Q07644', 'SCAND2P', 'ZBED9', 'ZNF167', 'ZNF449', 'ZKSCAN1', 'ZNF496', 'B3KQP7', 'ZNF274', 'ZSCAN10', 'ZNF394']"
QRTHTGERPY,11,0.000225,"['ZNF628', 'ZNF316', 'ZNF671', 'ZNF577', 'ZNF853', 'ZNF274', 'ZNF500', 'ZNF774', 'ZSCAN5A', 'ZFP69B', 'Q96K08']"
EEEGEEEEEE,11,0.000225,"['AKNA', 'SKIDA1', 'TRIM26', 'B4GALNT3', 'CENPB', 'RANGAP1', 'SETD1A', 'MICAL3', 'O15451', 'USP34', 'NPM2']"
RRTHTGEKPY,11,0.000225,"['KLF12', 'ZNF205', 'ZNF672', 'ZNF826P', 'B4DX96', 'ZNF133', 'ZNF844', 'ZNF629', 'ZNF500', 'ZNF559', 'ZNF652']"
PGPPGPPGPP,11,0.000225,"['GLDN', 'COL18A1', 'B3KTP7', 'COL19A1', 'EMID1', 'B4DTF5', 'CPSF6', 'DKFZp547H099', 'COL2A1', 'COL12A1', 'COL17A1']"
EEEEEEEDED,11,0.000225,"['ANP32E', 'PHACTR1', 'ZNF316', 'RTN4', 'HMGB2', 'SENP3', 'FBXO3', 'ABCC9', 'PIAS4', 'KANK1', 'ARID4B']"
PPGPPGPPGP,11,0.000225,"['EDA', 'GLDN', 'COL18A1', 'B3KTP7', 'EMID1', 'B4DTF5', 'COL23A1', 'CPSF6', 'DKFZp547H099', 'COL2A1', 'COL17A1']"
ILELLVLEQF,11,0.000225,"['Q07644', 'SCAND2P', 'ZBED9', 'ZNF167', 'ZNF449', 'ZKSCAN1', 'ZNF496', 'B3KQP7', 'ZNF274', 'ZSCAN10', 'ZNF394']"
PPPPPPPPPS,11,0.000225,"['DDX17', 'FHDC1', 'KMT2E', 'SCAF11', 'ZFHX4', 'RNF215', 'DMRTB1', 'ZNF462', 'WAS', 'PEG10', 'LMOD2']"
QQQQQQQQQA,11,0.000225,"['RAI1', 'CACNA1A', 'ASCL1', 'ZFHX3', 'USF3', 'MAMLD1', 'MED15', 'SATB1', 'TBP', 'ST6GALNAC5', 'NUMBL']"
HLRTHTGEKP,11,0.000225,"['B4DXX0', 'KLF11', 'ZNF202', 'ZNF217', 'KLF5', 'ZNF554', 'ZNF852', 'KLF1', 'ZBTB48', 'B4DWM7', 'ZBTB24']"
LADEMGLGKT,11,0.000225,"['CHD1', 'HELLS', 'SRCAP', 'CHD4', 'RAD54B', 'CHD9', 'SHPRH', 'INO80', 'SMARCAD1', 'SMARCA1', 'SMARCA4']"
HRDLKPENLL,11,0.000225,"['ICK', 'RPS6KA5', 'BRSK1', 'CAMK1G', 'CAMK2A', 'DCLK3', 'CAMK4', 'MELK', 'PRKACG', 'MAPKAPK5', 'PSKH1']"
HTHTHTHTHT,11,0.000225,"['B7Z5W2', 'FLJ00278', 'Q6T424', 'B3KXR4', 'Q71RD7', 'Q8TE87', 'Q9NWL9', 'DKFZp779L0164', 'Q6ZP05', 'Q59GW3', 'Q6ZVB0']"
HRDLAARNVL,11,0.000225,"['PDGFRB', 'A0A1Y0B9F8', 'CSK', 'EPHA8', 'FRK', 'EGFR', 'FGFR3', 'ZAP70', 'JAK1', 'TIE1', 'FLT3']"
GQAGLELLTS,11,0.000225,"['hCG_1776533', 'Q15662', 'HSP90AA5P', 'MST121', 'RABGEF1', 'O75029', 'Q9H387', 'Q708E2', 'Q9NRE8', 'hCG_2000535', 'Q6ZNX9']"
QQQPPPPPPP,11,0.000225,"['NR3C2', 'SOCS7', 'FBXO11', 'SIK2', 'FOXG1', 'HCN2', 'SF1', 'HTT', 'BRD4', 'Q09ND3', 'D2CTG4']"
ILADEMGLGK,11,0.000225,"['CHD1', 'HELLS', 'SRCAP', 'CHD4', 'RAD54B', 'CHD9', 'SHPRH', 'INO80', 'SMARCAD1', 'SMARCA1', 'SMARCA4']"
QRIHTGEKPF,11,0.000225,"['ZFP95', 'ZNF672', 'ZKSCAN2', 'ZNF619', 'ZNF232', 'ZNF75CP', 'ZNF519', 'ZNF350', 'ZFP69', 'O14891', 'K7ENM7']"
EEEEEEGEEE,11,0.000225,"['O15451', 'SKIDA1', 'FAM9A', 'KCNH8', 'PPARGC1B', 'CENPB', 'ANP32C', 'PRM3', 'KAT6B', 'RANGAP1', 'NPM2']"
EEEEEEEEGE,11,0.000225,"['SLC4A3', 'Q15203', 'PLEKHG5', 'MIER1', 'EIF4G1', 'CENPB', 'CNKSR2', 'SMYD5', 'PRM3', 'KAT6B', 'LOC105371045']"
AAVAAAAAAA,11,0.000225,"['KLHL11', 'CHD3', 'DEAF1', 'ZBTB8B', 'EN1', 'FOXO1', 'MED14', 'ZFHX3', 'FOXB2', 'ALKBH5', 'SKOR1']"
EGEEEEEEEE,10,0.000204,"['O15451', 'SKIDA1', 'CCDC88B', 'CENPB', 'ANP32E', 'SPRYD3', 'FKBP8', 'TRIM26', 'HRC', 'NPM2']"
SSSSSSSSAS,10,0.000204,"['KMT2A', 'ZCCHC10', 'ZBTB4', 'NFE2L1', 'MLL', 'ATN1', 'SHE', 'FOXF2', 'CLASRP', 'NKX6-1']"
LYRDVMLENY,10,0.000204,"['Q86WM5', 'ZNF670-ZNF695', 'Q96LN7', 'Q15636', 'hCG_1984214', 'ZNF479', 'KRBOX1', 'KRBOX4', 'ZNF350', 'AVGR4']"
QEEEEEEEEE,10,0.000204,"['SHROOM4', 'RGL2', 'PLEKHG5', 'TPRN', 'TSPOAP1', 'SLC24A1', 'CNPY4', 'P3H3', 'ZBTB47', 'MYO15B']"
CVCVCVCVCV,10,0.000204,"['Q9GZZ5', 'Q9H654', 'Q6ZNZ7', 'Q9UI79', 'Q9UPD4', 'AVGR2', 'Q96JR1', 'B4DSY8', 'B2RB75', 'Q6ZQS2']"
RVQVWFQNRR,10,0.000204,"['ESX1', 'ARX', 'DRGX', 'UNCX', 'SHOX', 'ALX3', 'OTP', 'PRRX1', 'PHOX2B', 'RAX']"
VKIWFQNRRM,10,0.000204,"['DBX2', 'HOXB8', 'DBX1', 'HOXD9', 'HOXB1', 'HOXD12', 'HOXA11', 'HOXA4', 'HOXD10', 'MNX1']"
GGGSGGGGGG,10,0.000204,"['RALY', 'ONECUT2', 'RFX1', 'ZFHX3', 'SYNGAP1', 'PURA', 'Q6ZTJ3', 'ARID1B', 'ANKS1A', 'ZNF281']"
RGRGRGRGRG,10,0.000204,"['KMT2B', 'SNRPD1', 'LARP1B', 'CHTOP', 'KDM4F', 'RBM26', 'RPS2', 'MBD2', 'ZNF579', 'A0A0G2R4E5']"
NSIRHNLSLN,10,0.000204,"['FOXJ1', 'FOXJ2', 'FOXK2', 'KIAA0415', 'FOXD4', 'FOXG1', 'FOXL2', 'FOXI2', 'Q8WXT4', 'FOXC2']"
WDTAGQERFR,10,0.000204,"['RAB9A', 'RAB27A', 'B4DTA6', 'RAB26', 'RAB33B', 'B7Z4P9', 'RAB6A', 'RAB22A', 'RASEF', 'RAB14']"
THTHTHTHTH,10,0.000204,"['B7Z5W2', 'FLJ00278', 'Q6T424', 'B3KXR4', 'Q71RD7', 'Q8TE87', 'DKFZp779L0164', 'Q6ZP05', 'Q59GW3', 'Q6ZVB0']"
RAAAAAAAAA,10,0.000204,"['SP9', 'DMRTA1', 'IRS4', 'ASXL2', 'HOXD13', 'CASKIN1', 'SLC12A2', 'C6orf223', 'PHOX2B', 'ZFP91']"
AAAVAAAAAA,10,0.000204,"['KLHL11', 'CHD3', 'DEAF1', 'ZBTB8B', 'EN1', 'FOXO1', 'ZFHX3', 'FOXB2', 'ALKBH5', 'SKOR1']"
GSSDSPASAS,10,0.000204,"['NEK4', 'Q6ZUA3', 'DSERG1', 'ZMAT1', 'B4DXN8', 'FLJ16124', 'Q9H8K0', 'ASCC1', 'BCAS4', 'Q6ZNX9']"
HCSAGVGRTG,10,0.000204,"['PTPRQ', 'PTPRZ1', 'PTPRF', 'PTPRE', 'PTPRC', 'PTPRB', 'PTPRO', 'PTPN14', 'PTPRJ', 'PTPRH']"
QNSIRHNLSL,10,0.000204,"['FOXJ1', 'FOXK2', 'Q8WXT4', 'FOXD4', 'FOXG1', 'KIAA0415', 'FOXL2', 'FOXI2', 'F8TAD1', 'FOXC2']"
GPPGPQGPPG,10,0.000204,"['EDA', 'COL18A1', 'EMID1', 'ERFE', 'COL4A1', 'COL16A1', 'COLQ', 'COL20A1', 'COL12A1', 'COL17A1']"
AAAAAAAAAL,10,0.000204,"['SP8', 'TGFBR1', 'GSX2', 'BHLHE22', 'FOXD3', 'SP5', 'EVX2', 'ZIC2', 'PHLPP1', 'PRKD1']"
QRIHTGERPY,10,0.000204,"['B4E2P6', 'ZNF542P', 'ZNF175', 'ZNF587B', 'ZNF837', 'ZKSCAN8', 'ZNF775', 'ZNF282', 'ZNF467', 'ZNF74']"
SSSSSSSSSE,10,0.000204,"['JCAD', 'CHD9', 'BHMG1', 'SETD1A', 'DCAF5', 'SNAPC4', 'BRDT', 'BCL6B', 'NRG2', 'TMEM40']"
HTGEKPYKCE,10,0.000204,"['ZNF826P', 'ZNF217', 'Q9NS42', 'O60862', 'ZNF768', 'MYNN', 'IKZF5', 'Q6ZS47', 'ZNF702P', 'ZNF100']"
QLQQQQQQQQ,10,0.000204,"['NCOA6', 'KMT2D', 'AAD14', 'FMN2', 'POU6F2', 'GLG1', 'MAMLD1', 'KCNN3', 'MED15', 'TOX3']"
AAAAAAVAAA,10,0.000204,"['CHD5', 'ASXL3', 'MAZ', 'EN1', 'USP11', 'STUM', 'KCNA4', 'ALKBH5', 'ZMIZ1', 'MLLT6']"
GGGGGGGGGR,10,0.000204,"['MTHFD1L', 'GDF7', 'XYLT1', 'MAP3K11', 'POU4F2', 'U2AF1L5', 'Q8N1X5', 'TRA2A', 'DHX36', 'FBL']"
HVGQAGLELL,10,0.000204,"['hCG_1776533', 'O00420', 'HSP90AA5P', 'MST121', 'RABGEF1', 'O75029', 'Q708E2', 'Q9NRE8', 'hCG_2000535', 'Q6ZNX9']"
FAYGQTGSGK,10,0.000204,"['KIF16B', 'STARD9', 'KIF15', 'KIF6', 'KIF7', 'KIF14', 'KIF13A', 'KIF17', 'KIF2C', 'KIFC1']"
ACQGDSGGPL,10,0.000204,"['PRSS44', 'Q96EF3', 'KLK12', 'TMPRSS5', 'TMPRSS6', 'PLAT', 'OVCH1', 'HGFAC', 'PRSS8', 'TMPRSS11E']"
AAAAAAAAGG,10,0.000204,"['SOX1', 'DMRTA2', 'ARID1B', 'DEAF1', 'JUND', 'REPS2', 'C6orf223', 'NRG3', 'PHOX2B', 'MNX1']"
GSSSSSSSSS,10,0.000204,"['RLIM', 'NFE2L1', 'BHLHE22', 'NBEA', 'EDC4', 'SNAPC4', 'DACH1', 'TSHZ3', 'MEX3B', 'TNRC18']"
SDVWSFGVLL,9,0.000184,"['MAP3K11', 'MST1R', 'RET', 'MATK', 'MET', 'SRMS', 'TIE1', 'FGFR3', 'KDR']"
PPAPPPPPPP,9,0.000184,"['WT1', 'FHDC1', 'ZNF628', 'WASF2', 'MAZ', 'RB1', 'RCOR2', 'MEGF8', 'LMTK3']"
GPPPPPPPPP,9,0.000184,"['SMN1', 'CDK12', 'ENAH', 'FMN1', 'ZC3H4', 'HOXB4', 'MLLT1', 'GABBR2', 'MYRF']"
HVRTHTGEKP,9,0.000184,"['MYNN', 'SNAI3', 'DKFZp570I0164', 'EGR4', 'ZNF778', 'ZNF764', 'ZBTB49', 'ZNF76', 'ZNF333']"
PEEEEEEEEE,9,0.000184,"['NGEF', 'UQCRHL', 'GZF1', 'SCAF1', 'IL27', 'AEBP2', 'KAT6B', 'EIF5B', 'PRX']"
VHRDLAARNV,9,0.000184,"['PDGFRB', 'A0A1Y0B9F8', 'CSK', 'EPHA8', 'EGFR', 'SRMS', 'ZAP70', 'JAK1', 'FLT3']"
AQQQQQQQQQ,9,0.000184,"['MAML2', 'KMT2D', 'ASCL1', 'R3HDM2', 'IRF2BPL', 'RUNX2', 'PHC1', 'CHERP', 'NUMBL']"
MAYDRYVAIC,9,0.000184,"['JCG4', 'OR2AT4', 'OR5H6', 'Q86SG8', 'OR10AC1', 'OR1D4', 'OR56A3', 'PJCG2', 'OR2L2']"
PPPPPPPPGP,9,0.000184,"['SOCS7', 'WASF2', 'ZC3H4', 'ESRP2', 'HTT', 'WASL', 'MYO16', 'WIPF2', 'W5U981']"
GGGGGGAGGG,9,0.000184,"['POU3F3', 'MLLT6', 'GSX1', 'NPAS3', 'A0A1U9X8F1', 'FOXD1', 'ZIC2', 'LRCH2', 'HOXA10']"
WQNSIRHNLS,9,0.000184,"['FOXJ1', 'FOXK2', 'KIAA0415', 'FOXD4', 'FOXG1', 'FOXL2', 'FOXI2', 'Q8WXT4', 'FOXC2']"
AAAAAAAAVA,9,0.000184,"['CHD3', 'MLLT6', 'MAZ', 'MAP3K4', 'ZNF385D', 'EN1', 'MEGF9', 'ZMIZ1', 'ALKBH5']"
SSGGGGGGGG,9,0.000184,"['Q70T21', 'MTHFD1L', 'FUS', 'EGR1', 'KCNMA1', 'AFG3L2', 'DKFZp781N1049', 'KIF3C', 'HSPBP1']"
PAPPPPPPPP,9,0.000184,"['BPTF', 'WT1', 'FHDC1', 'LMTK3', 'TRRAP', 'HS3ST4', 'SALL2', 'SKOR2', 'SEMA4G']"
PQPPPPPPPP,9,0.000184,"['SETD1B', 'ONECUT3', 'PRR12', 'HTT', 'ZNF462', 'W5U981', 'FOXB2', 'MEX3C', 'PEG10']"
SGSSSSSSSS,9,0.000184,"['CHD9', 'MEX3B', 'TNRC18', 'SRRM1', 'NBEA', 'EDC4', 'CCNT2', 'RLIM', 'NKX6-1']"
HRRIHTGERP,9,0.000184,"['MZF1', 'ZNF316', 'GZF1', 'ZNF165', 'B3KQ93', 'ZNF574', 'ZSCAN29', 'ZNF416', 'REPIN1']"
EEEEEEEDDD,9,0.000184,"['PPM1F', 'NEUROD1', 'ZBTB7C', 'HOMEZ', 'ZBTB9', 'PDIA4', 'B4DEP3', 'DMTN', 'CSRNP3']"
SSSSSSSSPS,9,0.000184,"['TPRXL', 'SRRM2', 'SPRED3', 'RANBP10', 'PRDM2', 'KLHL1', 'RNF126', 'RLIM', 'NKX6-1']"
EQILELLVLE,9,0.000184,"['SCAND2P', 'ZBED9', 'ZNF167', 'ZNF449', 'ZKSCAN1', 'ZNF496', 'B3KQP7', 'ZNF274', 'ZNF394']"
HIRTHTGEKP,9,0.000184,"['ZBTB7A', 'CTCFL', 'MTF1', 'EGR1', 'ZNF557', 'PRDM6', 'ZNF786', 'ZNF648', 'SNAI2']"
SSSSSSSSSG,9,0.000184,"['HEG1', 'MLLT6', 'SRRM2', 'TTC14', 'SALL1', 'SALL2', 'CAMTA2', 'MEX3B', 'TNRC18']"
EDEEEEEEED,9,0.000184,"['PDIA4', 'NISCH', 'TULP1', 'B4DEP3', 'DIEXF', 'ABCC9', 'APLP2', 'Q5U071', 'PAK3']"
LLLPLLLLLL,9,0.000184,"['DCHS1', 'TMUB1', 'IGFBPL1', 'PCDHAC2', 'PTPRE', 'CNPY3', 'APLP1', 'IGDCC3', 'NUCB1']"
HTGEKPYKCK,9,0.000184,"['ZSCAN5DP', 'ZNF236', 'ZNF844', 'ZNF114', 'ZNF669', 'ZNF781', 'O14858', 'ZNF107', 'ZSCAN21']"
HTGEKPYKCS,9,0.000184,"['ZNF215', 'ZNF629', 'ZNF691', 'ZNF175', 'ZNF749', 'KLF7', 'ZNF285A', 'ZNF18', 'ZNF74']"
SSSSSSSSSD,9,0.000184,"['PPIG', 'JMJD6', 'HDGFL2', 'NOLC1', 'ARL6IP4', 'PRR13', 'PHLPP2', 'Q96DP0', 'BRD2']"
QAGLELLTSG,9,0.000184,"['Q9H387', 'hCG_1776533', 'HSP90AA5P', 'RABGEF1', 'O75029', 'Q9H397', 'PODXL', 'Q708E2', 'Q9NRE8']"
PGGGGGGGGG,9,0.000184,"['Q8N7I6', 'ARIH1', 'GSK3A', 'GDF7', 'NRXN1', 'NEK9', 'Q59FY1', 'SRSF11', 'ZNF503']"
GLPGPPGPPG,9,0.000184,"['SCARA3', 'COL18A1', 'COL22A1', 'C1QTNF7', 'ERFE', 'COL28A1', 'DKFZp434L081', 'COL2A1', 'COL17A1']"
THTGEKPYRC,9,0.000184,"['ZNF143', 'ZNF672', 'ZNF572', 'O14889', 'KLF6', 'ZNF554', 'ZNF577', 'ZNF513', 'ZSCAN32']"
GTPYWMAPEV,9,0.000184,"['NRK', 'MINK1', 'MAP4K2', 'Q15448', 'SLK', 'MAP3K19', 'PAK6', 'PAK1', 'TAOK2']"
KEQILELLVL,9,0.000184,"['SCAND2P', 'ZBED9', 'ZNF167', 'ZNF449', 'ZKSCAN1', 'ZNF496', 'B3KQP7', 'ZNF274', 'ZNF394']"
LTPVIPALWE,9,0.000184,"['Q96NR6', 'NANOGNB', 'Q29890', 'K7EJH5', 'ZNF561-AS1', 'Q59GP7', 'C6orf149', 'Q6ZP75', 'ZFHX1B']"
RDLAARNVLV,9,0.000184,"['A0A1Y0B9F8', 'CSK', 'EPHA8', 'FRK', 'EGFR', 'FGFR3', 'JAK1', 'TIE1', 'FLT3']"
VHCSAGVGRT,9,0.000184,"['PTPRQ', 'PTPRZ1', 'PTPRF', 'PTPRE', 'PTPRC', 'PTPRB', 'PTPN14', 'PTPRJ', 'PTPRH']"
FSCLSLPSSW,9,0.000184,"['B7Z585', 'Q6ZS53', 'GVQW1', 'Q6ZTX9', 'KANK3', 'B4DLB4', 'Q9H700', 'Q8N287', 'Q15662']"
EEEEGEEEEE,9,0.000184,"['AKNA', 'SKIDA1', 'TRIM26', 'O15451', 'CENPB', 'PPARGC1B', 'RANGAP1', 'RSPH6A', 'NPM2']"
EQQQQQQQQQ,9,0.000184,"['FOXP2', 'NFAT5', 'ABCF1', 'TFCP2', 'MED12', 'KCNN3', 'MAGI1', 'AAD14', 'ATXN1']"
DLGSLQPPPP,9,0.000184,"['B4DU60', 'F5H423', 'B4DT89', 'Q6ZNG3', 'Q6ZWG0', 'B7Z872', 'Q6ZU61', 'Q6ZRN6', 'TBN']"
LLLLLLLLLP,9,0.000184,"['PTPRN2', 'LMLN2', 'PLXNA1', 'ADAMTS8', 'CELSR2', 'PCDHAC2', 'CNPY3', 'HGFAC', 'FUCA2']"
VWFQNRRAKW,9,0.000184,"['NOBOX', 'ESX1', 'ARX', 'DRGX', 'UNCX', 'ALX3', 'VSX1', 'OTP', 'RAX']"
AAAAAAAVAA,9,0.000184,"['CHD5', 'B4DT63', 'MLLT6', 'MAZ', 'MAP3K4', 'GLI2', 'EN1', 'ZMIZ1', 'ALKBH5']"
PEPEPEPEPE,9,0.000184,"['CCNB1', 'PPM1E', 'Q8NFR8', 'RYR1', 'MRPS30', 'LAG3', 'NKX3-1', 'HCLS1', 'SASH1']"
TQVKIWFQNR,9,0.000184,"['HMX3', 'Q13028', 'HOXB1', 'NKX1-1', 'NKX3-1', 'NKX2-3', 'MSX2', 'MNX1', 'DLX3']"
CLSLPSSWDY,8,0.000163,"['Q6ZS53', 'Q9NWI4', 'GVQW1', 'Q15662', 'KANK3', 'B4DLB4', 'Q8N287', 'B7Z585']"
LIQHQRIHTG,8,0.000163,"['ZNF205', 'ZNF542P', 'O14881', 'HZF28', 'ZFP95', 'ZNF655', 'ZNF135', 'ZSCAN16']"
ASQSAGITGV,8,0.000163,"['ZNF195', 'B3KUJ2', 'GVQW1', 'ZNF701', 'Q6ZRV8', 'Q9H397', 'C14orf178', 'LINC00269']"
DVWSFGVLLW,8,0.000163,"['MAP3K11', 'MST1R', 'RET', 'MATK', 'MET', 'TIE1', 'FGFR3', 'KDR']"
GPPGTGKTLL,8,0.000163,"['PEX1', 'Q8N8B4', 'PEX6', 'B4DR91', 'YME1L1', 'KATNAL2', 'AFG3L2', 'PSMC3']"
VMLENYRNLV,8,0.000163,"['M0R3E3', 'hCG_1984214', 'B3KU17', 'ZIM2', 'ZNF274', 'LOC91661', 'ZNF100', 'AVGR5']"
GGAGGGGGGG,8,0.000163,"['HOXD9', 'RALY', 'SIX3', 'CACNG8', 'ZSWIM6', 'LRCH2', 'HOXA10', 'SKOR1']"
IHTGEKPYTC,8,0.000163,"['ZNF184', 'ZSCAN5DP', 'ZNF205', 'ZNF483', 'ZNF876P', 'ZNF787', 'ZNF263', 'ZSCAN4']"
XXXXXXXXXX,8,0.000163,"['Q8NH25', 'Q8NGV8', 'Q8NH34', 'Q8NH14', 'Q8NH15', 'Q8NGN9', 'Q8IXD9', 'V9H162']"
LPGSSNSPAS,8,0.000163,"['MAP4K1', 'B4DKF1', 'Q99770', 'CCNJL', 'B4DES2', 'B4DG85', 'Q96MP3', 'Q9UHT2']"
EEDDEEEEEE,8,0.000163,"['PPM1G', 'PPP1R1B', 'FGD1', 'BCL11A', 'CFAP43', 'PLCD3', 'ZBTB47', 'ZCCHC6']"
HHVGQAGLEL,8,0.000163,"['O00420', 'HSP90AA5P', 'MST121', 'RABGEF1', 'O75029', 'Q9NRE8', 'FBH1', 'Q6ZNX9']"
HRDLAARNIL,8,0.000163,"['EPHB3', 'TEK', 'PTK6', 'RET', 'KIT', 'JAK3', 'MATK', 'FLT1']"
IHTGEKPYQC,8,0.000163,"['ZFX', 'B7ZKX2', 'O14861', 'ZBTB39', 'ZKSCAN3', 'ZSCAN29', 'ZNF107', 'ZNF74']"
RHQRIHTGEK,8,0.000163,"['ZNF619', 'ZNF577', 'ZNF781', 'ZNF519', 'ZSCAN10', 'ZSCAN25', 'ZNF394', 'ZSCAN32']"
QPQPPPPPPP,8,0.000163,"['PRR12', 'HMX3', 'STRIP1', 'RFX1', 'CRTC1', 'HTT', 'KDM6B', 'W5U981']"
LRTHTGEKPY,8,0.000163,"['B4DXX0', 'ZNF217', 'ZNF202', 'KLF5', 'ZNF554', 'ZNF852', 'KLF1', 'B4DWM7']"
LYREVMLENY,8,0.000163,"['ZNF169', 'Q96MB4', 'ZNF554', 'Q8NHA9', 'ZNF274', 'ZNF578', 'ZFP69B', 'ZIM2']"
THTGEKPYAC,8,0.000163,"['ZNF205', 'ZNF672', 'Q59FS2', 'KLF1', 'ZNF487', 'ZNF433', 'SNAI3', 'CTCF']"
AAAAAAAASG,8,0.000163,"['TMEM64', 'FBXO41', 'CLASRP', 'IRS4', 'ARID1A', 'HOXD13', 'EVX2', 'PBX3']"
PGFKRFSCLS,8,0.000163,"['Q15662', 'Q6ZP92', 'Q7Z5M1', 'B7Z8I7', 'LINC00596', 'KNL1', 'Q708E2', 'Q8N287']"
RIHTGEKPFK,8,0.000163,"['ZFP95', 'K7ENM7', 'ZNF619', 'ZNF75CP', 'ZKSCAN2', 'ZNF431', 'O14891', 'ZSCAN26']"
GFKRFSCLSL,8,0.000163,"['Q15662', 'Q6ZP92', 'Q7Z5M1', 'B7Z8I7', 'LINC00596', 'KNL1', 'Q708E2', 'Q8N287']"
QQPPPPPPPP,8,0.000163,"['NR3C2', 'SOCS7', 'SIK2', 'FBXO11', 'SETD1A', 'HTT', 'BRD4', 'D2CTG4']"
SASSSSSSSS,8,0.000163,"['KMT2A', 'SERTAD4', 'HDGFL2', 'MLLT6', 'ZBTB4', 'MLL', 'RAI1', 'ERF']"
QHQRIHTGEK,8,0.000163,"['ZNF205', 'O14881', 'HZF28', 'ZNF232', 'ZFP95', 'ZNF787', 'ZNF655', 'ZNF135']"
IQHQRIHTGE,8,0.000163,"['ZNF205', 'ZNF542P', 'O14881', 'HZF28', 'ZFP95', 'ZNF655', 'ZNF135', 'ZSCAN16']"
PGSSNSPASA,8,0.000163,"['MAP4K1', 'B4DKF1', 'Q99770', 'CCNJL', 'B4DES2', 'B4DG85', 'Q96MP3', 'Q9UHT2']"
EDDEEEEEEE,8,0.000163,"['PPP1R1B', 'HOMEZ', 'BCL11A', 'GTF3C3', 'DEK', 'NCL', 'ZBTB47', 'ZCCHC6']"
EEGEEEEEEE,8,0.000163,"['AKNA', 'SKIDA1', 'TRIM26', 'B4GALNT3', 'ANP32E', 'O15451', 'USP34', 'NPM2']"
GRGRGRGRGR,8,0.000163,"['SNRPD1', 'LARP1B', 'CHTOP', 'RBM26', 'RPS2', 'MBD2', 'ZNF579', 'KDM4F']"
EEEEEEEEVE,8,0.000163,"['BCAN', 'CCDC136', 'AMER1', 'PAXIP1', 'RYDEN', 'PIK3R5', 'ERICH6', 'ZEB1']"
RSSSSSSSSS,8,0.000163,"['ARL6IP4', 'HOXD4', 'ACIN1', 'CHD9', 'PNN', 'NRG2', 'CLASRP', 'SRRM2']"
SCLSLPSSWD,8,0.000163,"['Q15662', 'Q6ZS53', 'GVQW1', 'Q6ZTX9', 'KANK3', 'B4DLB4', 'Q8N287', 'B7Z585']"
LLPLLLLLLL,8,0.000163,"['DCHS1', 'TMUB1', 'IGFBPL1', 'PCDHAC2', 'SHISA5', 'CNPY3', 'NUCB1', 'TAOK2']"
SHTGEKPYKC,8,0.000163,"['ZSCAN5DP', 'ZNF629', 'ZNF236', 'BCL11B', 'ZNF568', 'IKZF5', 'ZKSCAN8', 'ZNF114']"
PPGTGKTLLA,8,0.000163,"['PEX1', 'Q8N8B4', 'PEX6', 'B4DR91', 'YME1L1', 'KATNAL2', 'AFG3L2', 'PSMC3']"
AHACNPSTLG,8,0.000163,"['FLJ00399', 'B7Z407', 'Q8IVM4', 'hCG_2019237', 'E9PLZ0', 'OR1F12', 'PKP2', 'ZNF429']"
PPPPPPPPPR,8,0.000163,"['MYPOP', 'SIK2', 'ASFMR1', 'MLLT1', 'SETD1A', 'PRIMA1', 'Q59GR2', 'C11orf95']"
DRYVAICHPL,8,0.000163,"['OR2AT4', 'Q86SG8', 'OR51E2', 'OR1F12', 'OR56A3', 'OR10W1', 'PJCG2', 'OR2AJ1']"
SSASSSSSSS,8,0.000163,"['KMT2A', 'ZBTB4', 'CHD9', 'MLL', 'RAI1', 'ERF', 'TCF20', 'MEX3A']"
RSRSRSRSRS,8,0.000163,"['SRSF5', 'RSRP1', 'ZRANB2', 'FLJ00011', 'ACIN1', 'SRRM4', 'CHERP', 'SCAF1']"
LLLLLLLPLL,8,0.000163,"['Q671U8', 'PLBD1', 'IGFBPL1', 'SIGLEC8', 'RET', 'GABBR2', 'TAOK2', 'ret']"
SSSSSSSSST,8,0.000163,"['HSPB7', 'CIR1', 'CHD8', 'TNRC18', 'MLLT3', 'REXO1', 'PRG4', 'PNN']"
GGGGAGGGGG,8,0.000163,"['POU3F3', 'TWIST1', 'MLLT6', 'HOXA10', 'ZSWIM6', 'ZIC2', 'LRCH2', 'MAFA']"
QQQQQQQQQL,8,0.000163,"['FOXP2', 'NCOA6', 'FAM157B', 'TFEB', 'R3HDM2', 'IRF2BPL', 'AAK1', 'CHERP']"
DEMGLGKTIQ,8,0.000163,"['CHD1', 'SRCAP', 'CHD3', 'ZRANB3', 'CHD9', 'ERCC6', 'SMARCAD1', 'SMARCA4']"
IHTGEKPYEC,8,0.000163,"['ZBTB16', 'ZNF146', 'B4DSF4', 'HZF28', 'O14860', 'ZNF24', 'DKFZp761O1618', 'ZNF114']"
HTGEKPYKCP,8,0.000163,"['ZNF536', 'ZNF76', 'ZNF263', 'ZNF572', 'ZNF18', 'ZNF319', 'ZNF513', 'ZNF516']"
SRSRSRSRSR,8,0.000163,"['SRSF5', 'RSRP1', 'ZRSR2', 'ZRANB2', 'FLJ00011', 'ACIN1', 'SRRM4', 'CHERP']"
KSDVWSFGVL,8,0.000163,"['ITK', 'SYK', 'tec', 'MST1R', 'MET', 'SRMS', 'TIE1', 'MATK']"
RTHTGEKPYA,8,0.000163,"['ZNF205', 'ZNF672', 'Q59FS2', 'KLF1', 'ZNF487', 'ZNF433', 'SNAI3', 'CTCF']"
RTHTGEKPYR,8,0.000163,"['ZNF143', 'ZNF672', 'ZNF572', 'O14889', 'KLF6', 'ZNF554', 'ZNF577', 'ZNF513']"
EPEPEPEPEP,8,0.000163,"['CCNB1', 'PPM1E', 'Q8NFR8', 'SLC16A2', 'MRPS30', 'LAG3', 'HCLS1', 'SASH1']"
AAAAAAAAAE,8,0.000163,"['B4DP89', 'POU3F1', 'ATP6AP1', 'HOXD11', 'TBX2', 'ZIC5', 'ALKBH5', 'NBEAL2']"
AAAAAAAAAQ,8,0.000163,"['ASCL1', 'FOXD3', 'IRF2BPL', 'FEV', 'RBM23', 'LCORL', 'IRX3', 'PEG3']"
AAPPPPPPPP,8,0.000163,"['MICALCL', 'WASF2', 'PRR12', 'RANBP9', 'PCDH15', 'PPP3CB', 'MANEAL', 'UBR4']"
RGGGGGGGGG,8,0.000163,"['Q6ZS46', 'SRSF1', 'PI4KA', 'GAR1', 'XYLT1', 'U2AF1L5', 'EVX2', 'FBL']"
PASASRVAGT,8,0.000163,"['Q6ZSR7', 'FLJ00399', 'AGBL3', 'Q99770', 'Q6ZR97', 'Q8N6A8', 'AVGR8', 'C9orf85']"
PASASRVAGI,8,0.000163,"['MAP4K1', 'NEK4', 'B4DES2', 'Q6ZWG0', 'C14orf105', 'pp12301', 'ZNF415', 'Q6ZP21']"
LPGSSDSPAS,8,0.000163,"['DSERG1', 'B4DVJ7', 'ZMAT1', 'B4DXN8', 'Q59H67', 'ASCC1', 'BCAS4', 'B4DK85']"
CEGCKGFFRR,8,0.000163,"['RARA', 'THRB', 'RORB', 'NR1I2', 'PPARA', 'NR1H4', 'NR1D1', 'NR1H3']"
GGGGGGGGSS,8,0.000163,"['SP8', 'HNRNPA0', 'KCNMA1', 'ZSWIM6', 'HSPBP1', 'DKFZp781N1049', 'PITPNM2', 'ILF3']"
PGSSDSPASA,8,0.000163,"['DSERG1', 'B4DVJ7', 'ZMAT1', 'B4DXN8', 'FLJ16124', 'Q59H67', 'ASCC1', 'BCAS4']"
EEEEEEEEEV,8,0.000163,"['CCDC136', 'CCND1', 'TRIM26', 'PAXIP1', 'CNGB1', 'PIK3R5', 'NACAD', 'ZEB1']"
RSHTGEKPYK,8,0.000163,"['ZSCAN5DP', 'ZNF629', 'ZNF236', 'BCL11B', 'ZNF568', 'IKZF5', 'ZKSCAN8', 'ZNF114']"
DDEEEEEEEE,8,0.000163,"['HOMEZ', 'AMER1', 'BCL11A', 'GTF3C3', 'PIK3R5', 'NCL', 'ZBTB47', 'ZCCHC6']"
HLRTHTGERP,8,0.000163,"['KLF16', 'ZNF324B', 'DKFZp564M2178', 'ZNF837', 'ZNF774', 'ZNF358', 'ZSCAN32', 'ZNF526']"
VWSFGVLLWE,8,0.000163,"['MAP3K11', 'MST1R', 'RET', 'MATK', 'MET', 'TIE1', 'FGFR3', 'KDR']"
WFQNRRAKWR,8,0.000163,"['HHEX', 'NOBOX', 'ARX', 'DRGX', 'UNCX', 'ALX3', 'VSX1', 'RAX']"
AGLELLTSGD,8,0.000163,"['Q9H387', 'hCG_1776533', 'Q708E2', 'RABGEF1', 'O75029', 'Q9H397', 'PODXL', 'Q9NRE8']"
TPVIPALWEA,8,0.000163,"['NANOGNB', 'Q29890', 'K7EJH5', 'ZNF561-AS1', 'Q59GP7', 'C6orf149', 'Q6ZP75', 'ZFHX1B']"
FKRFSCLSLP,8,0.000163,"['B7Z585', 'A0A286YEX6', 'B7Z8I7', 'LINC00596', 'KNL1', 'Q708E2', 'Q6ZUG4', 'Q15662']"
SQSAGITGVS,7,0.000143,"['B3KUJ2', 'GVQW1', 'ZNF701', 'Q6ZRV8', 'Q9H397', 'C14orf178', 'LINC00269']"
RIHTGEKPYE,7,0.000143,"['ZBTB16', 'HZF28', 'ZNF487', 'ZKSCAN1', 'DKFZp761O1618', 'ZNF135', 'Q59F07']"
RIHTGEKPYV,7,0.000143,"['ZNF205', 'ZNF175', 'Q7KZ25', 'ZNF473', 'ZNF76', 'PRDM9', 'REPIN1']"
RIHTGEKPYT,7,0.000143,"['ZNF184', 'ZSCAN5DP', 'ZNF483', 'ZNF876P', 'ZNF787', 'ZNF263', 'ZSCAN4']"
RIHTGEKPYQ,7,0.000143,"['ZFX', 'B7ZKX2', 'ZBTB39', 'ZKSCAN3', 'ZSCAN29', 'ZNF107', 'ZNF74']"
KKKQPPPPES,7,0.000143,"['KMT2A', 'Q8NFH9', 'Q8TD98', 'V9ZAQ8', 'TET1-MLL', 'ALL-1-AF17', 'Q86YP1']"
YGPPGTGKTL,7,0.000143,"['PEX1', 'ATAD3B', 'B4DR91', 'KATNAL2', 'VCP', 'ATAD2B', 'PSMC3']"
THTGEKPFKC,7,0.000143,"['ZNF536', 'O14844', 'ZFP41', 'ZNF544', 'PRDM6', 'ZIC1', 'ZNF74']"
IHTGEKPYVC,7,0.000143,"['ZNF205', 'ZNF175', 'Q7KZ25', 'ZNF473', 'ZNF76', 'PRDM9', 'REPIN1']"
APAPAPAPAP,7,0.000143,"['PRAG1', 'CDKN1C', 'LATS2', 'STARD8', 'BARGIN', 'MYL1', 'TBC1D10B']"
EEEEKEEEEE,7,0.000143,"['CLSPN', 'ATP1B4', 'FAM9A', 'POLR3GL', 'PPARGC1B', 'ATRX', 'CFAP44']"
AYGQTGSGKT,7,0.000143,"['KIF6', 'KIF7', 'KIF4A', 'KIF15', 'STARD9', 'KIF2C', 'KIFC1']"
SASRVAGTTG,7,0.000143,"['FLJ00399', 'AGBL3', 'Q6ZSR7', 'Q8N6A8', 'AVGR8', 'C9orf85', 'G3V318']"
GGGGGGSSGG,7,0.000143,"['KRT1', 'KCNMA1', 'ZSWIM6', 'ZIC2', 'DKFZp781N1049', 'PITPNM2', 'MEX3B']"
LLLLLLLLPP,7,0.000143,"['PTPRN2', 'ADAMTS2', 'CELSR2', 'LMLN2', 'HCRT', 'FUCA2', 'MESD']"
LIRHQRIHTG,7,0.000143,"['ZNF629', 'ZNF781', 'ZNF582', 'ZNF137P', 'ZNF467', 'B4E0P9', 'ZNF397']"
SSSSSSSSDS,7,0.000143,"['JMJD6', 'HDGFL2', 'FAM133A', 'AFF3', 'PRR13', 'PPIG', 'Q96DP0']"
HHHHHHHHHP,7,0.000143,"['YY1', 'CACNA1A', 'ONECUT1', 'ZIC2', 'HOXA1', 'GATA6', 'FOXG1']"
HKRTHTGEKP,7,0.000143,"['O14844', 'ZNF8', 'PRDM5', 'ZNF554', 'ZNF433', 'ZIC1', 'CTCF']"
LLYGPPGTGK,7,0.000143,"['PEX1', 'ATAD3B', 'RFC5', 'KATNAL2', 'VCP', 'B4DR91', 'PSMC5']"
VCVCVCVCVC,7,0.000143,"['Q9GZZ5', 'Q9H654', 'Q6ZNZ7', 'Q9UI79', 'AVGR2', 'B4DSY8', 'B2RB75']"
TPPPPPPPPP,7,0.000143,"['JMY', 'DIAPH1', 'ZFHX4', 'ESRP2', 'ZNF827', 'WASH4P', 'LMOD2']"
THTGEKPYEC,7,0.000143,"['ZNF124', 'ZBTB7A', 'ZNF629', 'O14858', 'ZKSCAN3', 'DKFZp761O1618', 'Q96JV1']"
EEKEEEEEEE,7,0.000143,"['BCAN', 'CLSPN', 'ATP1B4', 'POLR3GL', 'RTL5', 'ATRX', 'CFAP44']"
SASQSAGITG,7,0.000143,"['ZNF195', 'GVQW1', 'ZNF701', 'Q6ZRV8', 'C14orf178', 'LINC00269', 'Q8N8S8']"
HQQQQQQQQQ,7,0.000143,"['POU3F2', 'BMP2K', 'Q15016', 'ATN1', 'DCP1B', 'PHLDA1', 'ATXN1']"
SSSSSSSTSS,7,0.000143,"['HSPB7', 'CHD9', 'REXO1', 'CRTC2', 'Q59EM0', 'PNN', 'CBX2']"
ASASQVAGIT,7,0.000143,"['hCG_2036511', 'Q86TV4', 'FAM73B', 'Q9UHT2', 'ASCC1', 'B4DDY0', 'BCAS4']"
GGGGGSSGGG,7,0.000143,"['MN1', 'KCNMA1', 'ZSWIM6', 'ZIC2', 'DKFZp781N1049', 'PITPNM2', 'MEX3B']"
YRDSKLTRLL,7,0.000143,"['KIF4A', 'KIF22', 'KIF17', 'B4DEQ1', 'KIF18B', 'KIF21A', 'KIF19']"
IPVKQKPKEK,7,0.000143,"['KMT2A', 'Q8NFH9', 'Q8TD98', 'Q2Q442', 'TET1-MLL', 'MLL/AF6', 'Q86YP1']"
KPYECKECGK,7,0.000143,"['ZNF619', 'ZNF529', 'HZF28', 'ZNF844', 'ZNF781', 'ZNF669', 'ZNF266']"
EEEEEEDEDE,7,0.000143,"['A0A1U9X7B3', 'ZNF316', 'RTN4', 'HMGB2', 'SENP3', 'ANP32E', 'PIAS4']"
PPQQQQQQQQ,7,0.000143,"['FOXJ2', 'CACNA1A', 'ARID1A', 'CELF3', 'ZFHX3', 'RANBP9', 'ST6GALNAC5']"
IWDTAGQERF,7,0.000143,"['RAB9A', 'B4DTA6', 'RAB31', 'B7Z4P9', 'B7Z4X1', 'RAB12', 'RAB14']"
LECNGAISAH,7,0.000143,"['B7Z3C7', 'A0A0A0MQY5', 'Q6ZSG8', 'Q96MP3', 'ZNF415', 'hCG_1744006', 'Q86TV4']"
KGDSGGPLVC,7,0.000143,"['PRSS55', 'KLKB1', 'GZMB', 'PRSS41', 'GZMM', 'CFI', 'PRSS27']"
ETQVKIWFQN,7,0.000143,"['HMX3', 'Q13028', 'HOXB1', 'NKX1-1', 'NKX3-1', 'MSX2', 'MNX1']"
EPKKKQPPPP,7,0.000143,"['KMT2A', 'Q8NFH9', 'Q8TD98', 'V9ZAQ8', 'TET1-MLL', 'ALL-1-AF17', 'Q86YP1']"
SSDSPASASQ,7,0.000143,"['ZMAT1', 'B4DXN8', 'FLJ16124', 'Q9H8K0', 'ASCC1', 'BCAS4', 'Q6ZNX9']"
LTEARVQVWF,7,0.000143,"['ARX', 'DRGX', 'ALX3', 'PAX3', 'PRRX1', 'PHOX2B', 'F8TAD1']"
PPPPPPPAPP,7,0.000143,"['TPRN', 'ENAH', 'HCN2', 'Q09ND3', 'DGKK', 'SOBP', 'SCAF1']"
ERERERERER,7,0.000143,"['RERE', 'GSE1', 'ZC3H13', 'RBM25', 'CBX8', 'ZC3H18', 'Q16083']"
CSAGVGRTGT,7,0.000143,"['PTPRZ1', 'PTPRE', 'PTPRC', 'PTPRB', 'PTPRO', 'PTPRJ', 'PTPRH']"
PVIPALWEAE,7,0.000143,"['NANOGNB', 'Q29890', 'C6orf149', 'Q59GP7', 'B4E294', 'Q6ZP75', 'ZFHX1B']"
IHSGEKPYKC,7,0.000143,"['ZNF197', 'ZNF440', 'Q8NCC0', 'ZNF341', 'ZNF649', 'BCL6', 'ZSCAN5A']"
IRTHTGEKPF,7,0.000143,"['CTCFL', 'MTF1', 'EGR1', 'ZNF426', 'PRDM6', 'ZNF786', 'SNAI2']"
QRIHSGEKPY,7,0.000143,"['ZNF134', 'ZNF230', 'ZKSCAN1', 'ZNF355P', 'ZFP92', 'B4DWM7', 'ZSCAN5A']"
PAPAPAPAPA,7,0.000143,"['PRAG1', 'CDKN1C', 'LATS2', 'STARD8', 'BARGIN', 'MYL1', 'TBC1D10B']"
LPLLLLLLLL,7,0.000143,"['DCHS1', 'PTPRN2', 'PCSK9', 'GUCY2D', 'PCDHAC2', 'CNPY3', 'TMUB1']"
EEEKEEEEEE,7,0.000143,"['BCAN', 'CLSPN', 'ATP1B4', 'FAM9A', 'POLR3GL', 'ATRX', 'CFAP44']"
RERERERERE,7,0.000143,"['RERE', 'GSE1', 'ZC3H13', 'RBM25', 'CBX8', 'ZC3H18', 'Q16083']"
EAAAAAAAAA,7,0.000143,"['RUNX2', 'IRF2BPL', 'REPS2', 'EPPK1', 'FBRS', 'CLASRP', 'PEG3']"
GGGGGGGGGV,7,0.000143,"['FUS-CHOP', 'FUBP1', 'SHOX2', 'Q59FY1', 'AEBP2', 'MEX3D', 'ZNF503']"
DTAGQERFRS,7,0.000143,"['RAB9A', 'RAB27A', 'RAB26', 'RAB39A', 'RAB4A', 'RAB6A', 'RASEF']"
EEEEEVEEEE,7,0.000143,"['CCDC136', 'NRDC', 'WWC1', 'ZFHX2', 'BRPF3', 'ERICH6', 'ZEB1']"
VRTHTGEKPY,7,0.000143,"['MYNN', 'ZNF764', 'DKFZp570I0164', 'ZNF778', 'SNAI3', 'ZBTB49', 'ZNF76']"
VVHCSAGIGR,7,0.000143,"['PTPN20', 'PTPRR', 'PTPN11', 'PTPN9', 'PTPN1', 'B4DX06', 'PTPN4']"
GDSGGPLVCE,7,0.000143,"['TMPRSS9', 'PRSS44', 'CORIN', 'TMPRSS13', 'PRSS36', 'F12', 'PRSS38']"
AAAAVAAAAA,7,0.000143,"['KLHL11', 'DEAF1', 'ZFHX3', 'EN1', 'USP11', 'ZMIZ1', 'ALKBH5']"
PPPPPPPPPQ,7,0.000143,"['TRERF1', 'SETD1B', 'ZNF827', 'HTT', 'VIRMA', 'D2CTG4', 'ADGRB1']"
QQQQQQQQPQ,7,0.000143,"['HLX', 'ZFHX3', 'POLG', 'GLG1', 'PHC1', 'TNRC6A', 'SMARCA2']"
LGSLQPPPPG,7,0.000143,"['A0A1W2PPQ1', 'B4DU60', 'F5H423', 'Q6ZRN6', 'B7Z872', 'TBN', 'Q9UI48']"
PPPPQQQQQQ,7,0.000143,"['FOXJ2', 'TOB1', 'GIGYF1', 'ZFHX4', 'FBXO11', 'CELF3', 'RANBP9']"
SSSSSSSSSC,7,0.000143,"['NAF1', 'MAGEA10', 'HOXD4', 'TSHZ3', 'CHD9', 'DACH1', 'FAM193B']"
GPAGTGKTET,7,0.000143,"['DNAH2', 'DNAH14', 'O00434', 'DNAH10', 'DNAH7', 'DNAH5', 'DNAH11']"
HTGEKPYACS,7,0.000143,"['ZNF197', 'ZNF785', 'ZNF487', 'ZNF853', 'GLI4', 'SNAI3', 'CTCF']"
EEEEEKEEEE,7,0.000143,"['CLSPN', 'ATP1B4', 'FAM9A', 'POLR3GL', 'PPARGC1B', 'ATRX', 'CFAP44']"
SSSSSSSSTS,7,0.000143,"['HSPB7', 'ZCCHC10', 'MLLT3', 'REXO1', 'CRTC2', 'PNN', 'CBX2']"
HTGEKPYKCN,7,0.000143,"['ZNF248', 'BCL11A', 'ZNF273', 'ZKSCAN8', 'ZNF702P', 'ZNF285', 'DKFZp686K03205']"
ASASQSAGIT,7,0.000143,"['ZNF195', 'ZNF701', 'Q6ZRV8', 'C14orf178', 'Q9NX85', 'LINC00269', 'Q8N8S8']"
SSSSSSSASS,7,0.000143,"['KMT2A', 'ZCCHC10', 'ZBTB4', 'NFE2L1', 'MLL', 'SHE', 'PRKD2']"
NLVDLAGSER,7,0.000143,"['KIF9', 'CENPE', 'B4DEQ1', 'KIF15', 'STARD9', 'KIF17', 'KIFC3']"
IHTGEKPFKC,7,0.000143,"['ZNF215', 'ZNF184', 'K7ENM7', 'ZNF75CP', 'ZKSCAN2', 'ZFS-6', 'ZSCAN26']"
ASASRVAGIT,7,0.000143,"['MAP4K1', 'NEK4', 'B4DES2', 'Q6ZWG0', 'C14orf105', 'ZNF415', 'Q6ZP21']"
TKEQILELLV,7,0.000143,"['SCAND2P', 'ZBED9', 'ZNF167', 'ZKSCAN1', 'ZNF496', 'B3KQP7', 'ZSCAN25']"
HQRIHSGEKP,7,0.000143,"['ZNF134', 'ZNF230', 'ZKSCAN1', 'ZNF355P', 'ZFP92', 'B4DWM7', 'ZSCAN5A']"
RTHTGERPYK,7,0.000143,"['ZNF628', 'ZNF629', 'ZNF782', 'REST', 'ZNF669', 'ZNF768', 'ZNF500']"
PASASQSAGI,7,0.000143,"['ZNF195', 'ZNF701', 'Q6ZRV8', 'C14orf178', 'Q9NX85', 'LINC00269', 'B4DPD9']"
EEEEEEEEAE,7,0.000143,"['CHGA', 'SHROOM4', 'ZFHX3', 'PRKCSH', 'CUL9', 'AEBP2', 'IRX6']"
HIRSHTGERP,7,0.000143,"['ZBTB8B', 'ZNF831', 'PRDM5', 'CTCF', 'HIVEP1', 'HIVEP2', 'HIVEP3']"
ADEMGLGKTI,7,0.000143,"['CHD1', 'SRCAP', 'CHD3', 'ZRANB3', 'CHD9', 'SMARCAD1', 'SMARCA4']"
HTGEKPYECK,7,0.000143,"['ZNF124', 'B4E3N1', 'O14858', 'HZF28', 'ZNF850', 'ZSCAN31', 'Q96JV1']"
CKGDSGGPLV,7,0.000143,"['PRSS55', 'KLKB1', 'PRSS41', 'GZMM', 'CFI', 'PRSS27', 'TMPRSS11F']"
AAAAAVAAAA,7,0.000143,"['ASXL3', 'DEAF1', 'ZFHX3', 'EN1', 'USP11', 'ZMIZ1', 'ALKBH5']"
KKQPPPPESG,7,0.000143,"['KMT2A', 'Q8NFH9', 'Q8TD98', 'V9ZAQ8', 'TET1-MLL', 'ALL-1-AF17', 'Q86YP1']"
FIHRDLAARN,7,0.000143,"['TNK2', 'TIE1', 'B4DIA4', 'BMX', 'ABL2', 'ROS1', 'AXL']"
EEEEEEDDDD,7,0.000143,"['CHD4', 'ZBTB7C', 'HOMEZ', 'ZBTB9', 'B4DEP3', 'CSRNP3', 'IGSF3']"
IHRDLAARNC,7,0.000143,"['B4DIA4', 'FES', 'Pe7Fe14', 'BMX', 'ABL2', 'ROS1', 'AXL']"
IHTGERPYEC,7,0.000143,"['B3KVL3', 'ZNF669', 'ZSCAN9', 'ZNF584', 'ZNF837', 'Q6ZUQ0', 'ZNF134']"
GWQNSIRHNL,7,0.000143,"['FOXK2', 'KIAA0415', 'FOXG1', 'FOXL2', 'FOXI2', 'Q8WXT4', 'FOXC2']"
PGPPGPQGPP,7,0.000143,"['EDA', 'COL18A1', 'COLQ', 'ERFE', 'COL16A1', 'COL20A1', 'COL17A1']"
RNDNSSRFGK,7,0.000143,"['MYH2', 'MYO1D', 'B4DVH2', 'Q14777', 'MYO5C', 'MYO15A', 'MYO7A']"
ELLVLEQFLT,7,0.000143,"['Q07644', 'PGBD1', 'ZBED9', 'ZNF449', 'ZKSCAN3', 'B3KQP7', 'ZSCAN29']"
EEEEEEEEEQ,7,0.000143,"['FAM9A', 'FTSJ3', 'SLC24A1', 'SCAF1', 'DCAF8L2', 'MYO15B', 'SMARCA4']"
RTHTGEKPFK,7,0.000143,"['ZNF536', 'O14844', 'ZFP41', 'ZNF544', 'PRDM6', 'ZIC1', 'ZNF74']"
LLPPPPPPPP,7,0.000143,"['CARMIL3', 'Q59EF8', 'FOXG1', 'SP5', 'CENPV', 'FBLIM1', 'GJD3']"
GILADEMGLG,7,0.000143,"['SRCAP', 'HELLS', 'SHPRH', 'INO80', 'SMARCAD1', 'SMARCA1', 'SMARCA4']"
LYGPPGTGKT,7,0.000143,"['PEX1', 'ATAD3B', 'RFC5', 'KATNAL2', 'VCP', 'B4DR91', 'PSMC5']"
EEDEEEEEED,7,0.000143,"['ZBTB4', 'BAHCC1', 'Q59H82', 'Q9Y6B5', 'PTMS', 'TTBK1', 'HNRNPUL2']"
GSAAAAAAAA,7,0.000143,"['VAX1', 'ZNF703', 'ID4', 'GSX2', 'ZIC2', 'FOXB2', 'PBX3']"
GSLQPPPPGF,7,0.000143,"['A0A1W2PPQ1', 'B4DU60', 'F5H423', 'Q6ZRN6', 'B7Z872', 'TBN', 'Q9UI48']"
PASASQVAGI,7,0.000143,"['hCG_2036511', 'FAM73B', 'Q9UHT2', 'Q96MP3', 'Q9H8K0', 'ASCC1', 'BCAS4']"
RDLKPENILL,7,0.000143,"['RPS6KA1', 'SGK3', 'GRK6', 'Q15446', 'PDPK2P', 'PRKY', 'PHKG2']"
SDSSSSSSSS,7,0.000143,"['NAF1', 'ZCCHC10', 'JMJD6', 'HEG1', 'HECTD4', 'BRD2', 'CSNKA2IP']"
PKKKQPPPPE,7,0.000143,"['KMT2A', 'Q8NFH9', 'Q8TD98', 'V9ZAQ8', 'TET1-MLL', 'ALL-1-AF17', 'Q86YP1']"
THTGERPYKC,7,0.000143,"['ZNF628', 'ZNF629', 'REST', 'ZNF669', 'ZNF768', 'ZNF500', 'ZNF705E']"
SSAAAAAAAA,7,0.000143,"['SP8', 'EGR2', 'BHLHE22', 'SPTLC2', 'FBXL17', 'NLK', 'PRDM8']"
LLLLLLLPPP,6,0.000122,"['ADAMTS2', 'CDH22', 'CELSR2', 'P3H3', 'FUCA2', 'MESD']"
NGILADEMGL,6,0.000122,"['SRCAP', 'HELLS', 'INO80', 'SMARCAD1', 'SMARCA1', 'SMARCA4']"
GEKPYKCEEC,6,0.000122,"['ZNF826P', 'Q9NS42', 'Q6ZS47', 'O60862', 'ZNF702P', 'ZNF100']"
RTHTGEKPYE,6,0.000122,"['ZNF124', 'ZBTB7A', 'ZNF629', 'ZKSCAN3', 'Q6LDH8', 'Q96JV1']"
KEEEEEEEEE,6,0.000122,"['PODN', 'FTSJ3', 'NACAD', 'ISY1', 'ATRX', 'B4DZK1']"
GVHRIRVDFK,6,0.000122,"['Q2Q441', 'KMT2A', 'Q8NFH9', 'Q8TD98', 'MLL/CALM', 'MLL-MAML2']"
QIWDTAGQER,6,0.000122,"['RAB9A', 'B4DTA6', 'RAB30', 'RAB3D', 'RAB14', 'DKFZp686J06205']"
HCSAGIGRTG,6,0.000122,"['PTPN20', 'PTPRR', 'PTPN9', 'PTPN6', 'B4DX06', 'PTPN4']"
LTETQVKIWF,6,0.000122,"['HMX3', 'Q13028', 'NKX1-1', 'NKX3-1', 'MSX2', 'MNX1']"
VHQRIHTGEK,6,0.000122,"['ZNF197', 'ZSCAN5DP', 'ZNF672', 'ZNF233', 'ZNF621', 'ZNF487']"
GEKPYECKEC,6,0.000122,"['ZNF891', 'ZNF619', 'HZF28', 'ZNF844', 'ZNF669', 'ZNF266']"
GGGGGGGSSG,6,0.000122,"['KCNMA1', 'ZSWIM6', 'DKFZp781N1049', 'PITPNM2', 'ILF3', 'ZNF281']"
SKKKKKKKKK,6,0.000122,"['LPHN1', 'DKFZp686E10165', 'B7Z407', 'ZNF302', 'MTDH', 'C20orf177']"
RVMAAQVALR,6,0.000122,"['DMRT1', 'DMRT2', 'DMRT3', 'Q9NRR0', 'DMRTA1', 'DMRTC2']"
PPQPPPPPPP,6,0.000122,"['MARCH11', 'SETD1B', 'PEG10', 'ZNF462', 'FOXB2', 'DGKD']"
AYGQTGSGKS,6,0.000122,"['KIF16B', 'KIF25', 'KIF14', 'KIF13A', 'KIF17', 'KIF28P']"
PPASASQSAG,6,0.000122,"['ZNF701', 'RABGEF1', 'Q6ZRV8', 'C14orf178', 'Q9NX85', 'LINC00269']"
ISGESGAGKT,6,0.000122,"['MYO3A', 'Q14779', 'MYO1F', 'MYO1D', 'MYO7A', 'MYO10']"
RPPPPPPPPP,6,0.000122,"['NAF1', 'CCDC71L', 'USP51', 'SETD1A', 'FASLG', 'DOT1L']"
IHQRTHTGEK,6,0.000122,"['ZNF316', 'O14889', 'ZNF544', 'ZSCAN29', 'ZNF589', 'ZNF775']"
GPGPGPGPGP,6,0.000122,"['TAF4', 'RBM12', 'RBM27', 'BSN', 'NRG2', 'SMARCA4']"
NLYRDVMLEN,6,0.000122,"['Q15636', 'hCG_1984214', 'ZNF479', 'KRBOX4', 'ZNF114', 'AVGR4']"
RDLAARNILV,6,0.000122,"['EPHB3', 'TEK', 'PTK6', 'RET', 'JAK3', 'MATK']"
QLWDTAGQER,6,0.000122,"['RAB27A', 'RAB33B', 'RAB41', 'RAB44', 'RASEF', 'B4DNC0']"
HQRSHTGEKP,6,0.000122,"['ZNF629', 'O14892', 'Q53EM3', 'ZNF175', 'ZSCAN10', 'ZKSCAN8']"
PSIPVKQKPK,6,0.000122,"['KMT2A', 'Q8NFH9', 'Q8TD98', 'TET1-MLL', 'MLL/AF6', 'Q86YP1']"
DDDDDDDDDD,6,0.000122,"['ASPN', 'TAF9', 'Q6ZUV1', 'ATAD2', 'HRC', 'URI1']"
YDRYVAICHP,6,0.000122,"['OR2AT4', 'Q86SG8', 'OR1F12', 'OR56A3', 'OR10W1', 'PJCG2']"
GTAAAAAAAA,6,0.000122,"['ONECUT2', 'NIPA1', 'RPL14', 'RBM24', 'CDK13', 'NRG3']"
PPPPPPPPAL,6,0.000122,"['GBX2', 'FIGN', 'AHDC1', 'ZIC5', 'ALG13', 'GJD3']"
EEEEEEAAAA,6,0.000122,"['MAP3K9', 'RRAGC', 'SOX12', 'ALMS1', 'ZNF592', 'TTBK1']"
VEEEEEEEEE,6,0.000122,"['B3KS12', 'NAP1L2', 'CNKSR2', 'RRP12', 'FAM212A', 'SLC4A1AP']"
LQLWDTAGQE,6,0.000122,"['RAB27A', 'RAB39A', 'RAB41', 'RAB44', 'RASEF', 'B4DNC0']"
EEEEEEEEEM,6,0.000122,"['CLSPN', 'SETD1B', 'P3H3', 'ZFP91', 'TMEM132A', 'PHF23']"
RQVKIWFQNR,6,0.000122,"['HOXB8', 'HOXD9', 'CDX2', 'HOXA11', 'HOXA4', 'HOXD10']"
LNLVDLAGSE,6,0.000122,"['CENPE', 'B4DEQ1', 'KIF15', 'KIF17', 'KIF11', 'KIFC3']"
DACKGDSGGP,6,0.000122,"['PRSS55', 'KLKB1', 'CFI', 'TMPRSS7', 'PRSS27', 'TMPRSS11F']"
HQRVHTGERP,6,0.000122,"['ZNF628', 'ZNF230', 'ZNF584', 'ZNF134', 'ZSCAN22', 'ZSCAN5B']"
VATRWYRAPE,6,0.000122,"['Q15454', 'MAPK3', 'CDKL2', 'MAPK15', 'CDK20', 'B4DI23']"
SSDPPTSASQ,6,0.000122,"['PACRG', 'hCG_1648656', 'MKNK1', 'H0YJ60', 'Q6ZPA7', 'hCG_2000535']"
AAAAAAAAGA,6,0.000122,"['PABPN1', 'SKIDA1', 'HOXA13', 'ZSWIM6', 'SLC12A2', 'SLC15A4']"
EEELEEEEEE,6,0.000122,"['KLHL34', 'TRERF1', 'PCGF6', 'CFAP65', 'UNC13A', 'ERICH6']"
ARWLTPVIPA,6,0.000122,"['NANOGNB', 'B4DRQ5', 'C8orf17', 'C1orf86', 'Q59GP7', 'ZFHX1B']"
NDNSSRFGKY,6,0.000122,"['MYO3B', 'MYO1D', 'B4DVH2', 'Q14777', 'MYO5C', 'MYO7A']"
LEAFGNAKTV,6,0.000122,"['MYH2', 'Q14779', 'MYH14', 'MYO1F', 'MYO6', 'MYO1B']"
HTGEKPYTCP,6,0.000122,"['ZNF214', 'ZNF205', 'ZKSCAN5', 'ZNF787', 'ZNF500', 'ZSCAN4']"
ASASRVAGTT,6,0.000122,"['FLJ00399', 'AGBL3', 'Q6ZSR7', 'Q8N6A8', 'AVGR8', 'C9orf85']"
QPPPPPPPAP,6,0.000122,"['HMX3', 'FOXG1', 'HCN2', 'Q09ND3', 'SOBP', 'PPP1R9B']"
LHTPMYFFLS,6,0.000122,"['Q8NH45', 'OR2J3', 'LOC441453', 'OR10J6P', 'OR1J1', 'Q86UH0']"
EKPYECKECG,6,0.000122,"['ZNF619', 'HZF28', 'ZNF844', 'ZNF669', 'ZNF266', 'ZFP69B']"
ECNGAISAHC,6,0.000122,"['A0A0A0MQY5', 'Q86TV4', 'Q6ZSG8', 'Q96MP3', 'ZNF415', 'hCG_1744006']"
AYDRYVAICH,6,0.000122,"['OR2AT4', 'Q86SG8', 'OR1F12', 'OR56A3', 'OR10W1', 'PJCG2']"
EKEEEEEEEE,6,0.000122,"['BCAN', 'PODN', 'CFAP44', 'ISY1', 'ATRX', 'B4DZK1']"
RDLAARNCLV,6,0.000122,"['Q9NPI3', 'FES', 'Pe7Fe14', 'BMX', 'ABL2', 'ROS1']"
TRAGGLGINL,6,0.000122,"['CHD1', 'HELLS', 'CHD4', 'CHD9', 'INO80', 'SMARCA1']"
PPQQQPPPPP,6,0.000122,"['HCN2', 'MN1', 'FBXO11', 'Q09ND3', 'SMARCC1', 'HOXA10']"
AAAAAAAATA,6,0.000122,"['OTUD7A', 'GBX1', 'TBL1X', 'ARX', 'ZFR', 'EOMES']"
VMAAQVALRR,6,0.000122,"['DMRT1', 'DMRT2', 'DMRT3', 'Q9NRR0', 'DMRTA1', 'DMRTC2']"
LQIWDTAGQE,6,0.000122,"['RAB36', 'RAB9B', 'B4DTA6', 'RAB30', 'RAB3D', 'RAB14']"
QQQLQQQQQQ,6,0.000122,"['KMT2D', 'B4E2K2', 'AAD10', 'MED15', 'CIZ1', 'SOGA3']"
DSPASASRVA,6,0.000122,"['NEK4', 'Q6ZWG0', 'DSERG1', 'C14orf105', 'C9orf85', 'ZNF415']"
GEKPYKCSEC,6,0.000122,"['ZNF215', 'ZNF691', 'ZNF175', 'ZNF285A', 'ZNF473', 'ZNF74']"
RRIHTGERPY,6,0.000122,"['MZF1', 'ZNF316', 'B3KQ93', 'ZNF574', 'ZNF416', 'REPIN1']"
PPGFKQFSCL,6,0.000122,"['C16orf89', 'F5H423', 'Q6ZS53', 'B4DGH0', 'Q9NX85', 'Q9H700']"
IVHRDLKPEN,6,0.000122,"['CAMK1G', 'CAMK2G', 'CAMK4', 'DCLK3', 'CDK4', 'PHKG2']"
MAAQVALRRQ,6,0.000122,"['DMRT1', 'DMRT2', 'DMRT3', 'Q9NRR0', 'DMRTA1', 'DMRTC2']"
HTKEQILELL,6,0.000122,"['ZNF174', 'ZBED9', 'ZNF167', 'ZNF496', 'B3KQP7', 'ZSCAN26']"
EEEAEEEEEE,6,0.000122,"['PRKCSH', 'RANGAP1', 'ZFHX3', 'SETD1B', 'SHROOM4', 'WDR70']"
VIPALWEAEA,6,0.000122,"['NANOGNB', 'Q29890', 'hCG_2036818', 'Q59GP7', 'B4E294', 'ZFHX1B']"
SSTSSSSSSS,6,0.000122,"['C16orf62', 'ZNF703', 'CHD9', 'USP24', 'ATXN7L1', 'B4DH18']"
FTSGRHYWEV,6,0.000122,"['TRIM39', 'BTN1A1', 'RFPL4A', 'TRIML2', 'TRIML1', 'Q59F79']"
FQNRRAKWRK,6,0.000122,"['NOBOX', 'ARX', 'DRGX', 'UNCX', 'ALX3', 'VSX1']"
VVHCSAGVGR,6,0.000122,"['PTPRZ1', 'PTPRF', 'PTPRE', 'PTPRC', 'PTPRB', 'PTPN14']"
EEEDDEEEEE,6,0.000122,"['PPP1R1B', 'FGD1', 'BCL11A', 'PLCD3', 'ZBTB47', 'ZCCHC6']"
HHRIHTGEKP,6,0.000122,"['ZNF175', 'ZNF75D', 'ZKSCAN3', 'DKFZp761O1618', 'ZNF594', 'ZNF74']"
MAAAAAAAAA,6,0.000122,"['CNNM1', 'PABPN1', 'MAZ', 'COPS6', 'FOXL2', 'LCORL']"
EEEEEDDDDD,6,0.000122,"['CHD4', 'ZBTB7C', 'HOMEZ', 'CSRNP3', 'PRDM2', 'IGSF3']"
IPALWEAEAG,6,0.000122,"['NANOGNB', 'Q29890', 'hCG_2036818', 'Q59GP7', 'B4E294', 'ZFHX1B']"
LSLPSSWDYR,6,0.000122,"['B7Z585', 'Q9H3C0', 'GVQW1', 'Q9UI85', 'Q8N287', 'Q15662']"
GGGGGGGGGP,6,0.000122,"['HOXD9', 'ARIH1', 'ONECUT2', 'GSK3A', 'UNC80', 'FBXL17']"
RPSIPVKQKP,6,0.000122,"['KMT2A', 'Q8NFH9', 'Q8TD98', 'TET1-MLL', 'MLL/AF6', 'Q86YP1']"
PGPGPGPGPG,6,0.000122,"['TAF4', 'RBM12', 'RBM27', 'BSN', 'NRG2', 'SMARCA4']"
HVRIHTGEKP,6,0.000122,"['ZNF891', 'ZBTB17', 'ZNF236', 'BCL6B', 'ZNF76', 'ZNF560']"
SPASASQVAG,6,0.000122,"['FAM73B', 'Q9UHT2', 'Q96MP3', 'Q9H8K0', 'ASCC1', 'BCAS4']"
RLVITPLTDR,6,0.000122,"['DNAH2', 'DNAH14', 'DNAH10', 'DNAH7', 'DNAH5', 'DNAH11']"
HRDLAARNCL,6,0.000122,"['Q9NPI3', 'FES', 'Pe7Fe14', 'BMX', 'ABL2', 'ROS1']"
VHTGEKPYEC,6,0.000122,"['B4DSG8', 'ZNF619', 'ZKSCAN3', 'ZNF835', 'ZNF559', 'ZNF286B']"
LVLEQFLTIL,6,0.000122,"['Q07644', 'PGBD1', 'ZBED9', 'B4DP49', 'ZNF449', 'ZKSCAN3']"
PPPAPPPPPP,6,0.000122,"['WT1', 'FHDC1', 'LMTK3', 'WASF2', 'BOD1L1', 'MEGF8']"
IHQRVHTGEK,6,0.000122,"['ZNF214', 'K7ENM7', 'B7ZKX2', 'ZKSCAN3', 'ZNF573', 'ZNF806']"
ACKGDSGGPL,6,0.000122,"['PRSS55', 'KLKB1', 'CFI', 'TMPRSS7', 'PRSS27', 'TMPRSS11F']"
EGCKGFFRRS,6,0.000122,"['RARA', 'VDR', 'RORB', 'NR1H4', 'NR1D1', 'NR1H3']"
LEEEEEEEEE,6,0.000122,"['NEUROD1', 'PCGF6', 'CFAP65', 'ALMS1', 'CUL9', 'IRX6']"
SGRHYWEVEV,6,0.000122,"['BTN3A1', 'TRIM68', 'Q59G25', 'TRIML1', 'TRIM60', 'TRIM41']"
SIPVKQKPKE,6,0.000122,"['KMT2A', 'Q8NFH9', 'Q8TD98', 'TET1-MLL', 'MLL/AF6', 'Q86YP1']"
IWFQNRRMKW,6,0.000122,"['DBX2', 'DBX1', 'HOXB4', 'HOXA7', 'PDX1', 'MNX1']"
RDVMLENYRN,6,0.000122,"['ZNF670-ZNF695', 'Q96LN7', 'Q15636', 'hCG_1984214', 'ZNF479', 'AVGR5']"
GPAAAAAAAA,6,0.000122,"['Q6ZTF0', 'GSX1', 'FOXD1', 'A8K5V0', 'Q8N2G0', 'GDF11']"
GRHYWEVEVG,6,0.000122,"['BTN3A1', 'TRIM27', 'Q59G25', 'TRIML1', 'TRIM60', 'TRIM41']"
PPPPPPPPPT,6,0.000122,"['MICALCL', 'RAPH1', 'SP5', 'ACR', 'ENO4', 'WIPF3']"
EKPYKCSECG,6,0.000122,"['ZNF215', 'ZNF691', 'ZNF175', 'ZNF285A', 'ZNF473', 'ZNF74']"
SDEEEEEEEE,6,0.000122,"['DAXX', 'PELP1', 'BAZ1B', 'BOD1L1', 'CSRNP3', 'IBSP']"
GRPGPPGPPG,6,0.000122,"['C1QL4', 'B3KWS8', 'COL22A1', 'COL27A1', 'COL4A2', 'COL26A1']"
FHHVGQAGLE,6,0.000122,"['HSP90AA5P', 'O75029', 'RABGEF1', 'MST121', 'Q9NRE8', 'Q6ZNX9']"
EEEEAEEEEE,6,0.000122,"['PRKCSH', 'RANGAP1', 'ZFHX3', 'SETD1B', 'SHROOM4', 'WDR70']"
SSSSSSSSSL,6,0.000122,"['MBTPS2', 'NPAS1', 'EDC4', 'SH3PXD2A', 'ATXN7L1', 'ING3']"
TGEKPYKCEE,6,0.000122,"['ZNF826P', 'Q9NS42', 'Q6ZS47', 'O60862', 'ZNF702P', 'ZNF100']"
HRDLKPENIL,6,0.000122,"['PDPK2P', 'RPS6KA4', 'Q15446', 'MKNK1', 'CDK4', 'PHKG2']"
KHQRIHTGEK,6,0.000122,"['K7ENM7', 'Q15936', 'ZKSCAN1', 'DKFZp761O1618', 'ZNF394', 'ZNF135']"
QQQQQQQQQR,6,0.000122,"['POU3F2', 'MN1', 'CELF3', 'FAM155A', 'Q59G00', 'TMEM229A']"
QQQQQQQQQE,6,0.000122,"['SIK3', 'RUNX2', 'AR', 'DCP1B', 'DENND4B', 'CAGH16']"
QSAGITGVSH,6,0.000122,"['GVQW1', 'ZNF701', 'Q6ZRV8', 'Q9H397', 'C14orf178', 'LINC00269']"
PYRDSKLTRL,6,0.000122,"['KIF4A', 'B4DEQ1', 'KIF17', 'KIF18B', 'KIF22', 'KIF21A']"
RLECSGAISA,6,0.000122,"['GLOD4', 'GVQW2', 'Q8WZ39', 'ZMAT1', 'FAM73B', 'AVGR8']"
RIHTGERPYE,6,0.000122,"['B3KVL3', 'ZSCAN9', 'ZNF584', 'ZNF837', 'Q6ZUQ0', 'ZNF134']"
SSRSHAIFTI,6,0.000122,"['KIF16B', 'KIF27', 'KIF4A', 'STARD9', 'KIF21A', 'KIF3A']"
SPPPPPPPPP,6,0.000122,"['FNBP4', 'VIRMA', 'ZIC5', 'SCX', 'RNF215', 'ANTXRL']"
PPPPPPPPSS,6,0.000122,"['TICAM1', 'KMT2E', 'ZFHX4', 'DMRTB1', 'WAS', 'LMOD2']"
GGGAGGGGGG,6,0.000122,"['POU3F3', 'RALY', 'HOXA10', 'ZSWIM6', 'ZIC2', 'LRCH2']"
AAAAAAAAAK,6,0.000122,"['LHX2', 'ELN', 'HMX3', 'RPL14', 'EN1', 'PHOX2B']"
AAAAAAAAAP,6,0.000122,"['E2F3', 'MSH3', 'CASKIN1', 'FOXF2', 'SRP14', 'BTBD2']"
EEEEDEDEEE,6,0.000122,"['ZNF326', 'HMGB2', 'Q1AHP8', 'SENP3', 'SECISBP2L', 'A0A1U9X7B3']"
SGGGGGGGGS,6,0.000122,"['HNRNPA0', 'KCNMA1', 'LOR', 'A8K4T9', 'DKFZp781N1049', 'KIF3C']"
QRQQQQQQQQ,6,0.000122,"['ZMYND8', 'MAML3', 'SIK3', 'TBP', 'C9orf43', 'FAM155A']"
RDRERERERE,6,0.000122,"['ACIN1', 'ZC3H13', 'RBM25', 'MARVELD3', 'CBX8', 'UBR5']"
QQQQQQQQQK,6,0.000122,"['ARID3B', 'GIGYF2', 'FAM171B', 'B4DX97', 'TFCP2', 'ABCF1']"
VPPPPPPPPP,6,0.000122,"['SHTN1', 'DIAPH3', 'FMNL1', 'RAPH1', 'ENO4', 'SRPK2']"
EEEEDDEEEE,6,0.000122,"['PPP1R1B', 'ACIN1', 'BCL11A', 'PLCD3', 'ZBTB47', 'ZCCHC6']"
DRDRDRERDR,6,0.000122,"['B4E0S6', 'ACIN1', 'NELFE', 'RBM25', 'CBX8', 'CPSF6']"
THTGERPYTC,6,0.000122,"['Q96K08', 'ZNF76', 'ZNF777', 'ZNF705E', 'ZSCAN5A', 'ZNF774']"
LLLLPLLLLL,6,0.000122,"['B4DV14', 'PCDHAC2', 'B4DJY0', 'CNPY3', 'NUCB1', 'SLC27A3']"
EEEEEEEEAA,6,0.000122,"['LMNB1', 'ALMS1', 'CELSR2', 'MAP3K9', 'TTBK1', 'MYT1']"
SGESGAGKTE,6,0.000122,"['MYO3A', 'Q14784', 'MYO1D', 'MYO6', 'MYO7A', 'MYO10']"
AAQVALRRQQ,6,0.000122,"['DMRT1', 'DMRT2', 'DMRT3', 'Q9NRR0', 'DMRTA1', 'DMRTC2']"
PRPPKVLGLQ,6,0.000122,"['Q9P1C6', 'MYL10', 'Q86TT9', 'Q9H7Y8', 'B4E334', 'CDK5RAP1']"
ESSSSSSSSS,6,0.000122,"['JCAD', 'SETD1A', 'PRG4', 'DCAF5', 'BRDT', 'CUL4B']"
HRIHTGEKPY,6,0.000122,"['ZNF175', 'ZNF75D', 'ZKSCAN3', 'DKFZp761O1618', 'ZNF594', 'ZNF74']"
PGPPPPPPPP,6,0.000122,"['FOXK1', 'CDK12', 'HOXB4', 'MMP24', 'MYRF', 'GABBR2']"
SSSSSGSSSS,6,0.000122,"['TNRC18', 'SRRM2', 'AFF3', 'EDC4', 'PNN', 'SOX4']"
MLENYRNLVS,6,0.000122,"['Q96LN7', 'B3KU17', 'ZNF479', 'ZIM2', 'ZNF274', 'AVGR5']"
VHCSAGIGRT,6,0.000122,"['PTPN20', 'PTPRR', 'PTPN9', 'PTPN6', 'B4DX06', 'PTPN4']"
RVHTGEKPYE,6,0.000122,"['B4DSG8', 'ZNF619', 'ZKSCAN3', 'ZNF559', 'A8K1G6', 'ZNF286B']"
PSAAAAAAAA,6,0.000122,"['HOXA13', 'EOMES', 'KCNN2', 'OTP', 'FOXI3', 'PTBP1']"
RLECNGAISA,6,0.000122,"['A0A0A0MQY5', 'Q86TV4', 'Q96MP3', 'B4E2D1', 'ZNF415', 'hCG_1744006']"
QVKVWFQNRR,6,0.000122,"['VAX1', 'HLX', 'HOXB2', 'EMX1', 'NKX6-2', 'MEOX1']"
DEEEEEEEDE,6,0.000122,"['TULP1', 'HUWE1', 'ABCC9', 'APLP2', 'PAK3', 'Q5U071']"
EEEEEEEEEL,6,0.000122,"['HOMEZ', 'TIMELESS', 'BCL11B', 'UQCRHL', 'TSPOAP1', 'DKFZp686H09231']"
PVKQKPKEKE,6,0.000122,"['MLL/BTBD18', 'KMT2A', 'Q8TD98', 'Q2Q442', 'MLL-MAML2', 'MLL/AF6']"
KQQQQQQQQQ,6,0.000122,"['CHD1', 'MAML3', 'KMT2D', 'USF3', 'VEZF1', 'ATXN3']"
IRHQRIHTGE,6,0.000122,"['ZNF629', 'ZNF781', 'ZNF582', 'ZNF467', 'B4E0P9', 'ZNF397']"
TGEKPYECKE,6,0.000122,"['ZNF891', 'ZNF619', 'HZF28', 'ZNF844', 'ZNF669', 'ZNF266']"
RTHTGEKPFA,6,0.000122,"['ZBTB7B', 'EGR1', 'EGR4', 'SALL1', 'GLI4', 'ZNF33B']"
TETQVKIWFQ,6,0.000122,"['HMX3', 'Q13028', 'NKX1-1', 'NKX3-1', 'MSX2', 'MNX1']"
SDVWSFGILL,6,0.000122,"['PDGFRB', 'CSK', 'FES', 'Pe7Fe14', 'LYN', 'FGFR4']"
WIDLIFGYKQ,6,0.000122,"['NBEA', 'WDFY4', 'WDFY3', 'B7Z9H4', 'NSMAF', 'NBEAL2']"
VLEQFLTILP,6,0.000122,"['Q07644', 'PGBD1', 'ZBED9', 'B4DP49', 'ZNF449', 'ZKSCAN3']"
GSSNSPASAS,6,0.000122,"['MAP4K1', 'hCG_2011315', 'Q99770', 'B4DES2', 'MYL10', 'Q6ZPB0']"
EEEEEEEEGS,6,0.000122,"['LMTK3', 'TPRN', 'CDK11A', 'B7Z347', 'WEE1', 'PRX']"
RYVAICHPLR,6,0.000122,"['hCG_1646325', 'OR10AC1', 'OR51E2', 'OR56A3', 'OR2T4', 'OR7G1']"
MGFHHVGQAG,6,0.000122,"['hCG_2002310', 'HSP90AA5P', 'Q6ZUA3', 'O75029', 'MST121', 'Q6ZNV7']"
RFKRFSCLSL,6,0.000122,"['B7Z585', 'A0A286YEX6', 'A0A248J1I3', 'B7Z2Z5', 'Q8N5D4', 'B7Z5R4']"
PPPPPQQQQQ,6,0.000122,"['TOB1', 'GIGYF1', 'FBXO11', 'CELF3', 'RANBP9', 'BRD4']"
EARVQVWFQN,6,0.000122,"['ARX', 'DRGX', 'SHOX', 'ALX3', 'PRRX1', 'PHOX2B']"
PPGFKRFSCL,6,0.000122,"['Q6ZP92', 'Q7Z5M1', 'B7Z8I7', 'LINC00596', 'KNL1', 'Q708E2']"
LLVLEQFLTI,6,0.000122,"['Q07644', 'PGBD1', 'ZBED9', 'ZNF449', 'ZKSCAN3', 'B3KQP7']"
ARVQVWFQNR,6,0.000122,"['ARX', 'DRGX', 'SHOX', 'ALX3', 'PRRX1', 'PHOX2B']"
SSSGSSSSSS,6,0.000122,"['TNRC18', 'AFF3', 'B7Z2B9', 'EDC4', 'PHLDB1', 'RLIM']"
AGVQWHDLGS,6,0.000122,"['B7Z2Z5', 'Q9NQ27', 'Q6ZS53', 'Q9NWI4', 'Q9H5D5', 'OK/SW-cl.41']"
DSSSSSSSSS,6,0.000122,"['NAF1', 'E2F4', 'JMJD6', 'HEG1', 'BRD2', 'CSNKA2IP']"
LVDLAGSERA,6,0.000122,"['KIF16B', 'KIF1C', 'CENPE', 'KIF13B', 'STARD9', 'KIFC2']"
VAHACNPSTL,6,0.000122,"['B7Z407', 'hCG_2019237', 'E9PLZ0', 'OR1F12', 'PKP2', 'ZNF429']"
LLLLLLLLLG,6,0.000122,"['DCHS1', 'PCSK9', 'BRI3BP', 'LRCOL1', 'LAMP1', 'LTBP3']"
EEEEEAEEEE,6,0.000122,"['PRKCSH', 'RANGAP1', 'ZFHX3', 'SETD1B', 'SHROOM4', 'WDR70']"
THTGEKPFAC,6,0.000122,"['ZBTB7B', 'EGR1', 'EGR4', 'SALL1', 'GLI4', 'ZNF33B']"
LLLLLLLPPL,5,0.000102,"['SCUBE2', 'NPR1', 'SIGLEC12', 'LMLN2', 'PROK2']"
QQQQQQPQQQ,5,0.000102,"['ELMSAN1', 'SMARCA2', 'AMOT', 'TNRC6A', 'HLX']"
IPADGVHRIR,5,0.000102,"['MLL/CALM', 'KMT2A', 'Q8NFH9', 'MLL-MAML2', 'Q8TD98']"
EEEEEEVEEE,5,0.000102,"['BRPF3', 'ERICH6', 'WWC1', 'ZEB1', 'CCDC136']"
GGGGSSGGGG,5,0.000102,"['MN1', 'ZSWIM6', 'KCNMA1', 'DKFZp781N1049', 'PITPNM2']"
SMEECEALCT,5,0.000102,"['ABCA12', 'ABCA13', 'ABCA3', 'B4DWY6', 'ABCA1']"
GFHHVGQAGL,5,0.000102,"['LINC00269', 'MST121', 'O75029', 'Q6ZNX9', 'HSP90AA5P']"
GETGSGKTTQ,5,0.000102,"['DHX38', 'YTHDC2', 'DHX33', 'B4DFD7', 'DHX37']"
EEEEEEAEEE,5,0.000102,"['PCM1', 'PRKCSH', 'RANGAP1', 'ZFHX3', 'SHROOM4']"
LILDEATSAL,5,0.000102,"['hCG_38926', 'ABCB9', 'ABCB8', 'ABCB5', 'E7ENX8']"
EEEEDEEDEE,5,0.000102,"['HMGB1', 'NBR1', 'TULP1', 'GRWD1', 'BRD2']"
PAGTGKTETT,5,0.000102,"['O00434', 'DNAH5', 'DNAH10', 'DNAH7', 'DNAH11']"
YVATRWYRAP,5,0.000102,"['B4DI23', 'MAPK15', 'CDKL2', 'Q15454', 'MAPK3']"
PLRFWVNILK,5,0.000102,"['PLXNC1', 'PLXNB2', 'Q86YC4', 'MM1', 'PLXND1']"
TLAIGDGAND,5,0.000102,"['ATP8B3', 'ATP10A', 'ATP8A1', 'B3KVY8', 'ATP11A']"
REEEEEEEEE,5,0.000102,"['SETD1B', 'CHGA', 'PODXL2', 'TMEM132A', 'ZNF428']"
GTGKTLLAKA,5,0.000102,"['PSMC1', 'AFG3L2', 'Q8N8B4', 'KATNAL2', 'PEX6']"
VHRDLKPENL,5,0.000102,"['DCLK3', 'RPS6KA5', 'CAMK2A', 'CAMK1G', 'CAMK4']"
ISAHCNLCLP,5,0.000102,"['ASCC1', 'Q86TV4', 'GVQW2', 'ITCH', 'B4E1H1']"
GPPGPRGPPG,5,0.000102,"['COL15A1', 'C1QL2', 'COL17A1', 'COL25A1', 'COL26A1']"
GNSSKQKIPA,5,0.000102,"['MLL/CALM', 'KMT2A', 'Q8NFH9', 'MLL-MAML2', 'Q8TD98']"
YECKECGKAF,5,0.000102,"['ZNF184', 'HZF28', 'ZNF833P', 'ZNF844', 'B4E3N1']"
MEECEALCTR,5,0.000102,"['ABCA12', 'ABCA13', 'ABCA3', 'B4DWY6', 'ABCA1']"
ALCTRLAIMV,5,0.000102,"['ABCA12', 'ABCA4', 'ABCA13', 'B4DI99', 'ABCA3']"
GAWGCFDEFN,5,0.000102,"['DNAH2', 'DNAH10', 'DYNC2H1', 'DNAH11', 'DYNC1H1']"
LGSSDSPASA,5,0.000102,"['B4E2D1', 'Q8N8C2', 'NEK4', 'pp12301', 'Q6ZNX9']"
KEKPPPVNKQ,5,0.000102,"['MLL-MAML2', 'MLL/BTBD18', 'KMT2A', 'MLL/AF6', 'Q8TD98']"
EKPYKCNECG,5,0.000102,"['ZNF273', 'ZKSCAN8', 'ZNF248', 'Q8N692', 'DKFZp686K03205']"
LNILSTLSNG,5,0.000102,"['MLL/CALM', 'KMT2A', 'Q8NFH9', 'MLL-MAML2', 'Q8TD98']"
TGEKPYKCSE,5,0.000102,"['ZNF215', 'ZNF175', 'ZNF691', 'ZNF74', 'ZNF285A']"
KLTRLLQDSL,5,0.000102,"['B4DEQ1', 'KIF17', 'KIF21A', 'KIF4A', 'KIF22']"
EEEEVEEEEE,5,0.000102,"['PLCB2', 'ERICH6', 'CCDC136', 'MSH5', 'B4DYV0']"
LRFWVNILKN,5,0.000102,"['PLXNC1', 'PLXNB2', 'Q86YC4', 'MM1', 'PLXND1']"
AHCNLRLPGS,5,0.000102,"['Q6ZUK0', 'FP1523', 'FAM193A', 'Q59H67', 'B7Z6Y3']"
KLSRALRYYY,5,0.000102,"['ETV3L', 'ELK3', 'GABPA', 'ERG', 'ELF5']"
YSRSRSRSRS,5,0.000102,"['SRSF5', 'RSRP1', 'NKTR', 'CHERP', 'SRRM4']"
ILSTLSNGNS,5,0.000102,"['MLL/CALM', 'KMT2A', 'Q8NFH9', 'MLL-MAML2', 'Q8TD98']"
THTGEKPYGC,5,0.000102,"['ZNF649', 'ZNF554', 'ZNF441', 'ZSCAN29', 'ZNF487']"
PEDEEEEEEE,5,0.000102,"['RTN4', 'HMGB2', 'CCDC184', 'B4DHJ8', 'SUPT5H']"
QQQQPPPPPQ,5,0.000102,"['MEF2A', 'SLITRK5', 'PHLPP1', 'SFPQ', 'HEL-123']"
LLLLLLLLPL,5,0.000102,"['Q671U8', 'NPW', 'C1QC', 'ADAMTS8', 'PLBD1']"
GGGGSGGGGS,5,0.000102,"['CNOT3', 'PCDH10', 'scFv', 'SRP68', 'RALY']"
SASQVAGITG,5,0.000102,"['Q9UHT2', 'ASCC1', 'B4DDY0', 'hCG_2036511', 'Q6ZR23']"
AGTLNILSTL,5,0.000102,"['MLL/CALM', 'KMT2A', 'Q8NFH9', 'TET1-MLL', 'Q8TD98']"
RLECSGTILA,5,0.000102,"['Q9H8K0', 'FLJ00047', 'A0A1W2PRX2', 'MLL5', 'B4DK85']"
PPPPPPPGPP,5,0.000102,"['WASL', 'MYO16', 'ZC3H4', 'WASF2', 'WIPF2']"
SHSMEECEAL,5,0.000102,"['ABCA12', 'ABCA13', 'ABCA3', 'B4DWY6', 'ABCA1']"
FITMNPGYAG,5,0.000102,"['DNAH2', 'DNAH10', 'DNAH11', 'DNAH7', 'DYNC1H1']"
SGGGGSGGGG,5,0.000102,"['scFv', 'COL17A1', 'RFX1', 'RALY', 'ZNF281']"
KQFSCLSLPS,5,0.000102,"['Q9H700', 'F5H423', 'Q6ZTF6', 'Q6ZS53', 'B4DGH0']"
CNPSTLGGRG,5,0.000102,"['OR1F12', 'B4DUT2', 'Q6YL41', 'Q8IVM4', 'ZNF429']"
PPPPPPPPAA,5,0.000102,"['PXK', 'FOXG1', 'NYAP1', 'WASF2', 'RBL2']"
ESGPEQSKQK,5,0.000102,"['KMT2A', 'Q86YP1', 'Q8NFH9', 'TET1-MLL', 'Q8TD98']"
SKLTRLLQDS,5,0.000102,"['B4DEQ1', 'KIF17', 'KIF21A', 'KIF4A', 'KIF22']"
LLLPPPPPPP,5,0.000102,"['CARMIL3', 'TMEM222', 'FOXG1', 'Q59EF8', 'N4BP2']"
KAAAAAAAAA,5,0.000102,"['SOX21', 'KDM1A', 'HOXD8', 'SKIDA1', 'SRP14']"
PQPQPPPPPP,5,0.000102,"['CRTC1', 'PRR12', 'HTT', 'W5U981', 'BOD1L1']"
EEEELEEEEE,5,0.000102,"['CFAP65', 'KLHL34', 'CCER1', 'TRERF1', 'PCGF6']"
CIHRDLAARN,5,0.000102,"['Pe7Fe14', 'FLT1', 'FGFR3', 'FES', 'KIT']"
NILSTLSNGN,5,0.000102,"['MLL/CALM', 'KMT2A', 'Q8NFH9', 'MLL-MAML2', 'Q8TD98']"
THTGERPYAC,5,0.000102,"['ZNF705G', 'ZNF771', 'ZNF853', 'ZNF837', 'ZNF274']"
REREREREKE,5,0.000102,"['ZC3H13', 'RBM25', 'ATN1', 'RNF20', 'NCOR1']"
LENYRNLVSL,5,0.000102,"['ZNF479', 'B3KU17', 'AVGR5', 'ZIM2', 'Q96LN7']"
HSGEKPYKCS,5,0.000102,"['ZNF341', 'ZNF572', 'ZSCAN5A', 'ZNF232', 'ZNF649']"
LTRLLQDSLG,5,0.000102,"['B4DEQ1', 'KIF17', 'KIF21A', 'KIF4A', 'KIF22']"
FVHRDLAARN,5,0.000102,"['MET', 'IGF1R', 'MST1R', 'ZAP70', 'CSK']"
PRLECSGTIL,5,0.000102,"['Q9H8K0', 'FLJ00047', 'A0A1W2PRX2', 'MLL5', 'B4DK85']"
LGLIWTIILH,5,0.000102,"['SYNE2', 'MACF1', 'PLEC', 'B4E2T3', 'B4DSS9']"
SRSYSRSRSR,5,0.000102,"['RBM26', 'RSRP1', 'NKTR', 'CHERP', 'SRRM4']"
EPPPPPPPPP,5,0.000102,"['AHDC1', 'INF2', 'ZFHX3', 'MAP3K4', 'FNBP4']"
GGGSGGGGGS,5,0.000102,"['DACH1', 'SRP68', 'EN2', 'ZFC3H1', 'TCF7L1']"
EAFGNAKTVR,5,0.000102,"['MYH2', 'MYO1F', 'Q14779', 'MYO6', 'MYO1B']"
EEEDEEEEED,5,0.000102,"['SALL2', 'ANO8', 'FAM193A', 'PRDM2', 'PPP6R1']"
SSSSSSSPSS,5,0.000102,"['FAM227B', 'RANBP10', 'TPRXL', 'RLIM', 'KLHL1']"
DPPASASQSA,5,0.000102,"['LINC00269', 'ZNF701', 'RABGEF1', 'Q9NX85', 'O00420']"
LECSGAISAH,5,0.000102,"['ZMAT1', 'GLOD4', 'GVQW2', 'AVGR8', 'Q8WZ39']"
ECEALCTRLA,5,0.000102,"['ABCA12', 'ABCA4', 'ABCA13', 'B4DI99', 'ABCA3']"
HERTHTGEKP,5,0.000102,"['Q6LDH8', 'Q9H861', 'ZNF124', 'SALL1', 'Q96JV1']"
PPPPESGPEQ,5,0.000102,"['KMT2A', 'Q86YP1', 'Q8NFH9', 'TET1-MLL', 'Q8TD98']"
TEARVQVWFQ,5,0.000102,"['ARX', 'PRRX1', 'PHOX2B', 'ALX3', 'DRGX']"
AGPAGTGKTE,5,0.000102,"['DNAH14', 'DNAH1', 'DNAH10', 'DNAH11', 'DNAH5']"
EEEEEEDEED,5,0.000102,"['GRWD1', 'HUWE1', 'PATL2', 'TULP1', 'BRD2']"
QENAGTLNIL,5,0.000102,"['MLL/CALM', 'KMT2A', 'Q8NFH9', 'TET1-MLL', 'Q8TD98']"
GVQWRDLGSL,5,0.000102,"['Q8N1G7', 'Q96LS9', 'B4DU60', 'B4DT89', 'Q96JR5']"
IHSGEKPYEC,5,0.000102,"['ZKSCAN1', 'ZNF823', 'ZNF134', 'ZEB1', 'HIC1']"
EKEKPPPVNK,5,0.000102,"['MLL-MAML2', 'MLL/BTBD18', 'KMT2A', 'MLL/AF6', 'Q8TD98']"
HERIHTGEKP,5,0.000102,"['ZNF319', 'ZNF184', 'ZNF865', 'ZNF200', 'ZSCAN4']"
GGEEEEEEEE,5,0.000102,"['NEUROD2', 'KDM2A', 'RUSC2', 'PTMA', 'DCAF8L2']"
GPIVVHCSAG,5,0.000102,"['PTPRS', 'PTPRE', 'PTPRK', 'PTPRC', 'PTPN7']"
QQPPPPPPPQ,5,0.000102,"['BRD4', 'CRTC1', 'KAT6A', 'WASF3', 'POU3F2']"
IHTGERPYKC,5,0.000102,"['ZKSCAN8', 'ZNF542P', 'ZFP69', 'ZNF419', 'ZNF559']"
DSCKGDSGGP,5,0.000102,"['A6XNE2', 'GZMK', 'Q6TDG2', 'PRSS48', 'F7']"
GLALSPRLEC,5,0.000102,"['TMEM78', 'Q9P1C6', 'A0A1W2PRX2', 'Q6ZNU1', 'pp12301']"
KVAPRPSIPV,5,0.000102,"['KMT2A', 'Q86YP1', 'Q8NFH9', 'TET1-MLL', 'Q8TD98']"
LVITPLTDRC,5,0.000102,"['DNAH2', 'DNAH14', 'DNAH5', 'DNAH7', 'DNAH11']"
HTGEKPYPCP,5,0.000102,"['ZNF500', 'BCL6B', 'ZNF689', 'ZNF697', 'ZNF648']"
HMRTHTGEKP,5,0.000102,"['ZNF891', 'ZNF559', 'ZNF711', 'ZNF536', 'ZBTB7B']"
TVLTIAHRLN,5,0.000102,"['ABCC4', 'Q9BV39', 'ABCC12', 'ABCC10', 'ABCC3']"
PPPPPPPQQQ,5,0.000102,"['BRD4', 'KAT6A', 'TOB1', 'GIGYF1', 'RBM33']"
LWDTAGQERF,5,0.000102,"['B4DNC0', 'RAB27A', 'RAB41', 'RASEF', 'RAB33B']"
NKQENAGTLN,5,0.000102,"['MLL/CALM', 'KMT2A', 'Q8NFH9', 'TET1-MLL', 'Q8TD98']"
LRTHTGEKPF,5,0.000102,"['ZBTB48', 'KLF11', 'ZBTB24', 'ZNF561', 'GLI4']"
RTHTGEKPFT,5,0.000102,"['ZNF75A', 'ZNF202', 'ZNF180', 'ZBTB24', 'CTCFL']"
KKAYRKLALK,5,0.000102,"['DNAJB3', 'B4DNN5', 'DNAJA1', 'DNAJC21', 'DNAJC18']"
PMYFFLSHLS,5,0.000102,"['OR8S1', 'OR2G2', 'Q86UG9', 'Q86UH0', 'OR9A2']"
DSPASASQVA,5,0.000102,"['Q9H8K0', 'ASCC1', 'BCAS4', 'Q6ZNV7', 'FAM73B']"
GPPGPPGPRG,5,0.000102,"['COL18A1', 'COL17A1', 'C1QL4', 'COL11A1', 'COL26A1']"
THTGEKPFTC,5,0.000102,"['ZNF75A', 'ZNF202', 'ZNF180', 'ZBTB24', 'CTCFL']"
PGFKQFSCLS,5,0.000102,"['Q9H700', 'Q9NX85', 'F5H423', 'Q6ZS53', 'B4DGH0']"
PPPPGPPPPP,5,0.000102,"['WIPF2', 'ENAH', 'WASL', 'WASF2', 'B4DNA3']"
SQQQQQQQQQ,5,0.000102,"['MAMLD1', 'ZNF384', 'NCOA6', 'NCOR2', 'AMOT']"
VQWRDLGSLQ,5,0.000102,"['Q8N1G7', 'Q96LS9', 'B4DU60', 'B4DT89', 'Q96JR5']"
PPPPGFKRFS,5,0.000102,"['Q9H5D5', 'B7Z8I7', 'Q6ZNU7', 'TBN', 'Q7Z5M1']"
TCQGDSGGPL,5,0.000102,"['KLK8', 'ACR', 'TMPRSS4', 'PRSS36', 'HABP2']"
LSTLSNGNSS,5,0.000102,"['MLL/CALM', 'KMT2A', 'Q8NFH9', 'MLL-MAML2', 'Q8TD98']"
NLGNTCFMNS,5,0.000102,"['USP30', 'USP32', 'USP11', 'USP2', 'USP19']"
AAAAAAASSS,5,0.000102,"['SP8', 'CDK13', 'HOXA13', 'TMEM200C', 'CKAP4']"
TGEKPYKCKQ,5,0.000102,"['ZNF669', 'ZNF266', 'ZNF844', 'ZNF781', 'O14858']"
KQKKVAPRPS,5,0.000102,"['KMT2A', 'Q86YP1', 'Q8NFH9', 'TET1-MLL', 'Q8TD98']"
EEEEEEEVEE,5,0.000102,"['BRPF3', 'ERICH6', 'PIK3R5', 'ZEB1', 'CCDC136']"
KPYQCKECGK,5,0.000102,"['O14861', 'ZNF439', 'ZNF621', 'ZSCAN31', 'B4DP29']"
WFQNRRMKWK,5,0.000102,"['HOXA7', 'PDX1', 'MNX1', 'MEOX1', 'HOXB4']"
ALLPRLECSG,5,0.000102,"['Q6ZUA3', 'Q6ZNN6', 'Q15662', 'B4DK85', 'Q6ZVV6']"
ENYRNLVSLG,5,0.000102,"['ZNF479', 'B3KU17', 'AVGR5', 'ZIM2', 'Q96LN7']"
LLLLLPPLLL,5,0.000102,"['SCUBE2', 'NPR1', 'FGFRL1', 'SRPX', 'PROK2']"
DRERERERER,5,0.000102,"['ACIN1', 'ZC3H13', 'RBM25', 'MARVELD3', 'CBX8']"
TGEKPYQCKE,5,0.000102,"['O14861', 'ZNF439', 'ZNF621', 'ZSCAN31', 'B4DP29']"
EKPYQCKECG,5,0.000102,"['O14861', 'ZNF439', 'ZNF621', 'ZSCAN31', 'B4DP29']"
IFAYGQTGSG,5,0.000102,"['KIF6', 'KIF13A', 'KIFC1', 'KIF17', 'KIF15']"
QRVMAAQVAL,5,0.000102,"['DMRT1', 'DMRT2', 'DMRTA1', 'DMRT3', 'Q9NRR0']"
MAFDRYVAIC,5,0.000102,"['Q8NG79', 'OR4F6', 'OR2S2', 'OR51E2', 'OR56B1']"
AGAAAAAAAA,5,0.000102,"['ARX', 'TBX2', 'MZT1', 'JUND', 'B7Z4K0']"
IQLWQFLLEL,5,0.000102,"['ETS2', 'TLS-ERG', 'GABPA', 'ERG', 'ETV2']"
EREREREREK,5,0.000102,"['RBM25', 'ATN1', 'RNF20', 'NCOR1', 'Q16083']"
HTGEKPYRCS,5,0.000102,"['KLF6', 'ZNF572', 'ZNF143', 'ZSCAN32', 'ZNF577']"
LLGSSDSPAS,5,0.000102,"['B4E2D1', 'Q8N8C2', 'NEK4', 'pp12301', 'Q6ZNX9']"
SSKQKIPADG,5,0.000102,"['MLL/CALM', 'KMT2A', 'Q8NFH9', 'MLL-MAML2', 'Q8TD98']"
RARWLTPVIP,5,0.000102,"['NANOGNB', 'Q59GP7', 'B4DRQ5', 'C1orf86', 'ZFHX1B']"
YVAICHPLRY,5,0.000102,"['hCG_1646325', 'OR2T4', 'OR56A3', 'OR10AC1', 'OR7G1']"
LVRHQRIHTG,5,0.000102,"['ZSCAN25', 'ZNF473', 'ZSCAN32', 'ZNF648', 'ZNF212']"
IGTPYWMAPE,5,0.000102,"['NRK', 'MINK1', 'MAP4K2', 'Q15448', 'SLK']"
SNGNSSKQKI,5,0.000102,"['MLL/CALM', 'KMT2A', 'Q8NFH9', 'MLL-MAML2', 'Q8TD98']"
THTGEKPFQC,5,0.000102,"['ZBTB48', 'PRDM5', 'ZIC2', 'ZNF786', 'ZNF641']"
AAAAAAAAVS,5,0.000102,"['ZIC2', 'ZFP91', 'OLIG2', 'KCNN2', 'NEXN-AS1']"
HVRTHTGERP,5,0.000102,"['MTF1', 'ZBTB11', 'ZNF76', 'ZNF77', 'REST']"
NDCGDNSDEE,5,0.000102,"['LRP2', 'B4DZC1', 'LRP1', 'LDLRAD4', 'Q6LBN5']"
GPPGPPGLPG,5,0.000102,"['B3KWS8', 'COL15A1', 'COL4A4', 'COL11A1', 'COL17A1']"
EEEEEDDEEE,5,0.000102,"['ACIN1', 'PPP1R1B', 'BCL11A', 'PLCD3', 'PPARGC1B']"
RIHSGEKPYE,5,0.000102,"['ZKSCAN1', 'ZNF823', 'ZNF134', 'ZEB1', 'HIC1']"
SAGVGRTGTF,5,0.000102,"['PTPRO', 'DKFZp313F1310', 'PTPRE', 'PTPRB', 'PTPRJ']"
PVIPALWEAK,5,0.000102,"['ZNF561-AS1', 'Q8N1G7', 'C8orf44', 'K7EJH5', 'M1EZY9']"
LPLRFWVNIL,5,0.000102,"['PLXNC1', 'PLXNB2', 'Q86YC4', 'MM1', 'PLXND1']"
ELEEEEEEEE,5,0.000102,"['ERICH6', 'KLHL34', 'CFAP65', 'ALMS1', 'PCGF6']"
KEKEKPPPVN,5,0.000102,"['MLL-MAML2', 'MLL/BTBD18', 'KMT2A', 'MLL/AF6', 'Q8TD98']"
GPEQSKQKKV,5,0.000102,"['KMT2A', 'Q86YP1', 'Q8NFH9', 'TET1-MLL', 'Q8TD98']"
KQKPKEKEKP,5,0.000102,"['MLL-MAML2', 'MLL/BTBD18', 'KMT2A', 'MLL/AF6', 'Q8TD98']"
SKQKIPADGV,5,0.000102,"['MLL/CALM', 'KMT2A', 'Q8NFH9', 'MLL-MAML2', 'Q8TD98']"
AFGNAKTVRN,5,0.000102,"['MYH2', 'MYO1F', 'Q14779', 'MYO6', 'MYO1B']"
LELLTSGDLP,5,0.000102,"['PODXL', 'Q9NRE8', 'O75029', 'Q6ZTF6', 'Q708E2']"
LLLTGTPLQN,5,0.000102,"['SRCAP', 'HELLS', 'SMARCA4', 'CHD4', 'SMARCA1']"
VNKQENAGTL,5,0.000102,"['MLL/CALM', 'KMT2A', 'Q8NFH9', 'TET1-MLL', 'Q8TD98']"
QSKQKKVAPR,5,0.000102,"['KMT2A', 'Q86YP1', 'Q8NFH9', 'TET1-MLL', 'Q8TD98']"
TGEKPYKCNE,5,0.000102,"['ZNF273', 'ZKSCAN8', 'ZNF248', 'ZNF137P', 'DKFZp686K03205']"
FKQFSCLSLP,5,0.000102,"['Q9H700', 'F5H423', 'Q6ZTF6', 'Q6ZS53', 'B4DGH0']"
RHNLSLNKCF,5,0.000102,"['FOXN4', 'FOXJ1', 'FOXJ2', 'FOXG1', 'FOXN2']"
GVQWHDLGSL,5,0.000102,"['B7Z2Z5', 'Q9NQ27', 'OK/SW-cl.41', 'Q9NWI4', 'Q6ZS53']"
FLVETGFHHV,5,0.000102,"['C16orf89', 'Q8N976', 'Q9H6G8', 'B4DKF1', 'Q6ZUN9']"
HTGERPYACP,5,0.000102,"['ZNF211', 'ZNF775', 'ZNF358', 'MZF1', 'REPIN1']"
SSGSSSSSSS,5,0.000102,"['TNRC18', 'CCNT2', 'RLIM', 'PCIF1', 'EDC4']"
EALCTRLAIM,5,0.000102,"['ABCA12', 'ABCA4', 'ABCA13', 'B4DI99', 'ABCA3']"
TLGLIWTIIL,5,0.000102,"['B4DSS9', 'B4E2T3', 'MACF1', 'PLEC', 'SPTBN1']"
FYAPWCGHCK,5,0.000102,"['PDIA6', 'P4HB', 'TXNDC5', 'TMX3', 'PDIA3']"
EKPPPVNKQE,5,0.000102,"['MLL/BTBD18', 'KMT2A', 'MLL-MAML2', 'Q8TD98', 'MLL/CALM']"
LPPPPPPPPL,5,0.000102,"['NAF1', 'FASLG', 'O95559', 'APBB1IP', 'WASF1']"
LKKKKKKKKK,5,0.000102,"['Q9H6M4', 'B4DK01', 'Q71MM4', 'C12orf39', 'Q8N1H0']"
EQSKQKKVAP,5,0.000102,"['KMT2A', 'Q86YP1', 'Q8NFH9', 'TET1-MLL', 'Q8TD98']"
KHQRTHTGEK,5,0.000102,"['ZFP41', 'ZNF782', 'ZKSCAN3', 'ZNF18', 'ZNF48']"
STLSNGNSSK,5,0.000102,"['MLL/CALM', 'KMT2A', 'Q8NFH9', 'MLL-MAML2', 'Q8TD98']"
GSRSRSRSRS,5,0.000102,"['DDX23', 'SRSF4', 'ZRSR2', 'LBR', 'SRRM4']"
DTCQGDSGGP,5,0.000102,"['KLK8', 'ACR', 'TMPRSS4', 'PRSS36', 'HABP2']"
GGGGGGGGGT,5,0.000102,"['ANKRD17', 'HOXC13', 'CAPNS1', 'SRSF11', 'LRCH2']"
VLTIAHRLNT,5,0.000102,"['ABCC4', 'Q9BV39', 'ABCC12', 'ABCC10', 'ABCC3']"
HCNLRLPGSS,5,0.000102,"['Q6ZUK0', 'Q8N1H0', 'FAM193A', 'Q59H67', 'B7Z6Y3']"
KQPPPPESGP,5,0.000102,"['KMT2A', 'Q86YP1', 'Q8NFH9', 'TET1-MLL', 'Q8TD98']"
GGSSSSSSSS,5,0.000102,"['OBSCN', 'SNAPC4', 'BHLHE22', 'ZFC3H1', 'FAM104A']"
QHQRTHTGER,5,0.000102,"['ZNF497', 'ZNF853', 'ZFP69B', 'Q96K08', 'ZNF577']"
GKTLLAKAVA,5,0.000102,"['PSMC1', 'NVL', 'SPG7', 'KATNAL2', 'PEX6']"
VRIHTGEKPY,5,0.000102,"['ZNF236', 'BCL6B', 'ZNF76', 'ZNF891', 'ZNF560']"
THTGEKPYHC,5,0.000102,"['ZNF205', 'KLF4', 'ZNF189', 'AVGR5', 'MZF1']"
RGGGRGGRGG,5,0.000102,"['FAM98A', 'NCL', 'FUS', 'A0A286NGJ7', 'GAR1']"
HLRIHSGEKP,5,0.000102,"['ZBTB17', 'ZBTB41', 'ZEB1', 'ZSCAN22', 'ZFP82']"
PPPQPPPPPP,5,0.000102,"['MARCH11', 'MVB12B', 'ZNF341', 'PEG10', 'SLC25A41']"
STRAGGLGIN,5,0.000102,"['CHD1', 'HELLS', 'SMARCA1', 'INO80', 'CHD4']"
GERGPPGPPG,5,0.000102,"['FCN2', 'DKFZp547H099', 'B4DTF5', 'COL5A3', 'EMID1']"
GEKPYKCNEC,5,0.000102,"['ZNF273', 'ZKSCAN8', 'ZNF248', 'Q8N692', 'DKFZp686K03205']"
DGVHRIRVDF,5,0.000102,"['MLL/CALM', 'KMT2A', 'Q8NFH9', 'MLL-MAML2', 'Q8TD98']"
QKPKEKEKPP,5,0.000102,"['MLL-MAML2', 'MLL/BTBD18', 'KMT2A', 'MLL/AF6', 'Q8TD98']"
CNLRLPGSSD,5,0.000102,"['BCAS4', 'Q8N1H0', 'FAM193A', 'Q59H67', 'B7Z6Y3']"
YGQTGSGKSY,5,0.000102,"['KIF14', 'KIF16B', 'KIF13B', 'KIF25', 'KIF28P']"
VPYRDSKLTR,5,0.000102,"['KIF17', 'KIF21A', 'KIF22', 'KIF4A', 'KIF18B']"
ESDEEEEEEE,5,0.000102,"['DAXX', 'BAZ1B', 'IBSP', 'CSRNP3', 'BOD1L1']"
HRDLAARNCM,5,0.000102,"['MET', 'IGF1R', 'MST1R', 'B4DIA4', 'MERTK']"
PKEKEKPPPV,5,0.000102,"['MLL-MAML2', 'MLL/BTBD18', 'KMT2A', 'MLL/AF6', 'Q8TD98']"
ERDRERERER,5,0.000102,"['ZC3H13', 'ACIN1', 'IK', 'UBR5', 'CBX8']"
ECSECGKAFS,5,0.000102,"['ZKSCAN1', 'ZNF554', 'ZNF134', 'ZNF', 'ZNF577']"
AGVQWRDLGS,5,0.000102,"['Q8N1G7', 'B4DU60', 'B4DT89', 'Q8N287', 'Q96JR5']"
RQRVMAAQVA,5,0.000102,"['DMRT1', 'DMRT2', 'DMRTA1', 'DMRT3', 'Q9NRR0']"
PADGVHRIRV,5,0.000102,"['MLL/CALM', 'KMT2A', 'Q8NFH9', 'MLL-MAML2', 'Q8TD98']"
HHHHHHHHHR,5,0.000102,"['SYNGAP1', 'FAM76B', 'ERC2', 'SORBS2', 'SKIDA1']"
PPGPPGPPGS,5,0.000102,"['Q9BT15', 'COL17A1', 'COL4A4', 'COL12A1', 'GLDN']"
GPQGPPGPPG,5,0.000102,"['FCN3', 'C1QTNF2', 'COL18A1', 'COL11A1', 'COL23A1']"
DVWSFGILLW,5,0.000102,"['PDGFRB', 'FGFR4', 'FES', 'CSK', 'Pe7Fe14']"
SHTGERPYPC,5,0.000102,"['ZBTB46', 'HIVEP3', 'HIVEP1', 'HIVEP2', 'ZBTB8B']"
DSEEEEEEEE,5,0.000102,"['VSIG10', 'FBLN2', 'CELSR2', 'PHF23', 'SLC24A1']"
GGGGGGGAGG,5,0.000102,"['ONECUT3', 'POU3F3', 'NPAS3', 'NRXN1', 'FOXD1']"
GGGGGGGAGA,5,0.000102,"['CACNG8', 'MPND', 'ARID1B', 'HNRNPL', 'EVX2']"
EEEEEEEEGG,5,0.000102,"['ANP32E', 'CNPY4', 'NECTIN1', 'SKIDA1', 'ZBTB47']"
LPPPPPPPLP,5,0.000102,"['HOXB2', 'DAAM1', 'FOSB', 'SETBP1', 'RBM15']"
GTGKTETTKD,5,0.000102,"['O00434', 'DNAH5', 'DNAH10', 'DNAH7', 'DNAH11']"
KIHTGEKPYE,5,0.000102,"['B4DIA1', 'O14858', 'ZNF114', 'ZNF627', 'ZNF840P']"
VIPALWEAKA,5,0.000102,"['Q9UI59', 'Q8N1G7', 'C8orf44', 'K7EJH5', 'Q6ZRN2']"
YRDVMLENYR,5,0.000102,"['ZNF479', 'Q15636', 'hCG_1984214', 'ZNF670-ZNF695', 'Q96LN7']"
SKQKKVAPRP,5,0.000102,"['KMT2A', 'Q86YP1', 'Q8NFH9', 'TET1-MLL', 'Q8TD98']"
VWSFGILLWE,5,0.000102,"['PDGFRB', 'FGFR4', 'FES', 'CSK', 'Pe7Fe14']"
PKCARCRNHG,5,0.000102,"['DMRT1', 'DMRT2', 'DMRTA1', 'DMRT3', 'Q9NRR0']"
KQKIPADGVH,5,0.000102,"['MLL/CALM', 'KMT2A', 'Q8NFH9', 'MLL-MAML2', 'Q8TD98']"
GGGAGGAGGG,5,0.000102,"['ZNF503', 'JUNB', 'NFATC4', 'KHSRP', 'SIX3']"
ATAAAAAAAA,5,0.000102,"['OTUD7A', 'SOX3', 'ASCL1', 'RBM4', 'RBFOX2']"
SGDPPASASQ,5,0.000102,"['LINC00269', 'ZNF701', 'RABGEF1', 'Q9NX85', 'B4DG20']"
VYKVETIGDA,5,0.000102,"['GUCY1A1', 'NPR2', 'GUCY2C', 'GUCY1B2', 'GUCY2F']"
SGPEQSKQKK,5,0.000102,"['KMT2A', 'Q86YP1', 'Q8NFH9', 'TET1-MLL', 'Q8TD98']"
VQKKTFTKWV,5,0.000102,"['DMD', 'B4E2T3', 'MACF1', 'PLEC', 'SPTBN2']"
DLKPENILLD,5,0.000102,"['GRK6', 'RPS6KA1', 'PRKY', 'SGK3', 'PHKG2']"
QGPPGPPGPP,5,0.000102,"['COL18A1', 'C1QTNF3', 'COL17A1', 'COL13A1', 'GLDN']"
GGGGGGGGPG,5,0.000102,"['ONECUT2', 'GSK3A', 'HOXD9', 'ARIH1', 'TMEM151B']"
TLNILSTLSN,5,0.000102,"['MLL/CALM', 'KMT2A', 'Q8NFH9', 'TET1-MLL', 'Q8TD98']"
NLRLPGSSDS,5,0.000102,"['TRIM61', 'BCAS4', 'Q8N1H0', 'Q59H67', 'B7Z6Y3']"
LIFVFLVEMG,5,0.000102,"['C9orf85', 'Q6ZPA0', 'B4E1T9', 'AGBL3', 'Q6ZNP9']"
LPPPPPPLPP,5,0.000102,"['FMNL2', 'DAAM1', 'DMRTB1', 'CAP2', 'DTX3']"
NGNSSKQKIP,5,0.000102,"['MLL/CALM', 'KMT2A', 'Q8NFH9', 'MLL-MAML2', 'Q8TD98']"
PPPPPGPPPP,5,0.000102,"['WIPF2', 'VASP', 'WASL', 'WASF2', 'B4DNA3']"
SSSSSSTSSS,5,0.000102,"['CHD9', 'HSPB7', 'U86', 'CBX2', 'PNN']"
LALLLLLLLL,5,0.000102,"['SLC27A5', 'NPW', 'FAT1', 'LTBP3', 'LRP8']"
LTLGLIWTII,5,0.000102,"['B4DSS9', 'B4E2T3', 'MACF1', 'PLEC', 'SPTBN1']"
EEEEEEEGDG,5,0.000102,"['PTMA', 'ZNF830', 'RNF225', 'MAPK8IP2', 'ZNF513']"
GITTVLTMTT,5,0.000102,"['GABRD', 'GABRR2', 'GLRA2', 'B3KR10', 'GABRG2']"
QLWQFLLELL,5,0.000102,"['ETS2', 'TLS-ERG', 'GABPA', 'ERG', 'ETV2']"
EECEALCTRL,5,0.000102,"['ABCA12', 'ABCA4', 'ABCA13', 'B4DI99', 'ABCA3']"
HTGEKPYQCK,5,0.000102,"['ZBTB39', 'ZBTB38', 'ZSCAN31', 'ZNF433', 'O14861']"
CEGCKGFFKR,5,0.000102,"['NR4A2', 'B7Z6J2', 'NR2C1', 'NR6A1', 'RXRA']"
KPPPVNKQEN,5,0.000102,"['MLL/BTBD18', 'KMT2A', 'MLL-MAML2', 'Q8TD98', 'MLL/CALM']"
SSSSSSSSSF,5,0.000102,"['NR1D1', 'NBEA', 'CSNKA2IP', 'PRDM2', 'MLLT3']"
KKVAPRPSIP,5,0.000102,"['KMT2A', 'Q86YP1', 'Q8NFH9', 'TET1-MLL', 'Q8TD98']"
APRPSIPVKQ,5,0.000102,"['KMT2A', 'Q86YP1', 'Q8NFH9', 'TET1-MLL', 'Q8TD98']"
QQQQQPQQQQ,5,0.000102,"['ELMSAN1', 'MN1', 'TCF20', 'TNRC6A', 'HLX']"
PYECKECGKA,5,0.000102,"['ZNF619', 'ZNF266', 'HZF28', 'ZNF844', 'O75261']"
DEDEEEEEEE,5,0.000102,"['EIF3D', 'HAP1', 'ABCC9', 'MAPK8IP2', 'TMED8']"
AGTGKTETTK,5,0.000102,"['O00434', 'DNAH5', 'DNAH10', 'DNAH7', 'DNAH11']"
DDCGDGSDEE,5,0.000102,"['LRP2', 'SSPO', 'LRP12', 'LRP1', 'Q6LBN5']"
TFEDVAVYFS,5,0.000102,"['ZNF324B', 'FLJ00301', 'ZNF75D', 'ZNF316', 'ZNF256']"
RWLTPVIPAL,5,0.000102,"['NANOGNB', 'ZFHX1B', 'B4DRQ5', 'Q59GP7', 'C8orf17']"
YEEEEEEEEE,5,0.000102,"['STAC3', 'CCDC136', 'ANP32E', 'CERS3', 'PAXIP1']"
THTGEKPYTC,5,0.000102,"['ZNF479', 'ZNF500', 'ZNF697', 'ZNF8', 'ZBTB49']"
HTGEKPYKCG,5,0.000102,"['ZSCAN25', 'ZNF107', 'ZNF483', 'ZNF233', 'ZNF48']"
HTGEKPYKCD,5,0.000102,"['ZNF236', 'Q9NS42', 'ZNF100', 'O14885', 'ZSCAN16']"
HTGEKPYKCQ,5,0.000102,"['ZKSCAN5', 'ZNF57', 'ZNF75D', 'ZNF286B', 'BCL11B']"
HTGEKPYKCT,5,0.000102,"['ZNF319', 'KLF5', 'ZNF449', 'ZNF135', 'KLF8']"
SSSSGSSSSS,5,0.000102,"['GREB1', 'AFF3', 'TNRC18', 'EDC4', 'PNN']"
PRPSIPVKQK,5,0.000102,"['KMT2A', 'Q86YP1', 'Q8NFH9', 'TET1-MLL', 'Q8TD98']"
GPVVVHCSAG,5,0.000102,"['PTPN1', 'PTPN11', 'DKFZp781C1038', 'PTPRR', 'PTPRZ1']"
PPVNKQENAG,5,0.000102,"['MLL/BTBD18', 'KMT2A', 'MLL-MAML2', 'Q8TD98', 'MLL/CALM']"
YKVETIGDAY,5,0.000102,"['GUCY1A1', 'NPR2', 'GUCY2C', 'GUCY1B2', 'GUCY2F']"
YTKSSHLKAH,5,0.000102,"['KLF7', 'O43839', 'KLF15', 'KLF1', 'KLF8']"
RIHTGERPYK,5,0.000102,"['ZKSCAN8', 'ZNF542P', 'ZFP69', 'ZNF419', 'ZNF559']"
ERQRVMAAQV,5,0.000102,"['DMRT1', 'DMRT2', 'DMRTA1', 'DMRT3', 'Q9NRR0']"
KRFSCLSLPS,5,0.000102,"['Q6ZUG4', 'A0A286YEX6', 'LINC00596', 'Q15662', 'B7Z585']"
KHRRTHTGEK,5,0.000102,"['ZNF826P', 'ZNF48', 'ZSCAN16', 'ZNF672', 'ZNF559']"
VAPRPSIPVK,5,0.000102,"['KMT2A', 'Q86YP1', 'Q8NFH9', 'TET1-MLL', 'Q8TD98']"
KRPMNAFMVW,5,0.000102,"['SOX30', 'SOX1', 'SOX9', 'SOX4', 'SOX5']"
RTHTGEKPYG,5,0.000102,"['ZNF649', 'ZNF554', 'ZNF441', 'ZSCAN29', 'ZNF487']"
RTHTGEKPYT,5,0.000102,"['ZNF479', 'ZNF500', 'ZNF697', 'ZNF8', 'ZBTB49']"
RTHTGEKPYQ,5,0.000102,"['ZNF22', 'ZNF711', 'ZSCAN29', 'ZNF433', 'ZNF263']"
RDRERDRDRD,5,0.000102,"['FIP1L1', 'ZC3H13', 'RBM25', 'IK', 'NELFE']"
GPPGPMGPPG,5,0.000102,"['C1QL3', 'SFTPA2', 'COL11A1', 'COL12A1', 'EMID1']"
FCIFSRDGVS,5,0.000102,"['B4DS29', 'Q6ZR23', 'B7Z559', 'Q9NQ27', 'B3KQY3']"
AAAAAAAAAF,5,0.000102,"['ARX', 'BHLHE41', 'RBM24', 'ZIC3', 'FOXD1']"
AAAAAAAAAR,5,0.000102,"['MIDN', 'EPPK1', 'ID4', 'GATA4', 'SOX21']"
AAAAAAAAAY,5,0.000102,"['EGR2', 'NKX2-3', 'RBM24', 'TLE3', 'SKIDA1']"
HSMEECEALC,5,0.000102,"['ABCA12', 'ABCA13', 'ABCA3', 'B4DWY6', 'ABCA1']"
AWGCFDEFNR,5,0.000102,"['DNAH2', 'DNAH10', 'DYNC2H1', 'DNAH11', 'DYNC1H1']"
HLVDLAGSER,5,0.000102,"['KIF6', 'KIF16B', 'KIFC2', 'KIF4A', 'KIF3A']"
QKIPADGVHR,5,0.000102,"['MLL/CALM', 'KMT2A', 'Q8NFH9', 'MLL-MAML2', 'Q8TD98']"
TSHSMEECEA,5,0.000102,"['ABCA12', 'ABCA13', 'ABCA3', 'B4DWY6', 'ABCA1']"
LSNGNSSKQK,5,0.000102,"['MLL/CALM', 'KMT2A', 'Q8NFH9', 'MLL-MAML2', 'Q8TD98']"
GAEEEEEEEE,5,0.000102,"['DKFZp686H09231', 'C11orf95', 'MAP3K9', 'TIMELESS', 'SCAF1']"
RPLLLLLLLL,5,0.000102,"['LRRC26', 'SORCS2', 'SCT', 'LAMP1', 'GCGR']"
GGGSSGGGGG,5,0.000102,"['LOR', 'MN1', 'ZSWIM6', 'KCNMA1', 'DKFZp781N1049']"
CEALCTRLAI,5,0.000102,"['ABCA12', 'ABCA4', 'ABCA13', 'B4DI99', 'ABCA3']"
IRSHTGERPY,5,0.000102,"['PRDM5', 'HIVEP3', 'HIVEP1', 'HIVEP2', 'ZBTB8B']"
GRARWLTPVI,5,0.000102,"['C1orf86', 'Q59GP7', 'B4DRQ5', 'Q9P1M0', 'ZFHX1B']"
SPSSSSSSSS,5,0.000102,"['NR1D1', 'Q96DP0', 'TPRXL', 'CAMTA2', 'CHD8']"
SHTGERPYKC,5,0.000102,"['RREB1', 'SALL2', 'ZNF267', 'PLAG1', 'BCL11B']"
LLLLLLPPLL,5,0.000102,"['SCUBE2', 'NPR1', 'FGFRL1', 'SIGLEC12', 'PROK2']"
DRERDRDRDR,5,0.000102,"['DDX23', 'FIP1L1', 'IK', 'RBM25', 'NELFE']"
SEPKKKQPPP,5,0.000102,"['MLL/BTBD18', 'KMT2A', 'MLL-MAML2', 'Q8TD98', 'V9ZAQ8']"
NAGTLNILST,5,0.000102,"['MLL/CALM', 'KMT2A', 'Q8NFH9', 'TET1-MLL', 'Q8TD98']"
TPYWMAPEVI,5,0.000102,"['NRK', 'MINK1', 'PAK6', 'TAOK2', 'MAP3K19']"
RDSKLTRLLQ,5,0.000102,"['B4DEQ1', 'KIF17', 'KIF21A', 'KIF4A', 'KIF22']"
ADGVHRIRVD,5,0.000102,"['MLL/CALM', 'KMT2A', 'Q8NFH9', 'MLL-MAML2', 'Q8TD98']"
RFWVNILKNP,5,0.000102,"['PLXNC1', 'PLXNB2', 'Q86YC4', 'MM1', 'PLXND1']"
PVNKQENAGT,5,0.000102,"['MLL/CALM', 'KMT2A', 'Q8NFH9', 'TET1-MLL', 'Q8TD98']"
PPLLPLLLLL,5,0.000102,"['IGFBP2', 'PLAUR', 'C3orf80', 'ITGA5', 'CRLF1']"
PVVVHCSAGI,5,0.000102,"['PTPN1', 'PTPN11', 'DKFZp781C1038', 'PTPRR', 'PTPN4']"
RHRRTHTGEK,5,0.000102,"['SP3', 'KLF11', 'ZNF322', 'ZNF316', 'ZNF652']"
ISAHCNLRLP,5,0.000102,"['Q6ZP34', 'Q6ZUK0', 'ZNF415', 'Q59H67', 'B7Z6Y3']"
GEKPYQCKEC,5,0.000102,"['O14861', 'ZNF439', 'ZNF621', 'ZSCAN31', 'B4DP29']"
TRLLQDSLGG,5,0.000102,"['B4DEQ1', 'KIF17', 'KIF21A', 'KIF4A', 'KIF22']"
GPPGLPGPPG,5,0.000102,"['SCARA3', 'COL4A5', 'Q96HC0', 'COL16A1', 'COL15A1']"
EQVSHHPPIS,5,0.000102,"['OSBPL10', 'OSBPL2', 'OSBPL8', 'OSBPL9', 'OSBPL7']"
LRTHTGERPY,5,0.000102,"['ZNF324B', 'ZNF774', 'ZNF358', 'ZSCAN32', 'ZNF837']"
QPPPPESGPE,5,0.000102,"['KMT2A', 'Q86YP1', 'Q8NFH9', 'TET1-MLL', 'Q8TD98']"
VKQKPKEKEK,5,0.000102,"['MLL-MAML2', 'MLL/BTBD18', 'KMT2A', 'MLL/AF6', 'Q8TD98']"
KQENAGTLNI,5,0.000102,"['MLL/CALM', 'KMT2A', 'Q8NFH9', 'TET1-MLL', 'Q8TD98']"
PPPQQQQQQQ,5,0.000102,"['ZFHX4', 'FOXJ2', 'FBXO11', 'CELF3', 'RANBP9']"
FIGTPYWMAP,5,0.000102,"['NRK', 'MINK1', 'MAP4K2', 'Q15448', 'SLK']"
THTGEKPYQC,5,0.000102,"['ZNF22', 'ZNF711', 'ZSCAN29', 'ZNF433', 'ZNF263']"
EELEEEEEEE,5,0.000102,"['CFAP65', 'ERICH6', 'KLHL34', 'AK9', 'PCGF6']"
SAPPPPPPPP,5,0.000102,"['TNKS', 'TMEM121B', 'RDX', 'KMT2E', 'FLJ00096']"
LIEHQRIHTG,5,0.000102,"['ZKSCAN8', 'ZNF529', 'ZNF835', 'ZNF382', 'Q59F07']"
SRSVAQAGVQ,5,0.000102,"['C16orf89', 'Q9UI85', 'Q96ID7', 'ZNF283', 'B4DGH0']"
QPPPPGFKRF,5,0.000102,"['Q9H5D5', 'B7Z8I7', 'Q6ZNU7', 'TBN', 'Q7Z5M1']"
RSHTGERPYP,5,0.000102,"['ZBTB46', 'HIVEP3', 'HIVEP1', 'HIVEP2', 'ZBTB8B']"
DVMLENYRNL,5,0.000102,"['ZNF479', 'B3KU17', 'hCG_1984214', 'AVGR5', 'Q96LN7']"
EEAEEEEEEE,5,0.000102,"['SETD1B', 'WDR70', 'ARID4B', 'PRKCSH', 'ZFHX3']"
SSSSSSSGSS,5,0.000102,"['POU4F2', 'SRRM2', 'AFF3', 'TNRC18', 'SOX4']"
AQVALRRQQA,5,0.000102,"['DMRT1', 'DMRT2', 'DMRTA1', 'DMRT3', 'Q9NRR0']"
RDRDRERDRD,5,0.000102,"['FIP1L1', 'TRAF3IP1', 'RBM25', 'NCOR2', 'NELFE']"
KIPADGVHRI,5,0.000102,"['MLL/CALM', 'KMT2A', 'Q8NFH9', 'MLL-MAML2', 'Q8TD98']"
EEEEDDDDDD,5,0.000102,"['HOMEZ', 'FAM171A1', 'B3KY63', 'LMOD3', 'IGSF3']"
QQQQQQQQHQ,5,0.000102,"['CHD1', 'AAD10', 'MED12', 'KMT2D', 'ATXN1']"
EEEEEEEEDG,5,0.000102,"['NOP9', 'GOLIM4', 'SPRYD3', 'NEUROD4', 'IPO9']"
THSGEKPYKC,5,0.000102,"['ZBTB41', 'ZNF572', 'ZSCAN5B', 'ZNF439', 'ZNF281']"
GGGSGGGGSG,5,0.000102,"['HSPA2', 'PCDH10', 'scFv', 'SRP68', 'RALY']"
PPPESGPEQS,5,0.000102,"['KMT2A', 'Q86YP1', 'Q8NFH9', 'TET1-MLL', 'Q8TD98']"
HLHTPMYFFL,5,0.000102,"['LOC441453', 'OR1D4', 'OR10J6P', 'OR14I1', 'Q86SG8']"
PPPVNKQENA,5,0.000102,"['MLL/BTBD18', 'KMT2A', 'MLL-MAML2', 'Q8TD98', 'MLL/CALM']"
ELLVLEQFLS,5,0.000102,"['ZKSCAN1', 'ZSCAN10', 'Q53F81', 'ZNF167', 'B7ZKX2']"
VDSCQGDSGG,5,0.000102,"['TMPRSS3', 'TMPRSS9', 'ST14', 'PRSS12', 'PRSS56']"
PPPPPPPLPG,5,0.000102,"['FMNL2', 'DAAM1', 'DIAPH3', 'FHDC1', 'KDM6B']"
GLELLTSGDL,5,0.000102,"['PODXL', 'Q9NRE8', 'O75029', 'Q6ZTF6', 'Q708E2']"
PPESGPEQSK,5,0.000102,"['KMT2A', 'Q86YP1', 'Q8NFH9', 'TET1-MLL', 'Q8TD98']"
PQQPPPPPPP,5,0.000102,"['BRD4', 'SETD1A', 'KAT6A', 'SYN2', 'WASF3']"
YNGTIFAYGQ,5,0.000102,"['KIF6', 'KIF15', 'CENPE', 'KIF17', 'KIF5A']"
GEEEEEEEED,5,0.000102,"['CLIP3', 'NISCH', 'CACNA1D', 'HINFP', 'NPM2']"
EEEEEEEEEP,5,0.000102,"['RRP12', 'NCL', 'NGEF', 'STAC3', 'RANGAP1']"
EEEEEEEEES,5,0.000102,"['RBM19', 'PROCA1', 'CLSTN1', 'SNAPC5', 'DHX37']"
EEEEEEEEEK,5,0.000102,"['B4DZK1', 'EP400', 'SLC4A1AP', 'PPARGC1B', 'SLC24A1']"
QKKVAPRPSI,5,0.000102,"['KMT2A', 'Q86YP1', 'Q8NFH9', 'TET1-MLL', 'Q8TD98']"
RNNNSSRFGK,5,0.000102,"['MYO1F', 'MYO1A', 'Q14779', 'MYO6', 'MYO19']"
AAAAAAAAGV,5,0.000102,"['SP9', 'FOXB2', 'MEX3C', 'GDF11', 'SOWAHA']"
QAGLELLGSS,5,0.000102,"['C14orf178', 'Q8TE98', 'Q6ZTL7', 'EEF1AKMT2', 'Q9HBN2']"
NNNSSRFGKF,5,0.000102,"['MYO10', 'Q14788', 'MYO9B', 'MYO19', 'MYO6']"
RHQRIHTGER,5,0.000102,"['ZNF623', 'ZNF397', 'ZNF467', 'ZNF648', 'ZNF212']"
TEEEEEEEEE,5,0.000102,"['ACIN1', 'PRKCSH', 'B7Z347', 'SNAPC5', 'FAM9A']"
RRQQQQQQQQ,5,0.000102,"['POLG', 'THAP11', 'IER5L', 'FAM157B', 'TMEM229A']"
KPYECSECGK,5,0.000102,"['ZKSCAN1', 'ZNF554', 'ZNF134', 'ZNF', 'HZF11']"
VVVHCSAGIG,5,0.000102,"['PTPN1', 'PTPN11', 'DKFZp781C1038', 'PTPRR', 'PTPN4']"
LSPRLECSGT,5,0.000102,"['Q9HBS7', 'A0A1W2PRX2', 'HC6', 'MLL5', 'LMO7DN']"
QQQQQQQPQQ,5,0.000102,"['POLG', 'SMARCA2', 'AMOT', 'TNRC6A', 'HLX']"
SPRLECSGTI,5,0.000102,"['MAP4K1', 'Q9HBS7', 'HC6', 'A0A1W2PRX2', 'MLL5']"
KLETIILSKL,5,0.000102,"['DKFZp566H033', 'O00370', 'Q6ZS31', 'hCG_1981394', 'PRORY']"
HHHHHHHHHQ,5,0.000102,"['NR4A3', 'POU4F2', 'OTX1', 'MEOX2', 'DLGAP3']"
GDPPASASQS,5,0.000102,"['LINC00269', 'ZNF701', 'RABGEF1', 'Q9NX85', 'B4DG20']"
HACNPSTLGG,5,0.000102,"['OR1F12', 'B4DUT2', 'PKP2', 'Q8NHH5', 'ZNF429']"
SRSSSSSSSS,5,0.000102,"['CHD9', 'IL9R', 'ACIN1', 'RNPS1', 'PNN']"
EHQRIHTGEK,5,0.000102,"['Q59F07', 'ZNF175', 'ZNF554', 'ZNF225', 'ZSCAN31']"
PGTGKTLLAK,5,0.000102,"['PSMC1', 'AFG3L2', 'Q8N8B4', 'KATNAL2', 'PEX6']"
TLSNGNSSKQ,5,0.000102,"['MLL/CALM', 'KMT2A', 'Q8NFH9', 'MLL-MAML2', 'Q8TD98']"
SKSDVWSFGV,5,0.000102,"['SYK', 'tec', 'MATK', 'AXL', 'ITK']"
IEHQRIHTGE,5,0.000102,"['ZKSCAN8', 'ZNF529', 'ZNF835', 'ZNF382', 'Q59F07']"
VRHQRIHTGE,5,0.000102,"['ZSCAN25', 'ZNF473', 'ZSCAN32', 'ZNF648', 'ZNF212']"
AATAAAAAAA,5,0.000102,"['OTUD7A', 'RBM4', 'CRTAC1', 'RBFOX2', 'SPAG8']"
QRTHTGEKPF,5,0.000102,"['ZNF75A', 'ZNF202', 'DKFZp761O1618', 'ZNF316', 'ZNF146']"
KPKEKEKPPP,5,0.000102,"['MLL-MAML2', 'MLL/BTBD18', 'KMT2A', 'MLL/AF6', 'Q8TD98']"
NGTIFAYGQT,5,0.000102,"['KIF6', 'KIF15', 'CENPE', 'KIF17', 'KIF5A']"
ILDEATSALD,5,0.000102,"['hCG_38926', 'ABCB9', 'ABCB8', 'ABCB5', 'E7ENX8']"
PESGPEQSKQ,5,0.000102,"['KMT2A', 'Q86YP1', 'Q8NFH9', 'TET1-MLL', 'Q8TD98']"
PEQSKQKKVA,5,0.000102,"['KMT2A', 'Q86YP1', 'Q8NFH9', 'TET1-MLL', 'Q8TD98']"
PAGPAGTGKT,5,0.000102,"['DNAH14', 'DNAH1', 'DNAH10', 'DNAH11', 'DNAH5']"
QQQQQQQQLQ,5,0.000102,"['MINK1', 'FMN2', 'NCOA6', 'CHERP', 'KMT2D']"
DSKLTRLLQD,5,0.000102,"['B4DEQ1', 'KIF17', 'KIF21A', 'KIF4A', 'KIF22']"
TSSSSSSSSS,5,0.000102,"['PHLPP2', 'MPRIP', 'CHD9', 'ATXN7L1', 'MLLT3']"
QKKTFTKWVN,5,0.000102,"['DMD', 'B4E2T3', 'MACF1', 'PLEC', 'SPTBN2']"
WSFGVLLWEI,5,0.000102,"['LTK', 'TIE1', 'FGFR3', 'RET', 'KDR']"
QQQQLQQQQQ,5,0.000102,"['AAD10', 'MINK1', 'CIZ1', 'MED15', 'KMT2D']"
GTLNILSTLS,5,0.000102,"['MLL/CALM', 'KMT2A', 'Q8NFH9', 'TET1-MLL', 'Q8TD98']"
DEEEEEEDEE,5,0.000102,"['GRWD1', 'SEC24B', 'HNRNPUL2', 'TTBK1', 'ZBTB4']"
PPPPPPGPPP,5,0.000102,"['MYO16', 'B4DNA3', 'WASL', 'WASF2', 'WIPF2']"
ECSGAISAHC,5,0.000102,"['ZMAT1', 'GLOD4', 'GVQW2', 'AVGR8', 'Q8WZ39']"
AGVGRTGTFI,5,0.000102,"['PTPRO', 'DKFZp313F1310', 'PTPRE', 'PTPRB', 'PTPRJ']"
VSGESGAGKT,5,0.000102,"['MYO5C', 'Q14784', 'B4DVH2', 'MYO6', 'MYO19']"
PRFKRFSCLS,5,0.000102,"['hCG_1648656', 'B7Z2Z5', 'B7Z5R4', 'B7Z585', 'A0A286YEX6']"
GYNGTIFAYG,5,0.000102,"['KIF6', 'KIF15', 'CENPE', 'KIF17', 'KIF5A']"
ITMNPGYAGR,5,0.000102,"['DNAH2', 'DNAH10', 'DNAH11', 'DNAH7', 'DYNC1H1']"
EEEDEDEEEE,5,0.000102,"['A0A1U9X7B3', 'HMGB2', 'SECISBP2L', 'ZNF326', 'SENP3']"
LLLLLLLLLA,5,0.000102,"['PTPRCAP', 'SYNE2', 'DKFZp686M09200', 'OTOF', 'LRP5']"
NSSKQKIPAD,5,0.000102,"['MLL/CALM', 'KMT2A', 'Q8NFH9', 'MLL-MAML2', 'Q8TD98']"
ENAGTLNILS,5,0.000102,"['MLL/CALM', 'KMT2A', 'Q8NFH9', 'TET1-MLL', 'Q8TD98']"
GFKQFSCLSL,5,0.000102,"['Q9H700', 'Q9NX85', 'F5H423', 'Q6ZS53', 'B4DGH0']"
GLIWTIILHF,5,0.000102,"['SYNE2', 'MACF1', 'PLEC', 'B4E2T3', 'B4DSS9']"
