k-mer,number of proteins,percentage,all,(Out of 21836 proteins in total)
AAAAAAAAAA,119,0.00545,"['MOV10', 'HECTD4', 'ZFR', 'KMT5A', 'PYCR3', 'LHX2', 'SIX4', 'BHLHE41', 'MYCBP2', 'SLC12A2', 'PTBP2', 'IRX6', 'IRX1', 'SP9', 'HOXD8', 'TSC22D2', 'EVX2', 'BRD8', 'GATA6', 'NXN', 'NKX6-1', 'SOCS7', 'RBM47', 'ARID1B', 'TCF7L1', 'RUNX2', 'MSL1', 'FOXK1', 'SMARCE1', 'ZFP91', 'MNX1', 'FAM189A2', 'SLC9A4', 'CHD3', 'SAP30', 'CHD7', 'GSX2', 'ASXL2', 'OTX1', 'EN1', 'ZIC5', 'NLK', 'LOC103095671', 'K7E2J0', 'ASTN2', 'EIF4H', 'F7GFY1', 'EDA2R', 'PRDM13', 'POU4F1', 'PTF1A', 'FAM8A1', 'RBM24', 'F7G8A1', 'MINDY2', 'KDM3B', 'STK39', 'PRDM8', 'LCORL', 'KDM1A', 'ABHD17C', 'PDE3A', 'VSTM2B', 'TLE4', 'TBX2', 'TMEM200C', 'CBX4', 'K7E3G8', 'GPR143', 'SKIDA1', 'HOXA13', 'PRPF40A', 'F6R9Q8', 'VCPIP1', 'FOXB2', 'LOC100017350', 'BEND4', 'SRF', 'TCFL5', 'FOXD1', 'FEV', 'PRKAR1B', 'IGF2BP3', 'OLIG2', 'CNNM1', 'SECISBP2L', 'NKX3-2', 'SKOR2', 'LOC100015277', 'HMX3', 'TRIM71', 'F7D1B8', 'K7DZL5', 'FOXO1', 'HOXA11', 'HAND2', 'FGD1', 'DMBX1', 'BHLHE22', 'EOMES', 'RAI1', 'MED15', 'MYDGF', 'F7CCV4', 'POU3F3', 'PABPN1', 'SP3', 'GAS1', 'DACH1', 'PBX4', 'PHOX2B', 'SOX21', 'E2F3', 'GFI1', 'ARX', 'K7E2Z7', 'KAT6B', 'K7E1B6', 'ZNF467']"
EEEEEEEEEE,101,0.004625,"['SYTL4', 'RSPH4A', 'K7E1D7', 'PPP4R2', 'SETD1A', 'SETD1B', 'K7E1L1', 'CLSTN1', 'PLIN1', 'IFNLR1', 'MAP3K9', 'EIF3D', 'APBB1', 'ADRA2B', 'ZC3H18', 'CENPB', 'JAG2', 'BAZ1B', 'BRD2', 'LRRC41', 'ARID1B', 'L3MBTL2', 'K7E2K6', 'GTF3C3', 'GTF3C5', 'ARID4B', 'IBSP', 'DAXX', 'MYCL', 'CHD6', 'SOX12', 'NKX1-2', 'SCNN1A', 'ZNF513', 'F6WAI6', 'K7DZI4', 'PLCB2', 'PLPPR3', 'HOMEZ', 'STAG3', 'BAHCC1', 'K7E2J0', 'PHRF1', 'PAXIP1', 'CCDC9', 'ZEB1', 'ADAMTS8', 'PHF23', 'TAF1', 'F7FHJ7', 'PELP1', 'SLC4A3', 'DENND6A', 'PTPRCAP', 'LOC100028437', 'SKIDA1', 'HNRNPU', 'TCF20', 'RANBP2', 'ZNF326', 'PODXL2', 'SCAF1', 'NUTM1', 'BBX', 'F7BSF3', 'TAOK2', 'TRAFD1', 'KIF1A', 'HOXA7', 'PIAS4', 'LMOD2', 'C7E648', 'KCTD1', 'B4GALNT3', 'F6UJD8', 'BCL11A', 'AEBP2', 'ANKRD17', 'SMARCA4', 'SEL1L3', 'NOP58', 'NPAS2', 'CLIP3', 'BRPF1', 'LOC100010569', 'ZCCHC6', 'C14orf37', 'RTN4', 'ZBTB9', 'NBR1', 'RANGAP1', 'PPP1R1B', 'TTBK1', 'MEX3C', 'F6U018', 'F6XTP4', 'ARSI', 'ZBTB40', 'NCL', 'KAT6B', 'DCAF8']"
GGGGGGGGGG,84,0.003847,"['PRKCI', 'KLHL26', 'CAPNS1', 'MSL1', 'SP8', 'TBX20', 'SMAD6', 'AEBP2', 'CPEB2', 'DACH1', 'F7BCA3', 'ANKHD1', 'SOX2', 'MAFA', 'USP24', 'K7E3K3', 'HOXD9', 'ZFC3H1', 'ZNF384', 'SRSF1', 'F7FN78', 'K7E654', 'U2AF1', 'F7ASV4', 'FOXF2', 'BHLHE22', 'PRDM6', 'HOXA10', 'WDR26', 'EN1', 'GSX2', 'ZSWIM8', 'F7GFY1', 'ZSWIM2', 'MN1', 'PLCL2', 'MYC', 'SNRNP70', 'KLHDC10', 'F6V0Y2', 'ZNF281', 'POU3F3', 'INTS1', 'SUZ12', 'K7E4F6', 'DPYSL3', 'ARIH1', 'F7CN94', 'EVX1', 'PITPNM2', 'FOXD2', 'DSP', 'SYNGAP1', 'K7E387', 'SIX3', 'FNDC3B', 'F7F9H4', 'RFX8', 'HOXB3', 'MEX3B', 'PDE10A', 'HNRNPUL1', 'KCNK9', 'OSBPL11', 'YTHDC2', 'PCDH20', 'APBA1', 'TAF1', 'RPS6KA6', 'WWTR1', 'ARID1B', 'SRRM3', 'FAM155B', 'TCF7L1', 'NRXN1', 'TRA2A', 'DDHD1', 'PURA', 'F7F0E3', 'FBXO33', 'ZNF503', 'SKOR2', 'F6XTP4', 'ILF3']"
XXXXXXXXXX,80,0.003664,"['HHIPL1', 'K7E5J9', 'AQP5', 'CCDC66', 'LIPT2', 'K7DZH0', 'F6W7C4', 'H9H717', 'TLE2', 'H9H715', 'SYMPK', 'F6SBZ0', 'K7E4E7', 'RFC2', 'LRFN3', 'K7E4Y0', 'LRRC24', 'SLC4A1', 'F7CRI2', 'OXSR1', 'F7EGH8', 'NADSYN1', 'ADSL', 'H9H7A4', 'TMEM132C', 'DGKZ', 'AMH', 'K7E4X1', 'K7E0G4', 'K7E2N1', 'K7E3A5', 'SOX13', 'F6VV43', 'F6YN78', 'K7E5K4', 'F6TFK1', 'K7E0K4', 'K7E619', 'K7E630', 'ELL2', 'SNX33', 'PPP1R9B', 'F6T4L2', 'DAAM2', 'K7E4M2', 'LTBP4', 'K7E0R4', 'ESRRB', 'F7G7J4', 'K7E0E0', 'K7E3U9', 'K7E255', 'F7D883', 'H9H988', 'K7E556', 'CUX1', 'H9H6D6', 'IRX4', 'K7E439', 'K7E5V5', 'EBNA1BP2', 'SLC43A1', 'SLC16A9', 'LRRC27', 'HoxB5', 'TLK2', 'K7DYU3', 'H9H6Q0', 'K7E4R2', 'H9H7S8', 'K7E367', 'MOSPD2', 'MFAP4', 'K7E331', 'CHADL', 'K7E4N6', 'RCE1', 'K7E1B0', 'PRR36', 'K7E2T0']"
SSSSSSSSSS,71,0.003252,"['F6PMW0', 'CIR1', 'RFWD2', 'TRIM71', 'ZNF318', 'SH3PXD2A', 'SETD1A', 'RCOR1', 'SETD1B', 'NPAS1', 'RANBP10', 'K7E4E0', 'PHLDA1', 'PEX14', 'GBX2', 'JMJD6', 'LTBP1', 'SOX11', 'TNRC18', 'SVEP1', 'GDF6', 'TMEM200C', 'SUPV3L1', 'POU6F2', 'RAI1', 'IRF2BP1', 'FAM193B', 'MYC', 'Fgf10', 'LZTS2', 'SRRM2', 'BEND4', 'F6QVE7', 'ZMYND8', 'HOXD9', 'F6VBV6', 'K7E3G8', 'TSHZ3', 'C7E651', 'FOXD1', 'NR1D1', 'K7E3N6', 'PAPD7', 'KLHL1', 'DACH1', 'SERTAD4', 'PHLPP1', 'MEX3B', 'PDE10A', 'BRD2', 'NKX6-1', 'F6ZTW3', 'F6UFM9', 'BRWD1', 'PRDM2', 'SOCS3', 'K7E5P1', 'LOC103103968', 'ZC3H3', 'K7E524', 'PRG4', 'F6W0B1', 'K7E6B2', 'SHISA2', 'CHD8', 'F7D263', 'RNF126', 'F6RJP9', 'TMEM40', 'CFAP97', 'WDR26']"
QQQQQQQQQQ,70,0.003206,"['FOXP2', 'LIN7A', 'GIGYF2', 'MAP4K4', 'TRERF1', 'CLOCK', 'FAM222A', 'ZFHX4', 'CDX2', 'TNRC6B', 'CPEB3', 'FOXO1', 'STXBP5', 'GTF2A1', 'F7CHE2', 'KLHL14', 'F6Y208', 'K7E2P5', 'NCOR1', 'MAML2', 'GLI2', 'ZNF384', 'TOB1', 'MAML3', 'TRIM71', 'WWC3', 'F6WET4', 'FOXF2', 'MAMLD1', 'CTU2', 'RAI1', 'BSN', 'WBP1L', 'PHC1', 'MED15', 'MAGI1', 'CABLES1', 'TNS1', 'K7E578', 'VGF', 'PDE5A', 'FBXW7', 'POU3F2', 'K7E1D5', 'ZIC5', 'HOXD9', 'TFEB', 'MN1', 'LOC100029343', 'PAXIP1', 'SUSD4', 'KCNN2', 'FRMPD3', 'BRD4', 'PPP1R18', 'PHLPP1', 'WAS', 'NFAT5', 'NOTUM', 'TBP', 'ARID1A', 'F6T2D4', 'RUNX2', 'MEF2A', 'SATB1', 'ZNF462', 'NUMBL', 'NR0B1', 'CREBBP', 'CHERP']"
PPPPPPPPPP,66,0.003023,"['BPTF', 'WASHC1', 'HMGXB4', 'BTBD1', 'ONECUT3', 'ZFHX4', 'ZFPM1', 'PSMD3', 'F7A5T2', 'SETD1A', 'SETD1B', 'SETBP1', 'LONRF3', 'IQSEC3', 'PRKX', 'MARCH9', 'MAPKAPK2', 'MEOX2', 'SOBP', 'K7E2E1', 'FMNL2', 'UBQLN3', 'ASXL3', 'NPAS2', 'CAP2', 'K7E454', 'ZNF318', 'SLCO4C1', 'ZIC5', 'RANBP9', 'WHAMM', 'RBM33', 'VCPIP1', 'VIRMA', 'PRIMA1', 'DIDO1', 'POU3F3', 'KMT2A', 'PRR11', 'HOXD8', 'DIAPH2', 'K7E4X0', 'DAAM2', 'RNF44', 'FOXD2', 'F7G448', 'F6XJA7', 'PCLO', 'SALL2', 'MTFR2', 'WAS', 'HNRNPUL1', 'F6WBW3', 'LOC100019824', 'FHDC1', 'EIF4G3', 'SKOR2', 'USP54', 'ZC3H4', 'HTT', 'F6W0B1', 'ZNF462', 'ZNF341', 'K7E2Z7', 'F6VF22', 'LMOD2']"
EEEEEEEEED,46,0.002107,"['SYTL4', 'KCTD1', 'RSPH4A', 'B4GALNT3', 'BBX', 'BCL11A', 'PELP1', 'GTF3C3', 'GTF3C5', 'CC2D1B', 'ARID4B', 'DENND6A', 'PTPRCAP', 'PPP1R1B', 'SKIDA1', 'WWC1', 'RAD21', 'CACNA1D', 'APBB1', 'K7E2E9', 'RTN4', 'NKX1-2', 'HMGB3Y', 'ZC3H18', 'WEE1', 'PPP1R9B', 'RANBP2', 'F6UJD8', 'F7BML4', 'C14orf37', 'PLPPR3', 'HOMEZ', 'PHRF1', 'CENPB', 'PAXIP1', 'BAZ1B', 'SALL2', 'ZEB1', 'PHF23', 'NEUROD1', 'TRAFD1', 'KIF1A', 'F6XTP4', 'L3MBTL2', 'PIAS4', 'TUB']"
SGGGGGGGGG,44,0.002015,"['SP8', 'KLHL26', 'F7DJV5', 'F7FU77', 'AEBP2', 'SOX2', 'K7E3K3', 'FUS', 'ZFC3H1', 'DDHD1', 'PRDM6', 'HOXA10', 'FOXF2', 'HOXB3', 'FNDC3B', 'F6V0Y2', 'ZNF281', 'PRKCI', 'POU3F2', 'HOXD9', 'H9H981', 'F6QZS2', 'MN1', 'FOXD2', 'LOC100021695', 'SYNGAP1', 'SHE', 'DENND5A', 'DACH1', 'F7F0E3', 'LEF1', 'MEX3B', 'HNRNPUL1', 'OSBPL11', 'RFX8', 'TAF1', 'WWTR1', 'F6XTP4', 'TRA2A', 'F6ZT88', 'PURA', 'PITPNM2', 'ATXN7', 'ELP4']"
GGGGGGGGGS,36,0.001649,"['FUS', 'F7FU77', 'TBX20', 'ANKHD1', 'SOX1', 'ZNF384', 'F7ASV4', 'TOB2', 'DDHD1', 'F7CN94', 'DNAJB6', 'SIX3', 'FOXF2', 'MYC', 'F6V0Y2', 'ZNF281', 'PRKCI', 'SUZ12', 'H9H981', 'EVX1', 'FOXD2', 'DSP', 'SFSWAP', 'DENND5A', 'DACH1', 'HNRNPUL1', 'YTHDC2', 'RFX8', 'PRDM13', 'RPS6KA6', 'ARID1B', 'F6XTP4', 'TCF7L1', 'ZFC3H1', 'PITPNM2', 'ILF3']"
PPPPPPPPPL,33,0.001511,"['ONECUT3', 'ZFHX4', 'ENAH', 'ZFPM1', 'KIF26B', 'WRNIP1', 'LOC100019824', 'SETBP1', 'INF2', 'ZBTB12', 'CDK12', 'SVEP1', 'ZNF318', 'ZNF341', 'PCLO', 'WHAMM', 'DIDO1', 'DIAPH2', 'TFEB', 'TDRD6', 'MTFR2', 'F7A5T2', 'MEX3C', 'NUFIP1', 'FHDC1', 'SHTN1', 'BTBD1', 'USP54', 'FMNL2', 'PRR11', 'F6W0B1', 'SKOR2', 'LMOD2']"
AAAAAAAAAS,33,0.001511,"['KDM1A', 'CPM', 'OTX1', 'GATA6', 'HAND2', 'ZFP91', 'CBX4', 'SAP30', 'DMBX1', 'CHD7', 'ASXL2', 'HOXA13', 'TMEM200C', 'EN1', 'ZIC5', 'D7PLZ5', 'FOXB2', 'IRX6', 'IRX1', 'SP9', 'TCFL5', 'EVX2', 'RRN3', 'SART3', 'IGF2BP3', 'FOXD1', 'PBX2', 'NKX6-1', 'SOX21', 'SOCS7', 'E2F3', 'TCF7L1', 'KDM3B']"
SAAAAAAAAA,32,0.001465,"['HMX3', 'FOXK1', 'HOXA13', 'TLE4', 'TBX2', 'NKX2-3', 'K7E3G8', 'HECTD4', 'GSX2', 'SKIDA1', 'F6WET4', 'BHLHE22', 'EOMES', 'RAI1', 'ZIC2', 'MYCBP2', 'D7PLZ5', 'NLK', 'F7CCV4', 'BEND4', 'EVX2', 'GATA6', 'PBX2', 'FOXB2', 'NKX6-1', 'SOX21', 'GFI1', 'RBM47', 'PTF1A', 'FAM8A1', 'RBM24', 'PRDM8']"
AAAAAAAAAG,32,0.001465,"['MSL1', 'VSTM2B', 'BEND4', 'TBX2', 'FGD1', 'MNX1', 'HOXD8', 'SKIDA1', 'HOXA13', 'ITPKA', 'PCLO', 'MED15', 'PTBP2', 'FOXB2', 'F6V0Y2', 'LOC103095671', 'PABPN1', 'SRF', 'MYDGF', 'TSC22D2', 'ASTN2', 'FOXL2', 'PRKAR1B', 'PHOX2B', 'SOX21', 'POU4F1', 'ARID1B', 'SECISBP2L', 'F7G8A1', 'STK39', 'PRDM8', 'ZNF467']"
DEEEEEEEEE,32,0.001465,"['KCTD1', 'BCL11A', 'PPP4R2', 'PELP1', 'SETD1A', 'K7E3K8', 'GTF3C5', 'ANKRD17', 'IBSP', 'PLIN1', 'DAXX', 'CHD6', 'HNRNPU', 'K7E2E9', 'FAM118A', 'NKX1-2', 'HDGF', 'RANBP2', 'RTN4', 'HOMEZ', 'PODXL2', 'RANGAP1', 'SCAF1', 'TAOK2', 'GTF3C3', 'BRWD1', 'ARID1B', 'F6XTP4', 'L3MBTL2', 'NCL', 'KAT6B', 'TUB']"
PPPPPPPPLP,29,0.001328,"['HMGXB4', 'ESPN', 'ZNF318', 'ZFHX4', 'ENAH', 'F7A5T2', 'LOC100019824', 'SETBP1', 'INF2', 'SOX30', 'FMNL2', 'ZNF341', 'PCLO', 'WHAMM', 'LZTS2', 'DIDO1', 'ARHGEF11', 'DIAPH2', 'TFEB', 'MTFR1', 'MTFR2', 'MEX3C', 'NUFIP1', 'FHDC1', 'SHTN1', 'PRR11', 'ATXN7', 'BTBD1', 'LMOD2']"
EDEEEEEEEE,26,0.001191,"['PPP4R2', 'GTF3C3', 'K7E3K8', 'ANKRD17', 'KCNA4', 'PLIN1', 'DAXX', 'DNAI2', 'SOX12', 'BCAP29', 'K7E2E9', 'RTN4', 'HDGF', 'RANBP2', 'FAM118A', 'PAF1', 'FOXD1', 'TAOK2', 'SETD1A', 'BRWD1', 'ARID1B', 'F6XTP4', 'NKX1-2', 'NCL', 'KAT6B', 'PAK3']"
AAAAAAAAAV,25,0.001145,"['TRIM71', 'F7D1B8', 'PDS5B', 'FOXO1', 'PYCR3', 'SLC9A4', 'CHD3', 'DMBX1', 'SIX4', 'F6WET4', 'EN1', 'ZIC2', 'SLC12A2', 'FOXB2', 'F7CCV4', 'POU3F3', 'OLIG2', 'CNNM1', 'EDA2R', 'RBM47', 'RUNX2', 'NKX3-2', 'GAS1', 'SKOR2', 'LOC100015277']"
PAAAAAAAAA,24,0.001099,"['ABHD17C', 'MOV10', 'MSL1', 'TRIM71', 'TBX1', 'BCAS4', 'CBX4', 'DMBX1', 'SKIDA1', 'GSX1', 'OTX1', 'EOMES', 'EN1', 'ZIC2', 'VCPIP1', 'IRX3', 'FOXD1', 'STK39', 'RPRD2', 'OLIG2', 'F7GFY1', 'PRDM13', 'KAT6B', 'K7E2Z7']"
GEEEEEEEEE,24,0.001099,"['B4GALNT3', 'AEBP2', 'SETD1A', 'SLC4A3', 'CC2D1B', 'APLP1', 'SEL1L3', 'MAP3K9', 'SKIDA1', 'CACNA1D', 'APBB1', 'BRPF1', 'MYCL', 'VIRMA', 'F6WAI6', 'K7DZI4', 'F6UJD8', 'HOMEZ', 'K7E2J0', 'PPP1R1B', 'CCDC9', 'ZEB1', 'MAF1', 'F6XTP4']"
VAAAAAAAAA,22,0.001008,"['F7D1B8', 'FOXO1', 'PRPF40A', 'SOX1', 'LHX2', 'SAP30', 'GPR143', 'SIX4', 'HOXA13', 'TMEM200C', 'EN1', 'FOXB2', 'FGD1', 'K7E2J0', 'CHD3', 'FOXD1', 'BRD8', 'FRMPD3', 'NXN', 'ARID1B', 'KDM3B', 'SMARCE1']"
QPPPPPPPPP,22,0.001008,"['ONECUT3', 'ZFPM1', 'SETD1A', 'NPAS2', 'K7E454', 'EN1', 'ZNF341', 'RBM33', 'VCPIP1', 'POU3F3', 'KMT2A', 'TFEB', 'FIGN', 'F7G448', 'F6XJA7', 'MEX3C', 'F6WBW3', 'F6VF22', 'HTT', 'MEF2D', 'ZNF462', 'BTBD1']"
EEEEEEEEDE,22,0.001008,"['RSPH4A', 'F6UJD8', 'GTF3C3', 'DIEXF', 'DENND6A', 'PTPRCAP', 'CACNA1D', 'K7E2E9', 'RTN4', 'VGLL3', 'WEE1', 'RANBP2', 'F7BML4', 'HOMEZ', 'PAXIP1', 'SALL2', 'ZEB1', 'PHF23', 'F6XTP4', 'BOD1L1', 'F6QF84', 'KAT6B']"
GGGGGGGGSG,22,0.001008,"['TRIM71', 'ANKHD1', 'TOB2', 'SIX3', 'ZIC2', 'FOXF2', 'F6V0Y2', 'SUZ12', 'FOXD2', 'EVX2', 'POU4F2', 'SFSWAP', 'DACH1', 'ZNF503', 'YTHDC2', 'PRDM13', 'RPS6KA6', 'ARID1B', 'F6XTP4', 'HCN4', 'FAM117B', 'SNX27']"
AGGGGGGGGG,22,0.001008,"['YY1', 'SMAD7', 'F7BCA3', 'CAPNS1', 'SOX1', 'K7E4F6', 'USP24', 'F7ASV4', 'GSX2', 'SIX3', 'WDR26', 'EN1', 'ZSWIM2', 'MYC', 'KLHDC10', 'POU3F3', 'FOXF2', 'PDE10A', 'F7GFY1', 'ARID1B', 'F6XTP4', 'ILF3']"
QQQQQQQQQP,21,0.000962,"['TOB1', 'KMT2B', 'MAML2', 'NOTUM', 'SATB1', 'TRIM71', 'WWC3', 'ASXL3', 'CDX2', 'F6T2D4', 'HCN1', 'FOXO1', 'KCNN3', 'CHERP', 'MAGI1', 'SALL2', 'ZNF462', 'STXBP5', 'TNS1', 'VGF', 'NR0B1']"
GSGGGGGGGG,21,0.000962,"['SYNGAP1', 'FOXF2', 'F7FU77', 'H9H981', 'F6QZS2', 'F6XTP4', 'K7E6C2', 'PITPNM2', 'PRDM6', 'ZFC3H1', 'F6ZT88', 'TAF1', 'PURA', 'SHE', 'DENND5A', 'HOXB3', 'DACH1', 'F7F0E3', 'ELP4', 'MEX3B', 'F6V0Y2']"
GGGGGGGSGG,21,0.000962,"['SHANK3', 'FAM181B', 'YTHDC2', 'FAM117B', 'PRDM13', 'RPS6KA6', 'TOB2', 'ARID1B', 'F6XTP4', 'FOXD2', 'HCN4', 'KAT2B', 'POU4F2', 'SFSWAP', 'ANKHD1', 'DACH1', 'ZIC2', 'ZNF503', 'SIX3', 'MEX3B', 'F6V0Y2']"
ASSSSSSSSS,20,0.000916,"['SETD1A', 'MTMR14', 'RFWD2', 'MLLT3', 'RLIM', 'MLLT6', 'SALL2', 'LZTS2', 'IRF2BPL', 'CHD8', 'POU6F2', 'RCOR1', 'F6QVE7', 'ATN1', 'BHLHE41', 'FOXF2', 'K7E4B2', 'FOXD1', 'MEX3B', 'F6XFA6']"
EEDEEEEEEE,20,0.000916,"['HDGF', 'DIEXF', 'CHRAC1', 'ARID1B', 'PAF1', 'PLEKHG5', 'PPP4R2', 'SETD1A', 'VIRMA', 'DEK', 'NCL', 'K7E3K8', 'NKX1-2', 'PLIN1', 'VGLL3', 'KCNA4', 'BRWD1', 'F6XTP4', 'THRSP', 'RANBP2']"
SEEEEEEEEE,20,0.000916,"['PLEKHG3', 'IFNLR1', 'F6UJD8', 'TRAFD1', 'TAF1', 'SALL2', 'PHRF1', 'CENPB', 'ARSI', 'BAZ1B', 'SETD1B', 'BRD2', 'PIAS4', 'BBX', 'LOC100010569', 'F7BSF3', 'DCAF8', 'SMARCA4', 'CLSTN1', 'PHF23']"
QVKIWFQNRR,20,0.000916,"['DBX2', 'GBX2', 'HMX3', 'GSX1', 'HOXD9', 'F6R1I7', 'LOC100020362', 'CDX2', 'HOXD12', 'HOXD1', 'HOXA11', 'HOXA10', 'C7FF75', 'DBX1', 'NKX3-1', 'HOXA1', 'NKX1-2', 'MSX2', 'MNX1', 'DLX3']"
AVAAAAAAAA,19,0.00087,"['NXN', 'K7E2J0', 'FGD1', 'SNTB1', 'F7D1B8', 'ARID1B', 'PRKAG2', 'SOX1', 'CHD3', 'TMEM200C', 'SIX4', 'EN1', 'FOXO1', 'MED14', 'FRMPD3', 'BACH2', 'KDM3B', 'FOXB2', 'GPR143']"
APPPPPPPPP,19,0.00087,"['RNF19B', 'FHDC1', 'ZIC5', 'KMT2E', 'WASF2', 'K7E2Z7', 'FMNL1', 'FOXD2', 'KIF26B', 'WASHC1', 'MEOX2', 'HTT', 'RANBP9', 'WHAMM', 'SALL2', 'PCLO', 'DENND1A', 'SKOR2', 'HNRNPUL1']"
HHHHHHHHHH,19,0.00087,"['CACNA1H', 'FAM76B', 'YY1', 'SIK3', 'TRIM71', 'EN1', 'SKIDA1', 'ONECUT1', 'OTX1', 'VGLL2', 'DLGAP3', 'POU4F2', 'RHOBTB2', 'LRCH1', 'DYRK1A', 'FOXB2', 'SKOR2', 'MEOX2', 'ZIC3']"
LPPPPPPPPP,19,0.00087,"['SOBP', 'PRR11', 'HMGXB4', 'LOC100016971', 'K7E2E1', 'ZNF318', 'UBQLN3', 'ASXL3', 'RNF44', 'SVEP1', 'SLCO4C1', 'SETD1B', 'PRIMA1', 'SETBP1', 'F6W0B1', 'MTFR2', 'LMOD2', 'MAPKAPK2', 'NUFIP1']"
GGGGGGGGGA,19,0.00087,"['SP8', 'OSBPL11', 'KLHL26', 'CAPNS1', 'ATXN7', 'ARID1B', 'SRRM3', 'MN1', 'PURA', 'NRXN1', 'SRSF1', 'F7BCA3', 'NEUROG2', 'F7GFY1', 'FBXO33', 'MAFA', 'ELP4', 'SKOR2', 'RAX']"
GGGGSGGGGG,18,0.000824,"['FAM117B', 'PRDM13', 'TAF1', 'F6QZS2', 'F6XTP4', 'AEBP2', 'HCN4', 'K7E387', 'SYNGAP1', 'POU4F2', 'SFSWAP', 'ANKHD1', 'DACH1', 'F7F0E3', 'ZNF503', 'MEX3B', 'F6V0Y2', 'ZNF644']"
PPPPPPPLPP,18,0.000824,"['ARHGEF11', 'SOX30', 'HMGXB4', 'SHTN1', 'TFEB', 'DAAM1', 'FMNL1', 'MEX3C', 'F7A5T2', 'ZNF341', 'PCLO', 'WHAMM', 'ZFHX4', 'MTFR2', 'NUFIP1', 'BTBD1', 'GRID2IP', 'CARNMT1']"
GGGGGGSGGG,18,0.000824,"['FAM117B', 'PRDM13', 'RPS6KA6', 'ARID1B', 'F6XTP4', 'ANKHD1', 'HCN4', 'K7E387', 'MKRN1', 'POU4F2', 'SFSWAP', 'MEX3B', 'DACH1', 'ZIC2', 'ZNF503', 'SIX3', 'SHANK3', 'F6V0Y2']"
PQQQQQQQQQ,17,0.000779,"['KCNJ3', 'MAML2', 'KLHL14', 'SATB1', 'HCN1', 'MN1', 'ASXL3', 'K7E1D5', 'MEF2A', 'ATN1', 'TNRC6B', 'FOXF2', 'SALL2', 'ARID1A', 'TOB1', 'WAS', 'VGF']"
EEEDEEEEEE,17,0.000779,"['GTF3C4', 'DIEXF', 'F6UJD8', 'PPP4R2', 'VIRMA', 'DEK', 'NCL', 'K7E3K8', 'NKX1-2', 'PLEKHG5', 'PLIN1', 'VGLL3', 'KCNA4', 'HDGF', 'MNX1', 'ANAPC4', 'RANBP2']"
AAAAAAAAAT,17,0.000779,"['INCENP', 'ABHD17C', 'FOXK1', 'ARX', 'SKIDA1', 'VSTM2B', 'KMT5A', 'FOXO1', 'PRR19', 'ZFR', 'SMARCE1', 'F6R9Q8', 'MINDY2', 'DACH1', 'PBX4', 'RPRD2', 'F7GFY1']"
AAAVAAAAAA,17,0.000779,"['CHD3', 'DDX20', 'SRF', 'SIX4', 'F7D1B8', 'BACH2', 'ID4', 'RTN4', 'JUND', 'ZBTB8B', 'FAM46B', 'EN1', 'FOXO1', 'NRDC', 'TMEM200C', 'FOXB2', 'NXN']"
AAAAAAAAVA,17,0.000779,"['SLC9A4', 'CNNM1', 'CHD3', 'ZNF384', 'TRIM71', 'SIX4', 'PRKAG2', 'PDS5B', 'TMEM200C', 'ZNF385D', 'EN1', 'FOXO1', 'SLC12A2', 'GAS1', 'ZMIZ1', 'F7CCV4', 'SKOR2']"
EEEEEEEDEE,17,0.000779,"['F6UJD8', 'F7BML4', 'CHRAC1', 'F6XTP4', 'HUWE1', 'K7E2E9', 'GTF3C3', 'DIEXF', 'DENND6A', 'DEK', 'WDR81', 'SALL2', 'VGLL3', 'HDGF', 'ZEB1', 'SLC4A1AP', 'RANBP2']"
AAAAVAAAAA,16,0.000733,"['SMAP1', 'DDX20', 'SRF', 'TRIM71', 'SIX4', 'F7D1B8', 'BACH2', 'PRKAG2', 'JUND', 'ZBTB8B', 'EN1', 'FOXO1', 'NRDC', 'TMEM200C', 'ZMIZ1', 'NXN']"
GAGGGGGGGG,16,0.000733,"['POU3F3', 'SOX1', 'YY1', 'F7ASV4', 'GSX2', 'ARID1B', 'SMAD7', 'SIX3', 'WDR26', 'F7BCA3', 'ZIC2', 'ZSWIM2', 'CAPNS1', 'ZNF106', 'KLHDC10', 'F7GFY1']"
GGGSGGGGGG,16,0.000733,"['TAF1', 'F6QZS2', 'HOXB3', 'F6XTP4', 'AEBP2', 'HCN4', 'K7E387', 'SYNGAP1', 'EN2', 'SFSWAP', 'ANKHD1', 'DACH1', 'F7F0E3', 'FAM117B', 'MEX3B', 'F6V0Y2']"
CQGDSGGPLV,16,0.000733,"['TMPRSS9', 'LOC100018359', 'CTRL', 'TMPRSS6', 'TMPRSS2', 'TMPRSS3', 'TMPRSS5', 'KLK14', 'PLAT', 'PLG', 'TMPRSS13', 'LOC100617826', 'F6SCM4', 'F12', 'LOC100012939', 'PRSS36']"
PLPPPPPPPP,16,0.000733,"['SOBP', 'PRR11', 'HMGXB4', 'LARP4B', 'F6W0B1', 'ASXL3', 'RNF44', 'FOXO3', 'SETD1B', 'PRIMA1', 'SETBP1', 'SH2B1', 'MTFR1', 'MTFR2', 'MAPKAPK2', 'LMOD2']"
ERERERERER,16,0.000733,"['RERE', 'K7E172', 'K7E405', 'F6XE79', 'K7E302', 'ST8SIA1', 'K7DZL5', 'ZC3H13', 'RBM25', 'K7E4S9', 'ZC3H18', 'KCNB2', 'K7DZ48', 'K7E4L0', 'F6SBS0', 'NCOR1']"
EEEEEEEEEA,16,0.000733,"['TTBK1', 'ZCCHC17', 'ARID1A', 'BAHCC1', 'K7E2J0', 'ARSI', 'NEFH', 'SETD1B', 'NUTM1', 'AEBP2', 'ASCC2', 'MEX3C', 'HDGF', 'ADAMTS8', 'K7E1C5', 'ZSCAN2']"
GAAAAAAAAA,16,0.000733,"['POU3F3', 'SOX21', 'E2F3', 'CPM', 'ARX', 'VSTM2B', 'SP3', 'HOXA13', 'TBX2', 'POU4F1', 'ZIC5', 'PRKAR1B', 'PYCR3', 'PHOX2B', 'MNX1', 'FAM189A2']"
RERERERERE,16,0.000733,"['RERE', 'K7E172', 'K7E405', 'F6XE79', 'K7E302', 'ST8SIA1', 'K7DZL5', 'ZC3H13', 'RBM25', 'K7E4S9', 'ZC3H18', 'KCNB2', 'K7DZ48', 'K7E4L0', 'F6SBS0', 'NCOR1']"
GGGGGSGGGG,16,0.000733,"['FAM117B', 'PRDM13', 'ARID1B', 'F6XTP4', 'SHANK3', 'HCN4', 'K7E387', 'POU4F2', 'SFSWAP', 'DYNC1LI1', 'ANKHD1', 'DACH1', 'ZIC2', 'ZNF503', 'MEX3B', 'F6V0Y2']"
SSSSSSSSSP,15,0.000687,"['MTMR14', 'K7E4E0', 'SHISA2', 'PHLPP1', 'RNF126', 'FOXD1', 'SETD1A', 'LURAP1L', 'F6QVE7', 'RFWD2', 'DBN1', 'RANBP10', 'SERTAD4', 'SRRM2', 'NKX6-1']"
PGGGGGGGGG,15,0.000687,"['POU3F3', 'PRKCI', 'YTHDC2', 'PRDM13', 'ARIH1', 'PCDH7', 'ARID1B', 'TOB2', 'FAM155B', 'BHLHE22', 'SUDS3', 'EVX1', 'ZNF503', 'CPEB2', 'SKOR2']"
QGDSGGPLVC,15,0.000687,"['TMPRSS9', 'LOC100018359', 'CTRL', 'TMPRSS6', 'TMPRSS3', 'LOC100015759', 'TMPRSS5', 'KLK14', 'PLAT', 'PLG', 'TMPRSS13', 'LOC100617826', 'F6SCM4', 'F12', 'PRSS36']"
AAVAAAAAAA,15,0.000687,"['CHD3', 'DDX20', 'FGD1', 'GPR143', 'F7D1B8', 'BACH2', 'RTN4', 'PRKAG2', 'TMEM200C', 'SIX4', 'EN1', 'FOXO1', 'MED14', 'FOXB2', 'NXN']"
EEEEEEEEEG,15,0.000687,"['GREB1', 'MAP3K9', 'NGEF', 'SLC4A3', 'K7E1D7', 'PODXL2', 'HNRNPU', 'BRPF1', 'TAOK2', 'SCNN1A', 'VIRMA', 'ZNF513', 'F6UJD8', 'FANCI', 'RANBP2']"
EEEEDEEEEE,15,0.000687,"['PLEKHG5', 'F6UJD8', 'DENND6A', 'DIEXF', 'PLIN1', 'DEK', 'NCL', 'NKX1-2', 'GTF3C4', 'VIRMA', 'VGLL3', 'KCNA4', 'HDGF', 'MNX1', 'RANBP2']"
SSSSSSTSSS,14,0.000641,"['SETD1A', 'ZCCHC10', 'SOX11', 'TNRC18', 'IRF2BPL', 'CBX2', 'WDR26', 'FAM104A', 'LRFN3', 'K7E4B2', 'MOXD1', 'PEX14', 'F7GFY1', 'SHE']"
SSSSSSSSSA,14,0.000641,"['HSPB7', 'ANO8', 'FOXF2', 'F6ZTW3', 'C7E651', 'GDF6', 'POU6F2', 'RAI1', 'RCOR1', 'PAPD7', 'SETD1A', 'K7E4B2', 'NR1D1', 'LZTS2']"
QQQQQQQQQH,14,0.000641,"['FOXP2', 'ZNF384', 'MAML2', 'GIGYF2', 'PHLDA1', 'PAXIP1', 'FMN2', 'SUSD4', 'ZIC5', 'PHC1', 'GTF2A1', 'MN1', 'PHLPP1', 'WAS']"
SSSSSSSSTS,14,0.000641,"['SETD1A', 'TNRC18', 'IRF2BPL', 'PEX14', 'WDR26', 'MED1', 'ATN1', 'F7GFY1', 'K7E4B2', 'MOXD1', 'IPCEF1', 'CBX2', 'CFAP97', 'SHE']"
AAAAAAVAAA,14,0.000641,"['CHD5', 'TRIM71', 'SIX4', 'ASXL3', 'PRKAG2', 'NPAS2', 'TMEM200C', 'MKRN1', 'EN1', 'FOXO1', 'STRN', 'ZMIZ1', 'HEY2', 'KCNA4']"
AAAAAAAASS,14,0.000641,"['SOX21', 'SAP30', 'OTX1', 'HOXA13', 'TCF7L1', 'TMEM200C', 'EVX2', 'FOXD1', 'GRAMD4', 'GATA6', 'PITX3', 'FOXB2', 'IRX6', 'NKX6-1']"
GGSGGGGGGG,14,0.000641,"['SYNGAP1', 'TAF1', 'F6QZS2', 'HOXB3', 'F6XTP4', 'PITPNM2', 'HCN4', 'F6ZT88', 'LOC100013839', 'ANKHD1', 'DACH1', 'F7F0E3', 'MEX3B', 'F6V0Y2']"
AAAAAAAAGA,14,0.000641,"['SOX18', 'LOC103095671', 'PABPN1', 'TAF4', 'F6WDW6', 'SKIDA1', 'VSTM2B', 'HOXA13', 'ZNF467', 'ITPKA', 'PRKAR1B', 'STK39', 'CLASRP', 'CCDC85A']"
PQPPPPPPPP,14,0.000641,"['SETD1A', 'TFEB', 'F6VF22', 'ZFPM1', 'MEX3C', 'K7E454', 'F6XJA7', 'ZNF341', 'RBM33', 'ZNF462', 'ZBTB20', 'BTBD1', 'FOXC2', 'TRIM66']"
KIWFQNRRMK,13,0.000595,"['DBX2', 'DBX1', 'HOXD9', 'F7E267', 'HOXD12', 'HOXD1', 'HOXA11', 'HOXC6', 'HOXA3', 'HOXA1', 'PDX1', 'HOXA10', 'MNX1']"
QVWFQNRRAK,13,0.000595,"['LHX4', 'NOBOX', 'ARX', 'DRGX', 'ALX4', 'PRRX1', 'SHOX2', 'VSX1', 'OTP', 'MIXL1', 'PHOX2B', 'RAX', 'LOC103098226']"
PPPPLPPPPP,13,0.000595,"['SRCAP', 'SOX30', 'TOMM40', 'HMGXB4', 'SHTN1', 'LARP4B', 'HOMEZ', 'ASXL3', 'F7A5T2', 'ZNF341', 'ZIC5', 'MTFR1', 'MEX3C']"
SSSSSSSSSG,13,0.000595,"['GBX2', 'ZMYND8', 'SUPV3L1', 'FAM133B', 'PHLDA1', 'MLLT6', 'SRRM2', 'REPS2', 'TTC14', 'ATN1', 'SALL2', 'K7E4E0', 'MEX3B']"
AAAAAVAAAA,13,0.000595,"['KDM1A', 'SRF', 'TRIM71', 'SMAP1', 'F7D1B8', 'ASXL3', 'PRKAG2', 'JUND', 'TMEM200C', 'EN1', 'FOXO1', 'ZMIZ1', 'FBXW7']"
SSSSSSSTSS,13,0.000595,"['SETD1A', 'CBX2', 'TNRC18', 'K7E4B2', 'IRF2BPL', 'CLASRP', 'WDR26', 'ATN1', 'SHE', 'MAF', 'MOXD1', 'PEX14', 'F7GFY1']"
LQQQQQQQQQ,13,0.000595,"['FOXP2', 'ZIC5', 'GIGYF2', 'GDF1', 'CDX2', 'MAMLD1', 'PAXIP1', 'FOXO1', 'WBP1L', 'MED15', 'ZNF462', 'FMN2', 'CREBBP']"
TAAAAAAAAA,13,0.000595,"['AKAP6', 'ABHD17C', 'ASTN2', 'ARX', 'TRMT61A', 'HOXD13', 'RRN3', 'RBM24', 'PCLO', 'DACH1', 'PRR19', 'LOC100015277', 'LOC100017350']"
PSSSSSSSSS,13,0.000595,"['SETD1A', 'FNIP2', 'SERTAD4', 'SOCS3', 'SRRM3', 'SVEP1', 'TMEM200C', 'WDR26', 'RAI1', 'LURAP1L', 'NR1D1', 'DBN1', 'NKX6-1']"
LLLLLLLLLL,13,0.000595,"['TMED3', 'NUP210L', 'RCN1', 'K7E3F1', 'CELSR2', 'PDGFRL', 'F7FQU7', 'F6QZL5', 'K7DZZ3', 'TMEM165', 'F7CFE9', 'CNPY3', 'CYP2R1']"
PPPPPPPPPA,13,0.000595,"['WASHC1', 'K7E2E1', 'EIF4G3', 'RNF19B', 'F6VF22', 'PSMD3', 'FIGN', 'ZIC5', 'RANBP9', 'SOBP', 'PRKX', 'K7E2Z7', 'MARCH9']"
SSSSSTSSSS,12,0.00055,"['SETD1A', 'SOX11', 'TNRC18', 'K7E4B2', 'IRF2BPL', 'PEX14', 'WDR26', 'K7E0B3', 'PNN', 'MOXD1', 'OLIG2', 'CBX2']"
KEEEEEEEEE,12,0.00055,"['K7E2S4', 'K7DZI4', 'NOP58', 'RSPH4A', 'RAD21', 'K7E2K6', 'NPAS2', 'NEFH', 'LRRC41', 'SCNN1A', 'F7BSF3', 'KIF1A']"
PPPPPPLPPP,12,0.00055,"['SOX30', 'HMGXB4', 'SHTN1', 'LARP4B', 'ASXL3', 'TFEB', 'F7A5T2', 'ZNF341', 'PCLO', 'GRID2IP', 'SKOR2', 'MEX3C']"
PPPPPPPPPQ,12,0.00055,"['POU3F3', 'BPTF', 'LONRF3', 'EN1', 'SLCO4C1', 'HTT', 'RBM33', 'MEF2D', 'VIRMA', 'SKOR2', 'MAPKAPK2', 'MEOX2']"
QQQQQQQQQA,12,0.00055,"['NFAT5', 'ZFHX4', 'F6WET4', 'F7CHE2', 'RAI1', 'MEF2A', 'ATN1', 'MED15', 'TBP', 'VGF', 'PHC1', 'LOC100029343']"
QQQQQQQQQL,12,0.00055,"['KCNJ3', 'MINK1', 'HOXD9', 'TFEB', 'FAM222A', 'GDF1', 'K7E1D5', 'TANC2', 'CABLES1', 'PAXIP1', 'NCOR1', 'FBXW7']"
AAAAAAAVAA,12,0.00055,"['CHD5', 'TRIM71', 'SIX4', 'PRKAG2', 'TMEM200C', 'PDS5B', 'EN1', 'FOXO1', 'ZIC5', 'GAS1', 'ZMIZ1', 'F7CCV4']"
EEEEEEDEEE,12,0.00055,"['ANO8', 'F6UJD8', 'DENND6A', 'DIEXF', 'DEK', 'F7BML4', 'VGLL3', 'RNGTT', 'HDGF', 'ZEB1', 'SLC4A1AP', 'RANBP2']"
GPPGPPGPPG,12,0.00055,"['COL15A1', 'EDA', 'COL25A1', 'GLDN', 'K7DZG3', 'C1QTNF3', 'LOC103098671', 'COL5A3', 'COL26A1', 'CPSF6', 'COL20A1', 'COL12A1']"
PPPLPPPPPP,12,0.00055,"['SRCAP', 'SOX30', 'HMGXB4', 'ZIC5', 'LARP4B', 'ASXL3', 'F7A5T2', 'ZNF341', 'SETD1B', 'PRIMA1', 'BCL9L', 'MTFR1']"
ASAAAAAAAA,12,0.00055,"['HMX3', 'SOX1', 'FOXK1', 'RBM47', 'K7E4V0', 'HOXA13', 'EVX2', 'FAM8A1', 'RAI1', 'GADD45A', 'F7CCV4', 'FOXC1']"
SCQGDSGGPL,12,0.00055,"['TMPRSS9', 'TMPRSS3', 'LOC100016477', 'CTRL', 'LOC103093639', 'PRSS12', 'KLK14', 'PLG', 'TMPRSS13', 'ST14', 'HABP2', 'TMPRSS2']"
HRDLAARNVL,12,0.00055,"['PDGFRA', 'CSK', 'F7G7J4', 'FRK', 'EPHA8', 'EGFR', 'RET', 'SYK', 'TYK2', 'TIE1', 'FGFR2', 'FLT3']"
TSSSSSSSSS,12,0.00055,"['SETD1A', 'F6PMW0', 'CIR1', 'HOXD9', 'LOC103103968', 'TNRC18', 'GDF6', 'REPS2', 'WDR26', 'K7E4B2', 'SOX11', 'MYC']"
PPLPPPPPPP,12,0.00055,"['BCL9L', 'SOX30', 'HMGXB4', 'ZIC5', 'LARP4B', 'ASXL3', 'SETD1B', 'PRIMA1', 'SETBP1', 'SH2B1', 'MTFR1', 'RASA1']"
RAAAAAAAAA,12,0.00055,"['SP9', 'ASXL2', 'ZFP91', 'HOXD13', 'SECISBP2L', 'EIF4H', 'SLC12A2', 'PHOX2B', 'K7E2Z7', 'F6V0Y2', 'F7GFY1', 'NKX3-2']"
GGGGGGGGSS,12,0.00055,"['PRKCI', 'RFX8', 'H9H981', 'DDHD1', 'K7E6C2', 'TCF7L1', 'SETD1B', 'PITPNM2', 'ELMSAN1', 'ZFC3H1', 'ILF3', 'ZNF281']"
AAAAAAAAGG,12,0.00055,"['SOX21', 'CNNM3', 'CHD7', 'ARID1B', 'TSC22D2', 'ASTN1', 'PCLO', 'GAS1', 'MYDGF', 'PHOX2B', 'MNX1', 'F6V0Y2']"
EQQQQQQQQQ,12,0.00055,"['NFAT5', 'F6Y208', 'NR0B1', 'RAI1', 'SUSD4', 'KCNN3', 'MAGI1', 'F7CHE2', 'BRD4', 'PHLPP1', 'NCOR1', 'FBXW7']"
PAPPPPPPPP,12,0.00055,"['FHDC1', 'ZIC5', 'RNF19B', 'FMNL1', 'FOXD2', 'KIF26B', 'HTT', 'PCLO', 'WHAMM', 'SALL2', 'SKOR2', 'ZNF526']"
SSGGGGGGGG,12,0.00055,"['OSBPL11', 'KLHL26', 'RFX8', 'HOXD9', 'FUS', 'DACH1', 'POU4F2', 'SETD1B', 'AEBP2', 'ELMSAN1', 'FNDC3B', 'ZNF281']"
EGEEEEEEEE,11,0.000504,"['MYCL', 'B4GALNT3', 'SKIDA1', 'TRIM26', 'F6UJD8', 'CENPB', 'BRPF1', 'VIRMA', 'F6WAI6', 'ZEB1', 'K7E1C5']"
SSSSSSSSAS,11,0.000504,"['HSPB7', 'F6ZTW3', 'C7E651', 'NPAS1', 'SETD1A', 'RCOR1', 'PAPD7', 'FOXF2', 'K7E4B2', 'NR1D1', 'NKX6-1']"
QEEEEEEEEE,11,0.000504,"['PTPRCAP', 'F7DJV5', 'K7E1L1', 'ADAMTS8', 'ADRA2B', 'F6U018', 'NUTM1', 'TSPOAP1', 'ZC3H18', 'WEE1', 'FANCI']"
SSSSSSSSST,11,0.000504,"['SETD1A', 'CHD8', 'TNRC18', 'IRF2BPL', 'WDR26', 'PRG4', 'ATN1', 'DCAF5', 'K7E4B2', 'PEX14', 'CFAP97']"
PPPPPLPPPP,11,0.000504,"['SOX30', 'TOMM40', 'HMGXB4', 'SHTN1', 'LARP4B', 'ASXL3', 'F7A5T2', 'ZNF341', 'ZIC5', 'MYO16', 'MEX3C']"
HQRTHTGEKP,11,0.000504,"['F6S429', 'ZNF629', 'ZNF200', 'ZNF75A', 'LOC100021480', 'ZNF697', 'KLF7', 'ZKSCAN2', 'ZNF22', 'F7ASR7', 'F6U226']"
LADEMGLGKT,11,0.000504,"['SRCAP', 'CHD2', 'CHD5', 'RAD54B', 'CHD7', 'INO80', 'F7DJV5', 'SMARCAD1', 'SMARCA1', 'SMARCA2', 'SHPRH']"
ATAAAAAAAA,11,0.000504,"['AKAP6', 'ABHD17C', 'F7DP45', 'CHD7', 'ASTN2', 'ARX', 'TRMT61A', 'SP5', 'TSC22D1', 'PITX3', 'LOC100015277']"
SPPPPPPPPP,11,0.000504,"['JMY', 'DIAPH2', 'FNBP4', 'EIF4G3', 'DAAM2', 'K7E4X0', 'WRNIP1', 'VIRMA', 'INF2', 'DIDO1', 'LMOD2']"
SASSSSSSSS,11,0.000504,"['MTMR14', 'RFWD2', 'RLIM', 'MLLT6', 'IRF2BPL', 'CHD8', 'F6QVE7', 'ATN1', 'FOXF2', 'K7E4B2', 'MEX3B']"
EEEEEDEEEE,11,0.000504,"['RANBP2', 'F6UJD8', 'DIEXF', 'DEK', 'NCL', 'VGLL3', 'RNGTT', 'HDGF', 'ZEB1', 'KCNA4', 'DENND6A']"
EEEEEEEEDD,11,0.000504,"['PPP1R1B', 'B4GALNT3', 'F7BWC8', 'CENPB', 'FOXD1', 'NEUROD1', 'PIAS4', 'HMGB3Y', 'ARID4B', 'PPP1R9B', 'TUB']"
HHHHHHHHHP,11,0.000504,"['F7CYK0', 'YY1', 'TRIM71', 'CACNA1A', 'ONECUT1', 'GATA6', 'SKIDA1', 'VGLL2', 'FOXB2', 'SKOR2', 'MEOX2']"
ILADEMGLGK,11,0.000504,"['SRCAP', 'CHD2', 'CHD5', 'RAD54B', 'CHD7', 'INO80', 'F7DJV5', 'SMARCAD1', 'SMARCA1', 'SMARCA2', 'SHPRH']"
QQQQQQQPPP,11,0.000504,"['MAML2', 'NOTUM', 'TRIM71', 'HLX', 'ASXL3', 'CDX2', 'CHERP', 'MAGI1', 'ATXN7', 'K7DZ49', 'K7E2P5']"
GGGGGGGGGR,11,0.000504,"['KCNK9', 'F7FN78', 'U2AF1', 'FAM155B', 'F6QZS2', 'ZSWIM8', 'EN1', 'ZSWIM2', 'PCDH20', 'KLHDC10', 'TRA2A']"
DSCQGDSGGP,11,0.000504,"['TMPRSS9', 'TMPRSS3', 'LOC100010951', 'LOC100016477', 'LOC103093639', 'PRSS12', 'PLG', 'TMPRSS13', 'ST14', 'HABP2', 'TMPRSS2']"
PPPPPPPPPG,10,0.000458,"['FHDC1', 'WASF2', 'FNBP4', 'DAAM2', 'FMNL1', 'ZC3H4', 'CAP2', 'HTT', 'F7G448', 'SALL2']"
QQQQQQQQPP,10,0.000458,"['NOTUM', 'TRIM71', 'MN1', 'ASXL3', 'CDX2', 'CHERP', 'MAGI1', 'MAML2', 'K7DZ49', 'K7E2P5']"
SSSSSSSSSF,10,0.000458,"['K7E504', 'F6QVE7', 'K7DYR8', 'SVEP1', 'Fgf10', 'MLLT3', 'NBEA', 'PRDM2', 'K7E4B2', 'SH3PXD2A']"
GGGGAGGGGG,10,0.000458,"['YY1', 'F7ASV4', 'ARID1B', 'PPTC7', 'SIX3', 'F7GFY1', 'CAPNS1', 'INSM1', 'SKOR2', 'SOX4']"
PPPPPPPPAP,10,0.000458,"['GBX1', 'WASHC1', 'KMT2E', 'K7E2E1', 'K7E2Z7', 'ENAH', 'SOBP', 'PRKX', 'RNF19B', 'MARCH9']"
AAAAAAAAAQ,10,0.000458,"['SIX4', 'SP3', 'FAM189A2', 'EOMES', 'F7GFY1', 'VCPIP1', 'K7E1B6', 'SOX1', 'LCORL', 'IRX3']"
HRRIHTGEKP,10,0.000458,"['F7C6E4', 'ZNF692', 'F6W9F0', 'LOC103098608', 'ZBTB39', 'F7ASR7', 'KLF8', 'F7FUR3', 'ZNF396', 'F7BMD7']"
EKEEEEEEEE,10,0.000458,"['FHOD3', 'BUD13', 'RSPH4A', 'F7FKC5', 'NPAS2', 'NEFH', 'LRRC41', 'SCNN1A', 'K7E4F0', 'F7BSF3']"
QQPPPPPPPP,10,0.000458,"['POU3F3', 'KMT2A', 'HLX', 'ONECUT3', 'F6VF22', 'NPAS2', 'HTT', 'MEF2D', 'TCF20', 'F6WBW3']"
VXXXXXXXXX,10,0.000458,"['SLC16A9', 'F6VV43', 'F6YEI1', 'MOSPD2', 'K7E3U9', 'CUX1', 'F6YN78', 'K7E255', 'K7E630', 'K7E0K4']"
CEGCKGFFRR,10,0.000458,"['RARA', 'VDR', 'NR1I2', 'NR1I3', 'PPARG', 'NR1H4', 'NR1D2', 'F6R6K1', 'E2FHQ8', 'NR1H3']"
FAYGQTGSGK,10,0.000458,"['KIF15', 'KIF6', 'KIF7', 'K7E4J1', 'KIF14', 'KIF13A', 'KIF17', 'F6ULV0', 'KIF2A', 'KIFC1']"
SSTSSSSSSS,10,0.000458,"['SETD1A', 'CIR1', 'C16orf62', 'DIAPH3', 'ASXL1', 'TNRC18', 'WDR26', 'F7AT67', 'K7E4B2', 'SHE']"
EEEEEEEEEV,10,0.000458,"['F7FJ43', 'PLEKHG3', 'F6WAI6', 'NOP58', 'PRDM5', 'L3MBTL2', 'NCL', 'ANKRD17', 'TTBK1', 'CLSTN2']"
EEEEEEEEEQ,10,0.000458,"['MYCL', 'TAF1', 'CCDC9', 'SMARCA4', 'ZBTB9', 'LRRC41', 'K7E6B5', 'SCAF1', 'DCAF8', 'TCF20']"
EEEEEEEEEP,10,0.000458,"['F6XTP4', 'APLP1', 'FAM118A', 'SOX12', 'CLIP3', 'TSPOAP1', 'KAT6B', 'LOC100028437', 'ZCCHC6', 'PLIN1']"
GXXXXXXXXX,10,0.000458,"['LIPT2', 'TLE2', 'EBNA1BP2', 'LRRC27', 'K7E331', 'K7E4Y0', 'TOMM40L', 'RCE1', 'K7E367', 'K7E4F6']"
EEGEEEEEEE,10,0.000458,"['MYCL', 'SKIDA1', 'TRIM26', 'F6UJD8', 'CENPB', 'TERF1', 'VIRMA', 'F6WAI6', 'ZEB1', 'K7E1C5']"
SSSSTSSSSS,10,0.000458,"['SETD1A', 'TRIM71', 'TNRC18', 'K7E4B2', 'IRF2BPL', 'WDR26', 'PNN', 'OLIG2', 'CBX2', 'SOX4']"
HCSAGVGRTG,10,0.000458,"['H9H8L0', 'PTPRQ', 'PTPRE', 'PTPN14', 'PTPRG', 'F6TAZ7', 'PTPRD', 'PTPRC', 'PTPRB', 'PTPRO']"
THTGEKPYKC,10,0.000458,"['ZNF217', 'ZNF629', 'KLF8Y', 'LOC100616964', 'KLF5', 'KLF3', 'F7F5H9', 'ZNF76', 'F7GE85', 'ZSCAN16']"
PGPPGPPGPP,10,0.000458,"['COL15A1', 'GLDN', 'LOC103098671', 'COL5A3', 'COL4A4', 'COL26A1', 'CPSF6', 'COL16A1', 'COL20A1', 'COL12A1']"
SSAAAAAAAA,10,0.000458,"['K7E3G8', 'BEND4', 'HECTD4', 'ZNF703', 'PTF1A', 'BHLHE22', 'DCAF10', 'NLK', 'PRDM8', 'NKX6-1']"
TQVKIWFQNR,10,0.000458,"['HMX3', 'NKX3-1', 'LOC100020362', 'HOXD1', 'C7FF75', 'NKX1-2', 'HOXA1', 'MSX2', 'MNX1', 'DLX3']"
PPAPPPPPPP,9,0.000412,"['WT1', 'FHDC1', 'ZIC5', 'FOXD2', 'HTT', 'PCLO', 'WHAMM', 'RNF19B', 'ZNF526']"
PHHHHHHHHH,9,0.000412,"['EN1', 'SKIDA1', 'ONECUT1', 'DLGAP3', 'TBX1', 'KCNN2', 'FOXB2', 'SKOR2', 'ZIC3']"
STSSSSSSSS,9,0.000412,"['SETD1A', 'CIR1', 'DIAPH3', 'SOX11', 'TNRC18', 'GDF6', 'WDR26', 'SHE', 'K7E4B2']"
VKIWFQNRRM,9,0.000412,"['DBX2', 'DBX1', 'HOXD9', 'HOXD12', 'HOXD1', 'HOXA11', 'HOXA10', 'HOXA1', 'MNX1']"
PPPPPPPPPS,9,0.000412,"['LOC100016971', 'KMT2E', 'K7E4X0', 'ZFHX4', 'FMN1', 'ZNF341', 'IQSEC3', 'WAS', 'F6WBW3']"
SSSTSSSSSS,9,0.000412,"['SETD1A', 'TRIM71', 'DIAPH3', 'ASXL1', 'TNRC18', 'WDR26', 'SHE', 'K7E4B2', 'SOX4']"
QQQQQQQQQR,9,0.000412,"['POU3F2', 'FRMPD3', 'MN1', 'ARID1A', 'F6T2D4', 'CTU2', 'FOXF2', 'BRD4', 'PDE5A']"
VQVWFQNRRA,9,0.000412,"['LHX4', 'DRGX', 'ALX4', 'PRRX1', 'SHOX2', 'D7PLZ5', 'OTP', 'PHOX2B', 'RAX']"
RTHTGEKPYK,9,0.000412,"['ZNF217', 'ZNF629', 'KLF8Y', 'LOC100616964', 'KLF5', 'KLF3', 'ZNF76', 'F7GE85', 'ZSCAN16']"
GGGGGGGGGD,9,0.000412,"['PRKCI', 'POU3F2', 'APBA1', 'K7E654', 'F6XTP4', 'SMAD6', 'HOXB3', 'LEF1', 'PDE10A']"
DACQGDSGGP,9,0.000412,"['LOC100018359', 'F9', 'TMPRSS5', 'TMPRSS6', 'PLAT', 'HPN', 'HGFAC', 'F6SCM4', 'LOC100012939']"
RDLAARNVLV,9,0.000412,"['CSK', 'F7G7J4', 'FRK', 'EPHA8', 'EGFR', 'RET', 'TIE1', 'FGFR2', 'FLT3']"
AAAAAAAATA,9,0.000412,"['INCENP', 'SNTB1', 'BACH2', 'VSTM2B', 'GPR88', 'ZFR', 'SMARCE1', 'MINDY2', 'F7GFY1']"
EEEEEEEEDG,9,0.000412,"['KCTD1', 'TRAFD1', 'PLPPR3', 'SKIDA1', 'PAF1', 'K7E318', 'NKX1-2', 'CC2D1B', 'KCNA4']"
GGGGGGAGGG,9,0.000412,"['F6ZA53', 'CAPNS1', 'INSM1', 'FOXD1', 'F7GFY1', 'AEBP2', 'SIX3', 'SKOR2', 'SOX4']"
VEEEEEEEEE,9,0.000412,"['C7E648', 'MGA', 'ZNF326', 'C14orf37', 'ZBTB9', 'NBR1', 'HOXA7', 'K7E4F0', 'TTBK1']"
EEEEEEEEES,9,0.000412,"['SEL1L3', 'PLCB2', 'PHRF1', 'PPP4R2', 'SETD1A', 'F7DJV5', 'CLSTN1', 'F6U018', 'LMOD2']"
EEEEEEEEEK,9,0.000412,"['K7E2S4', 'K7DZI4', 'MGA', 'F7B4K2', 'F7FHJ7', 'ARID1B', 'NPAS2', 'ZBTB40', 'ZNF326']"
VHCSAGVGRT,9,0.000412,"['H9H8L0', 'PTPRQ', 'PTPRE', 'PTPN14', 'PTPRG', 'F6TAZ7', 'PTPRD', 'PTPRC', 'PTPRB']"
DDEEEEEEEE,9,0.000412,"['GTF3C5', 'BCL11A', 'RANGAP1', 'SCAF1', 'PRR29', 'HIVEP3', 'ZCCHC6', 'PPP4R3B', 'RANBP2']"
HQRIHTGEKP,9,0.000412,"['F6WEA4', 'ZNF697', 'ZKSCAN2', 'H9H6M0', 'ZNF648', 'ZNF22', 'F7G5H7', 'F7FUR3', 'ZSCAN16']"
PAPAPAPAPA,9,0.000412,"['TAL1', 'NR6A1', 'F7BVE6', 'KAT2A', 'CNTNAP1', 'MYL4', 'CRY2', 'AATK', 'SEMA4F']"
HQRVHTGEKP,9,0.000412,"['LOC100021480', 'LOC100027167', 'ZNF697', 'ZKSCAN5', 'F6S134', 'ZNF513', 'F6U226', 'ZSCAN20', 'ZSCAN10']"
EAAAAAAAAA,9,0.000412,"['LOC103095671', 'INCENP', 'SOCS7', 'K7E2J0', 'SRF', 'KMT5A', 'PDE3A', 'RUNX2', 'EN2']"
GSSSSSSSSS,9,0.000412,"['K7E3G8', 'BEND4', 'K7E4E0', 'TSHZ3', 'SETD1A', 'NBEA', 'DACH1', 'ZMYND8', 'K7E5Y0']"
RQQQQQQQQQ,9,0.000412,"['K7E578', 'MAML3', 'WWC3', 'TBP', 'F6WET4', 'CPEB3', 'PPP1R18', 'EP300', 'PDE5A']"
PPGPPGPPGP,8,0.000366,"['COL15A1', 'EDA', 'COL25A1', 'GLDN', 'K7DZG3', 'COL5A3', 'LOC103098671', 'CPSF6']"
LEEEEEEEEE,8,0.000366,"['F7FJ43', 'KCTD1', 'NEUROD1', 'PHRF1', 'PLCB2', 'PELP1', 'PPP1R9B', 'MEX3C']"
SSSGGGGGGG,8,0.000366,"['HOXD9', 'ZNRF3', 'K7E6C2', 'RFX1', 'FUS', 'SETD1B', 'ELMSAN1', 'ZNF281']"
WDTAGQERFR,8,0.000366,"['RAB37', 'RAB9A', 'RAB33B', 'RAB6B', 'RAB18', 'RAB22A', 'RAB27A', 'F7FXG0']"
DVWSFGVLLW,8,0.000366,"['MET', 'MST1R', 'NTRK1', 'RET', 'MAP3K11', 'FLT4', 'TIE1', 'FGFR1']"
VYKVETIGDA,8,0.000366,"['LOC100027754', 'NPR2', 'GUCY2D', 'LOC100024379', 'F7FK82', 'GUCY1A3', 'F7FIT4', 'F7B751']"
GAGAGAGAGA,8,0.000366,"['LOC103095671', 'SDC3', 'JUND', 'RUSC2', 'K7E271', 'LOC103098226', 'HNRNPD', 'NXPH4']"
SDVWSFGVLL,8,0.000366,"['MET', 'MST1R', 'NTRK1', 'RET', 'MAP3K11', 'FLT4', 'TIE1', 'FGFR1']"
GPGGGGGGGG,8,0.000366,"['POU3F3', 'PRKCI', 'SIAH2', 'ARIH1', 'TOB2', 'ARID1B', 'EVX1', 'SUDS3']"
APAPAPAPAP,8,0.000366,"['C1orf116', 'F7BVE6', 'KAT2A', 'CNTNAP1', 'MYL4', 'CRY2', 'GRASP', 'AATK']"
SSSSSSSSSE,8,0.000366,"['BEND4', 'CIR1', 'F6VBV6', 'SOX11', 'TNRC18', 'BRWD1', 'CWC22', 'TMEM40']"
QRVHTGEKPY,8,0.000366,"['LOC100021480', 'LOC100027167', 'ZNF697', 'ZKSCAN5', 'F6S134', 'ZNF513', 'F6U226', 'ZSCAN20']"
GGAGGGGGGG,8,0.000366,"['CAPNS1', 'F7ASV4', 'ARID1B', 'SIX3', 'F7BCA3', 'ZSWIM2', 'ZNF106', 'F7GFY1']"
QQQQQQQQQE,8,0.000366,"['KLHL14', 'MAP4K4', 'ZFHX4', 'CPEB3', 'RUNX2', 'TNRC6B', 'PPP1R18', 'K7E2P5']"
DEMGLGKTIQ,8,0.000366,"['SRCAP', 'CHD3', 'CHD2', 'CHD7', 'ZRANB3', 'ERCC6', 'SMARCAD1', 'SMARCA2']"
VHRDLAARNV,8,0.000366,"['PDGFRA', 'CSK', 'F7G7J4', 'SYK', 'EPHA8', 'EGFR', 'RET', 'FLT3']"
HTGEKPYKCT,8,0.000366,"['ZNF629', 'KLF8Y', 'KLF5', 'KLF3', 'ZNF22', 'F7F5H9', 'K7E0J7', 'KLF8']"
SRSRSRSRSR,8,0.000366,"['CCNL1', 'SRSF4', 'RSRP1', 'ACIN1', 'F7BX00', 'F7G6K1', 'CHERP', 'CACTIN']"
SSSSSSSASS,8,0.000366,"['C7E651', 'F7AT67', 'NPAS1', 'PAPD7', 'FOXF2', 'K7E4B2', 'FGF5', 'NKX6-1']"
RVQVWFQNRR,8,0.000366,"['DRGX', 'ALX4', 'PRRX1', 'SHOX2', 'D7PLZ5', 'OTP', 'PHOX2B', 'RAX']"
YGPPGTGKTL,8,0.000366,"['PEX1', 'ATAD3A', 'PEX6', 'KATNAL2', 'ATAD2', 'VCP', 'H9H6R6', 'PSMC3']"
GGGAGGGGGG,8,0.000366,"['CAPNS1', 'F7ASV4', 'ARID1B', 'INSM1', 'SIX3', 'ZNF106', 'PPTC7', 'F7GFY1']"
DVYKVETIGD,8,0.000366,"['LOC100027754', 'NPR2', 'GUCY2D', 'LOC100024379', 'F7FK82', 'GUCY1A3', 'F7FIT4', 'F7B751']"
GLPGPPGPPG,8,0.000366,"['COL15A1', 'COL11A1', 'GLDN', 'COL22A1', 'COL26A1', 'ERFE', 'COL4A4', 'LOC103098671']"
AAAAAAAAAP,8,0.000366,"['AKAP6', 'ABHD17C', 'GPR143', 'TRMT61A', 'FAM8A1', 'TBX1', 'NXN', 'K7E2Z7']"
AAAAAAAAAR,8,0.000366,"['SOX21', 'GFI1', 'PTF1A', 'HOXD13', 'K7DZL5', 'EOMES', 'FRMPD3', 'GATA4']"
HRDLKPENLL,8,0.000366,"['ICK', 'PNCK', 'RPS6KA5', 'CAMK2G', 'DCLK3', 'MELK', 'MAPKAPK5', 'BRSK2']"
NSIRHNLSLN,8,0.000366,"['FOXJ1', 'FOXJ3', 'FOXG1', 'FOXD2', 'FOXI2', 'FOXC2', 'LOC100027914', 'F6WBW3']"
GGEEEEEEEE,8,0.000366,"['SNX15', 'MAP3K9', 'HOMEZ', 'K7E2J0', 'SETD1A', 'SLC4A3', 'AEBP2', 'CCDC9']"
SPSSSSSSSS,8,0.000366,"['FNIP2', 'SRRM3', 'TMEM200C', 'SETD1A', 'LURAP1L', 'CAMTA2', 'NR1D1', 'NKX6-1']"
LPGPPGPPGP,8,0.000366,"['COL15A1', 'COL11A1', 'GLDN', 'COL22A1', 'COL26A1', 'ERFE', 'COL4A4', 'LOC103098671']"
HRRTHTGEKP,8,0.000366,"['LOC100014842', 'F6S429', 'ZNF629', 'F6S134', 'KLF3', 'ZBTB47', 'ZNF202', 'ZSCAN2']"
GGGGGGGGAG,8,0.000366,"['CAPNS1', 'TMEFF1', 'MN1', 'NRXN1', 'INSM1', 'F7BCA3', 'FBXO33', 'SKOR2']"
AAAAAAAASG,8,0.000366,"['KDM1A', 'CPM', 'PBX2', 'HOXD13', 'EVX2', 'SART3', 'KDM3B', 'IRX1']"
EEEGEEEEEE,8,0.000366,"['MYCL', 'SKIDA1', 'TRIM26', 'F6UJD8', 'VIRMA', 'F6WAI6', 'ZEB1', 'K7E1C5']"
GTPYWMAPEV,8,0.000366,"['MINK1', 'MAP4K3', 'F6XN12', 'STK10', 'MAP3K19', 'F7BTZ4', 'TAOK2', 'PAK3']"
RRIHTGEKPY,8,0.000366,"['F7C6E4', 'F6W9F0', 'LOC103098608', 'ZBTB39', 'F7BMD7', 'F7FUR3', 'ZNF396', 'KLF8']"
HLRTHTGEKP,8,0.000366,"['KLF11', 'ZNF202', 'LOC100617590', 'ZNF217', 'LOC100617304', 'KLF5', 'KLF1', 'ZBTB24']"
ACQGDSGGPL,8,0.000366,"['LOC100018359', 'LOC100012939', 'TMPRSS5', 'TMPRSS6', 'PLAT', 'HGFAC', 'F6SCM4', 'LOC103094642']"
GSSGGGGGGG,8,0.000366,"['OSBPL11', 'KLHL26', 'ONECUT2', 'PITPNM2', 'SYNGAP1', 'POU4F2', 'AEBP2', 'FNDC3B']"
EEEEEEEKEE,8,0.000366,"['DNAI2', 'F7FKC5', 'NPAS2', 'DIEXF', 'ZNF326', 'K7E4F0', 'F7DMR8', 'CANX']"
KAAAAAAAAA,8,0.000366,"['SOX21', 'KDM1A', 'HOXD8', 'CHD7', 'SKIDA1', 'TCF7L1', 'K7DZL5', 'SKOR2']"
KQQQQQQQQQ,8,0.000366,"['MINK1', 'HOXD9', 'FAM222A', 'ZFHX4', 'K7E1D5', 'KCNN2', 'DHX29', 'K7E2P5']"
EEEEEEEEKE,8,0.000366,"['DNAI2', 'F7FHJ7', 'BCAP29', 'NPAS2', 'ZBTB40', 'ZNF326', 'K7E4F0', 'F7DMR8']"
AAAAAAAGAA,8,0.000366,"['F7CUY8', 'PABPN1', 'F6WDW6', 'VSTM2B', 'PRKAR1B', 'TMEM9B', 'STK39', 'ZNF467']"
HHHHHHHHHQ,8,0.000366,"['HOXD8', 'DLGAP3', 'OTX1', 'ADRA2C', 'EN1', 'POU4F2', 'KCNN2', 'OLIG3']"
VWSFGVLLWE,8,0.000366,"['MET', 'MST1R', 'NTRK1', 'RET', 'MAP3K11', 'FLT4', 'TIE1', 'FGFR1']"
QRIHTGEKPY,8,0.000366,"['F6WEA4', 'H9H6M0', 'ZKSCAN2', 'ZNF648', 'ZNF22', 'F7G5H7', 'F7FUR3', 'ZSCAN16']"
EEEEEEEEGE,8,0.000366,"['F6UJD8', 'NGEF', 'SKIDA1', 'PODXL2', 'SLC4A3', 'VIRMA', 'KIF3B', 'RANBP2']"
RSSSSSSSSS,8,0.000366,"['K7E3N6', 'LTBP1', 'FAM133B', 'F6ZTW3', 'SRRM2', 'NPAS1', 'F6W0B1', 'PHLDA1']"
VWFQNRRAKW,8,0.000366,"['NOBOX', 'F6QA33', 'ARX', 'DRGX', 'ALX4', 'VSX1', 'OTP', 'RAX']"
GGGGGGGGGV,8,0.000366,"['FZD8', 'SRRM3', 'BHLHE22', 'HOXA10', 'WWTR1', 'PRDM6', 'ZNF503', 'K7E4F6']"
GGGGGGGGGP,8,0.000366,"['POU3F3', 'ARIH1', 'F6ZT88', 'F7DJV5', 'SOX2', 'F7F0E3', 'FNDC3B', 'USP24']"
YKVETIGDAY,8,0.000366,"['LOC100027754', 'NPR2', 'F6ZD47', 'GUCY2D', 'LOC100024379', 'F7FK82', 'F7FIT4', 'F7B751']"
WFQNRRAKWR,8,0.000366,"['HHEX', 'NOBOX', 'F6QA33', 'ARX', 'DRGX', 'ALX4', 'VSX1', 'RAX']"
GGGGGGGSGS,8,0.000366,"['TRIM71', 'DMRTA2', 'K7E6C2', 'TMCC2', 'EVX2', 'TPD52', 'FOXF2', 'ANKHD1']"
LLLLLLLLLP,8,0.000366,"['K7E0H0', 'H9H6D8', 'F7FQU7', 'F6QZL5', 'CNPY3', 'F7CFE9', 'K7E5Y0', 'GHDC']"
QQQQQQPQQQ,7,0.000321,"['HLX', 'NUAK1', 'VGF', 'TET2', 'F6T2D4', 'SALL2', 'TCF20']"
PSPPPPPPPP,7,0.000321,"['JMY', 'K7E4X0', 'EIF4G3', 'ENO4', 'K7E4B2', 'INF2', 'LMOD2']"
EEEEEEEDDD,7,0.000321,"['NEUROD1', 'CENPB', 'SEC63', 'HUWE1Y', 'PIAS4', 'HMGB3Y', 'ARID4B']"
GPGPGPGPGP,7,0.000321,"['LOC103093440', 'RBM27', 'SMARCA4', 'FOXE3', 'WDR34', 'BSN', 'SHANK3']"
RIHTGEKPYK,7,0.000321,"['ZNF536', 'F6WEA4', 'ZNF236', 'LOC100027167', 'ZNF24', 'ZKSCAN2', 'KLF8']"
GGGGGAGGGG,7,0.000321,"['CAPNS1', 'SIX3', 'F7GFY1', 'AEBP2', 'INSM1', 'SKOR2', 'SOX4']"
GGGGGGGSSS,7,0.000321,"['K7E3G8', 'RFX8', 'DDHD1', 'K7E6C2', 'SETD1B', 'ELMSAN1', 'ZFC3H1']"
GGGGGGGSSG,7,0.000321,"['PRKCI', 'ZNRF3', 'H9H981', 'TCF7L1', 'PITPNM2', 'ILF3', 'ZNF281']"
VETIGDAYMV,7,0.000321,"['LOC100027754', 'NPR2', 'GUCY2D', 'LOC100024379', 'F7FK82', 'F7FIT4', 'F7B751']"
THTGEKPFKC,7,0.000321,"['ZNF536', 'ZNF672', 'ZNF75A', 'PRDM6', 'ZIC5', 'F7BNC9', 'F6U226']"
HIRTHTGEKP,7,0.000321,"['ZBTB7A', 'F6WRR2', 'MTF1', 'EGR3', 'EGR2', 'PRDM6', 'D7PM01']"
PPQPPPPPPP,7,0.000321,"['SETD1A', 'SOX30', 'TFEB', 'F6VF22', 'K7E454', 'ZNF341', 'BRD4']"
AYGQTGSGKT,7,0.000321,"['KIF6', 'KIF7', 'K7E4J1', 'KIF4A', 'KIF15', 'KIF2A', 'KIFC1']"
RSRSRSRSRS,7,0.000321,"['CCNL1', 'SRSF5', 'ACIN1', 'F7BX00', 'F7G6K1', 'CHERP', 'CACTIN']"
MPRYCLFGDT,7,0.000321,"['LOC100027754', 'NPR2', 'LOC100024379', 'F7CJB9', 'F7FK82', 'F7FIT4', 'F7B751']"
SGSGGGGGGG,7,0.000321,"['DENND5A', 'K7E6C2', 'PURA', 'DGKI', 'FOXF2', 'ZFC3H1', 'SOX4']"
QNSIRHNLSL,7,0.000321,"['FOXJ1', 'FOXG1', 'FOXD2', 'FOXI2', 'FOXC2', 'LOC100027914', 'F6WBW3']"
GGGGGGGGVG,7,0.000321,"['FZD8', 'CDH22', 'BHLHE22', 'F6ZT88', 'NYAP1', 'SRRM3', 'K7E4F6']"
EEKEEEEEEE,7,0.000321,"['F7FKC5', 'NPAS2', 'NEFH', 'K7E446', 'SCNN1A', 'K7E4F0', 'F7BSF3']"
YTKSSHLKAH,7,0.000321,"['KLF15', 'K7E0T8', 'KLF7', 'KLF5', 'KLF3', 'KLF1', 'KLF8']"
NLVDLAGSER,7,0.000321,"['KIF9', 'F7FXR0', 'K7E4J1', 'F7GCY0', 'KIF15', 'KIF3B', 'KIFC3']"
FVHRDLAARN,7,0.000321,"['LOC103094428', 'PTK7', 'CSK', 'SYK', 'MST1R', 'MET', 'INSR']"
QLWDTAGQER,7,0.000321,"['RAB27B', 'RAB34', 'RAB33B', 'RAB6B', 'F7D6R6', 'RASEF', 'F7FXG0']"
AAAAAAAAAE,7,0.000321,"['POU3F1', 'ARX', 'K7E2J0', 'PDE3A', 'HOXA11', 'TBX2', 'BRD8']"
AAAAAAAAAL,7,0.000321,"['PRDM13', 'GSX1', 'BHLHE22', 'EVX2', 'ZIC2', 'MYCBP2', 'FOXD1']"
PLLLLLLLLL,7,0.000321,"['K7E0H0', 'FZD5', 'PDGFRL', 'F7FQU7', 'INSR', 'TMEM165', 'NUP210L']"
DRFVAICHPL,7,0.000321,"['F6U8F9', 'opor21', 'OR51D1', 'F7DG85', 'H9H9R0', 'LOC100028425', 'LOC100010544']"
EEEEEEDEED,7,0.000321,"['UBTF', 'CHRAC1', 'F6XTP4', 'HUWE1', 'K7E2E9', 'SALL2', 'SPA17']"
RGRGRGRGRG,7,0.000321,"['SNRPD1', 'LARP1B', 'CHTOP', 'RBM26', 'RPS2', 'F7BEP2', 'MBD2']"
SHTGERPYKC,7,0.000321,"['F7FC94', 'BCL11B', 'SALL4', 'ZNF768', 'SALL2', 'PLAGL1', 'RREB1']"
AAPPPPPPPP,7,0.000321,"['KMT2E', 'WASF2', 'F7E0B4', 'F6TV63', 'RANBP9', 'K7E2Z7', 'ENAH']"
EEEKEEEEEE,7,0.000321,"['F7FKC5', 'NPAS2', 'K7E446', 'SCNN1A', 'K7E4F0', 'F7BSF3', 'FMR1NB']"
QPQQQQQQQQ,7,0.000321,"['TOB1', 'HCN1', 'MN1', 'ASXL3', 'FOXF2', 'SHANK3', 'VGF']"
QPQPPPPPPP,7,0.000321,"['STRIP1', 'SKIDA1', 'RBM33', 'F6XJA7', 'ZBTB20', 'MEX3C', 'TRIM66']"
EEEEEEEEAE,7,0.000321,"['K7E2J0', 'ADAMTS8', 'AEBP2', 'ASCC2', 'MEX3C', 'K7E1C5', 'KIAA1147']"
NEEEEEEEEE,7,0.000321,"['GREB1', 'EIF3D', 'BCL11B', 'ZBTB40', 'K7E318', 'TTBK1', 'ZCCHC6']"
QQQPQQQQQQ,7,0.000321,"['TOB1', 'HLX', 'HCN1', 'MN1', 'VGF', 'F6T2D4', 'NUAK1']"
YRDSKLTRLL,7,0.000321,"['KIF4A', 'KIF22', 'KIF12', 'KIF18B', 'KIF3B', 'KIF19', 'KIF21B']"
ADEMGLGKTI,7,0.000321,"['SRCAP', 'CHD3', 'CHD2', 'CHD7', 'ZRANB3', 'SMARCAD1', 'SMARCA2']"
EGGGGGGGGG,7,0.000321,"['ZNF384', 'RPS6KA6', 'SMAD6', 'PLCL2', 'HOXA10', 'NEUROG2', 'PCDH20']"
RGGGGGGGGG,7,0.000321,"['INTS1', 'SRSF1', 'KCNK9', 'U2AF1', 'K7E387', 'SNRNP70', 'F7GFY1']"
SSSSSGSSSS,7,0.000321,"['EMSY', 'K7E4E0', 'FAM133B', 'SRRM2', 'C1orf52', 'PNN', 'SOX4']"
ETQVKIWFQN,7,0.000321,"['HMX3', 'HOXA1', 'LOC100020362', 'NKX1-2', 'NKX3-1', 'MSX2', 'MNX1']"
APAAAAAAAA,7,0.000321,"['ABHD17C', 'CTTNBP2', 'REPS2', 'IRX3', 'VCPIP1', 'K7E2Z7', 'F7GFY1']"
RYCLFGDTVN,7,0.000321,"['LOC100027754', 'NPR2', 'LOC100024379', 'F7CJB9', 'F7FK82', 'F7FIT4', 'F7B751']"
AAAAAAASSS,7,0.000321,"['HOXA13', 'TCF7L1', 'TMEM200C', 'FOXD1', 'FOXB2', 'RRP15', 'NKX6-1']"
SDVWSFGILL,7,0.000321,"['PDGFRB', 'FLT3', 'LCK', 'FES', 'FGFR4', 'MATK', 'KDR']"
EEEEEEEVEE,7,0.000321,"['PLEKHG3', 'TTBK1', 'F6UJD8', 'PRDM5', 'F6WAI6', 'F7DMR8', 'CLSTN2']"
PPPPPPPAPP,7,0.000321,"['K7E2Z7', 'ENAH', 'FMN1', 'FOXD1', 'K7E4B4', 'PRKX', 'RNF19B']"
WQNSIRHNLS,7,0.000321,"['FOXJ1', 'FOXG1', 'FOXD2', 'FOXI2', 'FOXC2', 'LOC100027914', 'F6WBW3']"
EEEEEEEEEL,7,0.000321,"['DAXX', 'BCL11B', 'NBR1', 'RANGAP1', 'PELP1', 'K7E4F0', 'F7BSF3']"
CSAGVGRTGT,7,0.000321,"['H9H8L0', 'PTPRE', 'PTPRG', 'F6TAZ7', 'PTPRC', 'PTPRB', 'PTPRO']"
GRGRGRGRGR,7,0.000321,"['SNRPD1', 'LARP1B', 'CHTOP', 'RBM26', 'RPS2', 'F7BEP2', 'MBD2']"
LAAAAAAAAA,7,0.000321,"['K7E2Z7', 'TSC22D2', 'TMEM200C', 'MYDGF', 'GATA4', 'IRX1', 'PBX4']"
GSAAAAAAAA,7,0.000321,"['TLK1', 'GFI1', 'GSX2', 'ZIC2', 'MYCBP2', 'FOXB2', 'PBX2']"
GPPGPQGPPG,7,0.000321,"['COL15A1', 'EDA', 'GLDN', 'COLQ', 'ERFE', 'COL16A1', 'COL12A1']"
MAAAAAAAAA,7,0.000321,"['CNNM1', 'PABPN1', 'FOXL2', 'MED15', 'F6R9Q8', 'SART3', 'LCORL']"
GGGGGGGGGE,7,0.000321,"['SMAD7', 'LOC100021695', 'K7E387', 'AEBP2', 'PCDH7', 'MEX3B', 'F7GFY1']"
KVETIGDAYM,7,0.000321,"['LOC100027754', 'NPR2', 'GUCY2D', 'LOC100024379', 'F7FK82', 'F7FIT4', 'F7B751']"
AATAAAAAAA,7,0.000321,"['F7DP45', 'ARX', 'TRMT61A', 'SP5', 'FEV', 'ASTN2', 'LOC100015277']"
QRTHTGEKPY,7,0.000321,"['ZNF629', 'ZNF200', 'KLF7', 'F6Y4N9', 'ZKSCAN2', 'F7ASR7', 'ZSCAN23']"
EEEEEEKEEE,7,0.000321,"['ZNF326', 'F7FKC5', 'NPAS2', 'DIEXF', 'K7E4F0', 'F7BSF3', 'CANX']"
SGSSSSSSSS,7,0.000321,"['K7E3G8', 'SRRM1', 'SETD1A', 'EN1', 'NBEA', 'CCNT2', 'NKX6-1']"
AAAAAATAAA,7,0.000321,"['H9H985', 'SNTB1', 'F7D1B8', 'DGKI', 'MINDY2', 'HEY2', 'FBXW7']"
VPPPPPPPPP,7,0.000321,"['LONRF3', 'SHTN1', 'DIAPH2', 'FMNL2', 'TDRD6', 'CAP2', 'IQSEC3']"
PGPGPGPGPG,7,0.000321,"['LOC103093440', 'RBM27', 'SMARCA4', 'WDR34', 'BSN', 'KLF1', 'SHANK3']"
LSSSSSSSSS,7,0.000321,"['F6PMW0', 'ANO8', 'K7E6B2', 'PRDM2', 'F7D263', 'RANBP10', 'PHLPP1']"
IHTGEKPYKC,7,0.000321,"['ZNF536', 'F6WEA4', 'ZNF236', 'LOC100027167', 'ZNF24', 'ZKSCAN2', 'KLF8']"
GILADEMGLG,7,0.000321,"['SRCAP', 'INO80', 'F7DJV5', 'SMARCAD1', 'SMARCA1', 'SMARCA2', 'SHPRH']"
PRYCLFGDTV,7,0.000321,"['LOC100027754', 'NPR2', 'LOC100024379', 'F7CJB9', 'F7FK82', 'F7FIT4', 'F7B751']"
SSSSSSSSPS,6,0.000275,"['RFWD2', 'SRRM2', 'SETD1A', 'PRDM2', 'RANBP10', 'NKX6-1']"
RIHTGEKPYQ,6,0.000275,"['Zfx', 'F6W9F0', 'ZBTB39', 'F7CRU2', 'ZNF22', 'ZSCAN21']"
EGCKGFFRRS,6,0.000275,"['RARA', 'VDR', 'NR1H4', 'NR1D2', 'F6R6K1', 'NR1H3']"
TVNTASRMES,6,0.000275,"['NPR2', 'LOC100024379', 'F7CJB9', 'F7FK82', 'F7FIT4', 'F7B751']"
LQLWDTAGQE,6,0.000275,"['RAB27B', 'RAB34', 'RAB6B', 'F7D6R6', 'RASEF', 'F7FXG0']"
VWSFGILLWE,6,0.000275,"['PDGFRB', 'MATK', 'FES', 'FGFR4', 'FLT3', 'KDR']"
SLSLSLSLSL,6,0.000275,"['K7E4X5', 'F7G7J4', 'K7E1K8', 'K7DZK1', 'LOC100023744', 'H9H9L7']"
LTETQVKIWF,6,0.000275,"['HMX3', 'LOC100020362', 'NKX1-2', 'NKX3-1', 'MSX2', 'MNX1']"
VHQRIHTGEK,6,0.000275,"['F6YZ00', 'F6W9F0', 'H9H659', 'F6XIH1', 'F7FPW1', 'F7G5H7']"
IWFQNRRMKW,6,0.000275,"['DBX2', 'DBX1', 'F7E267', 'HOXC6', 'PDX1', 'MNX1']"
GQTGAGKTYT,6,0.000275,"['KIF9', 'KIF24', 'O19017', 'LOC103096436', 'KIFC3', 'KIF21B']"
PPGTGKTLLA,6,0.000275,"['PEX6', 'YME1L1', 'KATNAL2', 'KATNA1', 'AFG3L2', 'PSMC3']"
YCLFGDTVNT,6,0.000275,"['NPR2', 'LOC100024379', 'F7CJB9', 'F7FK82', 'F7FIT4', 'F7B751']"
GPPGTGKTLL,6,0.000275,"['PEX6', 'YME1L1', 'KATNAL2', 'KATNA1', 'AFG3L2', 'PSMC3']"
EEEEKEEEEE,6,0.000275,"['ZNF326', 'FMR1NB', 'K7E2E9', 'K7E446', 'F7BSF3', 'F7FKC5']"
EEEVEEEEEE,6,0.000275,"['AK9', 'F7FKC5', 'MAP2', 'MAP3K14', 'TTBK1', 'F7DMR8']"
EEVEEEEEEE,6,0.000275,"['C14orf37', 'F7FKC5', 'MAP3K14', 'TTBK1', 'F7DMR8', 'KIAA1147']"
SSASSSSSSS,6,0.000275,"['F6QVE7', 'C7E651', 'MTMR14', 'FOXF2', 'K7E4B2', 'MEX3B']"
QQQQQQQQPQ,6,0.000275,"['HCN1', 'VGF', 'F6T2D4', 'KCNN3', 'SATB1', 'SALL2']"
GPPPPPPPPP,6,0.000275,"['CDK12', 'MARCH9', 'ENAH', 'FMN1', 'ZC3H4', 'WAS']"
GGGGGGSSGG,6,0.000275,"['PRKCI', 'KLHL26', 'H9H981', 'AEBP2', 'TCF7L1', 'PITPNM2']"
DVWSFGILLW,6,0.000275,"['PDGFRB', 'MATK', 'FES', 'FGFR4', 'FLT3', 'KDR']"
SSSSSSSSSL,6,0.000275,"['F6PMW0', 'SOCS3', 'TRIM71', 'SETD1B', 'K7E6B2', 'ING3']"
RNDNSSRFGK,6,0.000275,"['F7AEQ7', 'MYO1C', 'MYO1A', 'LOC100027367', 'MYO5B', 'MYO15A']"
AAAATAAAAA,6,0.000275,"['SNTB1', 'F7D1B8', 'FEV', 'MINDY2', 'LOC100015277', 'FBXW7']"
QQQQQPQQQQ,6,0.000275,"['HLX', 'HCN1', 'NUAK1', 'VGF', 'F6T2D4', 'TCF20']"
PPPPPPPPQQ,6,0.000275,"['FOXC2', 'EN1', 'RBM33', 'MEF2D', 'VIRMA', 'MAPKAPK2']"
PPPPPPPPQP,6,0.000275,"['LONRF3', 'SLCO4C1', 'SETD1B', 'HTT', 'ZBTB20', 'SKOR2']"
DEDEEEEEEE,6,0.000275,"['DAXX', 'DNAI2', 'ABCC9', 'AEBP2', 'ANKRD17', 'PAK3']"
DDDDDDDDDD,6,0.000275,"['K7E1F9', 'NEMF', 'CASQ1', 'CENPB', 'WDR70', 'WDR60']"
LLYGPPGTGK,6,0.000275,"['PEX1', 'PEX6', 'RFC5', 'KATNAL2', 'PSMC6', 'SPATA5']"
CLFGDTVNTA,6,0.000275,"['NPR2', 'LOC100024379', 'F7CJB9', 'F7FK82', 'F7FIT4', 'F7B751']"
AAAAAAAAAY,6,0.000275,"['SKIDA1', 'TLE4', 'RBM24', 'TBX1', 'EIF4H', 'NKX2-3']"
HTGEKPYKCE,6,0.000275,"['ZNF217', 'F6XIH1', 'ZNF768', 'IKZF5', 'F7EEI2', 'F7FUR3']"
HTGEKPYKCP,6,0.000275,"['ZNF536', 'ZNF629', 'ZNF76', 'ZNF263', 'ZNF513', 'ZNF516']"
SSSSGSSSSS,6,0.000275,"['K7E4E0', 'C1orf52', 'FAM133B', 'EN1', 'ITPKB', 'PNN']"
PYRDSKLTRL,6,0.000275,"['KIF4A', 'KIF22', 'KIF12', 'KIF18B', 'KIF3B', 'KIF21B']"
SSSSSSSSSR,6,0.000275,"['K7E3N6', 'LTBP1', 'LOC103104900', 'F6W0B1', 'K7E524', 'PDE10A']"
KRPMNAFMVW,6,0.000275,"['SOX30', 'SRY', 'SOX12', 'SOX13', 'SOX9', 'SOX1']"
RTHTGEKPYA,6,0.000275,"['LOC103105882', 'ZNF697', 'KLF1', 'F6S134', 'SNAI3', 'CTCF']"
RTHTGEKPYQ,6,0.000275,"['LOC100014842', 'ZNF22', 'F7BFN1', 'ZKSCAN2', 'ZNF263', 'F7ASR7']"
LFGDTVNTAS,6,0.000275,"['NPR2', 'LOC100024379', 'F7CJB9', 'F7FK82', 'F7FIT4', 'F7B751']"
VHTGEKPYKC,6,0.000275,"['F6WEA4', 'LOC100027167', 'ZKSCAN5', 'ZNF22', 'ZNF513', 'ZSCAN20']"
GPPGPPGPQG,6,0.000275,"['COL15A1', 'EDA', 'COL25A1', 'GLDN', 'COLQ', 'ERFE']"
DTVNTASRME,6,0.000275,"['NPR2', 'LOC100024379', 'F7CJB9', 'F7FK82', 'F7FIT4', 'F7B751']"
VVRVWFCNRR,6,0.000275,"['POU3F3', 'POU1F1', 'F6T3N2', 'POU6F1', 'F7FE84', 'POU2F3']"
HRDLAARNIL,6,0.000275,"['TEK', 'PTK6', 'KIT', 'EPHB1', 'FLT4', 'MATK']"
EAFGNAKTVR,6,0.000275,"['F7AEQ7', 'MYO1E', 'MYO1B', 'LOC100027367', 'MYO6', 'MYO15A']"
AAGGGGGGGG,6,0.000275,"['ARID1B', 'GOLPH3', 'EN1', 'K7DZT1', 'FOXF2', 'RPRD2']"
SSSSSSSSGS,6,0.000275,"['GBX2', 'K7E4E0', 'RNPS1', 'FAM133B', 'SRRM2', 'EN1']"
YGQTGAGKTY,6,0.000275,"['KIF9', 'KIF24', 'O19017', 'LOC103096436', 'KIFC3', 'KIF21B']"
SGGGGGGGGS,6,0.000275,"['TAL1', 'K7E6C2', 'POU4F2', 'SETD1B', 'ELMSAN1', 'ZNF503']"
QRQQQQQQQQ,6,0.000275,"['MAML3', 'FAM120C', 'CPEB3', 'TBP', 'EP300', 'PDE5A']"
RDRERERERE,6,0.000275,"['K7E172', 'K7E302', 'RBM25', 'K7E3H3', 'F6SBS0', 'UBR5']"
NDNSSRFGKY,6,0.000275,"['MYO3B', 'F7AEQ7', 'K7E3Z6', 'MYO1C', 'MYO1A', 'MYO5B']"
IHTGEKPYQC,6,0.000275,"['Zfx', 'F6W9F0', 'ZBTB39', 'F7CRU2', 'ZNF22', 'ZSCAN21']"
LEAFGNAKTV,6,0.000275,"['F7AEQ7', 'MYO1E', 'MYO1B', 'LOC100027367', 'MYO6', 'MYO15A']"
EEEDEEDEDE,6,0.000275,"['CASZ1', 'ZBTB7C', 'K7E2E9', 'ANP32B', 'CUL9', 'ZNF777']"
HMRTHTGEKP,6,0.000275,"['ZNF6', 'ZNF536', 'KLF10', 'ZBTB7B', 'LOC100619137', 'PRDM5']"
MQQQQQQQQQ,6,0.000275,"['TRERF1', 'GIGYF2', 'TFEB', 'F6T2D4', 'TANC2', 'GLI2']"
LWDTAGQERF,6,0.000275,"['RAB27B', 'RAB34', 'RAB33B', 'RAB6B', 'RASEF', 'F7FXG0']"
EEEEEEEEAA,6,0.000275,"['TTBK1', 'ZCCHC17', 'LOC100020362', 'PNPLA2', 'HDGF', 'ARID1A']"
QTGAGKTYTM,6,0.000275,"['KIF9', 'KIF24', 'O19017', 'LOC103096436', 'KIFC3', 'KIF21B']"
SGGGGGGGSG,6,0.000275,"['TPD52', 'K7E6C2', 'TMCC2', 'ANKHD1', 'USP24', 'MEX3B']"
QQPQQQQQQQ,6,0.000275,"['TOB1', 'HLX', 'HCN1', 'MN1', 'VGF', 'FOXF2']"
RTHTGEKPFA,6,0.000275,"['ZBTB7B', 'EGR2', 'EGR3', 'F6ZJQ7', 'EGR4', 'SALL1']"
NSSSSSSSSS,6,0.000275,"['K7E524', 'ZNF318', 'C7E651', 'K7E4E0', 'Fgf10', 'PDE10A']"
THTGEKPYAC,6,0.000275,"['ZNF697', 'KLF1', 'F6S134', 'SNAI3', 'CTCF', 'H9H9G4']"
ESSSSSSSSS,6,0.000275,"['K7E3G8', 'PRG4', 'TNRC18', 'LOC103104900', 'SETD1B', 'DCAF5']"
TCEGCKGFFR,6,0.000275,"['VDR', 'NR1I3', 'NR1I2', 'NR1H4', 'F6R6K1', 'E2FHQ8']"
AAAAAAAASA,6,0.000275,"['SP9', 'DMBX1', 'TCFL5', 'K7E3N3', 'IGF2BP3', 'CBX4']"
HTGEKPYECN,6,0.000275,"['ZBTB7A', 'F6WEA4', 'H9H6M0', 'LOC103094714', 'K7E2Y4', 'ZBTB16']"
GPPGLPGPPG,6,0.000275,"['COL15A1', 'GLDN', 'COL5A1', 'COL4A2', 'COL23A1', 'COL16A1']"
THTGEKPYQC,6,0.000275,"['LOC100014842', 'ZNF22', 'F7BFN1', 'ZKSCAN2', 'ZNF263', 'F7ASR7']"
TRAGGLGINL,6,0.000275,"['CHD2', 'CHD5', 'CHD7', 'INO80', 'F7DJV5', 'SMARCA1']"
HIRSHTGERP,6,0.000275,"['F6YRY9', 'CTCFL', 'ZBTB8B', 'PRDM5', 'HIVEP2', 'HIVEP3']"
RRTHTGEKPY,6,0.000275,"['LOC100014842', 'ZNF629', 'F6S134', 'KLF3', 'ZBTB47', 'ZSCAN2']"
YNGTIFAYGQ,6,0.000275,"['F7FXR0', 'KIF6', 'KIF5C', 'KIF15', 'KIF17', 'KIF3A']"
AXXXXXXXXX,6,0.000275,"['SOX13', 'K7E0G4', 'SYMPK', 'H9H7S8', 'CCDC66', 'F6SBZ0']"
PGPPGPQGPP,6,0.000275,"['COL15A1', 'EDA', 'GLDN', 'COLQ', 'ERFE', 'COL16A1']"
PPPPPPPPGP,6,0.000275,"['MED28', 'WASF2', 'ZC3H4', 'CAP2', 'HTT', 'WIPF2']"
LSLSLSLSLS,6,0.000275,"['K7E4X5', 'F7G7J4', 'K7E1K8', 'K7DZK1', 'LOC100023744', 'H9H9L7']"
EEEEEEGEEE,6,0.000275,"['F6UJD8', 'SKIDA1', 'BAHCC1', 'PODXL2', 'VIRMA', 'RANBP2']"
QQQQQQQQHQ,6,0.000275,"['MAML2', 'GIGYF2', 'FMN2', 'SUSD4', 'PHC1', 'BRD4']"
QQQPPPPPQQ,6,0.000275,"['MAML2', 'MAML3', 'IRF2BP2', 'CHERP', 'F6ZGB9', 'K7E2P5']"
DRERERERER,6,0.000275,"['K7E172', 'ZC3H13', 'K7E302', 'RBM25', 'K7E3H3', 'F6SBS0']"
RVHTGEKPYK,6,0.000275,"['LOC100027167', 'F6ZZ63', 'ZKSCAN5', 'ZNF22', 'ZNF513', 'ZSCAN20']"
VRVWFCNRRQ,6,0.000275,"['POU3F3', 'POU1F1', 'F6T3N2', 'POU6F1', 'F7FE84', 'POU2F3']"
EREREREREK,6,0.000275,"['K7DZL5', 'K7DZT3', 'ZC3H13', 'RBM25', 'ATN1', 'KCNB2']"
KDACQGDSGG,6,0.000275,"['F9', 'OVCH2', 'TMPRSS6', 'LOC100618901', 'F6SCM4', 'TMPRSS11E']"
PPPPPPPLPG,6,0.000275,"['ORAI1', 'DIAPH2', 'FZD8', 'FMNL2', 'PALLD', 'INF2']"
QVKVWFQNRR,6,0.000275,"['VAX1', 'HLX', 'LOC100031974', 'HOXA2', 'MEOX1', 'NKX6-1']"
FGDTVNTASR,6,0.000275,"['NPR2', 'LOC100024379', 'F7CJB9', 'F7FK82', 'F7FIT4', 'F7B751']"
QAAAAAAAAA,6,0.000275,"['TCFL5', 'SIX4', 'ZFR', 'MINDY2', 'BHLHE41', 'GAS1']"
FQNRRAKWRK,6,0.000275,"['NOBOX', 'F6QA33', 'ARX', 'DRGX', 'ALX4', 'VSX1']"
RHQRIHTGER,6,0.000275,"['ZNF629', 'ZNF212', 'F7D557', 'F6ZKL6', 'ZNF263', 'ZNF467']"
RHQRIHTGEK,6,0.000275,"['ZNF629', 'F7CRU2', 'ZKSCAN2', 'ZNF648', 'ZNF263', 'F7FUR3']"
RTHTGEKPFK,6,0.000275,"['ZNF536', 'ZNF75A', 'PRDM6', 'ZIC5', 'F7BNC9', 'F6U226']"
SVAAAAAAAA,6,0.000275,"['DMRTA2', 'HOXA13', 'FOXO1', 'SMARCE1', 'FOXB2', 'SOX1']"
QQQQPQQQQQ,6,0.000275,"['HLX', 'HCN1', 'MN1', 'VGF', 'F6T2D4', 'NUAK1']"
SXXXXXXXXX,6,0.000275,"['K7E4X1', 'K7E4X0', 'K7E3A5', 'OXSR1', 'IRX4', 'K7E1B0']"
THTGEKPFAC,6,0.000275,"['ZBTB7B', 'EGR2', 'EGR3', 'EGR4', 'SALL1', 'F7CIB2']"
TETQVKIWFQ,6,0.000275,"['HMX3', 'LOC100020362', 'NKX1-2', 'NKX3-1', 'MSX2', 'MNX1']"
AFGNAKTVRN,6,0.000275,"['F7AEQ7', 'MYO1E', 'MYO1B', 'LOC100027367', 'MYO6', 'MYO15A']"
HLRTHTGERP,6,0.000275,"['KLF13', 'ZNF526', 'H9H7B6', 'ZNF263', 'F7ASR7', 'ZNF467']"
LLQQQQQQQQ,6,0.000275,"['FOXP2', 'TRERF1', 'PAXIP1', 'IRF2BP2', 'RBM27', 'CREBBP']"
LYGPPGTGKT,6,0.000275,"['PEX1', 'PEX6', 'RFC5', 'KATNAL2', 'PSMC6', 'SPATA5']"
LPPPPPPPPL,6,0.000275,"['ESPN', 'LARP4B', 'PARP4', 'FOXO3', 'ATXN7', 'MTFR1']"
GKTLLAKAVA,6,0.000275,"['SPG7', 'PEX6', 'KATNAL2', 'KATNA1', 'PSMC1', 'NVL']"
PPPQPPPPPP,6,0.000275,"['RC3H1', 'SOX30', 'F6VF22', 'K7E454', 'ZNF341', 'C11orf91']"
EEEEEEEEVE,6,0.000275,"['PLEKHG3', 'TTBK1', 'NOP58', 'PRDM5', 'F6WAI6', 'CLSTN2']"
GGSSGGGGGG,6,0.000275,"['SYNGAP1', 'KLHL26', 'ONECUT2', 'AEBP2', 'EOMES', 'PITPNM2']"
GGGSSSSSSS,6,0.000275,"['LRP3', 'K7E4E0', 'PLEKHG4', 'SLAIN1', 'ZMYND8', 'MNX1']"
GDTVNTASRM,6,0.000275,"['NPR2', 'LOC100024379', 'F7CJB9', 'F7FK82', 'F7FIT4', 'F7B751']"
PPLLLLLLLL,6,0.000275,"['FZD4', 'PDGFRL', 'F7FQU7', 'INSR', 'TMEM165', 'NUP210']"
AGAGAGAGAG,6,0.000275,"['LOC103095671', 'SDC3', 'RUSC2', 'NXPH4', 'HNRNPD', 'LOC103098226']"
NGTIFAYGQT,6,0.000275,"['F7FXR0', 'KIF6', 'KIF5C', 'KIF15', 'KIF17', 'KIF3A']"
EEEEEKEEEE,6,0.000275,"['ZNF326', 'FMR1NB', 'NPAS2', 'K7E2E9', 'F7BSF3', 'F7FKC5']"
RDLKPENILL,6,0.000275,"['RPS6KA3', 'SGK2', 'GRK4', 'PDPK1', 'PRKX', 'PHKG1']"
QQQQQPPPPP,6,0.000275,"['HLX', 'KCNN3', 'CHERP', 'MEF2D', 'F6ZGB9', 'K7E2P5']"
WSFGVLLWEI,6,0.000275,"['NTRK1', 'RET', 'LTK', 'FLT4', 'TIE1', 'FGFR1']"
DTAGQERFRS,6,0.000275,"['RAB37', 'RAB9A', 'RAB27A', 'RAB4A', 'RAB6B', 'F7FXG0']"
HQRTHTGERP,6,0.000275,"['F6S429', 'ZNF629', 'F7FS13', 'F6ZKL6', 'ZNF628', 'ZNF777']"
NGILADEMGL,6,0.000275,"['SRCAP', 'INO80', 'F7DJV5', 'SMARCAD1', 'SMARCA1', 'SMARCA2']"
GYNGTIFAYG,6,0.000275,"['F7FXR0', 'KIF6', 'KIF5C', 'KIF15', 'KIF17', 'KIF3A']"
KLSRALRYYY,6,0.000275,"['ETV3', 'ERG', 'ELK1', 'ELK4', 'GABPA', 'ELF5']"
DSSSSSSSSS,6,0.000275,"['JMJD6', 'TNRC18', 'BRWD1', 'CWC22', 'TMEM40', 'BRD2']"
RTHTGEKPYE,5,0.000229,"['F7ASR7', 'F6T8Z3', 'ZBTB7A', 'F6WEA4', 'ZSCAN23']"
EEDEEEEDEE,5,0.000229,"['NKX1-2', 'CNKSR2', 'ZBTB7C', 'POLI', 'PLIN1']"
SSSSSSASSS,5,0.000229,"['EN1', 'NKX6-1', 'C7E651', 'IRX4', 'K7E4B2']"
SHTGERPYPC,5,0.000229,"['HIVEP2', 'F6YRY9', 'ZBTB8B', 'ZBTB46', 'HIVEP3']"
GGGGGGGAGG,5,0.000229,"['BOD1', 'CAPNS1', 'SKOR2', 'NRXN1', 'INSM1']"
KMPRYCLFGD,5,0.000229,"['F7B751', 'F7FIT4', 'NPR2', 'F7FK82', 'LOC100024379']"
ACKGDSGGPL,5,0.000229,"['LOC100018725', 'F11', 'CFI', 'TMPRSS11F', 'TMPRSS7']"
RIHTGEKPYE,5,0.000229,"['ZBTB16', 'F7G5H7', 'F6WEA4', 'H9H6M0', 'ZSCAN16']"
SMEECEALCT,5,0.000229,"['LOC100026608', 'ABCA12', 'ABCA13', 'ABCA2', 'F6Z4D2']"
SGRHYWEVEV,5,0.000229,"['F7DH42', 'F7FC16', 'LOC100022234', 'LOC100012175', 'TRIM41']"
EVEEEEEEEE,5,0.000229,"['TTBK1', 'F7DMR8', 'C14orf37', 'K7E140', 'KIAA1147']"
HCSAGIGRTG,5,0.000229,"['PTPN9', 'PTPN20', 'F7ASC3', 'PTPN5', 'PTPN4']"
PAGTGKTETT,5,0.000229,"['DNAH2', 'DNAH17', 'DNAH10', 'DNAH7', 'DNAH5']"
HQRLHTGERP,5,0.000229,"['F6XH11', 'LOC100616760', 'ZNF282', 'ZSCAN21', 'F6XQP6']"
IXXXXXXXXX,5,0.000229,"['AQP5', 'LTBP4', 'F7D883', 'K7E2N1', 'K7E4E7']"
QRIHTGERPY,5,0.000229,"['F7D557', 'ZNF263', 'ZNF282', 'F7FPW1', 'ZNF467']"
QPQPQPQPQP,5,0.000229,"['LOXL1', 'F6WET4', 'F6W4N1', 'BSN', 'RBM33']"
PQPQPQPQPQ,5,0.000229,"['LOXL1', 'F6WET4', 'F6W4N1', 'BSN', 'RBM33']"
EQILELLVLE,5,0.000229,"['ZNF496', 'H9H9L0', 'F6PYG5', 'ZNF213', 'F7DVV8']"
GTGKTLLAKA,5,0.000229,"['PSMC1', 'KATNA1', 'AFG3L2', 'KATNAL2', 'PEX6']"
ILELLVLEQF,5,0.000229,"['ZNF496', 'H9H9L0', 'F6PYG5', 'ZNF213', 'F7DVV8']"
SSEEEEEEEE,5,0.000229,"['SKIDA1', 'IBSP', 'PIAS4', 'BRD2', 'CLSTN1']"
YDRFVAICHP,5,0.000229,"['H9H9R0', 'LOC100028425', 'opor21', 'F6U8F9', 'LOC100010544']"
LYRDVMLENY,5,0.000229,"['F6XW63', 'F6YDJ5', 'F6STE7', 'LOC100619137', 'LOC103102680']"
MEECEALCTR,5,0.000229,"['ABCA7', 'ABCA12', 'ABCA13', 'LOC100026548', 'F6Z4D2']"
LXXXXXXXXX,5,0.000229,"['ELL2', 'LRRC24', 'K7E349', 'K7E4N6', 'K7E619']"
DLKPENILLD,5,0.000229,"['GRK4', 'RPS6KA3', 'PRKX', 'SGK2', 'PHKG1']"
RVMAAQVALR,5,0.000229,"['DMRT1', 'DMRT2', 'DMRTA1', 'DMRT3', 'DMRTC2']"
YDRYVAICNP,5,0.000229,"['OR4Q3', 'LOC100017477', 'opor128', 'LOC100016896', 'LOC107651331']"
GAWGCFDEFN,5,0.000229,"['DNAH2', 'DNAH17', 'DNAH10', 'DYNC1H1', 'F7F837']"
GRGGGGGGGG,5,0.000229,"['U2AF1', 'ARHGAP23', 'SRSF1', 'KCNK9', 'K7E387']"
RIHTGEKPFK,5,0.000229,"['LOC103096708', 'H9H8N0', 'ZKSCAN2', 'ZKSCAN5', 'H9H659']"
AYGQTGSGKS,5,0.000229,"['KIF14', 'KIF13A', 'KIF17', 'F7GCY0', 'F6ULV0']"
SSSSSSSSRS,5,0.000229,"['SRRM1', 'K7E3N6', 'F6W0B1', 'LTBP1', 'DIAPH3']"
PPPPPPPPPV,5,0.000229,"['FOXD2', 'HMGXB4', 'ZNF628', 'TDRD6', 'UBQLN3']"
DRYVAICNPL,5,0.000229,"['OR4Q3', 'opor128', 'LOC100022691', 'LOC100016896', 'LOC107651331']"
ISGESGAGKT,5,0.000229,"['K7E3Z6', 'MYO1E', 'MYO1C', 'F7AEQ7', 'MYO10']"
GDSGGPLVCE,5,0.000229,"['F12', 'TMPRSS13', 'TMPRSS3', 'LOC107649624', 'CORIN']"
SSSSSSGGGG,5,0.000229,"['K7E4E0', 'K7E6C2', 'ZMYND8', 'ZFC3H1', 'ZNRF3']"
QQQQQQQQAA,5,0.000229,"['RAI1', 'F6WET4', 'LOC100029343', 'MED15', 'TBP']"
LELLVLEQFL,5,0.000229,"['ZNF496', 'H9H9L0', 'F6PYG5', 'ZNF213', 'F7DVV8']"
TFKDVAVDFT,5,0.000229,"['LOC103106481', 'K7DZ51', 'F6STE7', 'K7E0R7', 'F6PI12']"
LLLLLLLLPP,5,0.000229,"['CNPY3', 'LOC103099763', 'P3H3', 'H9H6D8', 'LOC100024418']"
GGGGSGGGGS,5,0.000229,"['SP8', 'IRF4', 'ZIC2', 'DYNC1LI1', 'ANKHD1']"
SSSSSSSSSI,5,0.000229,"['BHLHE41', 'ZC3H3', 'IRF2BP1', 'RLIM', 'F6XFA6']"
SSSSSSSSSD,5,0.000229,"['K7E3G8', 'MYC', 'JMJD6', 'BRD2', 'F6RJP9']"
PPPPPPPGPP,5,0.000229,"['WIPF2', 'WASF2', 'ZC3H4', 'CAP2', 'MED28']"
NAAAAAAAAA,5,0.000229,"['PTBP2', 'IGF2BP3', 'VSTM2B', 'HOXA11', 'EDA2R']"
SHSMEECEAL,5,0.000229,"['LOC100026608', 'ABCA12', 'ABCA13', 'ABCA2', 'F6Z4D2']"
LLLLLLPLPL,5,0.000229,"['F7FQU7', 'K7DZS7', 'F6QZL5', 'K7E0H0', 'ATRN']"
GGPGGGGGGG,5,0.000229,"['EVX1', 'SHANK3', 'FZD2', 'RAPGEFL1', 'TOB2']"
TSHSMEECEA,5,0.000229,"['LOC100026608', 'ABCA12', 'ABCA13', 'ABCA2', 'F6Z4D2']"
FSSSSSSSSS,5,0.000229,"['RNF126', 'F6QVE7', 'K7DYR8', 'PAPD7', 'K7E4B2']"
SSSSSGGGGG,5,0.000229,"['ELMSAN1', 'K7E6C2', 'ZMYND8', 'ZFC3H1', 'ZNRF3']"
HQRIHTGERP,5,0.000229,"['LOC100616964', 'ZNF263', 'ZNF282', 'F7FPW1', 'ZNF467']"
AMAYDRYVAI,5,0.000229,"['F6SQV8', 'LOC100028897', 'F7F1C2', 'LOC100619413', 'opor52']"
RERERERDRE,5,0.000229,"['K7E5B9', 'FIP1L1', 'ZC3H13', 'ZC3H18', 'K7E1G8']"
DDDDDDDDDE,5,0.000229,"['SART3', 'WDR70', 'CHD2', 'CENPB', 'EFCAB14']"
IHTGEKPYEC,5,0.000229,"['ZBTB16', 'F7G5H7', 'F6WEA4', 'H9H6M0', 'ZSCAN16']"
AGTGKTETTK,5,0.000229,"['DNAH2', 'DNAH17', 'DNAH10', 'DNAH7', 'DNAH5']"
IHQRIHTGEK,5,0.000229,"['F7FV94', 'F7CRU2', 'F7DQP1', 'F6X339', 'LOC103094714']"
PEEEEEEEEE,5,0.000229,"['CLIP3', 'ASCC2', 'FBLN2', 'ZCCHC17', 'ZSCAN2']"
FSRSDHLALH,5,0.000229,"['KLF7', 'KLF5', 'KLF3', 'KLF1', 'KLF8']"
VHRDLAARNC,5,0.000229,"['MET', 'INSR', 'LOC103094428', 'MST1R', 'PTK7']"
HKRTHTGEKP,5,0.000229,"['F7ASR7', 'F6ZJQ7', 'ZIC5', 'KLF8Y', 'CTCFL']"
DEEEEEEEDE,5,0.000229,"['CHRAC1', 'RRAGD', 'HUWE1', 'ABCC9', 'AEBP2']"
AAAAAAAAAK,5,0.000229,"['SLC3A2', 'LHX2', 'PHOX2B', 'MOV10', 'HMX3']"
QLQQQQQQQQ,5,0.000229,"['BRD4', 'SUCLA2', 'WBP1L', 'RORC', 'PAXIP1']"
SKLTRLLQDS,5,0.000229,"['KIF17', 'KIF21B', 'KIF22', 'KIF4A', 'KIF3A']"
KPPYSYIALI,5,0.000229,"['FOXQ1', 'FOXE1', 'FOXD2', 'FOXC2', 'FOXF2']"
TPPPPPPPPP,5,0.000229,"['BPTF', 'ZFHX4', 'USP54', 'FHDC1', 'F6TEX3']"
THTGEKPYEC,5,0.000229,"['F7ASR7', 'F6T8Z3', 'ZBTB7A', 'F6WEA4', 'ZSCAN23']"
KSDVWSFGVL,5,0.000229,"['SYK', 'MET', 'TIE1', 'MST1R', 'TEC']"
PQPQPPPPPP,5,0.000229,"['MEX3C', 'NCOA6', 'TRIM66', 'CPEB3', 'RBM33']"
MEEEEEEEEE,5,0.000229,"['STAG3', 'ARID1A', 'L3MBTL2', 'SYTL4', 'PRDM5']"
AAAAAAATAA,5,0.000229,"['F7D1B8', 'ZFR', 'VSTM2B', 'MINDY2', 'SNTB1']"
AAAAAAATAT,5,0.000229,"['SMARCE1', 'INCENP', 'BACH2', 'HCFC1', 'KIAA1468']"
SSRSHAIFTI,5,0.000229,"['F6YKQ0', 'KIF21B', 'K7E4J1', 'KIF4A', 'KIF3A']"
GTGKTETTKD,5,0.000229,"['DNAH2', 'DNAH17', 'DNAH10', 'DNAH7', 'DNAH5']"
ITMNPGYAGR,5,0.000229,"['DNAH2', 'DNAH17', 'DNAH10', 'DNAH7', 'DYNC1H1']"
RTHTGEKPYR,5,0.000229,"['KLF6', 'ZNF143', 'MYNN', 'LOC100619377', 'ZNF513']"
SSSSSSSSFS,5,0.000229,"['SH3PXD2A', 'F6QVE7', 'Fgf10', 'K7E1M0', 'PRDM2']"
LTRLLQDSLG,5,0.000229,"['KIF17', 'KIF21B', 'KIF22', 'KIF4A', 'KIF3A']"
RQVKIWFQNR,5,0.000229,"['F6R1I7', 'CDX2', 'HOXD9', 'HOXA11', 'HOXA10']"
MAYDRFVAIC,5,0.000229,"['OR52E4', 'opor21', 'LOC100030233', 'LOC103092122', 'LOC100021052']"
ESEEEEEEEE,5,0.000229,"['LOC100010569', 'SETD1B', 'TRAFD1', 'CLSTN2', 'BOD1L1']"
AAAAAAAAAF,5,0.000229,"['ARX', 'BHLHE41', 'RBM24', 'HOXA13', 'BCAS4']"
AAAAAAAAAH,5,0.000229,"['POU3F3', 'FEV', 'ZIC5', 'IRX3', 'KAT6B']"
HSMEECEALC,5,0.000229,"['LOC100026608', 'ABCA12', 'ABCA13', 'ABCA2', 'F6Z4D2']"
GGGSGGGGGS,5,0.000229,"['SYNGAP1', 'POU4F2', 'SFSWAP', 'F6V0Y2', 'PRDM13']"
DACKGDSGGP,5,0.000229,"['LOC100018725', 'F11', 'CFI', 'TMPRSS11F', 'TMPRSS7']"
AWGCFDEFNR,5,0.000229,"['DNAH2', 'DNAH17', 'DNAH10', 'DYNC1H1', 'F7F837']"
HQQQQQQQQQ,5,0.000229,"['MAP4K4', 'POU3F2', 'PHC1', 'MED15', 'MN1']"
VATRWYRAPE,5,0.000229,"['MAPK15', 'CDKL2', 'MAPK7', 'CDK20', 'MAPK11']"
THTGEKPYRC,5,0.000229,"['KLF6', 'ZNF143', 'MYNN', 'LOC100619377', 'ZNF513']"
SSRSRSRSRS,5,0.000229,"['CCNL1', 'RSRP1', 'SRSF7', 'CHERP', 'ZRANB2']"
SSSSSSSSGG,5,0.000229,"['K7E4E0', 'MLLT6', 'SUPV3L1', 'ZMYND8', 'CXXC4']"
IHSGEKPYEC,5,0.000229,"['HIC1', 'F7CRU2', 'ZNF24', 'F6XQP6', 'ZEB2']"
TKEQILELLV,5,0.000229,"['F7F5Q8', 'ZNF496', 'F6PYG5', 'ZNF213', 'F7DVV8']"
IRSHTGERPY,5,0.000229,"['PRDM5', 'HIVEP2', 'F6YRY9', 'ZBTB8B', 'HIVEP3']"
GVGGGGGGGG,5,0.000229,"['FZD8', 'SRRM3', 'K7E4F6', 'RAX', 'FBXO33']"
QILELLVLEQ,5,0.000229,"['ZNF496', 'H9H9L0', 'F6PYG5', 'ZNF213', 'F7DVV8']"
GGGGSSSSSS,5,0.000229,"['LRP3', 'K7E6C2', 'RUNX1T1', 'ZFC3H1', 'TSC1']"
QRTHTGERPY,5,0.000229,"['F6S429', 'ZNF628', 'ZNF629', 'F7FS13', 'F6ZKL6']"
KLTRLLQDSL,5,0.000229,"['KIF17', 'KIF21B', 'KIF22', 'KIF4A', 'KIF3A']"
TPYWMAPEVI,5,0.000229,"['MINK1', 'MAP3K19', 'F7BTZ4', 'TAOK2', 'F6XN12']"
SDDDDDDDDD,5,0.000229,"['WDR70', 'NEMF', 'CHD2', 'SFSWAP', 'K7E1F9']"
RRRSRSRSRS,5,0.000229,"['F7BX00', 'CACTIN', 'SETD2', 'PRM1', 'CLASRP']"
PPPPPPPQQQ,5,0.000229,"['VIRMA', 'FOXG1', 'MAPKAPK2', 'RBM33', 'MEF2D']"
EEEEEEEGEE,5,0.000229,"['VIRMA', 'SKIDA1', 'PODXL2', 'F6UJD8', 'RANBP2']"
RFVAICHPLR,5,0.000229,"['F6U8F9', 'OR51D1', 'LOC100030233', 'F7DG85', 'opor46']"
MRTHTGEKPF,5,0.000229,"['PRDM5', 'ZNF536', 'KLF10', 'LOC100619137', 'ZBTB7B']"
LRTHTGEKPY,5,0.000229,"['KLF5', 'ZNF202', 'ZNF217', 'KLF1', 'LOC100617590']"
IQVWFQNRRA,5,0.000229,"['SEBOX', 'MIXL1', 'VSX1', 'LOC103106765', 'LOC103098226']"
GGGGGSSSSS,5,0.000229,"['DDHD1', 'LRP3', 'K7E6C2', 'ZFC3H1', 'W4VS84']"
SLSSSSSSSS,5,0.000229,"['F7D263', 'F6PMW0', 'SETD1B', 'K7E504', 'LPCAT1']"
IWDTAGQERF,5,0.000229,"['RAB37', 'RAB7A', 'RAB12', 'RAB14', 'TBC1D15']"
HLRIHTGEKP,5,0.000229,"['LOC100016180', 'ZNF536', 'F6W9F0', 'F7GE85', 'ZNF410']"
HLVDLAGSER,5,0.000229,"['KIF6', 'F6ULV0', 'KIFC2', 'KIF4A', 'KIF3A']"
RHRRTHTGEK,5,0.000229,"['SP3', 'KLF10', 'ZNF202', 'F7DW41', 'ZBTB47']"
GGGGGGGGPG,5,0.000229,"['POU3F3', 'CASC3', 'FNDC3B', 'ARIH1', 'F7DJV5']"
KEQILELLVL,5,0.000229,"['ZNF496', 'H9H9L0', 'F6PYG5', 'ZNF213', 'F7DVV8']"
AAQVALRRQQ,5,0.000229,"['DMRT1', 'DMRT2', 'DMRTA1', 'DMRT3', 'DMRTC2']"
KRTHTGEKPY,5,0.000229,"['F7ASR7', 'F6Z2J3', 'KLF8Y', 'CTCF', 'ZNF672']"
TRLLQDSLGG,5,0.000229,"['KIF17', 'KIF21B', 'KIF22', 'KIF4A', 'KIF3A']"
WIDLIFGYKQ,5,0.000229,"['F6YDT8', 'NSMAF', 'WDFY3', 'NBEAL1', 'LRBA']"
GPIVVHCSAG,5,0.000229,"['PTPRK', 'PTPN1', 'PTPRC', 'F7ASC3', 'PTPN7']"
PPTPPPPPPP,5,0.000229,"['BPTF', 'ZFHX4', 'USP54', 'F6TEX3', 'F7A5T2']"
FIHRDLAARN,5,0.000229,"['ABL1', 'TNK2', 'BMX', 'TIE1', 'TYRO3']"
EXXXXXXXXX,5,0.000229,"['HHIPL1', 'DAAM2', 'K7E5K4', 'K7DZH0', 'K7E4M2']"
GGGGGGGVGG,5,0.000229,"['FZD8', 'F6ZT88', 'SRRM3', 'NYAP1', 'SOX4']"
MAAQVALRRQ,5,0.000229,"['DMRT1', 'DMRT2', 'DMRTA1', 'DMRT3', 'DMRTC2']"
HRRIHTGERP,5,0.000229,"['H9H7B6', 'LOC100010199', 'F6S429', 'ZSCAN29', 'ZNF777']"
QQQHQQQQQQ,5,0.000229,"['POU3F2', 'TIMM50', 'PHLDA1', 'PHC1', 'MN1']"
SSSGSSSSSS,5,0.000229,"['FAM133B', 'EN1', 'K7E4E0', 'K7E3G8', 'PHLDB1']"
PPGPQGPPGP,5,0.000229,"['COL15A1', 'ERFE', 'GLDN', 'COL12A1', 'COL9A1']"
VMAAQVALRR,5,0.000229,"['DMRT1', 'DMRT2', 'DMRTA1', 'DMRT3', 'DMRTC2']"
PPGPPGPQGP,5,0.000229,"['COL15A1', 'ERFE', 'EDA', 'GLDN', 'COLQ']"
XXXXXXXXXL,5,0.000229,"['LRFN3', 'AQP5', 'LRRC24', 'PRR36', 'H9H6D6']"
RSHTGERPYK,5,0.000229,"['SALL4', 'SALL2', 'BCL11B', 'ZNF768', 'RREB1']"
RSHTGERPYP,5,0.000229,"['HIVEP2', 'F6YRY9', 'ZBTB8B', 'ZBTB46', 'HIVEP3']"
NLGNTCFMNS,5,0.000229,"['USP30', 'USP2', 'USP19', 'USP32', 'F7FEL9']"
SSSSSSSGSS,5,0.000229,"['FAM133B', 'EN1', 'ZCCHC10', 'K7E4E0', 'SRRM2']"
AAATAAAAAA,5,0.000229,"['FEV', 'MINDY2', 'LOC100015277', 'SP5', 'FBXW7']"
RRIHTGERPY,5,0.000229,"['H9H7B6', 'LOC103094714', 'F6VXQ5', 'F6S429', 'ZNF777']"
LTEARVQVWF,5,0.000229,"['PRRX1', 'PHOX2B', 'C7FF78', 'DRGX', 'ALX4']"
WFQNRRMKWK,5,0.000229,"['PDX1', 'F7E267', 'MNX1', 'MEOX1', 'HOXC6']"
WSFGILLWEI,5,0.000229,"['PDGFRB', 'FGFR4', 'KDR', 'FLT3', 'CSK']"
LSGGMKRKLS,5,0.000229,"['LOC100026608', 'ABCA12', 'ABCA13', 'ABCA2', 'F7FDQ6']"
IFAYGQTGSG,5,0.000229,"['KIF6', 'KIF15', 'KIFC1', 'KIF17', 'KIF13A']"
ELLVLEQFLT,5,0.000229,"['F7F5Q8', 'ZNF496', 'F6PYG5', 'ZNF213', 'F7DVV8']"
QQHQQQQQQQ,5,0.000229,"['POU3F2', 'TIMM50', 'PHLDA1', 'PHC1', 'MN1']"
AGAAAAAAAA,5,0.000229,"['PYCR3', 'TBX2', 'VSTM2B', 'HOXA11', 'F6SHL9']"
HAAAAAAAAA,5,0.000229,"['POU3F3', 'FEV', 'ZIC5', 'F7G8A1', 'ZNF467']"
VGGGGGGGGG,5,0.000229,"['FZD8', 'SRRM3', 'MSL1', 'RAX', 'FBXO33']"
QQQQQQPPPP,5,0.000229,"['K7E2P5', 'NOTUM', 'CHERP', 'TRIM71', 'HLX']"
GPRGPPGPPG,5,0.000229,"['K7DZG3', 'COL4A4', 'LOC103098671', 'COL12A1', 'COL22A1']"
STRAGGLGIN,5,0.000229,"['SMARCA1', 'CHD2', 'CHD5', 'INO80', 'F7DJV5']"
FITMNPGYAG,5,0.000229,"['DNAH2', 'DNAH17', 'DNAH10', 'DNAH7', 'DYNC1H1']"
EEEEEDEEDD,5,0.000229,"['C7E652', 'CHRAC1', 'HUWE1', 'UBTF', 'SETD1B']"
FTSGRHYWEV,5,0.000229,"['F6ZES7', 'F7DH42', 'F7FC16', 'LOC100022234', 'LOC100012175']"
PPPPAPPPPP,5,0.000229,"['FOXD1', 'WIPF1', 'ZIC5', 'LIX1L', 'ZNF526']"
LNLVDLAGSE,5,0.000229,"['KIF15', 'F7FXR0', 'KIF3B', 'KIF11', 'KIFC3']"
AAAAAAAAGV,5,0.000229,"['SP9', 'FOXB2', 'BEND4', 'FAM189A2', 'MEX3C']"
AAAAAAAAGP,5,0.000229,"['FOXL2', 'FGD1', 'ZBTB10', 'SRF', 'PRDM8']"
RIHSGEKPYE,5,0.000229,"['HIC1', 'F7CRU2', 'ZNF24', 'F6XQP6', 'ZEB2']"
SAGVGRTGTF,5,0.000229,"['PTPRO', 'F6TAZ7', 'H9H8L0', 'PTPRE', 'PTPRB']"
VVHCSAGVGR,5,0.000229,"['PTPRD', 'PTPRC', 'PTPRA', 'PTPRQ', 'PTPN14']"
GWQNSIRHNL,5,0.000229,"['FOXG1', 'FOXI2', 'FOXL2', 'FOXC2', 'F6WBW3']"
EEEEGEEEEE,5,0.000229,"['SKIDA1', 'TRIM26', 'PODXL2', 'F6UJD8', 'ZEB1']"
DVAVDFTWEE,5,0.000229,"['LOC103106481', 'F6STE7', 'F6XVZ4', 'F7CIB2', 'F7F5Q8']"
DEEDEEEEEE,5,0.000229,"['SETD1A', 'ARID1B', 'F6XTP4', 'THRSP', 'TAF1']"
LLLTGTPLQN,5,0.000229,"['SRCAP', 'SMARCA1', 'CHD5', 'SMARCA4', 'F7DJV5']"
IRTHTGEKPF,5,0.000229,"['MTF1', 'D7PM01', 'PRDM6', 'EGR2', 'EGR3']"
RHNLSLNKCF,5,0.000229,"['FOXJ1', 'FOXG1', 'FOXJ3', 'FOXN1', 'FOXN2']"
PGTGKTLLAK,5,0.000229,"['PSMC1', 'KATNA1', 'AFG3L2', 'KATNAL2', 'PEX6']"
HMRIHTGEKP,5,0.000229,"['LOC103096708', 'LOC103101465', 'F7CIB2', 'GZF1', 'Zfx']"
SSGGGGGGGS,5,0.000229,"['K7E6C2', 'FOXD1', 'ZNRF3', 'TMCC2', 'PITPNM2']"
PXXXXXXXXX,5,0.000229,"['H9H717', 'H9H6X1', 'MFAP4', 'TMEM132C', 'RFC2']"
VLEQFLTILP,5,0.000229,"['F7F5Q8', 'ZNF496', 'F7ASR7', 'F6PYG5', 'F7DVV8']"
ERERERDRER,5,0.000229,"['FIP1L1', 'ZC3H13', 'ZC3H18', 'K7E172', 'K7E0U5']"
FYAPWCGHCK,5,0.000229,"['PDIA6', 'P4HB', 'PDIA4', 'TXNDC5', 'PDIA3']"
HTGEKPFPCP,5,0.000229,"['ZNF668', 'F6WTN7', 'ZIC5', 'F6S429', 'ZNF672']"
EEEEEEEDEG,5,0.000229,"['PTPRCAP', 'WEE1', 'LOC100028995', 'CHRM1', 'PAXIP1']"
QQQQHQQQQQ,5,0.000229,"['POU3F2', 'TIMM50', 'PHLDA1', 'PHC1', 'MN1']"
RERERERERD,5,0.000229,"['K7E2Z2', 'ZC3H13', 'F6SBS0', 'ZC3H18', 'K7E5B9']"
GKDACQGDSG,5,0.000229,"['PRSS8', 'F9', 'TMPRSS11E', 'OVCH2', 'F6SCM4']"
SSSSSSGSSS,5,0.000229,"['FAM133B', 'EN1', 'SRRM2', 'K7E4E0', 'SOX4']"
FARSDELTRH,5,0.000229,"['KLF7', 'KLF5', 'KLF3', 'KLF1', 'KLF8']"
SSLSSSSSSS,5,0.000229,"['F7D263', 'F6PMW0', 'SETD1B', 'LPCAT1', 'TRIM67']"
AVMAYDRYVA,5,0.000229,"['opor85', 'LOC100617526', 'LOC100017583', 'F6TMR7', 'F6V1D4']"
AAAAAAAGGG,5,0.000229,"['GAS1', 'ARID1B', 'ASTN1', 'PCLO', 'K7E3B7']"
EARVQVWFQN,5,0.000229,"['PRRX1', 'SHOX2', 'PHOX2B', 'DRGX', 'ALX4']"
GGGGGGGGGQ,5,0.000229,"['POU3F3', 'WDR26', 'SNRNP70', 'SYNGAP1', 'K7E3K3']"
VAVDFTWEEW,5,0.000229,"['LOC103106481', 'F6STE7', 'F6XVZ4', 'F7CIB2', 'F7F5Q8']"
QWVLTAAHCF,5,0.000229,"['PRSS33', 'TMPRSS13', 'LOC100617826', 'KLKB1', 'F7F3D5']"
KRIHTGEKPY,5,0.000229,"['F7AAK2', 'LOC100616838', 'F6QS42', 'F7FPW1', 'ZBTB16']"
ARVQVWFQNR,5,0.000229,"['PRRX1', 'SHOX2', 'PHOX2B', 'DRGX', 'ALX4']"
HVRIHTGEKP,5,0.000229,"['ZNF236', 'BCL6B', 'ZNF143', 'ZBTB17', 'F6QS50']"
HRDLAARNCL,5,0.000229,"['ABL1', 'BMX', 'LOC103094428', 'FER', 'PTK7']"
GGGSGSGGGG,5,0.000229,"['CNOT3', 'SOX11', 'SART1', 'ZFC3H1', 'GTF3C4']"
SSSSGGGGGG,5,0.000229,"['ELMSAN1', 'K7E6C2', 'ZFC3H1', 'ZNRF3', 'ZNF281']"
AYGQTGAGKT,5,0.000229,"['LOC103096436', 'KIF24', 'KIFC3', 'O19017', 'KIF21B']"
LVDLAGSERQ,5,0.000229,"['KIF15', 'KIF17', 'F7GCY0', 'KIF4A', 'KIF3A']"
LVDLAGSERA,5,0.000229,"['F6Q980', 'F6ULV0', 'K7E4J1', 'KIF1B', 'F7FXR0']"
GPAGTGKTET,5,0.000229,"['DNAH2', 'DNAH17', 'DNAH10', 'DNAH7', 'DNAH5']"
EEEEEEEDED,5,0.000229,"['RTN4', 'KAT6B', 'F6QF84', 'ABCC9', 'BOD1L1']"
SGESGAGKTE,5,0.000229,"['K7E3Z6', 'MYO10', 'MYO1C', 'F7AEQ7', 'MYO6']"
KGKGKGKGKG,5,0.000229,"['COL5A3', 'F7AIU0', 'Dnmt1', 'SPEF2', 'IQCD']"
YGQTGSGKSY,5,0.000229,"['KIF14', 'F6Q980', 'F7GCY0', 'F7FF78', 'F6ULV0']"
FAYGQTGAGK,5,0.000229,"['LOC103096436', 'KIF24', 'KIFC3', 'KIF1B', 'O19017']"
LVLEQFLTIL,5,0.000229,"['F7F5Q8', 'ZNF496', 'F7ASR7', 'F6PYG5', 'F7DVV8']"
