k-mer,number of proteins,percentage,all,(Out of 28623 proteins in total)
EEEEEEEEEE,132,0.004612,"['Daxx', 'Cers3', 'Hs1bp3', 'Rhox8', 'Gab3', 'Spryd3', 'Rpgrip1', 'Phf23', 'Mier1', 'Bod1l', 'Ppp4r2', 'Csrnp3', 'Gtf3c3', 'Stard8', 'Gtf3c5', 'Aebp1', 'Smarca4', 'Podn', 'Kri1', 'Cenpb', 'Mterf4', 'Alms1', 'Anks4b', 'Zeb1', 'Rbm19', 'Fam71e1', 'Zfhx3', 'Bcl11a', 'Cdk11b', 'Pelp1', 'Ccdc180', 'Ttbk1', 'Lrrc37a', 'Ubap1l', 'Zbtb7c', 'Kif7', 'Zfp651', 'Podxl2', 'Diexf', 'Ccdc27', 'Gm13693', 'Kat6b', 'Ifnlr1', '1700123L14Rik', 'Skap1', 'Cnksr2', 'Gm5149', 'Baz1b', 'Ep400', 'Hrc', 'Mbd3', 'Kcna4', 'Fgd1', 'Nisch', 'Znf692', 'Timeless', 'Hoxa7', 'Stk3', 'Snapc5', 'Hs6st3', 'Kdm2a', 'Dbr1', 'Fkbp15', 'Zbtb4', 'Armcx1', 'Mical1', 'Plcd4', 'Tspoap1', 'Ppp1r18', 'Wdpcp', 'Zcchc6', 'Il27', 'Gm38655', 'Vsig10', 'Rtl1', 'Ecm2', 'Rtl5', 'Ripply1', 'Ehmt2', 'Ppargc1b', 'G430095P16Rik', 'Q3UF44', 'Fbxw7', 'Hdac5', 'Las1l', 'Arid1b', 'Acin1', 'Prkcsh', 'Gpatch8', 'Rrp12', 'Znf428', 'Neurod2', 'Ppm1f', 'Prm3', 'Plppr3', 'Amer1', 'Eif3d', 'Arsi', 'Nrdc', 'Ggt6', 'Trap1a', 'Trim26', 'Cul9', 'Slc4a3', 'Ibsp', 'Mapk8ip2', 'Znf326', 'Tonsl', 'Cacna1f', 'Cdca7', 'Ube2u', 'Clstn1', 'Npm2', 'Ncbp3', 'Slc4a1ap', 'Gm35339', 'Scaf1', 'Ccdc136', 'Mycl', 'Ryden', 'Usp34', 'Stac3', 'Hmgb3', 'Skida1', 'Ccdc88b', 'Stra8', 'Setd1b', 'Kcnn1', 'Myt1', 'Eif5b', 'Taok2', 'Trim41']"
AAAAAAAAAA,87,0.00304,"['Pabpn1', 'Rbm4', 'Prdm12', 'Prdm13', 'Anapc2', 'Prdm8', 'Clasrp', 'Nkx6-1', 'Sox21', 'Hoxd8', 'Cdk13', 'Sp5', 'Prpf40a', 'Tmem158', 'Midn', 'Vax1', 'Hoxd11', 'Fbrs', 'Sox30', 'Arx', 'Zfhx3', 'Q9CU37', 'Rbm24', 'Hand2', 'Ascl1', 'Asxl2', 'Evx2', 'Runx2', 'Lhx2', 'Arid3b', 'Fbxo41', 'Gata6', 'Zfr', 'En1', 'Tbx1', 'Gm10216', 'Foxb2', 'Pou3f3', 'Incenp', 'Gsx2', 'Bhlhe41', 'Lrrc63', 'Nlk', 'Zbtb8b', 'Olig2', 'Hmx3', 'Tmem64', 'Cypt3', 'Hoxa13', 'Fev', 'Irf2bpl', 'Ptbp2', 'Skor1', 'Sh3rf1', 'Arid1b', 'Stam', 'Gdf11', 'Sowaha', 'Puf60', 'Zfp91', 'Mnx1', 'Tbl1xr1', 'Znf804a', 'Foxd3', 'Foxl2', 'Lcorl', 'Irx3', 'Id4', 'Tle4', 'Phox2b', 'Klhl11', 'Eif3j1', 'Taf4', 'Maz', 'Tmem200c', 'Shisa6', 'Zfp358', 'Slc12a2', 'Nkx2-3', 'Alg13', 'Nkx2-4', 'Kdm1a', 'Alkbh5', 'Rbm47', 'Pou4f1', 'Zxdb', 'Zic3']"
PPPPPPPPPP,75,0.00262,"['SMN2', 'Prdm6', 'Dmrtb1', 'Asxl3', 'Dab2ip', 'Sp5', 'Insm1', 'Wipf3', 'Ylpm1', 'Tmem210', 'Eno4', 'Setbp1', 'Washc1', 'Pcdh15', 'Brdt', 'Dbn1', 'Kat6a', 'Pelp1', 'Was', 'Inf2', 'Peg10', 'Jmy', 'Znf526', 'Sik2', 'Zfhx4', 'Rgl3', 'Gapdhs', 'Hoxb4', 'Prr12', 'Srrm1', 'Megf8', 'Prima1', 'Scaf1', 'Rbm33', 'Q4VA45', 'Virma', 'Prr18', 'Adgrb1', 'Srpk2', 'Fhod1', 'Fhdc1', 'Bag6', 'Mypop', 'Znf318', 'Fmnl1', 'Fmn1', 'Trerf1', 'Sf3b2', 'Setd1a', 'En1', 'Pclo', 'Kdm6b', 'Alg13', 'Ppp3cb', 'Phldb3', 'Sema4g', 'Naf1', 'Wasf2', 'Hs3st4', 'Espn', 'Kmt2e', 'Fnbp4', 'Zfp341', 'Enah', 'Fbxo11', 'Zc3h4', 'Cap2', 'Foxd1', 'Pxk', 'Magel2', 'Diaph2', 'Sall2', 'Mtfr1', 'Mtfr2', 'Trim66']"
QQQQQQQQQQ,64,0.002236,"['Ncoa3', 'Ncoa6', 'Gigyf1', 'Fam171b', 'Nfat5', 'Supt20', 'A8CSZ8', 'Bahcc1', 'Irf2bpl', 'Fam155a', 'Runx2', 'Arhgap17', 'Aak1', 'Il2', 'Myocd', 'Prdm8', 'Maml3', 'Foxp2', 'Sry', 'Bhlha15', 'Sik3', 'Hcn1', 'Mn1', 'Rpa1', 'Bsn', 'Zfhx3', 'Mamld1', 'Ep400', 'Rbm33', 'Shroom4', 'Smarca2', 'Thap11', 'Amotl1', 'Lin7a', 'Cdx2', 'Dennd4b', 'Pou3f2', 'Nono', 'Prrc2b', 'Sec24b', 'Med12l', 'Pou6f2', 'Cherp', 'Tcf20', 'Paxip1', 'St6galnac5', 'Crebbp', 'Kmt2c', 'Bmp6', 'Vezf1', 'Kmt2d', 'Ivl', 'Chga', 'Celf3', 'R3hdm2', 'Tnrc6b', 'Phc1', 'Med15', 'Satb1', 'Tbp', 'Gm4301', 'Lemd3', 'Ncor2', 'Numbl']"
SSSSSSSSSS,60,0.002096,"['Npas1', 'Mllt3', 'Arhgap33', 'Dusp8', 'Edc4', 'Ranbp10', 'Sertad4', 'Nr1d1', 'Lzts2', 'Tmem40', 'Nkx6-1', 'Syn2', 'Ttc14', 'A0A1D9BZF0', 'Gm10543', 'Znf865', 'Gtf2ird1', 'Zcchc10', 'Setd1a', 'Prr13', 'Brd2', 'Pcif1', 'Klhl1', 'Dach1', 'Rnf126', 'Mex3b', 'Tnrc18', 'Spats1', 'Pnn', 'E2f4', 'Jmjd6', 'Prrc2b', 'Nfe2l1', 'Nap1l3', 'Srrm4', 'Pou6f2', 'Ddit4', 'Prg4', 'Srrm2', 'Kdm6b', 'Phlpp2', 'Atxn7', 'A230006K03Rik', 'Prkd2', 'Ing3', 'Naf1', 'Hspb7', 'Mbtps2', 'Ecscr', 'Gm16491', 'Hdgfl2', 'Chd8', 'Nolc1', 'Pprc1', 'Kcnma1', 'Cir1', 'Camta2', 'Tshz3', 'Tmem200c', 'Fam193b']"
EEEEEEEEED,50,0.001747,"['Ehmt2', 'Zbtb7c', 'Pus7', 'Rtl1', 'Ecm2', 'Rtl5', 'Ripply1', 'Diexf', 'Esf1', 'Cdca7', 'Rpgrip1', 'Kat6b', 'Arid3a', 'Phf23', 'Npm2', 'Os9', 'Ifnlr1', 'Hdac5', 'Ncbp3', 'Arid1b', 'Acin1', 'Safb', 'Gm5149', 'Csrnp3', 'Baz1b', 'Gpatch8', 'Zfp777', 'Podn', 'Neurod1', 'Gtf3c5', 'Nisch', 'Ryden', 'Stk3', 'P3h3', '4933416C03Rik', 'Kdm2a', 'Usp34', 'Nrdc', 'Adnp', 'Zbtb4', 'Hmgb3', 'Senp3', 'Pelp1', 'Tex19.1', 'Spryd3', 'Cul9', 'Kcnn1', 'Lrrc37a', 'Mapk8ip2', 'Myt1']"
GGGGGGGGGG,47,0.001642,"['Alg9', 'Capns1', 'Gsk3a', 'Dsp', 'Lor', 'Pura', 'Dusp8', 'Lrch2', 'Sox3', 'Wipf1', 'Was', 'Tra2a', 'Foxc1', 'Sp8', 'Gspt1', 'Arih1', 'Onecut2', 'Gdf7', 'Nek9', 'Eomes', 'Zswim6', 'Scrt2', 'Znf503', 'Mex3b', 'AI837181', 'Zcchc14', 'Maf', 'Arid1b', 'Setd1a', 'Braf', 'Ammecr1', 'Ankrd17', 'B630019K06Rik', 'Pou3f2', 'Ythdc2', 'Rad23b', 'Pi4ka', 'U2af1', 'Unc80', 'Wdr26', 'Map7d2', 'Pou4f2', 'Shox2', 'Zxdb', 'Hoxb3', 'Fbll1', 'Elfn2']"
DEEEEEEEEE,36,0.001258,"['Zbtb7c', 'Rtl1', 'Rtl5', 'Armcx1', 'Kat6b', 'Gm13693', 'Npm2', 'Os9', 'Ifnlr1', 'Bod1l', 'Ppargc1b', 'Csrnp3', 'Gtf3c3', '4933416C03Rik', 'Prm3', 'Kcna4', 'Rad54l2', 'Hivep3', 'Podn', 'Rundc1', 'Amer1', 'Eif3d', 'Hoxa7', 'Dbr1', 'Zeb2', 'Nrdc', 'Hmgb2', 'Bcl11a', 'Pelp1', 'Mical1', 'Cul9', 'Ppp1r18', 'Ibsp', 'Zcchc6', 'Mapk8ip2', 'Myt1']"
EEEEEEEEEG,31,0.001083,"['Nop9', 'Ak9', 'Znf326', 'Rhox8', 'Zfp651', 'Alms1', 'Paxip1', 'Gm13693', 'Bend4', 'Mier1', '1700123L14Rik', 'Q3UF44', 'Anp32e', 'Ep400', 'Scaf1', 'Kcna4', 'Neurod2', 'Kri1', 'Plppr3', 'Znf318', 'Arsi', 'Cenpb', 'Skida1', 'Ccdc88b', 'Cdk11b', 'Babam1', 'Slc4a3', 'Tspoap1', 'Wee1', 'Wdr66', 'Taok2']"
SAAAAAAAAA,28,0.000978,"['Hmx3', 'Tmem64', 'Tle3', 'Id4', 'Hoxa13', 'Evx2', 'Gm10216', 'Prdm8', 'Nkx6-1', 'Sox21', 'Ralgps2', 'Maz', 'Sp5', 'Irf2bpl', 'Shisa6', 'Gata6', 'Pitx3', 'Vax1', 'Tbx2', 'Nkx2-3', 'Foxb2', 'Pbx2', 'Znf703', 'Bhlhe22', 'Gsx2', 'Rbm24', 'Zic2', 'Nlk']"
AAAAAAAAAG,28,0.000978,"['Pabpn1', 'Hoxa13', 'Camkv', '6330403L08Rik', 'Ptbp2', 'Phox2b', 'Prdm8', 'Skor1', 'Sox21', 'Eif3j1', 'Hoxd8', 'Sh3rf1', 'Arid1b', 'Foxl2', 'Znf804a', 'Gdf11', 'Zfp358', 'Tbx2', 'Sowaha', 'Slc12a2', 'Foxb2', 'Mnx1', 'Kdm1a', 'Clcn2', 'Pou4f1', 'Zic5', 'Zxdb', 'Nrg3']"
AAAAAAAAAS,28,0.000978,"['Tmem64', 'Znrf2', 'Asxl2', 'Hoxa13', 'Evx2', 'Tmem200c', 'Btbd7', 'Clasrp', 'Nkx6-1', 'Sp8', 'Klhl11', 'Arid3b', 'Fbxo41', 'Esr1', 'Cdk13', 'Cpeb3', 'Shisa6', 'Gata6', 'Pitx3', 'Sox3', 'Foxb2', 'Pbx2', 'Ccnl1', 'Incenp', 'Sox30', 'Znf703', 'Hand2', 'Irx1']"
PPPPPPPPPL,28,0.000978,"['Shtn1', 'Asxl3', 'Dmrtb1', 'Tmem210', 'Pclo', 'Setbp1', 'Wipf3', 'Skor2', 'Inf2', 'Ubr4', 'Jmy', 'Cdk12', 'Gapdhs', 'Zfhx3', 'Prr11', 'Srpk2', 'Diaph2', 'Fmnl1', 'Fmn1', 'BC024978', 'Kdm6b', 'Lmod2', 'Hs3st4', 'Fnbp4', 'Zfp341', 'Enah', 'Mtfr1', 'Ppp3cb']"
APPPPPPPPP,27,0.000943,"['Tmem121b', 'Wasf2', 'Insm1', 'Pcdh15', 'Wipf3', 'Was', 'Ubr4', 'Btbd1', 'Gapdhs', 'Prr12', 'Lmod2', 'Washc1', 'Bag6', 'Srrm1', 'BC024978', 'A130057D12Rik', 'Phldb3', 'Skor2', 'Hnrnpul1', 'Sema4g', 'Hs3st4', 'Kmt2e', 'Enah', 'Htt', 'Sall2', 'Mtfr1', 'Ppp3cb']"
SGGGGGGGGG,26,0.000908,"['Dsp', 'Lor', 'Pura', 'Dusp8', 'Tra2a', 'Foxc1', 'Sp8', 'Gspt1', 'Onecut2', 'Gdf7', 'Zfhx3', 'B630019K06Rik', 'Znf503', 'Mex3b', 'Fus', 'Zcchc14', 'Gldc', 'Setd1a', 'Braf', 'Gm10174', 'Ankrd17', 'Nkx2-1', 'Ythdc2', 'Kcnma1', 'Zxdb', 'Hoxb3']"
PPPPPPPPLP,25,0.000873,"['Wasf1', 'Asxl3', 'Dmrtb1', 'Tmem210', 'Pclo', 'Setbp1', 'Wipf3', 'Inf2', 'Shtn1', 'Jmy', 'Zfhx3', 'Prr11', 'Srpk2', 'Diaph1', 'Fmnl1', 'Fmn1', 'BC024978', 'Kdm6b', 'Lmod2', 'Arhgef11', 'Q3TQ54', 'Espn', 'Zfp341', 'Enah', 'Mtfr1']"
LPPPPPPPPP,24,0.000838,"['March11', 'Asxl3', 'Rnf44', 'Eno4', 'Setbp1', 'Mypop', 'Rgl3', 'Sp5', 'Prr11', 'Prima1', 'Q4VA45', 'Trerf1', 'Znf318', 'Pwwp2a', 'Setd1b', 'Kdm6b', 'Fblim1', 'Alg13', 'Naf1', 'Apbb1ip', 'Cap2', 'Pxk', 'Whamm', 'Mtfr2']"
GEEEEEEEEE,23,0.000804,"['Hs1bp3', 'Rhox8', 'Kif7', 'Zfp651', 'Ecm2', 'Spryd3', 'Hrc', 'Arid3a', 'Irf5', 'Anp32e', 'Tex2', 'Baz1b', 'Gtf3c5', 'Neurod2', 'Nisch', 'Cenpb', 'Sowahc', 'Kdm2a', 'Zeb1', 'Skida1', 'Trim26', 'Ttbk1', 'Myt1']"
SEEEEEEEEE,23,0.000804,"['Daxx', 'Esf1', 'Gm38655', 'Vsig10', 'Gab3', 'Spag17', 'Blm', 'Diexf', 'Ehmt2', 'Cdca7', 'Kat6b', 'Clstn1', 'Phf23', 'Gpatch8', 'Smarca4', 'Znf428', 'Arsi', 'Mterf4', 'Stk3', 'Ggt6', 'Zbtb4', 'Senp3', 'Cdk11b']"
GGGGGGGGGS,22,0.000769,"['Pura', 'Dusp8', 'Ankhd1', 'Wipf1', 'Foxc1', 'Sp8', 'Gspt1', 'Pi4ka', 'Twist1', 'Hoxb3', 'Zfhx3', 'Eomes', 'Zswim6', 'Znf503', 'Mex3b', 'Pptc7', 'Ammecr1', 'Sox3', 'Kcnma1', 'Zxdb', 'Arid1b', 'Snrnp70']"
AAAAAAAAAV,21,0.000734,"['Pou3f3', 'Tcof1', 'Dmbx1', 'Rbm47', 'Arx', 'Tmem158', 'Arid1a', 'Maz', 'Irf2bpl', 'Runx2', 'En1', 'Puf60', 'Zic2', 'Q9CU37', 'Th', 'Zfp91', 'Foxb2', 'Stam', 'Olig2', 'Tle1', 'Q91ZN2']"
PPPPPPPPPA,20,0.000699,"['Pxk', 'Washc1', 'Bag6', 'Fnta', 'Kmt2e', 'Fign', 'Scaf1', 'Rgl3', 'Dab2ip', 'Insm1', 'Prr12', 'Megf8', 'Zic5', 'Peg10', 'Irx5', 'Setd1b', 'Pelp1', 'Btbd1', 'Hnrnpul1', 'Sema4g']"
GGGGSGGGGG,20,0.000699,"['Znf746', 'Ythdc2', 'Hoxd9', 'Zfp282', 'O35328', 'Arid1b', 'Ilf3', 'Foxd3', 'Zfhx3', 'Evx2', 'Setd1a', 'Pura', 'Zxdb', 'Map3k15', 'Ammecr1', 'Map2k4', 'Dach1', 'Snrnp70', 'B630019K06Rik', 'Hnrnpul1']"
LQQQQQQQQQ,20,0.000699,"['Foxp2', 'Ncoa3', 'Arid3b', 'Ncoa6', 'Gigyf2', 'Kmt2d', 'Mn1', 'Bahcc1', 'Sp3', 'Bmp2k', 'Zfhx3', 'Med12l', 'Pou6f2', 'Tox3', 'Med15', 'Sry', 'Shroom4', 'Gm4301', 'Paxip1', 'Tnrc6b']"
EEEEEEEEDE,20,0.000699,"['Os9', 'Podn', 'Esf1', 'Chrna2', 'Zfp777', 'Cacna1d', 'Hmgb1', 'Rtl1', 'Senp3', 'Cfap43', 'Pelp1', 'Clip3', 'Ehmt2', 'Gpatch8', 'Rpgrip1', 'Vgll3', 'Myt1', 'Lrrc37a', 'Brd2', 'Npm2']"
HQRIHTGEKP,20,0.000699,"['Znf445', 'Zfp389', 'Zkscan16', 'Zfp853', 'Zfp174', 'Znf182', 'Zfp637', 'Zfp13', 'Znf697', 'Zfp41', 'Q6R5P4', 'Znf787', 'Znf768', 'Zkscan5', 'Zscan10', 'Zfp69', 'Zfp386', 'Zscan20', 'Zim1', 'Znf667']"
QQQQQQQQQP,19,0.000664,"['Lin7a', 'A8CSZ8', 'Tsc22d1', 'Fam170b', 'Clock', 'Nono', 'Cdx2', 'Zfhx3', 'Paxip1', 'Pou6f2', 'Hcn1', 'Med12', 'Nav2', 'Ep400', 'Cherp', 'Satb1', 'Kat6a', 'Gls', 'Smarca2']"
QPPPPPPPPP,19,0.000664,"['Prdm6', 'Fnta', 'Sik2', 'Fign', 'Fbxo11', 'Dab2ip', 'Gapdhs', 'Sf3b2', 'Zfp341', 'Megf8', 'Setd1b', 'Pclo', 'Trim66', 'Rbm33', 'Dbn1', 'Kat6a', 'Ccdc6', 'Adgrb1', 'Peg10']"
PLPPPPPPPP,19,0.000664,"['Naf1', 'March11', 'Bend4', 'Pwwp2a', 'Q3TQ54', 'Trerf1', 'Mypop', 'Q4VA45', 'Asxl3', 'Rnf44', 'Whamm', 'Prr11', 'Prima1', 'Scx', 'Kdm6b', 'Tulp4', 'Setd1b', 'Alg13', 'Setbp1']"
EEEEEEEEEK,19,0.000664,"['Ppm1f', 'Fkbp15', 'Fgd1', 'Stra8', 'Las1l', 'Daxx', 'Vsig10', 'Ube2u', 'Skap1', 'Gab3', 'Ppargc1b', 'Spag17', 'Setd1b', 'Armcx1', 'Il27', 'Anks4b', 'Wdr66', 'Slc4a1ap', 'Hrc']"
HHHHHHHHHH,19,0.000664,"['Cacna1a', 'Fam76b', 'Sorbs2', 'Yy1', 'Nr4a3', 'Foxg1', 'Otx1', 'Skida1', 'Syngap1', 'Dlgap3', 'Pou4f2', 'Zic3', 'Hoxa1', 'Onecut2', 'Dyrk1a', 'Mafa', 'Cbx4', 'Usp34', 'Meox2']"
GAAAAAAAAA,18,0.000629,"['Sox21', 'Pou3f3', 'Sox30', 'Phox2b', 'Fbxo41', 'Znrf2', 'Arx', 'Cdk13', 'Arid1a', 'Hoxa13', 'Zfp358', 'Zfhx3', 'Tbx2', 'Pou4f1', 'Rbm4', '6330403L08Rik', 'Alg13', 'Mnx1']"
PAAAAAAAAA,18,0.000629,"['Arid3b', 'Eln', 'Prdm13', 'Q9CU37', 'Bhlhe41', 'Foxd3', 'Pabpc6', 'En1', 'Puf60', 'Tbx1', 'Zxdb', 'Gdf11', 'Zic2', 'Stam', 'Olig2', 'Taf4', 'Irx3', 'Dmbx1']"
EEEEEDEEEE,18,0.000629,"['Ythdc1', 'Chic1', 'Sall2', 'Podn', 'Rsph6a', 'Tnrc18', 'Rtl1', 'Sparcl1', 'Tmed8', 'Setd1a', 'Q4VA45', 'Rbm10', 'Prm3', 'Bbx', 'Vgll3', 'Slc24a1', 'Kif21a', 'Myt1']"
QVKIWFQNRR,18,0.000629,"['Gbx2', 'Hmx3', 'Dbx1', 'Hoxd8', 'Hoxd9', 'Cdx1', 'Gsx1', 'Hoxd1', 'Hoxa11', 'Hoxa10', 'Hoxc12', 'Nkx1-2', 'Nkx3-1', 'Nkx2-3', 'Msx1', 'Mnx1', 'Hoxa4', 'Dlx3']"
IHTGEKPYKC,17,0.000594,"['Znf536', 'Zfp28', 'Znf629', 'Zfp329', 'Zscan20', 'Znf691', 'Znf728', 'Q8BLR6', 'Znf22', 'Znf319', 'Znf18', 'Zfp236', 'Znf568', 'Zfp141', 'Zkscan16', 'Znf112', 'Klf8']"
PPPPPPPPPG,17,0.000594,"['March11', 'Pwwp2a', 'Pcdh15', 'Wasf2', 'Sall2', 'Fmn1', 'Zc3h4', 'Hoxb4', 'Foxd1', 'Esrp2', 'Magel2', 'Cap2', 'Mpig6b', 'Med19', 'Sf3b2', 'Rprd2', 'Wasl']"
PEEEEEEEEE,17,0.000594,"['Bend4', 'Lmnb1', 'Fam71e1', 'Mier1', 'Tspoap1', 'Safb', 'Ccdc27', 'Rtl5', 'Q9WVP2', 'Prkcsh', 'Scaf1', 'Hs6st3', 'Supt5h', 'Eif5b', 'Lrrc37a', 'Taok2', 'Ubap1l']"
EEEEEEEEDD,17,0.000594,"['Arid3a', 'Acin1', 'Nrdc', 'Zbtb7c', 'Homez', 'Hmgb2', 'Rtl1', 'Gm5149', 'Ubtf', 'Csrnp3', 'Ripply1', 'Diexf', '4933416C03Rik', 'Kdm2a', 'Kat6b', 'Usp34', 'Phf23']"
PPPPPPPLPP,17,0.000594,"['Fhod1', 'Wasf1', 'Dtx1', 'E2f2', 'Arhgef11', 'Shtn1', 'Enah', 'Inf2', 'Zfp341', 'Prr11', 'Pclo', 'Setbp1', 'Wipf3', 'Grid2ip', 'Whamm', 'Asxl3', 'Lmod2']"
EEEEEEEDEE,17,0.000594,"['Os9', 'Podn', 'Ehmt2', 'Rsph4a', 'Znf316', 'Rtl1', 'Huwe1', 'Senp3', 'Sparcl1', 'Slc24a1', 'Cfap43', 'Chic1', 'Abcc9', 'Vgll3', 'Aplp2', 'Lrrc37a', 'Myt1']"
KEEEEEEEEE,16,0.000559,"['Mycl', 'Isy1', 'Usp34', 'Stard8', 'Ripply1', 'Ryden', 'Catip', 'Znf541', 'Il27', 'Ccdc180', 'Rpgrip1', 'Plcd4', 'Gm35339', 'Wdr66', 'Hrc', 'Adnp']"
QQQQQQQQQH,16,0.000559,"['Foxp2', 'Maml3', 'Gigyf2', 'Kmt2d', 'Tcf20', 'Bahcc1', 'Sp3', 'Phf21a', 'Mkl2', 'Mamld1', 'Il2', 'Vezf1', 'Rbm33', 'Lemd3', 'Arid1a', 'Glrp1']"
AVAAAAAAAA,16,0.000559,"['Zbtb21', 'Klhl11', 'Anapc2', 'Tcof1', 'Sh3rf1', 'Arx', 'Arid1b', 'Fam186a', 'Deaf1', 'Cpeb3', 'Sox1', 'Med14', 'Foxb2', 'Alkbh5', 'Ccdc85c', 'Skor1']"
PPPPPPPPPQ,16,0.000559,"['Tmem121b', 'Trerf1', 'Sik2', 'Znf318', 'Setd1b', 'Fbxo11', 'Gapdhs', 'Adgrb1', 'En1', 'Htt', 'Rbm33', 'Virma', 'Fblim1', 'Mtfr2', 'Kat6a', 'Trim66']"
GGGGGGSGGG,16,0.000559,"['Znf746', 'Ythdc2', 'Zfp282', 'Fezf2', 'O35328', 'Arid1b', 'Pura', 'Zfhx3', 'Setd1a', 'Srp68', 'Zxdb', 'Dach1', 'Znf503', 'Snrnp70', 'Mex3b', 'Fndc3b']"
VAAAAAAAAA,15,0.000524,"['Klhl11', 'Lhx2', 'Anapc2', 'Sh3rf1', 'Arx', 'Arid1b', 'Hoxa13', 'Prpf40a', 'Sox1', 'Cpeb3', 'Foxb2', 'Alkbh5', 'Btbd7', '4930597O21Rik', 'Skor1']"
PPPPPPLPPP,15,0.000524,"['Fhod1', 'Arhgef11', 'Smn1', 'Wasf1', 'Asxl3', 'Dtx3', 'Zfp341', 'Enah', 'Prr11', 'Setbp1', 'Zbtb12', 'Vcpip1', 'Grid2ip', 'Inf2', 'Shtn1']"
EDEEEEEEEE,15,0.000524,"['Ifnlr1', 'Rad54l2', 'Hmgb1', 'Rtl1', 'Eif3d', 'Apbb1', 'Ppargc1b', 'Sparcl1', '4933416C03Rik', 'Cul9', 'Prm3', 'Kcna4', 'Hivep3', 'Gm13693', 'Myt1']"
EEEEEEDEEE,15,0.000524,"['Os9', 'Ythdc1', 'Chic1', 'Podn', 'Rtl1', 'Senp3', 'Sparcl1', 'Slc24a1', 'Smyd5', 'Rbm10', 'Q4VA45', 'Vgll3', 'Arid4b', 'Kif21a', 'Myt1']"
SPPPPPPPPP,15,0.000524,"['Fhdc1', 'Espn', 'Fnbp4', 'Fmnl1', 'Fmn1', 'Foxd1', 'Prr12', 'Virma', 'Dmrtb1', 'Zic5', 'Scaf1', 'Irx5', 'Mpig6b', 'Lzts2', 'Inf2']"
HTHTHTHTHT,15,0.000524,"['6030445D17Rik', 'Dbpht1', 'Q78TD4', 'Q3U0E6', 'I830134H01Rik', 'Q3T9P7', 'F830001A07Rik', 'Gm32592', 'G530012D18Rik', 'Q8BMA4', 'Gm19351', 'Gm11042', 'Gm10463', 'Q8C4E5', 'Gm10210']"
THTHTHTHTH,15,0.000524,"['6030445D17Rik', 'Dbpht1', 'Q78TD4', 'Q3U0E6', 'I830134H01Rik', 'Q3T9P7', 'F830001A07Rik', 'Gm32592', 'G530012D18Rik', 'Q8BMA4', 'Gm19351', 'Gm11042', 'Gm10463', 'Q8C4E5', 'Gm10210']"
EEEEEEEEEA,15,0.000524,"['Q9R1N5', 'Cers3', 'Rhox8', 'Prkcsh', 'Tonsl', 'Zfhx3', 'Cnksr2', 'Blm', 'Stard8', 'Setd1b', 'Plcd3', 'G430095P16Rik', 'Ttbk1', 'Dbr1', 'Myt1']"
EEEEEEEEKE,15,0.000524,"['Kmt2b', 'Serpina10', 'Fgd1', 'Las1l', 'Daxx', 'Vsig10', 'Ube2u', 'Skap1', 'Ppargc1b', 'Spag17', 'Gpatch11', 'Setd1b', 'Pdcd11', 'Wdr66', 'Hrc']"
DDEEEEEEEE,15,0.000524,"['Os9', 'Zbtb7c', 'Amer1', 'Ubtf', 'Bcl11a', 'Nap1l5', 'Rtl5', 'Gtf3c3', 'Mical1', 'Cnpy4', 'Myt1l', 'Kat6b', 'Zcchc6', 'Mapk8ip2', 'Npm2']"
EEEEDEEEEE,15,0.000524,"['Ythdc1', 'Chic1', 'Sstr3', 'Q4VA45', 'Rtl1', 'Sparcl1', 'Slc24a1', 'Secisbp2l', 'Rbm10', 'Prm3', 'Sall2', 'Vgll3', 'Kcna4', 'Rsph6a', 'Myt1']"
PAPPPPPPPP,15,0.000524,"['Wt1', 'Bend4', 'Hs3st4', 'Lmtk3', 'Srrm1', 'Btbd1', 'Pcdh15', 'Prr12', 'BC024978', 'Runx2os1', 'Was', 'Sall2', 'Wipf3', 'Skor2', 'Sema4g']"
PSSSSSSSSS,15,0.000524,"['Dbn1', 'Cir1', 'Sertad4', 'Hdgfl2', 'Chd8', 'Znf865', 'A130051J06Rik', 'Ranbp10', 'Edc4', 'Klhl1', 'Camta2', 'Atxn7', 'Syn2', 'Prkd2', 'Nkx6-1']"
RIHTGEKPYK,14,0.000489,"['Znf536', 'Zfp28', 'Znf629', 'Zfp329', 'Zscan20', 'Znf691', 'Znf728', 'Zfp236', 'Znf319', 'Znf22', 'Zfp141', 'Zkscan16', 'Znf112', 'Klf8']"
PQQQQQQQQQ,14,0.000489,"['St6galnac5', 'Bmp6', 'Tob1', 'Glg1', 'Celf3', 'Arid1a', 'Kmt2d', 'Phf21a', 'Arhgap17', 'Ep400', 'Kat6a', 'Gls', 'Tcf20', 'Smarca2']"
CQGDSGGPLV,14,0.000489,"['Prss55', 'Tmprss9', 'Prss44', 'Tmprss2', 'Tpsb2', 'Tmprss5', 'Klk14', 'Plat', 'Plg', 'Tmprss13', 'Tmprss6', 'Hgfac', 'Tmprss11b', 'Prss36']"
QGDSGGPLVC,14,0.000489,"['Prss55', 'Tmprss9', 'Prss44', 'Tmprss3', 'Tmprss5', 'Klk14', 'Plat', 'Plg', 'Tmprss13', 'Tmprss6', 'Hgfac', 'Mcpt2', 'Tpsb2', 'Prss36']"
TAAAAAAAAA,14,0.000489,"['Ccnl1', 'Incenp', 'Vash1', 'Rbm47', 'Arx', 'Clcn2', 'Ascl1', 'Rbm24', 'Kdm6a', 'Zfp91', 'Dach1', 'Sox3', 'Nrg3', 'Tmem158']"
EEEEEEEEEP,14,0.000489,"['Lmnb1', 'Mum1', 'Gigyf1', 'Q9WVP2', 'Kif7', '1700017N19Rik', 'Bod1l', 'Mical1', 'Prkcsh', 'Mbd3', 'Hs6st3', 'Rrp12', 'Zcchc6', 'Stac3']"
EEEEEEEEEL,14,0.000489,"['Timeless', 'Irf5', 'Amer1', 'Znf692', 'Bcl11a', 'Mterf4', 'Pelp1', 'Plcd4', 'Znf541', 'Tspoap1', 'Ppp1r18', 'Wdpcp', 'Pknox2', 'Trim41']"
EEDEEEEEEE,14,0.000489,"['Ca8', 'Hmgb1', 'Rtl1', 'Eif3d', 'Sparcl1', 'Ppargc1b', 'Slc24a1', 'Chic1', '4933416C03Rik', 'Prm3', 'Fbln2', 'Kcna4', 'Pak3', 'Myt1']"
QRIHTGEKPY,14,0.000489,"['Znf445', 'Znf182', 'Zfp853', 'Zfp13', 'Q6R5P4', 'Znf24', 'Znf787', 'Znf768', 'Zfp389', 'Zfp637', 'Zfp386', 'Zscan20', 'Zim1', 'Znf667']"
GGGGGSGGGG,14,0.000489,"['Znf746', 'Ythdc2', 'Hoxd9', 'Zfp282', 'O35328', 'Arid1b', 'Foxd3', 'Zfhx3', 'Setd1a', 'Pura', 'Zxdb', 'Dach1', 'Snrnp70', 'Hnrnpul1']"
RERERERERE,13,0.000454,"['Rere', 'Gm11027', 'Gse1', 'Q3U0E6', 'Zc3h13', 'Rbm25', 'G530012D18Rik', '6330415B21Rik', 'Zc3h18', 'Gm10203', 'Gm10183', 'Ncor1', 'Peg3']"
VCVCVCVCVC,13,0.000454,"['BC065397', 'A130023I24Rik', 'Gm15498', '4933415A04Rik', '1700101G07Rik', 'Q8C9N2', 'Q3U1U5', 'AU017193', 'Gm10773', '6330415B21Rik', 'Gm10067', 'Q3UEM2', 'Gm10852']"
SSSSSSSSSA,13,0.000454,"['Spats1', 'Hspb7', 'Kmt2a', 'Zcchc10', 'Syn2', 'Nfe2l1', 'Arl6ip4', 'Pou6f2', 'Setd1a', 'She', 'Klhl1', 'A230006K03Rik', 'Lzts2']"
QRVHTGEKPY,13,0.000454,"['Gm10226', 'Zfp28', 'Znf322', 'Znf112', 'Znf697', 'Zfp941', 'Znf18', 'Zkscan5', 'Znf513', 'Zfp948', 'Zscan20', '2810021J22Rik', 'Zscan5b']"
CVCVCVCVCV,13,0.000454,"['BC065397', 'A130023I24Rik', 'Gm15498', '4933415A04Rik', '1700101G07Rik', 'Q8C9N2', 'Q3U1U5', 'AU017193', 'Gm10773', '6330415B21Rik', 'Gm10067', 'Q3UEM2', 'Gm10852']"
HRRIHTGEKP,13,0.000454,"['Zfp663', 'Zfp773', 'Repin1', 'Zfp275', 'Znf692', 'Znf329', 'Znf8', 'Zbtb39', 'Znf787', 'Zkscan5', 'Klf8', 'Zfp324', 'Znf410']"
GSGGGGGGGG,13,0.000454,"['Sp8', 'Ythdc2', 'Onecut2', 'Gdf7', 'Pura', 'Zfhx3', 'Setd1a', 'Hoxc13', 'Zxdb', 'Gm10174', 'Arid1b', 'Mex3b', 'B630019K06Rik']"
AAAAAAAASS,13,0.000454,"['Sp8', 'Sox30', 'Cdk13', 'Hoxa13', 'Cpeb3', 'Evx2', 'Tmem200c', 'Fbxl17', 'Sox3', 'Gata6', 'Pitx3', 'Irx1', 'Nkx6-1']"
ERERERERER,13,0.000454,"['Rere', 'Gm11027', 'Gse1', 'Q3U0E6', 'Zc3h13', 'Rbm25', 'G530012D18Rik', '6330415B21Rik', 'Zc3h18', 'Gm10203', 'Gm10183', 'Ncor2', 'Peg3']"
ASSSSSSSSS,13,0.000454,"['Setd1a', 'Kmt2a', 'Chd9', 'Tnrc18', 'Sp4', 'Kcnma1', 'Mllt3', 'Pou6f2', 'Erf', 'Sall2', 'Nr1d1', 'Lzts2', 'A230006K03Rik']"
HQRVHTGEKP,13,0.000454,"['Zfp28', 'Znf322', 'Zscan20', 'Znf697', 'Zfp41', 'Zfp941', 'Znf18', 'Zkscan5', 'Znf513', 'Zfp948', 'Znf112', '2810021J22Rik', 'Zscan5b']"
QVWFQNRRAK,13,0.000454,"['Lhx4', 'Esx1', 'Alx1', 'Drgx', 'Uncx', 'Phox2a', 'Shox2', 'Prop1', 'Vsx2', 'Otp', 'Mixl1', 'Prrx2', 'Sebox']"
EGEEEEEEEE,12,0.000419,"['Spryd3', 'Ttbk1', 'Rhox8', 'Kif7', 'Rtl1', 'Ecm2', 'Cenpb', 'Anp32e', 'Skida1', 'Sowahc', 'Xrcc6', 'Myt1']"
QEEEEEEEEE,12,0.000419,"['Pus7', 'Ppm1f', 'Ak9', 'Fkbp15', 'Stra8', 'Podxl2', 'Tex19.1', 'P3h3', 'Kcnn1', 'Tspoap1', 'Zfp777', 'Fbxw7']"
QQQQQQQQQL,12,0.000419,"['Kmt2c', 'Foxp2', 'Thap11', 'Ncoa6', 'Fam171b', 'Kmt2d', 'Supt20', 'Tfeb', 'Irf2bpl', 'Aak1', 'R3hdm2', 'Phlpp1']"
DDDDDDDDDD,12,0.000419,"['Daxx', 'Nrdc', 'Casq1', 'Piezo1', 'Hax1', 'Catsper2', 'Spp1', 'Taf9', 'Rnf34', 'Elp2', 'Hrc', '4921501E09Rik']"
GGGSGGGGGG,12,0.000419,"['B630019K06Rik', 'Ythdc2', 'Hoxd9', 'O35328', 'Onecut2', 'Bhlhe22', 'Evx2', 'Setd1a', 'Zxdb', 'Arid1b', 'Snrnp70', 'Zfc3h1']"
LADEMGLGKT,12,0.000419,"['Chd1', 'Hells', 'Gm13034', 'Chd5', 'Rad54b', 'Gm42715', 'Chd8', 'Ino80', 'Smarcad1', 'Smarca1', 'Smarca2', 'Shprh']"
GPPGPPGPPG,12,0.000419,"['Col15a1', 'Eda', 'Gldn', 'C1qtnf3', 'Col1a1', 'Col22a1', 'Col12a1', 'Col23a1', 'Col26a1', 'Cpsf6', 'C1qtnf12', 'Col17a1']"
RSRSRSRSRS,12,0.000419,"['Lbr', 'Rsrc2', 'Zranb2', 'Acin1', 'Arl6ip4', 'Pdzd7', 'Znf638', 'Srsf2', 'Cherp', 'Srsf1', 'Cactin', 'Pprc1']"
AAVAAAAAAA,12,0.000419,"['Klhl11', 'Zbtb21', 'Tcof1', 'Sh3rf1', 'Fam186a', 'Deaf1', 'En1', 'Med14', 'Foxb2', 'Alkbh5', 'Aard', 'Skor1']"
GGGGGGGGSG,12,0.000419,"['Sp8', 'Tmem151b', 'Pi4ka', 'Arid1b', 'Kcnma1', 'Zfhx3', 'Pura', 'Ammecr1', 'Znf503', 'Snrnp70', 'Mex3b', 'Wipf1']"
VEEEEEEEEE,12,0.000419,"['Hmgb3', 'Arid1b', '1700123L14Rik', 'Znf692', 'Gm5149', 'Cnksr2', 'Rpgrip1', 'Setd1b', 'Anks4b', 'Rrp12', 'Gm13695', 'Slc4a1ap']"
ILADEMGLGK,12,0.000419,"['Chd1', 'Hells', 'Gm13034', 'Chd5', 'Rad54b', 'Gm42715', 'Chd8', 'Ino80', 'Smarcad1', 'Smarca1', 'Smarca2', 'Shprh']"
HCSAGVGRTG,12,0.000419,"['Ptprv', 'Ptpn20', 'Ptprq', 'Ptpn14', 'Ptprg', 'Ptprf', 'Ptpre', 'Ptprc', 'Ptprb', 'Ptpro', 'Ptprj', 'Ptprh']"
GGGGGGGSGG,12,0.000419,"['Zfp282', 'Fezf2', 'Mex3b', 'Zfhx3', 'Hoxa10', 'Pura', 'Arid1b', 'Znf503', 'Snrnp70', 'Zswim8', 'Wipf1', 'Srcin1']"
EEEEEEEEGE,12,0.000419,"['Ak9', 'Znf326', 'Ngef', 'Rhox8', 'Mier1', '1700123L14Rik', 'Alms1', 'Cenpb', 'Babam1', 'Slc4a3', 'Wdr66', 'Gm13693']"
THTGEKPYKC,12,0.000419,"['Klf12', 'Zfp457', 'Znf629', 'Znf182', 'Znf76', 'Zfp956', 'Zfp217', 'Klf5', 'mszf33', 'Zfp663', 'Zkscan16', 'Zscan20']"
AGGGGGGGGG,12,0.000419,"['Pou3f3', 'Capns1', 'Twist1', 'Arid1b', 'Maf', 'Pptc7', 'Wdr26', 'Pou4f2', 'Shox2', 'Lrch2', 'Scrt2', 'Sox1']"
PPQQQQQQQQ,11,0.000384,"['Bmp6', 'Glg1', 'Arid1a', 'Clock', 'Celf3', 'Pum2', 'Arhgap17', 'Scaf4', 'Ep400', 'St6galnac5', 'Gls']"
SSSSSSSSAS,11,0.000384,"['Hspb7', 'Kmt2a', 'Nfe2l1', 'Arl6ip4', 'Setd1a', 'Atn1', 'She', 'Foxf2', 'Klhl1', 'A230006K03Rik', 'Nkx6-1']"
KIWFQNRRMK,11,0.000384,"['Dbx1', 'Hoxd8', 'Hoxd9', 'Hoxd1', 'Hoxa11', 'Hoxa10', 'Hoxa5', 'Hoxc12', 'Hoxa3', 'Pdx1', 'Mnx1']"
APAPAPAPAP,11,0.000384,"['Obscn', 'Map1a', 'Alpk3', 'Bag6', 'Kcnk9', 'Trim33', 'Sympk', 'Plekhm1', 'Mapk7', 'Myl1', 'Stk39']"
LELLVLEQFL,11,0.000384,"['Znf445', 'Zfp444', 'Zfp287', 'Zscan18', 'Zfp449', 'Znf496', 'Nrif2', 'Zscan10', 'Zscan12', 'Zfp202', 'Zfp213']"
SSSSSSSSDS,11,0.000384,"['Zcchc10', 'Jmjd6', 'Hdgfl2', 'Fam133b', 'Aff3', 'Prr13', 'Rtf1', 'Ppig', '2200002D01Rik', 'Tmem40', 'Dner']"
QQQQQQQQQR,11,0.000384,"['Pou3f2', 'D830013H23Rik', 'Mn1', 'Celf3', 'Zfhx3', 'Fam155a', 'Myocd', 'Dhx29', 'Shroom4', 'Med12l', 'Tnrc6b']"
QLQQQQQQQQ,11,0.000384,"['Ncoa6', 'Kmt2d', 'Tmem247', 'Bmp2k', 'Zfhx3', 'Paxip1', 'Pou6f2', 'Tox3', 'Med15', 'Shroom4', 'Phlda1']"
SRSRSRSRSR,11,0.000384,"['Lbr', 'Srsf1', 'Zranb2', 'Acin1', 'Rsrc2', 'Pdzd7', 'Znf638', 'Srsf2', 'Cherp', 'Cactin', 'Pprc1']"
HQRTHTGEKP,11,0.000384,"['Zfp663', 'Zkscan16', 'Znf672', 'Znf316', 'Znf182', 'Znf697', 'Klf6', 'Znf18', 'Znf775', 'Zscan20', 'Znf629']"
AQQQQQQQQQ,11,0.000384,"['A8CSZ8', 'Kmt2d', 'R3hdm2', 'Irf2bpl', 'D830013H23Rik', 'Runx2', 'Phc1', 'Cherp', 'Rbm33', 'Il2', 'Numbl']"
VHTGEKPYKC,11,0.000384,"['Zfp28', 'Gm21060', 'Znf322', 'Znf728', 'Zfp773', 'Zfp941', 'Znf18', 'Znf319', 'Znf513', 'Zscan12', 'Znf112']"
AAAAAAAAAT,11,0.000384,"['Tbl1xr1', 'Vax1', 'Fbrs', 'Arx', 'Zfr', 'Sgcb', 'sgcb', 'Dach1', 'Lrrc63', 'Anapc2', 'Nkx2-4']"
PLLLLLLLLL,11,0.000384,"['Acp4', 'Gm5577', 'Lrp1', 'Tmub1', 'Mmp11', 'Metrnl', 'Lrcol1', 'Tnfrsf25', 'Ramp2', 'Crb2', 'A2m']"
EEEDEEEEEE,11,0.000384,"['Chic1', 'Znf316', 'Rtl1', 'Sparcl1', 'Slc24a1', 'Secisbp2l', 'Rbm10', 'Prm3', 'Kcna4', 'Pak3', 'Myt1']"
VHCSAGVGRT,11,0.000384,"['Ptprv', 'Ptpn20', 'Ptprq', 'Ptpn14', 'Ptprg', 'Ptprf', 'Ptpre', 'Ptprc', 'Ptprb', 'Ptprj', 'Ptprh']"
DACQGDSGGP,11,0.000384,"['Prss55', 'Prss42', 'Klk12', 'Tmprss5', 'Tmprss6', 'Plat', 'Hpn', 'Hgfac', 'Prss8', 'F10', 'Tmprss11b']"
FAYGQTGSGK,11,0.000384,"['Kif16b', 'Kif15', 'Kif6', 'Kif27', 'Kif14', 'Kif13a', 'Kif17', 'Stard9', 'Kif2a', 'KIF2C', 'Kifc1']"
MAYDRYVAIC,11,0.000384,"['Olfr143', 'Olfr455', 'Q8K502', 'Q8K539', 'Olfr521', 'Q8K511', 'Olfr148', 'Olfr594', 'Olfr288', 'Q9EPZ1', 'Olfr683']"
TEEEEEEEEE,11,0.000384,"['Ccdc9', 'Znf318', 'Prkcsh', 'Ccdc88b', 'Tonsl', 'Ppp4r2', 'Q9WVP2', 'Setd1b', 'Babam1', 'Cdca7', 'Wdpcp']"
GGSGGGGGGG,11,0.000384,"['Sp8', 'Setd1a', 'Ythdc2', 'Hoxd9', 'Onecut2', 'Irs1', 'Evx2', 'Syngap1', 'Zxdb', 'Arid1b', 'B630019K06Rik']"
TSSSSSSSSS,11,0.000384,"['Spats1', 'D6Ertd527e', 'A0A1D9BZF0', 'Tnrc18', 'Arl6ip4', 'Tmem200c', 'Mllt3', 'She', 'Kdm6b', 'Phlpp2', 'Q32M26']"
AAAVAAAAAA,11,0.000384,"['Klhl11', 'Zbtb21', 'Tcof1', 'Deaf1', 'Prkd1', 'En1', 'Med14', 'Foxb2', 'Alkbh5', 'Mex3c', 'Skor1']"
QQQQQQPPPP,11,0.000384,"['Sel1l3', 'Tanc2', 'Nono', 'Hoxa10', 'Pou6f2', 'Kcnn3', 'Satb1', 'Brd4', 'Ep400', 'Kat6a', 'Sf1']"
EEEEEEEEEV,11,0.000384,"['Ccdc136', 'Gm38655', 'Hs1bp3', 'Fam71e1', 'Trim26', 'Ccdc27', 'Rtl5', 'Q9WVP2', 'Rpgrip1', 'Zeb1', 'Rad54l2']"
EEGEEEEEEE,11,0.000384,"['Liat1', 'Rhox8', 'Kif7', 'Tldc2', 'Rtl1', 'Ak7', 'Polr1a', 'Sowahc', 'Skida1', 'Usp34', 'Myt1']"
GPPGPQGPPG,11,0.000384,"['Eda', 'Col18a1', 'Emid1', 'Erfe', 'Col28a1', 'Col4a1', 'Col16a1', 'Colq', 'Col20a1', 'Col12a1', 'Col17a1']"
PAPAPAPAPA,11,0.000384,"['Obscn', 'Alpk3', 'Bag6', 'Kcnk9', 'Trim33', 'Sympk', 'Cntnap1', 'Plekhm1', 'Mapk7', 'Myl1', 'Stk39']"
HQRTHTGERP,11,0.000384,"['Znf628', 'Zfp810', 'Znf316', 'Klf14', 'Zfp853', 'Znf322', 'Zfp956', 'Znf787', 'Znf768', 'AI854703', 'Zfp777']"
LLLLLLLLLL,11,0.000384,"['Prss50', 'AI507597', 'Gm10271', 'Crb2', 'Tnfrsf22', 'Mlc1', 'Siglece', 'Sema4b', 'Lrcol1', 'Il15ra', 'Pth2']"
RQQQQQQQQQ,11,0.000384,"['Gigyf1', 'Sik3', 'Ivl', 'Prrc2b', 'Zfhx3', 'Med12', 'Ep400', 'Dennd4b', 'Tbp', 'Thap11', 'Maml3']"
PPGPPGPPGP,10,0.000349,"['Col15a1', 'Eda', 'Gldn', 'Col1a1', 'Mbd6', 'Col23a1', 'Col26a1', 'Cpsf6', 'C1qtnf12', 'Col17a1']"
PPPPPPPPPS,10,0.000349,"['Naf1', 'Ddx17', 'Kmt2e', 'Espn', 'Scaf11', 'Zfhx4', 'Rnf44', 'Eno4', 'Phldb3', 'Lzts2']"
DRYVAICHPL,10,0.000349,"['Q8VER0', 'Olfr543', 'Olfr898', 'Olfr455', 'Olfr148', 'Or51e2', 'Q8VEQ8', 'Olfr288', 'Olfr682-ps1', 'Q9EPZ1']"
GPPPPPPPPP,10,0.000349,"['SMN2', 'Fhod1', 'Scaf11', 'Cdk12', 'Enah', 'Fmn1', 'Zc3h4', 'Hoxb4', 'Pelp1', 'Myrf']"
SSSSSSSSSP,10,0.000349,"['Sertad4', 'Gm16491', 'Srrm2', 'Erf', 'Cul4b', 'Ranbp10', 'Rnf126', 'Dbn1', 'Q32M26', 'Nkx6-1']"
IHTGEKPYEC,10,0.000349,"['Zfp663', 'Zbtb16', 'Znf182', 'Zfp275', 'Znf8', 'Znf24', 'Zfp871', 'Zfp974', 'Zfa', 'Gm12258']"
AAAAAAVAAA,10,0.000349,"['Chd5', 'Asxl3', 'En1', 'Mllt6', 'Tcof1', 'Zmiz1', 'Alkbh5', 'Hey2', 'Kcna4', 'Stum']"
RTHTGEKPYK,10,0.000349,"['Klf12', 'Znf629', 'Znf182', 'Znf76', 'Zfp956', 'Zfp217', 'Klf5', 'Zfp663', 'Zkscan16', 'Zscan20']"
HQQQQQQQQQ,10,0.000349,"['Pou3f2', 'Bhlha15', 'Nono', 'Cxxc1', 'Fam155a', 'Aak1', 'Klhl8', 'Sec24b', 'Sry', 'Crebbp']"
RGRGRGRGRG,10,0.000349,"['Kmt2b', 'Snrpd1', 'Larp1', 'Larp1b', 'Chtop', 'Rbm26', 'A0A1D9BZF0', 'Rps2', 'Mbd2', 'Znf579']"
SCQGDSGGPL,10,0.000349,"['Tmprss9', 'Prss56', 'Tmprss2', 'Prss12', 'Klk14', 'Plg', 'Tmprss13', 'St14', 'Tmprss15', 'Tpsab1']"
RGGGGGGGGG,10,0.000349,"['Srsf1', 'Pi4ka', 'Purb', 'U2af1', 'Was', 'Eomes', 'Krt2', 'AI837181', 'Snrnp70', 'Fbll1']"
KQQQQQQQQQ,10,0.000349,"['Fam170b', 'Gigyf2', 'Kmt2d', 'Chga', 'Cdx2', 'Vezf1', 'Nav2', 'Gm4340', 'Dhx29', 'Maml3']"
QQQQQQQPPP,10,0.000349,"['Sel1l3', 'Foxj2', 'Nono', 'Tanc2', 'Pou6f2', 'Htt', 'Ep400', 'Satb1', 'Zfp384', 'Kat6a']"
PGPPGPPGPP,10,0.000349,"['Col15a1', 'Gldn', 'Col22a1', 'Emid1', 'Col12a1', 'Col23a1', 'Col1a1', 'Cpsf6', 'C1qtnf12', 'Col17a1']"
SGSSSSSSSS,10,0.000349,"['A0A1D9BZF0', 'Chd9', 'Nap1l3', 'Setd1a', 'Srrm1', 'Nbea', 'Brdt', 'A230006K03Rik', 'Mex3b', 'Nkx6-1']"
DSCQGDSGGP,10,0.000349,"['Tmprss9', 'Prss56', 'Tmprss2', 'Prss12', 'Klk14', 'Plg', 'Tmprss13', 'St14', 'Tmprss15', 'Tpsab1']"
GSSSSSSSSS,10,0.000349,"['Tshz3', 'Nfe2l1', 'Nap1l3', 'Setd1a', 'Nbea', 'Pcif1', 'Dach1', 'A230006K03Rik', 'Mdm2', 'Mex3b']"
VKIWFQNRRM,9,0.000314,"['Dbx1', 'Hoxd8', 'Hoxd9', 'Hoxd1', 'Hoxa11', 'Hoxa10', 'Hoxc12', 'Hoxa4', 'Mnx1']"
RVHTGEKPYK,9,0.000314,"['Zfp28', 'Znf322', 'Znf319', 'Zfp658', 'Znf18', 'Zkscan5', 'A0A286YE34', 'Znf513', 'Znf112']"
RIHTGEKPYE,9,0.000314,"['Zfp663', 'Zbtb16', 'Znf182', 'Zfp275', 'Znf8', 'Znf24', 'Zfp871', 'Zfa', 'Gm12258']"
ILELLVLEQF,9,0.000314,"['Zfp287', 'Zscan18', 'Zfp449', 'Znf496', 'Nrif2', 'Zscan10', 'Zscan12', 'Zfp202', 'Zfp213']"
HIRTHTGEKP,9,0.000314,"['Zbtb7a', 'Gm5141', 'Mtf1', 'Egr3', 'Znf426', 'Prdm6', 'Snai2', 'Zfp648', 'Zkscan16']"
QQQQQPPPPP,9,0.000314,"['Socs7', 'Tanc2', 'Sf1', 'Pou6f2', 'Kcnn3', 'Satb1', 'Brd4', 'Ep400', 'Hoxa10']"
SDVWSFGVLL,9,0.000314,"['Ptk6', 'Mst1r', 'Ret', 'Fgfr3', 'Map3k10', 'Met', 'Tie1', 'Matk', 'Kdr']"
QQQQQQQQPQ,9,0.000314,"['Lin7a', 'Nr3c1', 'Hcn1', 'Paxip1', 'Scaf4', 'Aak1', 'A8CT10', 'Cherp', 'Smarca2']"
QRTHTGEKPY,9,0.000314,"['Zfp663', 'Zkscan16', 'Znf672', 'Znf182', 'Znf697', 'Klf6', 'Znf775', 'Zscan20', 'Znf629']"
HQRIHTGERP,9,0.000314,"['Zfp985', 'Zfp648', 'Zfp69', 'Mzf1', 'Znf329', 'Zfp398', 'Zfp397', 'Znf775', 'Znf467']"
QQQQQQQQQE,9,0.000314,"['Gigyf1', 'Sik3', 'Ivl', 'Prdm8', 'Chga', 'Runx2', 'Prrc2b', 'Gm4301', 'Slc43a3']"
EEEEEEEGEE,9,0.000314,"['Ak9', 'Znf326', 'Ngef', 'Tprn', '1700123L14Rik', 'Alms1', 'Cenpb', 'Rhox8', 'Babam1']"
ASAAAAAAAA,9,0.000314,"['Hmx3', 'Tmem64', 'Foxd3', 'Evx2', 'Sp5', 'Gm10216', 'Pitx3', 'Foxc1', 'Nkx6-1']"
HTGEKPYKCP,9,0.000314,"['Znf536', 'Znf629', 'Znf516', 'Zfp263', 'Zfp619', 'Znf18', 'Znf319', 'Znf513', 'Znf76']"
EEEEEEEKEE,9,0.000314,"['Serpina10', 'Las1l', 'Ube2u', 'Skap1', 'Ppargc1b', 'Spag17', 'Gpatch11', 'Pdcd11', 'Wdr66']"
GGGAGGGGGG,9,0.000314,"['Pou3f3', 'Twist1', 'Hoxd11', 'Zswim5', 'Shox2', 'Zxdb', 'Zic2', 'Six3', 'Col17a1']"
AEEEEEEEEE,9,0.000314,"['Nop9', 'Slc4a3', 'Plppr3', 'Timeless', 'Zfhx3', 'G430095P16Rik', 'Scaf1', 'Mbd3', 'Aplp1']"
HRDLKPENLL,9,0.000314,"['Ick', 'Brsk2', 'Rps6ka5', 'Camk2a', 'Melk', 'Ink76', 'Mapkapk5', 'Pskh1', 'Camk1d']"
HERIHTGEKP,9,0.000314,"['Znf382', 'Znf319', 'Znf235', 'Znf865', 'Gm12845', 'Zfp101', 'Znf473', 'Zim1', 'Zfp60']"
NSIRHNLSLN,9,0.000314,"['Foxj1', 'Foxj2', 'Foxk1', 'Foxd4', 'Foxd3', 'Foxl2', 'Foxi1', 'Foxg1', 'Foxc1']"
EDDEEEEEEE,9,0.000314,"['Zbtb7c', 'Ubtf', 'Bcl11a', 'Nap1l5', 'Gtf3c3', 'Q8BGH1', 'Kat6b', 'Mapk8ip2', 'Npm2']"
VQVWFQNRRA,9,0.000314,"['Lhx4', 'Esx1', 'Alx1', 'Drgx', 'Uncx', 'Phox2a', 'Shox2', 'Otp', 'Prrx2']"
AAAAAVAAAA,9,0.000314,"['Zbtb21', 'Tcof1', 'Asxl3', 'Deaf1', 'Map3k4', 'En1', 'Zmiz1', 'Alkbh5', 'Cadm1']"
HRRTHTGEKP,9,0.000314,"['Klf12', 'Znf316', 'Znf322', 'Zfp13', 'Znf48', 'Zfp956', 'Zscan20', 'Zscan21', 'Znf652']"
QHQRIHTGEK,9,0.000314,"['Zfp493', 'Zkscan16', 'Znf329', 'Zfp13', 'Zfp655', 'Znf787', 'Znf768', 'Zkscan5', 'Zfp386']"
HRDLAARNVL,9,0.000314,"['Pdgfrb', 'Erbb4', 'Epha8', 'Syk', 'Frk', 'Jak1', 'Tie1', 'Fgfr2', 'Flt3']"
QILELLVLEQ,9,0.000314,"['Zfp287', 'Zscan18', 'Zfp449', 'Znf496', 'Nrif2', 'Zscan10', 'Zscan12', 'Zfp202', 'Zfp213']"
ACQGDSGGPL,9,0.000314,"['Prss55', 'Prss44', 'Klk12', 'Tmprss5', 'Tmprss6', 'Plat', 'Hgfac', 'Prss8', 'Tmprss11b']"
GGGGGGGGSS,9,0.000314,"['Krt77', 'Twist1', 'Hoxb3', 'Gspt1', 'Pptc7', 'Zswim6', 'Dusp8', 'Ankhd1', 'Foxc1']"
EEEEEEEEES,9,0.000314,"['Rundc1', 'Ppp4r2', 'Snapc5', 'Kat6b', 'Rbm19', 'Hivep3', 'Eif5b', 'Clstn1', 'Zeb2']"
EEEEEDDEEE,9,0.000314,"['Hmgb2', 'Rtl1', 'Bcl11a', 'Ripply1', 'Q8BGH1', 'Kat6b', 'Smarca2', 'Usp34', 'Phf23']"
GRGRGRGRGR,9,0.000314,"['Larp1', 'Snrpd1', 'Larp1b', 'Chtop', 'Rbm26', 'A0A1D9BZF0', 'Rps2', 'Mbd2', 'Znf579']"
EEEEEGEEEE,9,0.000314,"['Ngef', 'Skida1', 'Trim26', 'Rtl1', 'Alms1', 'Gm6268', 'Upf2', '1700123L14Rik', 'Kiaa1211']"
MAAAAAAAAA,9,0.000314,"['Cnnm1', 'Pabpn1', 'Maz', 'Eif3j1', 'Zbtb8b', 'Sgcb', 'Foxl2', 'sgcb', 'Lcorl']"
SSGGGGGGGG,9,0.000314,"['Kcnc4', 'Gspt1', 'Fus', 'Hoxb3', 'Gldc', 'Kcnma1', 'Braf', 'Foxc1', 'Dusp8']"
WFQNRRAKWR,9,0.000314,"['Hhex', 'Nobox', 'Esx1', 'Arx', 'Drgx', 'Uncx', 'Alx3', 'Vsx2', 'Rax']"
VWFQNRRAKW,9,0.000314,"['Nobox', 'Esx1', 'Arx', 'Drgx', 'Uncx', 'Alx3', 'Vsx2', 'Otp', 'Rax']"
GGGGGGGGGA,9,0.000314,"['Pou3f3', 'Srsf1', 'Gm10174', 'Gdf7', 'Setd1a', 'Shox2', 'Lrch2', 'AI837181', 'Nkx2-1']"
QQQQQQQQLQ,9,0.000314,"['Mink1', 'Ncoa6', 'Fam171b', 'Kmt2d', 'Supt20', 'Bmp2k', 'Cpeb3', 'Paxip1', 'Thap11']"
EEEEEEEDDE,8,0.000279,"['Ubtf', 'Hmgb2', 'Rtl1', 'Ripply1', 'Kat6b', 'Arid4b', 'Usp34', 'Phf23']"
RIHTGEKPYQ,8,0.000279,"['Znf445', 'Znf354c', 'Zbtb39', 'Zkscan3', 'Zfp174', 'Zfp637', 'Zscan21', 'Znf667']"
DEEDEEEEEE,8,0.000279,"['Chic1', 'Arx', 'Eif3d', 'Hmgb1', 'Q8BT18', 'Slc24a1', '4933416C03Rik', 'Ptms']"
AAAAVAAAAA,8,0.000279,"['Zbtb21', 'Tcof1', 'Deaf1', 'En1', 'Zmiz1', 'Alkbh5', 'Prkd1', 'Cadm1']"
LEEEEEEEEE,8,0.000279,"['Neurod1', 'Fgd1', 'Gigyf1', 'Alms1', 'Mum1', 'Pelp1', 'Hdac5', 'Q3UF44']"
DVWSFGVLLW,8,0.000279,"['Mst1r', 'Ret', 'Fgfr3', 'Map3k10', 'Met', 'Tie1', 'Matk', 'Kdr']"
HHRIHTGEKP,8,0.000279,"['Zfp317', 'Zfp40', 'Zkscan3', 'Gzf1', 'Zfp90', 'Zfp141', 'Znf112', 'Zscan21']"
AYGQTGSGKT,8,0.000279,"['Kif6', 'Kif27', 'Kif15', 'Stard9', 'Kif2a', 'Kif4', 'KIF2C', 'Kifc1']"
PPAPPPPPPP,8,0.000279,"['Wt1', 'Lmtk3', 'Dtx1', 'Was', 'Rcor2', 'BC024978', 'Wipf3', 'Btbd1']"
PPPPLPPPPP,8,0.000279,"['Naf1', 'Shtn1', 'Gm9889', 'Prr11', 'Prima1', 'Setbp1', 'Vcpip1', 'Pdcd7']"
HTKEQILELL,8,0.000279,"['Zkscan7', 'Znf496', 'Znf18', 'Zfp174', 'Zscan25', 'Zkscan5', 'Zkscan16', 'Zscan21']"
QQQQQQQQPP,8,0.000279,"['Clock', 'Nono', 'Cdx2', 'Ier5l', 'Pou6f2', 'Ep400', 'Satb1', 'Kat6a']"
SSSSSSSSSE,8,0.000279,"['Zcchc10', 'Chd9', 'Nolc1', 'Cir1', 'Setd1a', 'Arhgap33', 'Pcif1', 'Mdm2']"
SSSSSSSSSD,8,0.000279,"['Zcchc10', 'Jmjd6', 'Hdgfl2', 'Prr13', 'Dusp8', 'Phlpp2', 'Tmem40', 'Brd2']"
QQQQQQQQQA,8,0.000279,"['Kmt2d', 'Tbp', 'Rpa1', 'Zfhx3', 'Aak1', 'Med15', 'St6galnac5', 'Numbl']"
THTGEKPYTC,8,0.000279,"['Znf689', 'Znf329', 'Zfp13', 'Znf697', 'Znf8', 'Zscan25', 'Snai3', 'Zfp429']"
HTGEKPYKCT,8,0.000279,"['Klf12', 'Znf319', 'Zfp449', 'Q6R5P4', 'Klf5', 'Znf18', 'Zfp69', 'Zscan2']"
HLRTHTGEKP,8,0.000279,"['Klf11', 'Znf672', 'Znf250', 'Klf5', 'Klf2', 'Zbtb48', 'Zfp217', 'Zbtb24']"
CEGCKGFFRR,8,0.000279,"['Rara', 'Thrb', 'Rorb', 'Nr1i3', 'Ppard', 'Nr1h4', 'Nr1d2', 'Nr1h2']"
NLVDLAGSER,8,0.000279,"['Kif9', 'Cenpe', 'Kif14', 'Kif15', 'Kif17', 'Stard9', 'Kifc3', 'Kifc1']"
RTHTGEKPYE,8,0.000279,"['Zfp663', 'Zbtb7a', 'Znf629', 'Znf182', 'Zfp125', 'Zfp819', 'Gm14296', 'Zkscan3']"
HRDLAARNIL,8,0.000279,"['Tek', 'Q8VHX3', 'Epha3', 'Ret', 'Kit', 'Jak3', 'Matk', 'Kdr']"
IHTGEKPYQC,8,0.000279,"['Znf445', 'Znf354c', 'Zbtb39', 'Zkscan3', 'Zfp174', 'Zfp637', 'Zscan21', 'Znf667']"
EEEEDDEEEE,8,0.000279,"['Ubtf', 'Hmgb2', 'Rtl1', 'Bcl11a', 'Ripply1', 'Q8BGH1', 'Kat6b', 'Usp34']"
EEEKEEEEEE,8,0.000279,"['Las1l', 'Ube2u', 'Ppargc1b', 'Catip', 'Rpgrip1', 'Ccdc180', 'Wdr66', 'Hrc']"
ATAAAAAAAA,8,0.000279,"['Incenp', 'Rbfox2', 'Rbm47', 'Clcn2', 'Ascl1', 'Kdm6a', 'Skida1', 'Sox3']"
GGGGGGGGAG,8,0.000279,"['Pou3f3', 'Gm10174', 'Arid1b', 'Gdf7', 'Hoxc13', 'Shox2', 'Lrch2', 'Nkx2-1']"
MEEEEEEEEE,8,0.000279,"['Trap1a', 'Las1l', 'Pcgf6', 'Cacna1f', 'Snapc5', 'Kat6a', 'Rbm19', 'Pknox2']"
HRIHTGEKPY,8,0.000279,"['Zfp317', 'Zfp40', 'Zkscan3', 'Gzf1', 'Zfp90', 'Zfp141', 'Znf112', 'Zscan21']"
TTTTTTTTTT,8,0.000279,"['1700045I11Rik', 'Nup62', 'Akp3', 'Nup188', 'Kdm6b', 'Znf598', 'Gm14243', 'Cadm1']"
IHTGEKPYTC,8,0.000279,"['Zfp28', 'Zfp719', 'Zfp263', 'Zfp13', 'Znf787', 'Zfp101', 'Znf473', 'Zkscan16']"
EKEEEEEEEE,8,0.000279,"['Mycl', 'Catip', 'Isy1', 'Ccdc180', 'Rpgrip1', 'Pdcd11', 'Wdr66', 'Hrc']"
GTPYWMAPEV,8,0.000279,"['Map4k1', 'Nrk', 'Map4k4', 'Slk', 'Map3k19', 'Pak5', 'Taok1', 'Pak3']"
AAAAAAAATA,8,0.000279,"['Otud7a', 'Taf4', 'Tbl1x', 'Vax1', 'Arx', 'Zfr', 'Vps37d', 'Gpr88']"
PPPPPPPPGP,8,0.000279,"['Socs7', 'Wasf2', 'Zc3h4', 'Cap2', 'Esrp2', 'Wasl', 'Mpig6b', 'Wipf2']"
EEEEEEEEDG,8,0.000279,"['Spryd3', 'Adnp', 'Pus7', 'Ryden', 'Stk3', 'Cdca7', 'Ipo9', 'Mapk8ip2']"
PPLPPPPPPP,8,0.000279,"['Naf1', 'March11', 'Setd1b', 'Prima1', 'Prr11', 'Vcpip1', 'Whamm', 'Setbp1']"
RRIHTGEKPY,8,0.000279,"['Zfp663', 'Zfp275', 'Znf329', 'Znf8', 'Zbtb39', 'Znf787', 'Klf8', 'Repin1']"
SPSSSSSSSS,8,0.000279,"['Cir1', 'Sertad4', 'Hdgfl2', 'Chd8', 'Camta2', 'Edc4', 'A130051J06Rik', 'Nufip2']"
WQNSIRHNLS,8,0.000279,"['Foxj1', 'Foxk1', 'Foxd4', 'Foxd3', 'Foxl2', 'Foxi1', 'Foxg1', 'Foxc1']"
CSAGVGRTGT,8,0.000279,"['Ptprv', 'Ptprg', 'Ptpre', 'Ptprc', 'Ptprb', 'Ptpro', 'Ptprj', 'Ptprh']"
AAAAAAAAGG,8,0.000279,"['Sox21', 'Arid1b', 'Camkv', 'Pum2', 'Nrg3', 'Phox2b', 'Mnx1', 'Skor1']"
THTGEKPYEC,8,0.000279,"['Zfp663', 'Zbtb7a', 'Znf629', 'Znf182', 'Zfp125', 'Zfp819', 'Gm14296', 'Zkscan3']"
EEEDDEEEEE,8,0.000279,"['Hmgb2', 'Ubtf', 'Bcl11a', 'Nap1l5', 'Ripply1', 'Q8BGH1', 'Kat6b', 'Mapk8ip2']"
GILADEMGLG,8,0.000279,"['Hells', 'Gm13034', 'Gm42715', 'Ino80', 'Smarcad1', 'Smarca1', 'Smarca2', 'Shprh']"
HLRTHTGERP,8,0.000279,"['Zfp358', 'Znf526', 'Znf182', 'Zfp324', 'Zfp263', 'Znf574', 'Znf467', 'Klf16']"
EQQQQQQQQQ,8,0.000279,"['Kmt2c', 'Nfat5', 'Phlpp1', 'Prdm8', 'Med12', 'Slc43a3', 'Foxp2', 'Lemd3']"
VWSFGVLLWE,8,0.000279,"['Mst1r', 'Ret', 'Fgfr3', 'Map3k10', 'Met', 'Tie1', 'Matk', 'Kdr']"
EPEPEPEPEP,8,0.000279,"['Ryr1', 'Usp27x', 'Slc16a2', 'G3bp1', 'Ccdc155', 'Gabre', 'Plagl1', 'Nol3']"
LLLLLLLLLP,8,0.000279,"['Acp4', 'Mmp11', 'Plod3', 'Crb2', 'Flt3lg', 'Il15ra', 'A2m', 'Prss50']"
GDSGGPLVCE,8,0.000279,"['Tmprss9', 'Prss44', 'Cfi', 'Corin', 'Tmprss13', 'Prss36', 'Hgfac', 'Klk9']"
QNSIRHNLSL,8,0.000279,"['Foxj1', 'Foxk1', 'Foxd4', 'Foxd3', 'Foxl2', 'Foxi1', 'Foxg1', 'Foxc1']"
RVQVWFQNRR,8,0.000279,"['Esx1', 'Alx1', 'Drgx', 'Uncx', 'Phox2a', 'Shox2', 'Otp', 'Prrx2']"
TQVKIWFQNR,8,0.000279,"['Hmx3', 'Hoxd1', 'Nkx1-2', 'Nkx3-1', 'Nkx2-3', 'Msx1', 'Mnx1', 'Dlx3']"
EDEEDEEEEE,8,0.000279,"['Chic1', 'Rtn4', 'Q8BT18', 'Hmgb1', 'Eif3d', 'Slc24a1', 'Arx', '4933416C03Rik']"
EEEEEEEDED,8,0.000279,"['Phactr1', 'Prdm10', 'Rad21', 'Hmgb1', 'Pelp1', 'Gpatch8', 'Brd2', 'Npm2']"
PEPEPEPEPE,8,0.000279,"['Ryr1', 'Usp27x', 'Slc16a2', 'G3bp1', 'Ccdc155', 'Gabre', 'Plagl1', 'Nol3']"
RIHTGEKPYT,7,0.000245,"['Zfp28', 'Zfp719', 'Zfp263', 'Znf787', 'Zfp101', 'Znf473', 'Zkscan16']"
PQPQPQPQPQ,7,0.000245,"['Loxl1', 'Alg13', 'Trerf1', 'Ptpn23', 'Exd2', 'Phlpp1', 'Phlda1']"
EQILELLVLE,7,0.000245,"['Zfp287', 'Zscan18', 'Zfp449', 'Znf496', 'Zfp213', 'Zscan12', 'Zfp202']"
GGGGGAGGGG,7,0.000245,"['Pou3f3', 'Onecut3', 'Six3', 'Twist1', 'Shox2', 'Zic2', 'Hoxd11']"
GGGGGGGSSS,7,0.000245,"['Gspt1', 'Twist1', 'Arid1a', 'Cckar', 'Dusp8', 'Ankhd1', 'Foxc1']"
EAAAAAAAAA,7,0.000245,"['Zdbf2', 'Sirt1', 'Runx2', 'Fbrs', 'Q91ZN2', 'Th', 'Clasrp']"
PPPPPPPPPR,7,0.000245,"['Sox30', 'Srrm1', 'Rb1', 'Prima1', 'A130057D12Rik', 'Q4VA45', 'Prr18']"
PPPPLLLLLL,7,0.000245,"['Ryk', 'Metrnl', 'Cpd', 'Q71UK0', 'Fam174b', 'Igdcc3', 'Rgmb']"
SSSSSSSSSG,7,0.000245,"['E2f4', 'Tnrc18', 'Nap1l3', 'Camta2', 'Srrm2', 'Sall2', 'Mex3b']"
SSSSSSSSST,7,0.000245,"['Chd8', 'Tnrc18', 'Tmem200c', 'Mllt3', 'Prg4', 'Pnn', 'Olig1']"
HVRTHTGEKP,7,0.000245,"['Klf10', 'Zfp266', 'Egr4', 'Zfp619', 'Zbtb49', 'Snai1', 'Znf76']"
PPPPPLPPPP,7,0.000245,"['Smn1', 'Shtn1', 'Zfp341', 'Enah', 'Prr11', 'Setbp1', 'Vcpip1']"
VHRDLAARNV,7,0.000245,"['Pdgfrb', 'Erbb4', 'Csk', 'Syk', 'Srms', 'Jak1', 'Flt3']"
PPPPPPPPAP,7,0.000245,"['Washc1', 'Bag6', 'Kmt2e', 'Enah', 'Hcn2', 'Dab2ip', 'Btbd1']"
HTGEKPYKCN,7,0.000245,"['Zfp663', 'Zfp978', 'Zscan12', 'Bcl11a', 'Znf431', 'mszf33', 'Zfp773']"
EEKEEEEEEE,7,0.000245,"['Chga', 'Catip', 'Ccdc180', 'Rpgrip1', 'Pdcd11', 'Wdr66', 'Hrc']"
KSDVWSFGVL,7,0.000245,"['Itk', 'Ptk6', 'Syk', 'Mst1r', 'Met', 'Tie1', 'Matk']"
KRPMNAFMVW,7,0.000245,"['Sox21', 'Sox30', 'Sox15', 'Sox9', 'Sry', 'Sox4', 'Sox5']"
RTHTGEKPYA,7,0.000245,"['Znf672', 'Zfp324', 'Zfp873', 'Zfp90', 'Klf1', 'Znf394', 'Ctcf']"
RTHTGEKPYT,7,0.000245,"['Znf689', 'Znf329', 'Zfp13', 'Znf697', 'Znf8', 'Zscan25', 'Snai3']"
GGGGGGGGGP,7,0.000245,"['Ythdc2', 'Arih1', 'Onecut2', 'Gsk3a', 'Unc80', 'Purb', 'Fbxl17']"
GAGGGGGGGG,7,0.000245,"['Pou3f3', 'Twist1', 'Arid1b', 'Wdr26', 'Shox2', 'Sox1', 'Col17a1']"
ESEEEEEEEE,7,0.000245,"['Daxx', 'Fnbp4', 'Nolc1', 'Zbtb4', 'Cdk11b', 'Blm', 'Ggt6']"
AAAAAAAAAF,7,0.000245,"['Arx', 'Bhlhe41', 'Foxd1', 'Rbm24', 'Kdm6a', 'Zic3', 'Zxdb']"
AAAAAAAAAL,7,0.000245,"['Cnnm1', 'Gsx2', 'Bhlhe22', 'Foxd3', 'Evx2', 'Sp5', 'Zic2']"
TKEQILELLV,7,0.000245,"['Znf496', 'Zkscan5', 'Zfp174', 'Zscan25', 'Zkscan16', 'Zscan21', 'Zfp202']"
QQPPPPPPPP,7,0.000245,"['Socs7', 'Sik2', 'Fbxo11', 'Setd1a', 'Brd4', 'Kat6a', 'Trim66']"
IEEEEEEEEE,7,0.000245,"['Znf326', 'Ncbp3', 'Acin1', 'Ep400', 'Ccdc180', 'Aebp1', 'Ube2u']"
GGGGGSSGGG,7,0.000245,"['Znf746', 'Raly', 'Hoxb3', 'Kcnma1', 'Zswim6', 'Zic2', 'Med14']"
RTHTGERPYK,7,0.000245,"['Znf628', 'Znf322', 'Zfp263', 'Rest', 'Znf768', 'Mynn', 'Znf287']"
HMRTHTGEKP,7,0.000245,"['Znf536', 'Zbtb7b', 'E430018J23Rik', 'Znf711', 'Znf786', 'Zfp69', 'Znf12']"
PPPLPPPPPP,7,0.000245,"['Naf1', 'Ahdc1', 'Setd1b', 'Prima1', 'Prr11', 'Vcpip1', 'Setbp1']"
WDTAGQERFR,7,0.000245,"['Rab9a', 'Rab27a', 'Rab4b', 'Rab26', 'Rab6a', 'Rasef', 'Rab33a']"
YDRYVAICHP,7,0.000245,"['Q8VER0', 'Olfr898', 'Olfr455', 'Olfr148', 'Olfr682-ps1', 'Olfr288', 'Q9EPZ1']"
SHTGEKPYKC,7,0.000245,"['Znf629', 'Bcl11a', 'Zfp619', 'Zfp105', 'Zfp236', 'Ikzf5', 'Zscan25']"
RRTHTGEKPY,7,0.000245,"['Klf12', 'Zfp13', 'Znf48', 'Zscan25', 'Zscan2', 'Zscan21', 'Znf652']"
THTGEKPYAC,7,0.000245,"['Znf672', 'Zfp324', 'Zfp873', 'Zfp90', 'Klf1', 'Znf394', 'Ctcf']"
AAAAAAAASA,7,0.000245,"['Ccnl1', 'Sp9', 'Arid3b', 'Esr1', 'Znrf2', 'Shisa6', 'Btbd7']"
EEEGEEEEEE,7,0.000245,"['Skida1', 'Rtl1', 'Ak7', 'Polr1a', 'Upf2', 'Kif7', 'Usp34']"
HIRSHTGERP,7,0.000245,"['Ctcfl', 'Zbtb8b', 'Prdm5', 'Zfp831', 'Hivep1', 'Hivep2', 'Hivep3']"
RDLAARNVLV,7,0.000245,"['Erbb4', 'Epha8', 'Frk', 'Jak1', 'Tie1', 'Fgfr2', 'Flt3']"
EEEEEEDDEE,7,0.000245,"['Hmgb2', 'Rtl1', 'Ripply1', 'Aebp2', 'Kat6b', 'Usp34', 'Phf23']"
NGILADEMGL,7,0.000245,"['Hells', 'Gm13034', 'Gm42715', 'Ino80', 'Smarcad1', 'Smarca1', 'Smarca2']"
RAAAAAAAAA,7,0.000245,"['Sp9', 'Tcof1', 'Cypt3', 'Pprc1', 'Hoxd13', 'Slc12a2', 'Phox2b']"
THTGEKPFQC,7,0.000245,"['Zfp764', 'Zfp26', 'Zfp263', 'Prdm5', 'Zic2', 'Znf786', 'Zbtb48']"
AAAAAAAAVA,7,0.000245,"['Tcof1', 'Arx', 'Mllt6', 'En1', 'Th', 'Zmiz1', 'Alkbh5']"
RSHTGEKPYK,7,0.000245,"['Znf629', 'Bcl11a', 'Zfp619', 'Zfp105', 'Zfp236', 'Ikzf5', 'Zscan25']"
VVHCSAGVGR,7,0.000245,"['Ptprq', 'Ptprz1', 'Ptprf', 'Ptpre', 'Ptprc', 'Ptprb', 'Ptpn14']"
ERIHTGEKPY,7,0.000245,"['Zfp799', 'Znf382', 'Znf319', 'Znf235', 'Gm12845', 'Znf473', 'Znf667']"
LAAAAAAAAA,7,0.000245,"['Midn', 'Prdm12', 'Tmem200c', 'Sowaha', 'Zic5', 'Gata4', 'Irx1']"
PPLLLLLLLL,7,0.000245,"['Pcsk9', 'Metrnl', 'Cpd', 'Lrcol1', 'Ramp2', 'Igdcc3', 'A2m']"
EEEEEEEEGG,7,0.000245,"['Nop9', 'Prickle2', 'Skida1', 'Ppargc1b', 'Sec63', 'Cdca8', 'Taok2']"
RYVAICHPLR,7,0.000245,"['Q8VER0', 'Olfr543', 'Olfr829', 'Olfr455', 'Olfr148', 'Or51e2', 'Olfr682-ps1']"
EEEEEEKEEE,7,0.000245,"['Las1l', 'Wdr66', 'Skap1', 'Ppargc1b', 'Pdcd11', 'Ube2u', 'Ccer2']"
RDLKPENILL,7,0.000245,"['Rps6ka1', 'Sgk1', 'Grk5', 'Q8C0X8', 'Pdpk1', 'Prkx', 'Phkg1']"
PGPPGPQGPP,7,0.000245,"['Eda', 'Col18a1', 'Colq', 'Erfe', 'Col16a1', 'Col20a1', 'Col17a1']"
GSAAAAAAAA,7,0.000245,"['Vax1', 'Znf703', 'Id4', 'Gsx2', 'Zic2', 'Foxb2', 'Pbx2']"
GGGGGGGGGD,7,0.000245,"['Pou3f2', 'Alg9', 'Hoxb3', 'Gldc', 'Braf', 'Fbll1', 'Elfn2']"
EEEEEEEEAE,7,0.000245,"['Plagl1', 'Cers3', 'Zfhx3', 'Blm', 'Setd1b', 'Plcd3', 'Irx6']"
SSSSSSSSGS,7,0.000245,"['Nap1l3', 'Rnps1', 'A0A1D9BZF0', 'Tnrc18', 'Srrm2', 'Brdt', 'Sox4']"
QLWDTAGQER,7,0.000245,"['Rab27a', 'Rab34', 'Rab39a', 'Rab33b', 'Rab6a', 'Rab44', 'Rasef']"
THTGERPYKC,7,0.000245,"['Znf628', 'Znf322', 'Zfp263', 'Rest', 'Znf768', 'Mynn', 'Znf287']"
SSAAAAAAAA,7,0.000245,"['Sp8', 'Suz12', 'Ralgps2', 'Bhlhe22', 'Fbxl17', 'Nlk', 'Prdm8']"
LLLLLLLLLG,7,0.000245,"['Pla2g10', 'AI507597', 'Metrnl', 'Ramp2', 'Ngfr', 'Tnfrsf25', 'Gas1']"
KEQILELLVL,7,0.000245,"['Zfp287', 'Zscan18', 'Zfp449', 'Znf496', 'Zfp213', 'Zscan12', 'Zfp202']"
SKEQILELLV,6,0.00021,"['Zfp287', 'Zfp449', 'Zscan18', 'Zfp213', 'Zscan12', 'Zscan30']"
HHQQQQQQQQ,6,0.00021,"['Bhlha15', 'Nono', 'Bmp2k', 'Fam155a', 'Cxxc1', 'Sry']"
PPGPPGPPGS,6,0.00021,"['Col15a1', 'Gldn', 'Col4a4', 'Col12a1', 'C1qtnf12', 'Col17a1']"
DSEEEEEEEE,6,0.00021,"['Esf1', 'Abcf1', 'Vsig10', 'Znf428', 'Phf23', 'Cdca7']"
PPPAPPPPPP,6,0.00021,"['Wt1', 'Lmtk3', 'Wasf2', 'Bod1l', 'BC024978', 'March9']"
EEEEEEEEGL,6,0.00021,"['Neurod2', 'Arid3a', 'Ncoa7', 'Anp32e', 'Scaf1', 'Tspoap1']"
SSSSSSSSPS,6,0.00021,"['Gm16491', 'Srrm2', 'Spred3', 'Ranbp10', 'Rnf126', 'Nkx6-1']"
SSASSSSSSS,6,0.00021,"['Kmt2a', 'Chd9', 'Erf', 'A230006K03Rik', 'Nr1d1', 'Tcf20']"
EGCKGFFRRS,6,0.00021,"['Rara', 'Vdr', 'Rorb', 'Nr1h4', 'Nr1d2', 'Nr1h2']"
QRIHTGERPY,6,0.00021,"['Zfp398', 'Znf329', 'Zfp69', 'Zfp397', 'Znf775', 'Znf467']"
SLSLSLSLSL,6,0.00021,"['Q8CBJ2', 'Q3T9P7', 'Gm10521', 'Pakap', 'Q3V0T3', 'Gm10974']"
QPQPQPQPQP,6,0.00021,"['Loxl1', 'Alg13', 'Ptpn23', 'Exd2', 'Phlpp1', 'Phlda1']"
LYRDVMLENY,6,0.00021,"['Zfp616', 'Znf382', 'Znf728', 'Znf426', 'Zfp68', 'Zfp735']"
VYKVETIGDA,6,0.00021,"['Npr1', 'Gucy2c', 'Gucy2f', 'Gucy2g', 'Gucy1a1', 'Gucy1b2']"
PPGTGKTLLA,6,0.00021,"['Pex1', 'Pex6', 'Yme1l1', 'Afg3l1', 'Katna1', 'Psmc6']"
DLKPENILLD,6,0.00021,"['Rps6ka1', 'Sgk1', 'Grk5', 'Q8C0X8', 'Prkx', 'Phkg1']"
QGPPGPPGPP,6,0.00021,"['Gldn', 'Col18a1', 'C1qtnf3', 'Colq', 'Col13a1', 'Col17a1']"
GPPGTGKTLL,6,0.00021,"['Pex1', 'Pex6', 'Yme1l1', 'Afg3l1', 'Katna1', 'Psmc6']"
EQEEEEEEEE,6,0.00021,"['Ppm1f', 'Ak9', 'Acrbp', 'Kcnn1', 'Fbxw7', 'Zfp777']"
SSSSSSSDSD,6,0.00021,"['Zcchc10', 'Jmjd6', 'Hdgfl2', 'Aff3', 'Rtf1', 'Ppig']"
VMAYDRYVAI,6,0.00021,"['Olfr683', 'Olfr25', 'Q8K539', 'Olfr521', 'Olfr148', 'Q9EPZ1']"
PPPPPPPPPE,6,0.00021,"['Apbb1ip', 'Znf526', 'Prdm6', 'Kank4', 'Brdt', 'Iqsec2']"
SSSSSSSSSC,6,0.00021,"['Naf1', 'Chd9', 'Tshz3', 'Pprc1', 'Dach1', 'Fam193b']"
PPPPPPPGPP,6,0.00021,"['Wasf2', 'Zc3h4', 'Cap2', 'Wasl', 'Wipf3', 'Wipf2']"
GGGGAGGGGG,6,0.00021,"['Pou3f3', 'Twist1', 'Six3', 'Shox2', 'Zic2', 'Hoxd11']"
HRDLKPENIL,6,0.00021,"['Rps6ka4', 'Mknk2', 'Q8C0X8', 'Cdk4', 'Pdpk1', 'Phkg1']"
RLVITPLTDR,6,0.00021,"['Dnah2', 'Dnah3', 'Dnah17', 'Dnah10', 'Dnah5', 'Dnah6']"
QQQQQQQQQV,6,0.00021,"['Nfat5', 'Foxp1', 'Bhlha15', 'Kmt2d', 'Tcf20', 'Klhl8']"
GEKPYECKEC,6,0.00021,"['Zfp663', 'Gm12258', 'Zfp266', 'Znf329', 'Znf568', 'Zfp59']"
DDDDDDDDDE,6,0.00021,"['Daxx', 'Nrdc', 'Piezo1', 'Hax1', 'Rnf34', 'Hrc']"
KPYKCKECGK,6,0.00021,"['Gm10509', 'Zscan21', 'Znf568', 'Zfp141', 'Zkscan16', 'Zfp790']"
DEMGLGKTIQ,6,0.00021,"['Chd1', 'Zranb3', 'Gm42715', 'Chd8', 'Smarcad1', 'Smarca2']"
HKRTHTGEKP,6,0.00021,"['Gm10139', 'Znf8', 'Prdm5', 'Zic4', 'Znf431', 'Ctcf']"
EEEEEKEEEE,6,0.00021,"['Las1l', 'Wdr66', 'Skap1', 'Ppargc1b', 'Ube2u', 'Ccer2']"
HKRIHTGEKP,6,0.00021,"['Zfp955a', 'Zbtb16', 'Zfp125', 'Zfp1', 'Zkscan4', 'Zfp62']"
ADEMGLGKTI,6,0.00021,"['Chd1', 'Zranb3', 'Gm42715', 'Chd8', 'Smarcad1', 'Smarca2']"
SSSSSSSASS,6,0.00021,"['Kmt2a', 'Nfe2l1', 'Arl6ip4', 'She', 'Klhl1', 'A230006K03Rik']"
DEEEEDEEEE,6,0.00021,"['Chic1', 'Rtl1', 'Znf697', 'Anp32a', 'Cwc22', 'Myt1']"
DDDDDDDDED,6,0.00021,"['Daxx', 'Nrdc', 'Casz1', 'Piezo1', 'Rnf34', 'Hrc']"
SSRSHAIFTI,6,0.00021,"['Kif16b', 'Kif27', 'Stard9', 'Kif21a', 'Kif4', 'Kif3a']"
LQLWDTAGQE,6,0.00021,"['Rab27a', 'Rab34', 'Rab6a', 'Rab44', 'Rab42', 'Rasef']"
ITMNPGYAGR,6,0.00021,"['Dnah2', 'Dnah3', 'Dnah17', 'Dnah10', 'Dync1h1', 'Dnah6']"
YGPPGTGKTL,6,0.00021,"['Pex1', 'Katnal2', 'Atad2', 'Vcp', 'Atad3', 'Psmc6']"
GPPGPPGPQG,6,0.00021,"['Eda', 'Col25a1', 'Col18a1', 'Erfe', 'Col12a1', 'Col17a1']"
PGPPPPPPPP,6,0.00021,"['Cdk12', 'Hcn2', 'Hoxb4', 'Pelp1', 'Astn2', 'Myrf']"
RQVKIWFQNR,6,0.00021,"['Hoxd8', 'Hoxd9', 'Cdx1', 'Hoxa11', 'Hoxa10', 'Hoxa4']"
DVYKVETIGD,6,0.00021,"['Npr1', 'Gucy2c', 'Gucy2f', 'Gucy2g', 'Gucy1a1', 'Gucy1b2']"
GLPGPPGPPG,6,0.00021,"['Col15a1', 'Scara3', 'C1qtnf7', 'Erfe', 'Col28a1', 'Col1a1']"
AAAAAAAAAE,6,0.00021,"['Pou3f1', 'Ralgps2', 'Hoxd11', 'Tbx2', 'Zic2', 'Alkbh5']"
AAAAAAAAAK,6,0.00021,"['Hmx3', 'Eln', 'Cypt3', 'Lhx2', 'Rpl14', 'Phox2b']"
AAAAAAAAAQ,6,0.00021,"['Taf4', 'Ascl1', 'Fev', 'Lcorl', 'Irx3', 'Pprc1']"
DACKGDSGGP,6,0.00021,"['Klkb1', 'Cfi', 'F7', 'Tmprss7', 'Prss27', 'Tmprss11f']"
KPYKCNECGK,6,0.00021,"['Zfp663', 'Zkscan16', 'Znf182', 'Zfp626', 'Gm28360', 'Zfp386']"
FIHRDLAARN,6,0.00021,"['Tnk2', 'Tek', 'Bmx', 'Abl2', 'Ros1', 'Tyro3']"
GPIVVHCSAG,6,0.00021,"['Ptprt', 'Ptprs', 'Ptpre', 'Ptprc', 'Ptpn1', 'Ptpn7']"
QRQQQQQQQQ,6,0.00021,"['Maml3', 'Prrc2b', 'Cpeb3', 'Tbp', 'Ppp1r18', 'Gigyf1']"
QRTHTGERPY,6,0.00021,"['Znf628', 'Zfp810', 'Znf316', 'Znf322', 'Zfp853', 'Znf768']"
DTAGQERFRS,6,0.00021,"['Rab9a', 'Rab27a', 'Rab4b', 'Rab26', 'Rab6a', 'Rasef']"
AAPPPPPPPP,6,0.00021,"['Washc1', 'Wasf2', 'Enah', 'Foxl2', 'Ppp3cb', 'Ubr4']"
EEEEEEDEDE,6,0.00021,"['Prdm10', 'Hmgb1', 'Tdrd6', 'Pelp1', 'Brd2', 'Npm2']"
LWDTAGQERF,6,0.00021,"['Rab27a', 'Rab34', 'Rab39a', 'Rab33b', 'Rab6a', 'Rasef']"
RTHTGEKPFQ,6,0.00021,"['Zfp263', 'Zfp26', 'Prdm5', 'Zic2', 'Znf786', 'Zbtb48']"
QQQQQQQPQP,6,0.00021,"['Nr3c1', 'Paxip1', 'A8CT10', 'Cherp', 'Magi1', 'Tcf20']"
YRDSKLTRLL,6,0.00021,"['Kif4', 'Kif22', 'Kif17', 'Kif18b', 'Kif21a', 'Kif19']"
EIATYRRLLE,6,0.00021,"['Krt88', 'Krt23', 'Krt85', 'Krt222', 'Q61782', 'Krt18']"
THQRIHTGEK,6,0.00021,"['Zfp28', 'Znf691', 'Zfp853', 'Zfp27', 'Znf32', 'Zscan20']"
HTGEKPYACS,6,0.00021,"['Znf672', 'Zfp324', 'Zfp27', 'Znf787', 'Klf1', 'Ctcf']"
AAAAAAAASG,6,0.00021,"['Tmem64', 'Fbxo41', 'Evx2', 'Sox3', 'Pbx2', 'Clasrp']"
HTGEKPYECN,6,0.00021,"['Zbtb7a', 'Zbtb16', 'Gm10139', 'Zfp275', 'Znf182', 'Zkscan1']"
AYDRYVAICH,6,0.00021,"['Olfr898', 'Olfr455', 'Olfr148', 'Olfr682-ps1', 'Olfr288', 'Q9EPZ1']"
PPPQQQQQQQ,6,0.00021,"['Celf3', 'Paxip1', 'Scaf4', 'Glg1', 'Ep400', 'Alg13']"
ETQVKIWFQN,6,0.00021,"['Hmx3', 'Nkx3-1', 'Nkx1-2', 'Hoxa1', 'Msx1', 'Mnx1']"
TRAGGLGINL,6,0.00021,"['Chd1', 'Hells', 'Chd5', 'Chd8', 'Ino80', 'Smarca1']"
IHRDLAARNC,6,0.00021,"['Itk', 'Fer', 'Abl2', 'Ros1', 'Tyro3', 'Ryk']"
LLYGPPGTGK,6,0.00021,"['Pex1', 'Rfc5', 'Katnal2', 'Vcp', 'Psmc6', 'Spata5']"
LSLSLSLSLS,6,0.00021,"['Q3T9P7', 'Gm10521', 'Pakap', 'Q3V0T3', 'Q8C962', 'Gm10217']"
RRIHTGERPY,6,0.00021,"['Znf316', 'Zik1', 'Zfp940', 'Znf574', 'Repin1', 'Zfp777']"
LTEARVQVWF,6,0.00021,"['Alx3', 'Arx', 'Drgx', 'Prrx1', 'Pax3', 'Phox2a']"
HTGEKPYKCG,6,0.00021,"['Znf322', 'Znf112', 'Znf48', 'Zfp773', 'Zscan20', 'Zim1']"
PPPLLLLLLL,6,0.00021,"['Metrnl', 'Cpd', 'Pi16', 'Igdcc3', 'Rgmb', 'A2m']"
ELLVLEQFLS,6,0.00021,"['Znf445', 'Zfp444', 'Zfp287', 'Zkscan7', 'Zscan10', 'Zscan20']"
EREREREREK,6,0.00021,"['Gm11027', 'Zc3h13', 'Rbm25', 'Atn1', 'Rnf20', 'Ncor1']"
KDACQGDSGG,6,0.00021,"['Prss42', 'Prss52', 'Klk12', 'Tmprss6', 'Prss8', 'Tmprss11e']"
QQQQQLQQQQ,6,0.00021,"['Ciz1', 'Akap2', 'Maml1', 'Kmt2d', 'Bmp2k', 'Thap11']"
GPRGPPGPPG,6,0.00021,"['Col18a1', 'Col26a1', 'Q61022', 'Col1a1', 'Col12a1', 'Col17a1']"
FITMNPGYAG,6,0.00021,"['Dnah2', 'Dnah3', 'Dnah17', 'Dnah10', 'Dync1h1', 'Dnah6']"
EEEEEEEEEI,6,0.00021,"['Mycl', 'Catip', 'Ggt6', 'Isy1', 'Ccdc180', 'Hrc']"
QQQPPPPPPP,6,0.00021,"['Socs7', 'Fbxo11', 'Sf1', 'Ranbp9', 'Brd4', 'Trim66']"
AAAAAAAAVV,6,0.00021,"['Msi1', 'Maz', 'Q9CU37', 'Puf60', 'Stam', 'Tle1']"
PPPPAPPPPP,6,0.00021,"['Gm42715', 'Bod1l', 'Usp51', 'BC024978', 'Wipf1', 'March9']"
FQNRRAKWRK,6,0.00021,"['Nobox', 'Arx', 'Drgx', 'Uncx', 'Alx3', 'Vsx2']"
LNLVDLAGSE,6,0.00021,"['Cenpe', 'Kif15', 'Kif17', 'Kif11', 'Kifc3', 'Kifc1']"
LEAFGNAKTV,6,0.00021,"['Myh14', 'Myh4', 'Myo1e', 'Myo1b', 'Myo6', 'Myo15a']"
TGEKPYECKE,6,0.00021,"['Zfp663', 'Gm12258', 'Znf426', 'Zfp941', 'Zfp68', 'Zfp59']"
YKVETIGDAY,6,0.00021,"['Npr1', 'Gucy2c', 'Gucy2f', 'Gucy2g', 'Gucy1a1', 'Gucy1b2']"
QVKVWFQNRR,6,0.00021,"['Vax1', 'Hlx', 'Emx1', 'Hoxa2', 'Nkx6-3', 'Meox2']"
LYGPPGTGKT,6,0.00021,"['Pex1', 'Rfc5', 'Katnal2', 'Vcp', 'Psmc6', 'Spata5']"
EEEEGEEEEE,6,0.00021,"['Sbno2', 'Skida1', 'Trim26', 'Rtl1', 'Upf2', 'Kiaa1211']"
HHHHHHHHHQ,6,0.00021,"['Pou4f1', 'Onecut2', 'Otx1', 'Dlgap3', 'Nr4a3', 'Meox2']"
EEDDEEEEEE,6,0.00021,"['Ubtf', 'Bcl11a', 'Nap1l5', 'Q8BGH1', 'Kat6b', 'Mapk8ip2']"
IRTHTGEKPF,6,0.00021,"['Gm5141', 'Mtf1', 'Egr3', 'Znf426', 'Prdm6', 'Snai2']"
EEEEDEEEED,6,0.00021,"['Chic1', 'Rtl1', 'Bbx', 'Kif21a', 'Fam193a', 'Myt1']"
EGEEEEEDEE,6,0.00021,"['Ryr1', 'Trim26', 'Setd1a', 'Zmynd15', 'Prm3', 'Myt1']"
QRIHTGEKPH,6,0.00021,"['Znf697', 'Zkscan1', 'Zfp251', 'Znf568', 'Zscan10', 'Zfp605']"
RSSSSSSSSS,6,0.00021,"['Hspb7', 'Ecscr', 'Chd9', 'Srrm2', 'Pnn', 'A230006K03Rik']"
SDSSSSSSSS,6,0.00021,"['Naf1', 'Zcchc10', 'Jmjd6', 'Cep89', '2200002D01Rik', 'Brd2']"
AAAAAAAVAA,6,0.00021,"['Tcof1', 'Mllt6', 'En1', 'Chd5', 'Zmiz1', 'Alkbh5']"
GGGGGGSSSS,6,0.00021,"['Gspt1', 'Arid1a', 'Cckar', 'Dusp8', 'Ankhd1', 'Zfc3h1']"
KRIHTGEKPY,6,0.00021,"['Zfp955a', 'Zbtb16', 'Zfp125', 'Zfp1', 'Zkscan4', 'Zfp62']"
HVRIHTGEKP,6,0.00021,"['Znf143', 'Zbtb17', 'Zfp560', 'Zfp69', 'Zfp236', 'Bcl6b']"
HRRIHTGERP,6,0.00021,"['Znf316', 'Zik1', 'Zfp940', 'Znf574', 'Repin1', 'Zfp777']"
EDEEEEDEEE,6,0.00021,"['Chic1', 'Rtl1', 'Znf697', 'Anp32a', 'Cwc22', 'Myt1']"
MDYWGQGTSV,6,0.00021,"['P01783', 'Ighj4', 'U5JE47', 'Igkv5-39', 'Q9DCD9', 'HC']"
GPAGTGKTET,6,0.00021,"['Dnah2', 'Dnah3', 'Dnah17', 'Dnah10', 'Dnah5', 'Dnah6']"
DSSSSSSSSS,6,0.00021,"['Naf1', 'E2f4', 'Jmjd6', 'Q8C1R3', 'Zcchc10', 'Brd2']"
VHTGEKPYEC,6,0.00021,"['Zfp788', 'Znf250', 'Zfy1', 'Zfp59', 'Zscan20', '2810021J22Rik']"
QQQQQQPQQQ,5,0.000175,"['Scaf4', 'Tob1', 'Mef2a', 'Klhl14', 'Tbc1d5']"
EEDEEEEDEE,5,0.000175,"['Chic1', 'Rtl1', 'Fam193a', 'Znf697', 'Myt1']"
IHTGEKPYHC,5,0.000175,"['Zfp142', 'Bcl6b', 'Znf689', 'Zfp879', 'Zscan25']"
SSSSSSASSS,5,0.000175,"['A230006K03Rik', 'Nfe2l1', 'Arl6ip4', 'She', 'Klhl1']"
HTGERPYSCP,5,0.000175,"['Zscan10', 'Zbtb49', 'Znf574', 'Zfp212', 'Zbtb7b']"
EEEEEEEDDD,5,0.000175,"['Homez', 'Acin1', 'Nrdc', 'Dmtn', 'Csrnp3']"
GGGGGGGAGG,5,0.000175,"['Twist1', 'Arid1b', 'Hoxc13', 'Shox2', 'Pou3f3']"
ACKGDSGGPL,5,0.000175,"['Tmprss7', 'Prss27', 'Tmprss11f', 'Klkb1', 'Cfi']"
RIHTGEKPYA,5,0.000175,"['Znf787', 'Znf473', 'Znf329', 'Zfp853', 'Znf667']"
KIHTGEKPYK,5,0.000175,"['Q6R5P4', 'Q8BLR6', 'Znf18', 'Znf569', 'Znf568']"
IHTGERPYAC,5,0.000175,"['Zfp358', 'Znf775', 'Zfp334', 'Mzf1', 'Repin1']"
PAGTGKTETT,5,0.000175,"['Dnah10', 'Dnah3', 'Dnah17', 'Dnah6', 'Dnah5']"
IHTGEKPFKC,5,0.000175,"['Zfp41', 'Znf235', 'Zfp773', 'Zkscan5', 'Zfp941']"
AAAAAAAALG,5,0.000175,"['Gsx2', 'Cnnm1', 'Pcdh8', 'Zic2', 'Evx2']"
LTETQVKIWF,5,0.000175,"['Msx1', 'Hmx3', 'Nkx1-2', 'Mnx1', 'Nkx3-1']"
IWFQNRRMKW,5,0.000175,"['Hoxd8', 'Hoxa5', 'Dbx1', 'Mnx1', 'Pdx1']"
PAAPPPPPPP,5,0.000175,"['Lmod1', 'Foxl2', 'Enah', 'Rnf19b', 'Inhbb']"
DLEEEEEEEE,5,0.000175,"['Fgd1', 'Neurod1', 'Hdac5', 'Irx6', 'Cspg5']"
KAFSTCGSHL,5,0.000175,"['Olfr843', 'Olfr1011', 'Olfr139', 'Q812G2', 'Olfr744']"
THTGEKPFKC,5,0.000175,"['Znf536', 'Znf322', 'Prdm6', 'Znf12', 'Zic1']"
RVMAAQVALR,5,0.000175,"['Dmrt1', 'Dmrt2', 'Dmrt3', 'Dmrtc2', 'Dmrta1']"
GGGGGGGGPG,5,0.000175,"['Onecut2', 'Purb', 'Gsk3a', 'Arih1', 'Pou4f1']"
GAWGCFDEFN,5,0.000175,"['Dnah2', 'Dnah10', 'Dnah17', 'Dync2h1', 'Dync1h1']"
GRGGGGGGGG,5,0.000175,"['U2af1', 'Srsf1', 'Hnrnpa0', 'AI837181', 'Fbll1']"
RIHTGEKPFK,5,0.000175,"['Zfp41', 'Znf235', 'Zfp773', 'Zkscan5', 'Zfp941']"
EEEEKEEEEE,5,0.000175,"['Ccdc180', 'Catip', 'Ube2u', 'Las1l', 'Ppargc1b']"
THTGEKPYVC,5,0.000175,"['Znf426', 'Zkscan16', 'Zfp799', 'Zscan21', 'Prdm9']"
GRHYWEVEVG,5,0.000175,"['Trim68', 'Btn1a1', 'Trim27', 'Trim41', 'Triml1']"
ISGESGAGKT,5,0.000175,"['Myo3a', 'Myo1e', 'Myo1h', 'Myo10', 'Myo7b']"
GDSGGPLVCN,5,0.000175,"['Elane', 'Klk11', 'Prss41', 'Gzmf', 'Prss29']"
SDEEEEEEEE,5,0.000175,"['Csrnp3', 'Pelp1', 'Ibsp', 'Bod1l', 'Zfp91']"
FYAPWCGHCK,5,0.000175,"['Pdia6', 'P4hb', 'Pdia3', 'Tmx3', 'Txndc5']"
HAAAAAAAAA,5,0.000175,"['Fev', 'Pou3f3', 'Znf804a', 'Zic3', 'Tbl1xr1']"
KICDFGLARD,5,0.000175,"['Q8VHX3', 'Pdgfrb', 'Flt3', 'Kdr', 'Kit']"
QQQQPPPPPP,5,0.000175,"['Brd4', 'Socs7', 'Sf1', 'Satb1', 'Hoxa10']"
SSSSSSSSSL,5,0.000175,"['E0CYV9', 'Mbtps2', 'Edc4', 'Npas1', 'Ing3']"
YKCKECGKAF,5,0.000175,"['Zim1', 'Zfp334', 'Zscan21', 'Zfp69', 'Zfp11']"
RDLAARNILV,5,0.000175,"['Epha6', 'Tek', 'Matk', 'Ret', 'Jak3']"
NAAAAAAAAA,5,0.000175,"['Lrrc63', 'Ptbp2', 'Tbl1x', 'Nkx2-4', 'Esr1']"
QPPPQQQQQQ,5,0.000175,"['Scaf4', 'Glg1', 'Alg13', 'Ep400', 'Paxip1']"
IKKAYRKLAL,5,0.000175,"['Dnajb13', 'Dnajb11', 'Dnajb8', 'Dnajc5g', 'Dnaja4']"
EREREKERER,5,0.000175,"['Gse1', 'Prrc2c', 'Zc3h13', 'Atn1', 'Ncor1']"
EDEEEEEEED,5,0.000175,"['Chic1', 'Slc24a1', 'Abcc9', 'Rsph4a', 'Pak3']"
PYKCKECGKA,5,0.000175,"['Zim1', 'Zfp334', 'Zscan21', 'Zfp69', 'Zfp11']"
DEDEEEEEEE,5,0.000175,"['Abcc9', 'Hivep3', 'Apbb1', 'Rsph4a', 'Bcl11b']"
QQQQQQQQQG,5,0.000175,"['Prrc2c', 'Amotl1', 'Bsn', 'Phc1', 'Kmt2d']"
QQQQQQQQQK,5,0.000175,"['Arid3b', 'Dennd4b', 'Gigyf2', 'Zfhx3', 'Gm4340']"
AMAYDRYVAI,5,0.000175,"['Olfr1180', 'Olfr829', 'Olfr455', 'Olfr187', 'Olfr560']"
AGTGKTETTK,5,0.000175,"['Dnah10', 'Dnah3', 'Dnah17', 'Dnah6', 'Dnah5']"
RLLLLLLLLL,5,0.000175,"['Tnfrsf22', 'Plod3', 'Pth2', 'Ngfr', 'Dcbld2']"
PPPPPPPPAL,5,0.000175,"['Fign', 'Gbx2', 'Zic5', 'Prr12', 'Scaf1']"
VKRPMNAFMV,5,0.000175,"['Sox21', 'Sox30', 'Sox9', 'Sox15', 'Sry']"
HTGEKPYKCD,5,0.000175,"['Zkscan16', 'Znf235', 'Zfp236', 'Zfp457', 'Znf22']"
HTGEKPYKCE,5,0.000175,"['Ikzf5', 'Znf728', 'Znf112', 'Zfp217', 'Znf287']"
HTGEKPYKCS,5,0.000175,"['Klf7', 'Zfp119b', 'Zfp978', 'Znf329', 'Zscan22']"
EKKKKKKKKK,5,0.000175,"['Q3UF44', 'Smarca4', 'Nop58', 'Knop1', 'Slu7']"
KPPYSYIALI,5,0.000175,"['Foxq1', 'Foxd4', 'Foxf1', 'Foxc1', 'Foxd3']"
YAMDYWGQGT,5,0.000175,"['P01783', 'Ighj4', 'U5JE47', 'Q9DCD9', 'HC']"
TPPPPPPPPP,5,0.000175,"['Zfhx4', 'Kank4', 'Jmy', 'Znf526', 'Esrp2']"
STIIMRYAFK,5,0.000175,"['C6EQJ4', 'B2X2E1', 'C6EQH2', '4930512M02Rik', 'C6EQJ0']"
PYRDSKLTRL,5,0.000175,"['Kif4', 'Kif17', 'Kif21a', 'Kif22', 'Kif18b']"
TIIMRYAFKS,5,0.000175,"['C6EQJ4', 'B2X2E1', 'C6EQH2', '4930512M02Rik', 'C6EQJ0']"
DYWGQGTSVT,5,0.000175,"['HC', 'Ighj4', 'U5JE47', 'Q9DCD9', 'P01819']"
RPYKCKECGK,5,0.000175,"['Zkscan8', 'Zfp334', 'Zim1', 'Zfp69', 'Zfp11']"
CIHRDLAARN,5,0.000175,"['Q8VHX3', 'Fgfr2', 'Fer', 'Kdr', 'Kit']"
WGQGTLVTVS,5,0.000175,"['Wgn-scFv', 'Igh', 'Ighj3', 'K7U6A8', 'P01802']"
REREKERERE,5,0.000175,"['Gse1', 'Prrc2c', 'Zc3h13', 'Atn1', 'Ncor1']"
GTGKTETTKD,5,0.000175,"['Dnah10', 'Dnah3', 'Dnah17', 'Dnah6', 'Dnah5']"
RTHTGEKPYV,5,0.000175,"['Znf426', 'Zkscan16', 'Zfp799', 'Zscan21', 'Prdm9']"
RTHTGEKPYR,5,0.000175,"['Klf6', 'Znf143', 'Znf329', 'Zfp663', 'Znf513']"
RTHTGEKPYQ,5,0.000175,"['Znf711', 'Zfp180', 'Zfp229', 'Znf382', 'Znf22']"
QQQQQQQPQQ,5,0.000175,"['Lin7a', 'Scaf4', 'Aak1', 'Smarca2', 'Tbc1d5']"
FVHRDLAARN,5,0.000175,"['Syk', 'Met', 'Insr', 'Mst1r', 'Csk']"
LRIHTGEKPY,5,0.000175,"['Zscan26', 'Znf536', 'Bcl6', 'Znf329', 'Znf473']"
EPPPPPPPPP,5,0.000175,"['Sox30', 'Tmem210', 'Rb1', 'Zfhx3', 'Fnbp4']"
AAAAAAAAAR,5,0.000175,"['Midn', 'Sox21', 'Id4', 'Gata4', 'Gm10216']"
GGGSGGGGGS,5,0.000175,"['Yeats2', 'Znf746', 'Ilf3', 'Zfhx3', 'Dach1']"
EEEDEEEEED,5,0.000175,"['Ccdc28b', 'Ythdc1', 'Esf1', 'Rsph6a', 'Sall2']"
AWGCFDEFNR,5,0.000175,"['Dnah2', 'Dnah10', 'Dnah17', 'Dync2h1', 'Dync1h1']"
THTGEKPYRC,5,0.000175,"['Klf6', 'Znf143', 'Znf329', 'Zfp663', 'Znf513']"
EAFGNAKTVR,5,0.000175,"['Myo1e', 'Myo1b', 'Myo15a', 'Myh4', 'Myo6']"
YVAICYPLRY,5,0.000175,"['Olfr324', 'Olfr657', 'Olfr545', 'Olfr658', 'Olfr385']"
SSRSRSRSRS,5,0.000175,"['Ccnl1', 'Srsf5', 'Pprc1', 'Cherp', 'Zranb2']"
TEARVQVWFQ,5,0.000175,"['Phox2a', 'Prrx1', 'Alx3', 'Drgx', 'Arx']"
EEEEEEDEED,5,0.000175,"['Aplp2', 'Huwe1', 'Q8BT18', 'Abcc9', 'Lmod3']"
EEDEEDEEEE,5,0.000175,"['Rtn4', 'Q8BT18', 'Hmgb1', 'Eif3d', 'Slc24a1']"
IHTGEKPYAC,5,0.000175,"['Znf787', 'Znf473', 'Znf329', 'Zfp853', 'Znf667']"
RYVAICYPLR,5,0.000175,"['Olfr324', 'Olfr657', 'Olfr545', 'Olfr658', 'Olfr385']"
HVRTHTGERP,5,0.000175,"['Mtf1', 'Zbtb11', 'Znf76', 'Rest', 'Mynn']"
IRSHTGERPY,5,0.000175,"['Prdm5', 'Zbtb8b', 'Hivep1', 'Hivep2', 'Hivep3']"
KHQRIHTGEK,5,0.000175,"['Zkscan1', 'Zfp72', 'Znf394', 'Zfp1', 'Zfp978']"
QRTHTGERPF,5,0.000175,"['Zfp956', 'Zfp777', 'Zfp599', 'AI854703', 'Klf14']"
HQRIHSGEKP,5,0.000175,"['Znf24', 'Zfp59', 'Zscan20', 'Zfp707', 'Zfp11']"
LVITPLTDRC,5,0.000175,"['Dnah2', 'Dnah3', 'Dnah17', 'Dnah6', 'Dnah5']"
TPYWMAPEVI,5,0.000175,"['Nrk', 'Pak5', 'Taok1', 'Map4k4', 'Map3k19']"
YWGQGTSVTV,5,0.000175,"['HC', 'Ighj4', 'U5JE47', 'Q9DCD9', 'P01819']"
EEEEEEEEAS,5,0.000175,"['G430095P16Rik', 'Slc52a2', 'Tonsl', 'Ina', 'Zfhx3']"
ARVQVWFQNR,5,0.000175,"['Phox2a', 'Alx1', 'Prrx2', 'Drgx', 'Shox2']"
HQRLHTGEKP,5,0.000175,"['Zfp61', 'Zfp14', 'Zfp773', 'Zscan21', 'Znf367']"
SGESGAGKTE,5,0.000175,"['Myo3a', 'Myo10', 'Myo1h', 'Myo6', 'Myo7b']"
LQQQQQQQQL,5,0.000175,"['Mink1', 'Paxip1', 'Tnrc6b', 'Gigyf2', 'Kmt2d']"
MRTHTGEKPF,5,0.000175,"['Znf536', 'Zbtb7b', 'Znf786', 'Zfp69', 'Zfp26']"
LRTHTGEKPY,5,0.000175,"['Znf250', 'Klf5', 'Zfp217', 'Klf2', 'Znf672']"
QQQQQQLQQQ,5,0.000175,"['Ciz1', 'Thap11', 'Bmp2k', 'Akap2', 'Kmt2d']"
HLRIHTGEKP,5,0.000175,"['Zscan26', 'Znf536', 'Bcl6', 'Znf329', 'Znf473']"
EKPYECKECG,5,0.000175,"['Zfp266', 'Zfp663', 'Zfp59', 'Znf329', 'Znf568']"
RHRRTHTGEK,5,0.000175,"['Znf652', 'Klf10', 'Sp4', 'Znf316', 'Znf322']"
AAQVALRRQQ,5,0.000175,"['Dmrt1', 'Dmrt2', 'Dmrt3', 'Dmrtc2', 'Dmrta1']"
MPRYCLFGDT,5,0.000175,"['Npr1', 'Gucy2c', 'Gucy1b2', 'Gucy2f', 'Gucy2g']"
KGDSGGPLVC,5,0.000175,"['Gzmd', 'Gzmm', 'Prss27', 'Klkb1', 'Cfi']"
PGPGPGPGPG,5,0.000175,"['Glis3', 'Bsn', 'Npas4', 'Smarca4', 'Rbm27']"
WIDLIFGYKQ,5,0.000175,"['Nbea', 'Wdfy4', 'Wdfy3', 'Nsmaf', 'Nbeal2']"
ICDFGLARDI,5,0.000175,"['Q8VHX3', 'Pdgfrb', 'Flt3', 'Kdr', 'Kit']"
CKGDSGGPLV,5,0.000175,"['Gzmm', 'Prss27', 'Tmprss11f', 'Klkb1', 'Cfi']"
PPPPGPPPPP,5,0.000175,"['Wipf2', 'Enah', 'Wasl', 'Cap1', 'Wasf3']"
PPPPPPPPLA,5,0.000175,"['Asxl3', 'Hs3st4', 'Skor2', 'Bend4', 'Scx']"
EEEEEEDDDD,5,0.000175,"['Homez', 'Pdia4', 'Acin1', 'Nrdc', 'Csrnp3']"
SQQQQQQQQQ,5,0.000175,"['Tsc22d1', 'Mamld1', 'Tcf20', 'Ncor2', 'Mkl2']"
THTGEKPYQC,5,0.000175,"['Znf711', 'Zfp180', 'Zfp229', 'Znf382', 'Znf22']"
GGGGPGGGGG,5,0.000175,"['Onecut3', 'Pou4f1', 'Lrrc4b', 'Rapgefl1', 'Hoxd11']"
HQKIHTGEKP,5,0.000175,"['Q6R5P4', 'Zfp40', 'Zfp790', 'Zkscan16', 'Znf382']"
KPYECKECGK,5,0.000175,"['Zfp266', 'Zfp663', 'Zfp59', 'Znf329', 'Znf568']"
IHRDLAARNV,5,0.000175,"['Frk', 'Tyk2', 'Tie1', 'Fgfr2', 'Epha8']"
SAPPPPPPPP,5,0.000175,"['Prr12', 'Tnks', 'Tmem121b', 'Rdx', 'Kmt2e']"
LQIWDTAGQE,5,0.000175,"['Rab9b', 'Rab36', 'Rab4a', 'Rab3b', 'Rab39b']"
RNDNSSRFGK,5,0.000175,"['Myo5b', 'Myo15a', 'Myo1h', 'Myh4', 'Myo7b']"
TCQGDSGGPL,5,0.000175,"['Klk8', 'Acr', 'Tmprss4', 'Prss36', 'Habp2']"
QQQLQQQQQQ,5,0.000175,"['Bmp2k', 'Ciz1', 'Soga3', 'Med15', 'Kmt2d']"
EEEEEEEAEE,5,0.000175,"['Setd1b', 'Irx6', 'Plagl1', 'Plcd3', 'Zfhx3']"
RSHTGERPYP,5,0.000175,"['Zbtb8b', 'Hivep2', 'Hivep1', 'Zbtb46', 'Hivep3']"
NLGNTCFMNS,5,0.000175,"['Usp30', 'Usp32', 'Usp11', 'Usp19', 'Usp2']"
EEAEEEEEEE,5,0.000175,"['Tprn', 'Znf326', 'Pde4c', 'Fbxo3', 'Zfhx3']"
VMAAQVALRR,5,0.000175,"['Dmrt1', 'Dmrt2', 'Dmrt3', 'Dmrtc2', 'Dmrta1']"
SASSSSSSSS,5,0.000175,"['Chd9', 'Nr1d1', 'Kmt2a', 'Erf', 'A230006K03Rik']"
AGGGGGGGGA,5,0.000175,"['Ltk', 'Bicra', 'Map3k1', 'Pou2f2', 'Col17a1']"
TAPPPPPPPP,5,0.000175,"['Phldb3', 'Bag6', 'Hnrnpul1', 'Kmt2e', 'Wasl']"
AHHHHHHHHH,5,0.000175,"['Mafa', 'Foxb2', 'Cbx4', 'Dlx2', 'Pou4f1']"
EEEEEEEESE,5,0.000175,"['Clstn1', 'Kat6a', 'Eif5b', 'Rfx1', 'Zeb2']"
WFQNRRMKWK,5,0.000175,"['Hoxd8', 'Hoxa5', 'Mnx1', 'Meox2', 'Pdx1']"
QQQQQQQQHQ,5,0.000175,"['Mamld1', 'Ar', 'Rbm33', 'Gigyf2', 'Glrp1']"
THTGEKPFRC,5,0.000175,"['Mtf1', 'Zfp69', 'Zic4', 'Zfp26', 'Znf316']"
LVHCSAGVGR,5,0.000175,"['Ptprg', 'Ptprv', 'Ptpn20', 'Ptpn21', 'Ptprj']"
QQQPPPPPQQ,5,0.000175,"['Arid1b', 'Slitrk5', 'Fbxo11', 'Ep400', 'Tanc2']"
MSSTIIMRYA,5,0.000175,"['C6EQJ4', 'B2X2E1', 'C6EQJ9', 'C6EQH2', 'C6EQJ0']"
SSTIIMRYAF,5,0.000175,"['C6EQJ4', 'B2X2E1', 'C6EQH2', '4930512M02Rik', 'C6EQJ0']"
SSSSSSSSTS,5,0.000175,"['Crtc2', 'Mllt3', 'Cbx2', 'Tmem200c', 'Pnn']"
IFAYGQTGSG,5,0.000175,"['Kifc1', 'Kif15', 'Kif6', 'Kif17', 'Kif13a']"
AGAAAAAAAA,5,0.000175,"['Tbx2', '6330403L08Rik', 'Alg13', 'Zfhx3', 'Znrf2']"
SSSRSRSRSR,5,0.000175,"['Srsf5', 'Pprc1', 'Cherp', 'Ccnl2', 'Zranb2']"
REREREREKE,5,0.000175,"['Zc3h13', 'Rbm25', 'Atn1', 'Rnf20', 'Ncor1']"
VDSCQGDSGG,5,0.000175,"['Plg', 'Tmprss9', 'Tmprss2', 'Prss12', 'St14']"
EKERERERER,5,0.000175,"['Zc3h13', 'Rbm25', 'Atn1', 'Rnf20', 'Ncor1']"
IVHRDLKPEN,5,0.000175,"['Q8C0X8', 'Camk2g', 'Cdk4', 'Camk1d', 'Phkg1']"
MAAQVALRRQ,5,0.000175,"['Dmrt1', 'Dmrt2', 'Dmrt3', 'Dmrtc2', 'Dmrta1']"
EEEEEEGEEE,5,0.000175,"['Skida1', '1700123L14Rik', 'Ngef', 'Alms1', 'Cenpb']"
QQQQQQQLQQ,5,0.000175,"['Supt20', 'Thap11', 'Bmp2k', 'Akap2', 'Kmt2d']"
PPPPPPPLPG,5,0.000175,"['Fmnl2', 'Htt', 'Inf2', 'Diaph1', 'Kdm6b']"
GSSGGGGGGG,5,0.000175,"['Lor', 'Hoxb3', 'Kcnma1', 'Foxc1', 'Kcnc4']"
YVAICHPLRY,5,0.000175,"['Q8VER0', 'Olfr656', 'Olfr829', 'Olfr148', 'Olfr455']"
DEEEEEEEDE,5,0.000175,"['Chic1', 'Huwe1', 'Abcc9', 'Rsph4a', 'Slc24a1']"
YECKECGKAF,5,0.000175,"['Znf426', 'Zfp790', 'Zfp59', 'Zfp941', 'Zfp68']"
DRYVAICKPL,5,0.000175,"['Olfr556', 'Olfr654', 'Olfr683', 'Olfr154', 'Q8VER1']"
SHTGERPYPC,5,0.000175,"['Zbtb8b', 'Hivep2', 'Hivep1', 'Zbtb46', 'Hivep3']"
AAAAAAAAGA,5,0.000175,"['Hoxa13', 'Pabpn1', 'Zxdb', 'Suz12', 'Slc12a2']"
RHQRIHTGER,5,0.000175,"['Zfp648', 'Zfp397', 'Znf329', 'Znf467', 'Zfp212']"
RHQRIHTGEK,5,0.000175,"['Zfp263', 'Zscan10', 'Zim1', 'Znf569', 'Znf568']"
SAGVGRTGTF,5,0.000175,"['Ptpro', 'Ptprv', 'Ptpre', 'Ptprb', 'Ptprj']"
MAFDRYVAIC,5,0.000175,"['Olfr1308', 'Olfr657', 'Olfr223', 'Q8VEQ9', 'Or51e2']"
RTHTGEKPFR,5,0.000175,"['Mtf1', 'Zfp69', 'Zic4', 'Zfp286', 'Znf316']"
RTHTGEKPFA,5,0.000175,"['Egr3', '2610008E11Rik', 'Sall1', 'Egr4', 'Zbtb7b']"
RTHTGEKPFK,5,0.000175,"['Znf536', 'Znf322', 'Prdm6', 'Znf12', 'Zic1']"
VITPLTDRCY,5,0.000175,"['Dnah2', 'Dnah3', 'Dnah17', 'Dnah6', 'Dnah5']"
AAAAAAASSP,5,0.000175,"['Gata6', 'Pitx3', 'Sox3', 'Fbxl17', 'Nkx6-1']"
GWQNSIRHNL,5,0.000175,"['Foxi1', 'Foxg1', 'Foxl2', 'Foxk1', 'Foxc1']"
IRTHTGEKPY,5,0.000175,"['Zfp648', 'Snai3', 'Zkscan16', 'Zbtb7a', 'Zfp26']"
LLPPPPPPPP,5,0.000175,"['Znf318', 'Carmil3', 'Rgl3', 'Apbb1ip', 'Sp5']"
THTGEKPFAC,5,0.000175,"['Egr3', '2610008E11Rik', 'Sall1', 'Egr4', 'Zbtb7b']"
AFGNAKTVRN,5,0.000175,"['Myo1e', 'Myo1b', 'Myo15a', 'Myh4', 'Myo6']"
QPQQQQQQQQ,5,0.000175,"['Tob1', 'Kat6a', 'Tcf20', 'Phf21a', 'Smarca2']"
HHHHHHHHHR,5,0.000175,"['Syngap1', 'Fam76b', 'Erc2', 'Sorbs2', 'Skida1']"
HHHHHHHHHP,5,0.000175,"['Cacna1a', 'Onecut1', 'Yy1', 'Foxg1', 'Hoxa1']"
LLLTGTPLQN,5,0.000175,"['Smarca4', 'Hells', 'Gm42715', 'Chd5', 'Smarca1']"
WGTVCDDGWD,5,0.000175,"['5430419D17Rik', 'Ssc5d', 'Fcrls', 'Cd5l', 'Scara5']"
LLQQQQQQQQ,5,0.000175,"['Foxp2', 'Ar', 'Paxip1', 'Tnrc6b', 'Med12l']"
AMDYWGQGTS,5,0.000175,"['P01783', 'Ighj4', 'U5JE47', 'Q9DCD9', 'HC']"
QQQQQQQQRQ,5,0.000175,"['Brd4', 'Mn1', 'Tnrc6b', 'Zfhx3', 'Fam155a']"
LPLLLLLLLL,5,0.000175,"['Tnfrsf25', 'Tmub1', 'Mmp11', 'Bmp1', 'Celsr2']"
RHNLSLNKCF,5,0.000175,"['Foxn4', 'Foxj1', 'Foxj2', 'Foxg1', 'Foxn3']"
KAFSTCSSHL,5,0.000175,"['Q9ERY0', 'Olfr521', 'Q8K514', 'Q9EPZ0', 'Olfr154']"
HTGERPYACP,5,0.000175,"['Znf668', 'Zfp358', 'Znf775', 'Mzf1', 'Repin1']"
HRRVHTGERP,5,0.000175,"['Zfp213', 'Repin1', 'Znf467', 'Zfp174', 'Znf551']"
GGSSGGGGGG,5,0.000175,"['Lor', 'Hoxb3', 'Fndc3b', 'Kcnma1', 'Mllt6']"
WGQGTSVTVS,5,0.000175,"['HC', 'Ighj4', 'U5JE47', 'Q9DCD9', 'P01819']"
STSSSSSSSS,5,0.000175,"['Bicra', 'Arl6ip4', 'Ube2e1', 'She', 'Foxf2']"
LPPPPPPPPL,5,0.000175,"['Fmnl1', 'Q3TQ54', 'Scx', 'Espn', 'Wasf1']"
RIHTGERPYA,5,0.000175,"['Zfp358', 'Znf775', 'Zfp334', 'Mzf1', 'Repin1']"
EEEDEEEDEE,5,0.000175,"['bM168F16.1', '4930567H17Rik', 'Irx3', 'Mapk8ip2', 'Ppp6r1']"
HIRVHTGEKP,5,0.000175,"['Zfp266', 'Zfp788', 'Zic4', 'Zbtb5', 'Zfy1']"
EARVQVWFQN,5,0.000175,"['Phox2a', 'Alx1', 'Prrx2', 'Drgx', 'Shox2']"
DTCQGDSGGP,5,0.000175,"['Klk8', 'Acr', 'Tmprss4', 'Prss36', 'Habp2']"
GGGGGGGGGT,5,0.000175,"['Ankrd17', 'Zfp384', 'Sox1', 'Dsp', 'Maf']"
HQIIHTGEKP,5,0.000175,"['Zfp949', 'Znf865', 'Zfp114', 'Zfp13', 'Zfp11']"
SSSSSGSSSS,5,0.000175,"['Brdt', 'Fnip2', 'Srrm2', 'Sox4', 'Pnn']"
WSFGVLLWEI,5,0.000175,"['Ltk', 'Kdr', 'Tie1', 'Fgfr3', 'Ret']"
TETQVKIWFQ,5,0.000175,"['Msx1', 'Hmx3', 'Nkx1-2', 'Mnx1', 'Nkx3-1']"
QQQQLQQQQQ,5,0.000175,"['Bmp2k', 'Mink1', 'Ciz1', 'Med15', 'Kmt2d']"
LHTGEKPYKC,5,0.000175,"['Gm10226', 'Q6R5P4', 'Zfp773', 'Zscan21', 'Znf354c']"
EDDDEEEEEE,5,0.000175,"['Myt1l', 'Supt6h', 'Ciz1', 'Ncl', 'Nt5c2']"
GKTLLAKAVA,5,0.000175,"['Spg7', 'Psmc1', 'Katna1', 'Nvl', 'Pex6']"
EQVSHHPPIS,5,0.000175,"['Osbpl10', 'Osbpl1a', 'Osbpl8', 'Osbpl9', 'Osbpl3']"
VRIHTGEKPY,5,0.000175,"['Zfp69', 'Bcl6b', 'Znf143', 'Zfp251', 'Zfp236']"
RYCLFGDTVN,5,0.000175,"['Npr1', 'Gucy2c', 'Gucy1b2', 'Gucy2f', 'Gucy2g']"
GGGGGGAGGG,5,0.000175,"['Twist1', 'Pou3f3', 'Shox2', 'Zic2', 'Hoxd11']"
STRAGGLGIN,5,0.000175,"['Chd1', 'Hells', 'Chd5', 'Ino80', 'Smarca1']"
LVDLAGSERA,5,0.000175,"['Kif16b', 'Cenpe', 'Stard9', 'Kif13b', 'Kif1c']"
AYGQTGSGKS,5,0.000175,"['Kif14', 'Kif16b', 'Kif17', 'Kif28p', 'Kif13a']"
QHQQQQQQQQ,5,0.000175,"['Pou3f2', 'Sec24b', 'Crebbp', 'Klhl8', 'Glrp1']"
PRYCLFGDTV,5,0.000175,"['Npr1', 'Gucy2c', 'Gucy1b2', 'Gucy2f', 'Gucy2g']"
HTGEKPFSCS,5,0.000175,"['Zfp213', 'Znf865', 'Klf10', 'Zbtb32', 'Snai1']"
KLSRALRYYY,5,0.000175,"['Elk3', 'Gabpa', 'Erg', 'Elf5', 'Erf']"
