k-mer,number of proteins,percentage,all,(Out of 21997 proteins in total)
SSSSSSSSSS,38,0.001728,"['chd1', 'LOC101154878', 'H2LWC7', 'egr2', 'sox11', 'H2LXB5', 'cbl', 'H2LWM9', 'H2LHT4', 'H2LGI4', 'H2M3F0', 'vit-6', 'H2LAY0', 'hoxB3a', 'H2M9R7', 'rsrc1', 'LOC101169236', 'LOC101157829', 'trim8', 'LOC101167482', 'kdm7a', 'H2N309', 'ZNF516', 'LOC101158122', 'RNPS1', 'rp9', 'H2MMX8', 'H2MIG5', 'H2MF81', 'H2M029', 'H2LU33', 'jmjd6', 'H2LRI5', 'RING3', 'asxl1', 'LOC101168832', 'nr4a3', 'H2LEV0']"
QVKIWFQNRR,22,0.001,"['hoxc9', 'H2L7B3', 'Nkx2.5', 'LOC101174186', 'hmx3a', 'Q90XN6', 'dlx5', 'Gsh-1', 'GBX1', 'H2LCS1', 'H2LLY5', 'MSX1', 'LOC101170103', 'hox8b', 'LOC101167461', 'hoxd12', 'hoxd10', 'hoxd11', 'hoxa1', 'LOC101160836', 'mnx1', 'hoxa9']"
EEEEEEEEEE,16,0.000727,"['H2LG55', 'riok1', 'LOC101166083', 'znf330', 'H2MA11', 'H2M480', 'rangap1', 'H2MUK5', 'LOC101169191', 'H2LF24', 'NOP14', 'brms1', 'H2MXT8', 'USP34', 'CLSTN2', 'PAK3']"
PPPPPPPPPP,14,0.000636,"['H2LZ91', 'H2LI66', 'H2LKR8', 'wash1', 'H2LUA1', 'H2LBK2', 'H2MIT8', 'H2LH83', 'prima1', 'H2LMI8', 'LOC101169980', 'mtfr2', 'H2MGJ9', 'INF2']"
HRDLAARNVL,14,0.000636,"['H2MHT2', 'H2LXU8', 'ephb6', 'H2LQD3', 'CSK', 'PDGFRB', 'H2MDC6', 'H2MUQ2', 'egfr', 'ret', 'H2LEN5', 'tyk2', 'tie1', 'fgfr1']"
TSSSSSSSSS,14,0.000636,"['H2LAY0', 'nr4a3', 'H2M029', 'vit-6', 'sox11', 'ism1', 'RING3', 'LOC101157829', 'hoxB3a', 'H2MIG5', 'LOC101169236', 'H2LU33', 'H2LL44', 'cwc15']"
KIWFQNRRMK,13,0.000591,"['hoxc9', 'mnx1', 'hoxd12', 'hoxb6', 'hoxc4', 'hoxd10', 'hoxd11', 'H2LCS1', 'hoxa1', 'pdx1', 'hoxd3a', 'hoxc5a', 'hoxa9']"
QVWFQNRRAK,13,0.000591,"['lhx3', 'arx', 'LOC101175569', 'phox2b', 'prrx1', 'drgx', 'H2LIZ0', 'vsx2', 'otp', 'rx2', 'H2L7F5', 'H2LT09', 'LOC101168948']"
GPPGPPGPPG,13,0.000591,"['SFTPD', 'col2a1b', 'H2MCG5', 'COL14A1', 'fubp1', 'H2LCJ5', 'H2MHG7', 'eda', 'H2LL10', 'LOC101161009', 'H2LPK7', 'H2LQV0', 'COL17A1']"
PPGPPGPPGP,12,0.000546,"['SFTPD', 'eda', 'H2MCG5', 'col2a1b', 'H2LCJ5', 'H2MHG7', 'H2LL10', 'cpsf6', 'H2LJP0', 'H2LQV0', 'H2LPK7', 'COL17A1']"
TQVKIWFQNR,12,0.000546,"['hoxa1', 'Nkx2.5', 'H2L7B3', 'hoxb1b', 'Q90XN6', 'H2LLY5', 'dlx5', 'LOC101160836', 'MSX1', 'hmx3a', 'mnx1', 'LOC101167461']"
VQVWFQNRRA,11,0.0005,"['lhx3', 'arx', 'drgx', 'prrx1', 'H2LIZ0', 'LOC101175569', 'otp', 'phox2a', 'rx2', 'H2LT09', 'LOC101168948']"
SCQGDSGGPL,11,0.0005,"['H2MLX2', 'H2L3H1', 'H2LSI1', 'EP-2', 'H2LAM5', 'tmprss6', 'plg', 'LOC101161242', 'H2MD32', 'H2M045', 'H2MK36']"
RDLAARNVLV,11,0.0005,"['ephb6', 'H2LQD3', 'CSK', 'H2MUQ2', 'egfr', 'ret', 'H2LEN5', 'H2MBY8', 'tyk2', 'tie1', 'fgfr1']"
FAYGQTGSGK,11,0.0005,"['H2LZU6', 'H2LRJ0', 'H2MTZ6', 'H2MNQ5', 'kif15', 'H2M6M2', 'LOC101170528', 'H2M986', 'H2LXE4', 'H2MW05', 'KNSL2']"
RVQVWFQNRR,10,0.000455,"['H2LIZ0', 'arx', 'drgx', 'prrx1', 'LOC101175569', 'otp', 'phox2a', 'rx2', 'H2LT09', 'LOC101168948']"
CQGDSGGPLV,10,0.000455,"['H2L3H1', 'H2LSI1', 'H2LAM5', 'LOC101163727', 'tmprss6', 'plg', 'LOC101161242', 'H2LKA1', 'H2M045', 'H2MK36']"
LADEMGLGKT,10,0.000455,"['H2LJE4', 'chd5', 'H2M9G6', 'H2LWR3', 'H2N2U5', 'ino80', 'H2MAS8', 'H2L5X1', 'H2LYH4', 'H2LDS6']"
RSRSRSRSRS,10,0.000455,"['srsf5', 'rsrp1', 'srsf7', 'H2MFB1', 'H2LWR8', 'H2M5P4', 'H2M8Z8', 'H2LE82', 'H2L364', 'H2LQ53']"
QGDSGGPLVC,10,0.000455,"['H2LSI1', 'H2L4Z8', 'H2LAM5', 'H2M045', 'H2LXT2', 'plg', 'LOC101161242', 'H2LKA1', 'tmprss6', 'LOC101164221']"
VKIWFQNRRM,10,0.000455,"['hoxc9', 'LOC101174186', 'hox8b', 'hoxd12', 'hoxd10', 'hoxd11', 'H2LCS1', 'hoxa1', 'mnx1', 'hoxa9']"
ETQVKIWFQN,10,0.000455,"['hoxa1', 'H2L7B3', 'hoxb1b', 'Q90XN6', 'H2LLY5', 'LOC101160836', 'MSX1', 'hmx3a', 'mnx1', 'LOC101167461']"
APPPPPPPPP,10,0.000455,"['H2LZ91', 'H2LUA1', 'PRR12', 'H2LKR8', 'Per1', 'H2LMI8', 'mtfr2', 'H2MWN6', 'INF2', 'ubr4']"
ILADEMGLGK,10,0.000455,"['H2LJE4', 'chd5', 'H2M9G6', 'H2LWR3', 'H2N2U5', 'ino80', 'H2MAS8', 'H2L5X1', 'H2LYH4', 'H2LDS6']"
DSCQGDSGGP,10,0.000455,"['H2MLX2', 'H2LSI1', 'EP-2', 'H2LAM5', 'tmprss6', 'plg', 'H2LQ82', 'LOC101161921', 'H2MD31', 'H2MK36']"
AYGQTGSGKT,9,0.000409,"['H2LZU6', 'H2MTZ6', 'LOC101165832', 'kif15', 'H2M6M2', 'LOC101170528', 'H2LXE4', 'H2MW05', 'KNSL2']"
LVGLDDPTPN,9,0.000409,"['GPR151', 'H2LKT7', 'por', 'LOC101175227', 'H2MNS4', 'H2M2X5', 'H2LLC9', 'H2MXL3', 'H2N093']"
VHRDLAARNV,9,0.000409,"['H2MHT2', 'ephb6', 'H2LQD3', 'CSK', 'PDGFRB', 'egfr', 'ret', 'H2LEN5', 'tyk2']"
SRSRSRSRSR,9,0.000409,"['srsf5', 'srsf7', 'H2MFB1', 'H2LWR8', 'H2M5P4', 'LOC101167482', 'H2LQ53', 'H2L364', 'H2M8Z8']"
EEEEEEEEED,9,0.000409,"['H2M480', 'c14h17orf85', 'H2LBK2', 'klhdc4', 'H2MXT8', 'USP34', 'H2MSP1', 'CLSTN2', 'PAK3']"
NSIRHNLSLN,9,0.000409,"['H2M7X2', 'BF-2', 'H2M4S2', 'H2L5V0', 'H2LII4', 'C1K2Z6', 'Foxl2', 'foxc1', 'C1K2Z8']"
QVKVWFQNRR,9,0.000409,"['LOC100301597', 'vax2', 'C0IR46', 'HOX2A', 'emx2', 'H2M9B1', 'LOC101167727', 'meox1', 'nkx6-1']"
ASSSSSSSSS,9,0.000409,"['LOC101154878', 'kdm1a', 'LOC101158122', 'H2LWC7', 'coq9', 'kdm7a', 'H2LFT0', 'H2LRI5', 'H2LRU3']"
PGPPGPPGPP,9,0.000409,"['eda', 'H2MCG5', 'col2a1b', 'H2LCJ5', 'H2MHG7', 'H2LL10', 'H2LPK7', 'COL17A1', 'H2LQV0']"
CLVGLDDPTP,9,0.000409,"['GPR151', 'H2LKT7', 'por', 'LOC101175227', 'H2MNS4', 'H2M2X5', 'H2LLC9', 'H2MXL3', 'H2N093']"
HIRTHTGEKP,8,0.000364,"['LOC101164744', 'H2L442', 'MTF1', 'H2MDK8', 'egr1', 'H2LCZ1', 'PRDM6', 'snai2']"
DEMGLGKTIQ,8,0.000364,"['H2LJE4', 'H2L5X1', 'H2M9G6', 'H2LWR3', 'H2N2U5', 'H2MAS8', 'H2LS61', 'H2LDS6']"
ADEMGLGKTI,8,0.000364,"['H2LJE4', 'H2L5X1', 'H2M9G6', 'H2LWR3', 'H2N2U5', 'H2MAS8', 'H2LS61', 'H2LDS6']"
AAAAAAAAAA,8,0.000364,"['H2L4L8', 'sox21', 'H2LFW7', 'H2LHA1', 'H2LQ45', 'foxo1', 'H2MG13', 'H2M849']"
HRDLKPENLL,8,0.000364,"['LOC101170017', 'camk2a', 'H2M7P9', 'H2MQZ2', 'H2LKY2', 'mapkapk5', 'pskh1', 'LOC101166594']"
HMRTHTGEKP,8,0.000364,"['H2L7E4', 'prdm5', 'H2N2P5', 'H2ML27', 'H2LMI9', 'H2LP61', 'H2L7F4', 'LOC101166663']"
HLRIHTGEKP,8,0.000364,"['H2L7E4', 'H2MNW3', 'H2LBZ0', 'LOC101156271', 'H2LQL5', 'H2LZB0', 'H2L837', 'H2MPX1']"
HCLVGLDDPT,8,0.000364,"['GPR151', 'H2LKT7', 'por', 'LOC101175227', 'H2MNS4', 'H2M2X5', 'H2LLC9', 'H2N093']"
RTHTGEKPFS,8,0.000364,"['H2L7E4', 'H2LRS3', 'egr3', 'H2N2P5', 'LOC101169519', 'LOC101171127', 'H2MR64', 'snai2']"
THTGEKPFSC,8,0.000364,"['H2L7E4', 'H2LRS3', 'egr3', 'H2N2P5', 'LOC101169519', 'LOC101171127', 'H2MR64', 'snai2']"
VHCSAGVGRT,8,0.000364,"['PTPRS', 'H2LRE4', 'PTPN14', 'PTPRG', 'ptprc', 'PTPRB', 'H2M0K9', 'ptpe']"
GPPGPPGLPG,8,0.000364,"['H2MCG5', 'H2MUC8', 'col4a1', 'LOC101161009', 'H2LM52', 'COL24A1', 'H2MDV9', 'COL17A1']"
IRTHTGEKPF,8,0.000364,"['LOC101164744', 'H2L442', 'MTF1', 'H2MDK8', 'egr1', 'H2LCZ1', 'PRDM6', 'snai2']"
HCSAGVGRTG,8,0.000364,"['PTPRS', 'H2LRE4', 'PTPN14', 'PTPRG', 'ptprc', 'PTPRB', 'H2M0K9', 'ptpe']"
VWFQNRRAKW,8,0.000364,"['H2LIZ0', 'arx', 'drgx', 'vsx2', 'otp', 'rx2', 'H2M6C0', 'LOC101168948']"
DEEEEEEEEE,8,0.000364,"['H2LG55', 'LOC101166083', 'H2M480', 'LOC101169191', 'H2MXT8', 'USP34', 'H2MSP1', 'PAK3']"
LTETQVKIWF,7,0.000318,"['hmx3a', 'Q90XN6', 'H2LLY5', 'LOC101160836', 'MSX1', 'mnx1', 'LOC101167461']"
VYKVETIGDA,7,0.000318,"['OlGC7', 'H2MYT6', 'LOC101172201', 'OlGC8', 'olgc9', 'P79997', 'P87343']"
SSSSSSSSSA,7,0.000318,"['kdm1a', 'egr2', 'H2LRI5', 'asxl1', 'LOC101169236', 'H2LU33', 'ZNF516']"
WFQNRRMKWK,7,0.000318,"['mnx1', 'hoxb6', 'hoxc4', 'pdx1', 'hoxc5a', 'meox1', 'hoxa9']"
YKVETIGDAY,7,0.000318,"['OlGC7', 'H2MYT6', 'LOC101172201', 'OlGC8', 'olgc9', 'P79997', 'P87343']"
SSSSSSSSSD,7,0.000318,"['jmjd6', 'H2M449', 'RING3', 'ppig', 'H2M029', 'H2LGI4', 'H2LRU3']"
NLVDLAGSER,7,0.000318,"['H2LRJ0', 'H2MR26', 'kif15', 'H2M6M2', 'H2MU34', 'kif3b', 'H2MW05']"
DVYKVETIGD,7,0.000318,"['OlGC7', 'H2MYT6', 'LOC101172201', 'OlGC8', 'olgc9', 'P79997', 'P87343']"
RSSSSSSSSS,7,0.000318,"['RNPS1', 'rsrc1', 'LOC101167482', 'pnn', 'ppig', 'LOC101168832', 'vit-6']"
EDDEEEEEEE,7,0.000318,"['H2N0Q5', 'H2MW58', 'H2L4R0', 'H2M480', 'H2LNI3', 'npm1', 'H2MSP1']"
IWFQNRRMKW,7,0.000318,"['mnx1', 'hoxb6', 'hoxc4', 'H2LCS1', 'pdx1', 'hoxc5a', 'hoxa9']"
GTPYWMAPEV,7,0.000318,"['H2LZP8', 'SLK', 'map4k3', 'H2MV79', 'H2MRJ1', 'LOC101169249', 'taok1']"
HRRTHTGEKP,7,0.000318,"['H2MVX9', 'KLF12', 'H2MAS1', 'H2M060', 'LOC101156271', 'H2L3C7', 'H2M2B5']"
TRAGGLGINL,7,0.000318,"['H2LJE4', 'H2L5X1', 'H2M9G6', 'H2LWR3', 'ino80', 'chd5', 'H2LDS6']"
RNDNSSRFGK,7,0.000318,"['mmyhemb1', 'myh6', 'H2L980', 'H2M1D8', 'myo1b', 'myo5c', 'H2LZJ6']"
CEGCKGFFRR,7,0.000318,"['LOC101173939', 'rarg', 'thra', 'vdralpha', 'nr1h4', 'LOC101164545', 'H2LHU7']"
YGQTGSGKTY,7,0.000318,"['H2LZU6', 'KIF27', 'LOC101165832', 'H2M6M2', 'KNSL2', 'H2L5P5', 'H2MW05']"
WQNSIRHNLS,7,0.000318,"['BF-2', 'H2M4S2', 'H2L5V0', 'C1K2Z6', 'Foxl2', 'foxc1', 'C1K2Z8']"
THTGEKPFAC,7,0.000318,"['egr1', 'LOC101163567', 'sall1', 'H2L8K0', 'H2LVE4', 'CTCF', 'H2L3B4']"
TETQVKIWFQ,7,0.000318,"['hmx3a', 'Q90XN6', 'H2LLY5', 'LOC101160836', 'MSX1', 'mnx1', 'LOC101167461']"
SSSSTSSSSS,7,0.000318,"['LOC101171539', 'hoxB3a', 'H2LA50', 'H2M816', 'otx1', 'H2LP30', 'trim71']"
STSSSSSSSS,7,0.000318,"['H2LAY0', 'hoxB3a', 'H2M029', 'sox11', 'RING3', 'PRR12', 'H2LU33']"
SDVWSFGVLL,7,0.000318,"['SRC', 'ret', 'map3k10', 'met', 'flt4', 'tie1', 'fgfr1']"
QNSIRHNLSL,7,0.000318,"['BF-2', 'H2M4S2', 'H2L5V0', 'C1K2Z6', 'Foxl2', 'foxc1', 'C1K2Z8']"
WFQNRRAKWR,7,0.000318,"['H2LIZ0', 'arx', 'drgx', 'vsx2', 'rx2', 'H2M6C0', 'LOC101168948']"
SDSSSSSSSS,7,0.000318,"['jmjd6', 'H2M449', 'rp9', 'RING3', 'H2M8X8', 'H2LT17', 'H2L688']"
RIHTGEKPYS,6,0.000273,"['LOC101170266', 'H2LRS3', 'H2MIY4', 'H2L6S1', 'LOC101156271', 'H2LQL5']"
DVWSFGVLMW,6,0.000273,"['H2MHT2', 'ephb6', 'itk', 'vegfr', 'mst1r', 'H2MFY9']"
KSDVWSFGVL,6,0.000273,"['H2MHT2', 'itk', 'SRC', 'mst1r', 'met', 'tie1']"
WDTAGQERFR,6,0.000273,"['H2N0G5', 'rab30', 'rab6b', 'H2LK49', 'LOC101174406', 'LOC101168571']"
DVWSFGVLLW,6,0.000273,"['ret', 'map3k10', 'met', 'flt4', 'tie1', 'fgfr1']"
VETIGDAYMV,6,0.000273,"['H2MYT6', 'LOC101172201', 'OlGC8', 'olgc9', 'OlGC7', 'P87343']"
KVWFQNRRMK,6,0.000273,"['evx1.5', 'C0IR46', 'HOX2A', 'evx2', 'H2M9B1', 'meox1']"
IFPPLSTFVM,6,0.000273,"['H2MEI0', 'H2MSM4', 'GRIK3', 'H2N155', 'PCLO', 'H2LS61']"
SDVWSFGVLM,6,0.000273,"['H2MHT2', 'ephb6', 'itk', 'vegfr', 'mst1r', 'H2MFY9']"
ISGESGAGKT,6,0.000273,"['myo3a', 'myo1h', 'H2L980', 'myo1e', 'H2LLF2', 'myo10']"
GDSGGPLVCQ,6,0.000273,"['H2LSI1', 'LOC101170410', 'H2LAM5', 'tmprss6', 'H2LKA1', 'H2MK36']"
SSSTSSSSSS,6,0.000273,"['hoxB3a', 'LOC101160975', 'H2LA50', 'otx1', 'H2LP30', 'H2MKR7']"
SSSSSSSSSL,6,0.000273,"['hoxB3a', 'trim8', 'H2N309', 'H2LVX8', 'H2LHT4', 'H2M7E2']"
SSSSSSSSSR,6,0.000273,"['LOC101158122', 'vit-6', 'LOC101157829', 'H2MMX8', 'H2MIG5', 'H2LEV0']"
EDEEEEEEEE,6,0.000273,"['H2LG55', 'H2MI97', 'mfap1', 'H2MXT8', 'USP34', 'PAK3']"
QQQQQQQQQQ,6,0.000273,"['tfeb', 'tbp', 'H2MG30', 'H2MMB3', 'H2MFQ6', 'cwc15']"
VWSFGVLMWE,6,0.000273,"['H2MHT2', 'ephb6', 'itk', 'vegfr', 'mst1r', 'H2MFY9']"
SSSSSSSSTS,6,0.000273,"['timmdc1', 'H2M9R7', 'pnisr', 'cass4', 'coq9', 'TCF19']"
EARVQVWFQN,6,0.000273,"['drgx', 'prrx1', 'phox2a', 'H2LQ89', 'LOC101175569', 'H2LT09']"
LLSTRAGGLG,6,0.000273,"['H2LJE4', 'H2L5X1', 'H2LWR3', 'H2N2U5', 'ino80', 'chd5']"
IHTGEKPYSC,6,0.000273,"['LOC101170266', 'H2LRS3', 'H2MIY4', 'H2L6S1', 'LOC101156271', 'H2LQL5']"
LQLWDTAGQE,6,0.000273,"['rab27a', 'RAB34', 'rab6b', 'H2MMU3', 'H2LK49', 'H2L9N8']"
YGPPGTGKTL,6,0.000273,"['H2MVR3', 'H2LP49', 'katnal2', 'vcp', 'H2LD44', 'psmc3']"
GPPGPPGPQG,6,0.000273,"['SFTPD', 'eda', 'H2LL10', 'H2MHG7', 'col4a5', 'COL17A1']"
FVHRDLAARN,6,0.000273,"['H2MHT2', 'IGF1R', 'ephb6', 'CSK', 'mst1r', 'met']"
RQVKIWFQNR,6,0.000273,"['hoxc9', 'LOC101170103', 'hox8b', 'hoxd10', 'hoxd11', 'hoxa9']"
QLWDTAGQER,6,0.000273,"['rab27a', 'RAB34', 'rab6b', 'LOC101168379', 'H2MMU3', 'H2LK49']"
SSSSSSSTSS,6,0.000273,"['cass4', 'pnisr', 'H2LP30', 'H2LNR0', 'TCF19', 'H2L4M8']"
RGRGRGRGRG,6,0.000273,"['snrpd1', 'H2LDD9', 'H2MUL1', 'H2L5E2', 'rps2', 'CIZ']"
NDNSSRFGKY,6,0.000273,"['myo3a', 'H2L980', 'H2M1D8', 'myo1b', 'myo5c', 'H2LZJ6']"
DTAGQERFRS,6,0.000273,"['H2N0G5', 'rab30', 'rab6b', 'H2LK49', 'LOC101174406', 'LOC101168571']"
EEEEEEDEED,6,0.000273,"['H2MJG0', 'H2LMK8', 'SECISBP2L', 'baz1b', 'H2M0P1', 'LOC101166384']"
MRTHTGEKPF,6,0.000273,"['H2L7E4', 'prdm5', 'H2M4L7', 'H2N2P5', 'H2ML27', 'H2L7F4']"
YRDSKLTRLL,6,0.000273,"['H2M5Q9', 'H2MR26', 'kif22', 'LOC101165832', 'kif3b', 'H2LXE4']"
MPRYCLFGDT,6,0.000273,"['H2MYT6', 'LOC101172201', 'OlGC8', 'olgc9', 'OlGC7', 'P87343']"
LELEKEFLFN,6,0.000273,"['hoxc9', 'hoxd10', 'hoxB8a', 'hoxa9', 'pdx1', 'hoxA9']"
IHRDLAARNV,6,0.000273,"['H2LXU8', 'H2MUQ2', 'jak1', 'H2LNQ4', 'tie1', 'fgfr1']"
EIFPPLSTFV,6,0.000273,"['H2MEI0', 'H2MSM4', 'GRIK3', 'H2N155', 'PCLO', 'H2LS61']"
SSTSSSSSSS,6,0.000273,"['hoxB3a', 'H2LA50', 'RING3', 'PRR12', 'H2LP30', 'H2LU33']"
THTGEKPFQC,6,0.000273,"['H2L3R8', 'H2L455', 'H2M4L7', 'prdm5', 'zic2', 'H2MDK8']"
CSAGVGRTGT,6,0.000273,"['H2LRE4', 'H2M0K9', 'PTPRG', 'ptprc', 'PTPRB', 'ptpe']"
LELEKEFHFN,6,0.000273,"['LOC101170103', 'C0IR46', 'C0IR47', 'hoxb6', 'hoxC5a', 'hoxa9']"
VVHCSAGVGR,6,0.000273,"['H2LRE4', 'PTPN14', 'PTPRD', 'ptprc', 'ptpe', 'H2MXH1']"
EEEEDEEEEE,6,0.000273,"['H2MW58', 'H2MGR5', 'ORF82', 'pds5b', 'H2M060', 'USP34']"
RHNLSLNKCF,6,0.000273,"['H2LVP6', 'H2M7X2', 'H2M4S2', 'H2LII4', 'H2M5S0', 'C1K2Z8']"
VGLDDPTPNV,6,0.000273,"['GPR151', 'H2LRQ2', 'LOC101175227', 'H2MNS4', 'H2LKT7', 'H2LLC9']"
FLLSTRAGGL,6,0.000273,"['H2LJE4', 'H2L5X1', 'H2LWR3', 'H2N2U5', 'ino80', 'chd5']"
VWSFGVLLWE,6,0.000273,"['ret', 'map3k10', 'met', 'flt4', 'tie1', 'fgfr1']"
PRYCLFGDTV,6,0.000273,"['LOC101172201', 'OlGC8', 'olgc9', 'OcGC3', 'OlGC7', 'P87343']"
KVETIGDAYM,6,0.000273,"['H2MYT6', 'LOC101172201', 'OlGC8', 'olgc9', 'OlGC7', 'P87343']"
RDLKPENILL,6,0.000273,"['H2N0R2', 'LOC101173769', 'sgk1', 'H2LBB7', 'prkx', 'phkg1']"
HMRSHTGERP,6,0.000273,"['H2M0J6', 'H2M0J8', 'H2L6S1', 'H2L4J1', 'H2M168', 'H2LDV8']"
ARVQVWFQNR,6,0.000273,"['drgx', 'prrx1', 'phox2a', 'H2LQ89', 'LOC101175569', 'H2LT09']"
EEDDEEEEEE,6,0.000273,"['H2MW58', 'H2L4R0', 'H2M480', 'H2M3J4', 'H2LNI3', 'npm1']"
LVDLAGSERA,6,0.000273,"['H2LKQ4', 'KIF27', 'H2MNQ5', 'LOC101169656', 'H2M6M2', 'H2MU34']"
DSSSSSSSSS,6,0.000273,"['jmjd6', 'H2M449', 'asxl1', 'RING3', 'rp9', 'H2L688']"
GQTGSGKTYT,6,0.000273,"['H2LZU6', 'KIF27', 'H2M6M2', 'KNSL2', 'H2L5P5', 'H2MW05']"
LAPPLAPKTH,5,0.000227,"['H2L3K0', 'H2MEE2', 'H2M4E4', 'H2M9J6', 'H2M211']"
EGCKGFFRRS,5,0.000227,"['nr1h4', 'vdr', 'LOC101173939', 'LOC101164545', 'rarg']"
IKIWFQNRRM,5,0.000227,"['pdx1', 'hoxd3a', 'hoxb6', 'hoxc4', 'hoxc5a']"
TVNTASRMES,5,0.000227,"['OlGC8', 'olgc9', 'LOC101172201', 'P87342', 'OlGC7']"
HCSAGIGRTG,5,0.000227,"['H2LYV7', 'H2LY29', 'H2L8X3', 'PTPN7', 'ptpn6']"
GLHEIFPPLS,5,0.000227,"['H2N155', 'H2MR62', 'H2MSM4', 'PCLO', 'H2MEI0']"
HTRTHTGEKP,5,0.000227,"['H2LRV1', 'znf143', 'LOC101169519', 'H2L3R8', 'LOC101168925']"
PPGTGKTLLA,5,0.000227,"['katna1', 'psmc3', 'H2LD44', 'H2L599', 'yme1l1']"
YCLFGDTVNT,5,0.000227,"['OlGC8', 'olgc9', 'P87343', 'LOC101172201', 'OlGC7']"
DLKPENILLD,5,0.000227,"['H2LBB7', 'LOC101173769', 'prkx', 'phkg1', 'sgk1']"
GPPGTGKTLL,5,0.000227,"['katna1', 'psmc3', 'H2LD44', 'H2L599', 'yme1l1']"
FTGVHGLHEI,5,0.000227,"['H2N155', 'H2MR62', 'H2MSM4', 'PCLO', 'H2MEI0']"
ALAPPLAPKT,5,0.000227,"['H2L3K0', 'H2MEE2', 'H2M4E4', 'H2M9J6', 'H2M211']"
KLTRLLQDSL,5,0.000227,"['H2MR26', 'kif22', 'LOC101165832', 'H2LXE4', 'kif3a']"
GPAGPPGPPG,5,0.000227,"['SFTPD', 'H2MSB9', 'eda', 'H2LNV8', 'D2XEB1']"
PPPPPPPPPL,5,0.000227,"['ubr4', 'H2M9J4', 'INF2', 'H2LXD2', 'H2LUA1']"
PPPPPPPPPA,5,0.000227,"['LOC101169980', 'H2MIT8', 'wash1', 'H2L930', 'H2MCE9']"
VVHCSAGIGR,5,0.000227,"['H2MJI7', 'H2N2X7', 'H2L8X3', 'LOC101172160', 'PTPN7']"
LTRLLQDSLG,5,0.000227,"['H2MR26', 'kif22', 'LOC101165832', 'H2LXE4', 'kif3a']"
IKTIGSTYMA,5,0.000227,"['H2MC48', 'adcy5', 'adcy3', 'H2MJQ1', 'H2MFZ2']"
SSSSSSSSSG,5,0.000227,"['rsrc1', 'sox11', 'H2LAY0', 'RNPS1', 'H2LWC7']"
SSSSSSSSSE,5,0.000227,"['H2MF81', 'OTOP1', 'H2LXB5', 'RING3', 'kdm7a']"
AHCLVGLDDP,5,0.000227,"['H2LLC9', 'H2MNS4', 'GPR151', 'H2LKT7', 'LOC101175227']"
HRDLKPENIL,5,0.000227,"['LOC101164726', 'mknk2', 'H2N0R2', 'cdk4', 'phkg1']"
SSSSSSSSDS,5,0.000227,"['ppig', 'H2LGI4', 'jmjd6', 'H2M449', 'H2LRU3']"
LLYGPPGTGK,5,0.000227,"['vcp', 'rfc5', 'H2LD44', 'psmc5', 'katnal2']"
CLFGDTVNTA,5,0.000227,"['OlGC8', 'olgc9', 'LOC101172201', 'P87342', 'OlGC7']"
AAAAAAAAAS,5,0.000227,"['H2L4L8', 'H2M849', 'H2MDI0', 'H2MQR5', 'cstf2']"
XXXXXXXXXX,5,0.000227,"['H2M186', 'H2MKS9', 'H2L566', 'H2MKV3', 'H2MA63']"
SSPSSSSSSS,5,0.000227,"['asxl1', 'pnisr', 'H2LF24', 'H2LNR0', 'nr4a3']"
SRSRSRSRSS,5,0.000227,"['H2L364', 'nktr', 'LOC101167482', 'H2LQ53', 'H2LWR8']"
SRSRSRSRSP,5,0.000227,"['rsrp1', 'srsf7', 'H2L364', 'H2LWR8', 'H2LE82']"
SKLTRLLQDS,5,0.000227,"['H2MR26', 'kif22', 'LOC101165832', 'H2LXE4', 'kif3a']"
HLRTHTGEKP,5,0.000227,"['LOC101171127', 'H2LQJ4', 'H2L8K0', 'H2M6E0', 'klf2']"
SSSSSSSSES,5,0.000227,"['s2012', 'H2LXB5', 'RING3', 'D2XEB2', 'slc35a2']"
SSSSSSSDSS,5,0.000227,"['H2LRU4', 'zcchc10', 'H2MX57', 'H2LGI4', 'H2M449']"
TGVHGLHEIF,5,0.000227,"['H2N155', 'H2MR62', 'H2MSM4', 'PCLO', 'H2MEI0']"
RALAPPLAPK,5,0.000227,"['H2L3K0', 'H2MEE2', 'H2M4E4', 'H2M9J6', 'H2M211']"
LSTRAGGLGI,5,0.000227,"['H2L5X1', 'chd5', 'ino80', 'H2LWR3', 'H2LJE4']"
HRDLAARNIL,5,0.000227,"['H2N152', 'kit', 'H2M169', 'ephb4', 'vegfr']"
HGLHEIFPPL,5,0.000227,"['H2N155', 'H2MR62', 'H2MSM4', 'PCLO', 'H2MEI0']"
DTVNTASRME,5,0.000227,"['OlGC8', 'olgc9', 'LOC101172201', 'P87342', 'OlGC7']"
GLPGPPGPPG,5,0.000227,"['col2a1a', 'H2MCG5', 'H2LNV8', 'H2MHG7', 'H2LQV0']"
LRIHTGEKPY,5,0.000227,"['H2LQL5', 'LOC101156271', 'H2MNW3', 'H2LBZ0', 'H2MPX1']"
EEEDEEEEEE,5,0.000227,"['ORF82', 'H2MW58', 'USP34', 'gpatch3', 'PAK3']"
DSKLTRLLQD,5,0.000227,"['H2MR26', 'kif22', 'H2LXE4', 'kif3b', 'LOC101165832']"
YIHRDLAARN,5,0.000227,"['jak1', 'H2LNQ4', 'H2MUQ2', 'H2L5G0', 'H2MAH9']"
LFGDTVNTAS,5,0.000227,"['OlGC8', 'olgc9', 'LOC101172201', 'P87342', 'OlGC7']"
GVHGLHEIFP,5,0.000227,"['H2N155', 'H2MR62', 'H2MSM4', 'PCLO', 'H2MEI0']"
SGGGGGGGGG,5,0.000227,"['H2LSX3', 'H2MFB1', 'H2MW69', 'LOC101155230', 'mllt1']"
KTIGSTYMAA,5,0.000227,"['H2MC48', 'adcy5', 'adcy3', 'H2MJQ1', 'H2MFZ2']"
PAPPPPPPPP,5,0.000227,"['PRR12', 'H2LKR8', 'mtfr2', 'H2LMI8', 'H2LZ91']"
LWDTAGQERF,5,0.000227,"['H2LK49', 'RAB34', 'LOC101168379', 'H2N0G5', 'rab6b']"
SSSRSSSSSS,5,0.000227,"['H2M9R2', 'LOC101168832', 'H2LQ53', 'LOC101157829', 'RNPS1']"
SGESGAGKTE,5,0.000227,"['H2MJD1', 'H2L980', 'myo1h', 'myo3a', 'myo10']"
MRTHTGEKPY,5,0.000227,"['H2LP61', 'H2LMI9', 'H2LS48', 'LOC101166663', 'H2MDT8']"
VWSYGILLWE,5,0.000227,"['PDGFRB', 'H2LXU8', 'fer', 'CSK', 'kit']"
HEIFPPLSTF,5,0.000227,"['H2MEI0', 'GRIK3', 'PCLO', 'H2MSM4', 'H2N155']"
RTHTGEKPFQ,5,0.000227,"['H2M4L7', 'prdm5', 'H2MDK8', 'zic2', 'H2L3R8']"
KKAYRKLALK,5,0.000227,"['H2LJS9', 'dnaja1', 'H2M4E5', 'dnajc18', 'H2LN09']"
TRLLQDSLGG,5,0.000227,"['H2MR26', 'kif22', 'LOC101165832', 'H2LXE4', 'kif3a']"
RAGGLGINLT,5,0.000227,"['H2L5X1', 'H2LJE4', 'H2M9G6', 'ino80', 'H2LDS6']"
FIHRDLAARN,5,0.000227,"['H2L6D2', 'abl1', 'tie1', 'itk', 'H2M169']"
LHEIFPPLST,5,0.000227,"['H2MEI0', 'GRIK3', 'PCLO', 'H2MSM4', 'H2N155']"
SSSSASSSSS,5,0.000227,"['H2L902', 'trip12', 'H2MX57', 'H2MDJ5', 'H2MG76']"
VKVWFQNRRM,5,0.000227,"['C0IR46', 'H2M9B1', 'HOX2A', 'LOC101167727', 'meox1']"
RDLAARNVLL,5,0.000227,"['H2MHT2', 'pdgfr', 'H2LXU8', 'H2MDC6', 'LOC101169984']"
NSVRHNLSLN,5,0.000227,"['H2LVP6', 'C1K308', 'H2M5S0', 'C1K307', 'C1K2Z2']"
VHCSAGIGRT,5,0.000227,"['H2LYV7', 'H2LY29', 'H2L8X3', 'PTPN7', 'ptpn6']"
KSSHLKAHLR,5,0.000227,"['KLF5', 'H2M4N1', 'klf2', 'H2L6I3', 'LOC101171127']"
LTEARVQVWF,5,0.000227,"['H2LQ89', 'prrx1', 'pax7', 'drgx', 'phox2a']"
EEEEEDEEEE,5,0.000227,"['H2M060', 'H2MW58', 'USP34', 'LOC101162115', 'pds5b']"
EEEEEEEEDD,5,0.000227,"['H2MDP3', 'H2LBK2', 'klhdc4', 'CLSTN2', 'PAK3']"
YDITNVLEGI,5,0.000227,"['H2MV81', 'H2MLT3', 'H2LYW2', 'H2MGW5', 'H2L5R2']"
LEKEFHFNRY,5,0.000227,"['LOC101170103', 'hoxd3a', 'hoxb6', 'hoxa9', 'hoxC5a']"
EWPSQSPDLN,5,0.000227,"['H2L3K2', 'H2MMG5', 'H2LX69', 'H2LZK9', 'H2LAA0']"
IFAYGQTGSG,5,0.000227,"['kif15', 'H2MNQ5', 'H2LXE4', 'H2MW05', 'H2MTZ6']"
GPPGPPGSPG,5,0.000227,"['H2LNV8', 'col4a5', 'H2LL10', 'H2LCJ5', 'H2MFN9']"
IVHRDLKPEN,5,0.000227,"['H2M7P9', 'LOC101170017', 'H2LK66', 'phkg1', 'H2MRI7']"
ACQGDSGGPL,5,0.000227,"['H2LPJ6', 'LOC101155223', 'H2LKA1', 'HGFAC', 'H2MX28']"
FGDTVNTASR,5,0.000227,"['OlGC8', 'olgc9', 'LOC101172201', 'P87342', 'OlGC7']"
ELEKEFHFNR,5,0.000227,"['LOC101170103', 'hoxd3a', 'hoxb6', 'hoxa9', 'hoxC5a']"
GHIKLTDFGL,5,0.000227,"['H2MC05', 'lats2', 'H2LBB7', 'H2MDY9', 'RPS6KB2']"
HIRTHTGERP,5,0.000227,"['H2MB39', 'H2L442', 'znf143', 'LOC101160236', 'LOC101165098']"
FQNRRAKWRK,5,0.000227,"['H2LQ89', 'H2LIZ0', 'drgx', 'H2M6C0', 'vsx2']"
LNLVDLAGSE,5,0.000227,"['kif15', 'H2MU34', 'kif3b', 'H2MW05', 'H2MR26']"
RTHTGEKPFA,5,0.000227,"['egr1', 'sall1', 'H2L8K0', 'CTCF', 'H2L3B4']"
LLLTGTPLQN,5,0.000227,"['H2LJE4', 'H2N2U5', 'chd5', 'H2L5X3', 'H2MAS8']"
DDEEEEEEEE,5,0.000227,"['H2LNI3', 'H2L4R0', 'H2M480', 'H2MSP1', 'LOC101166083']"
GWQNSIRHNL,5,0.000227,"['H2M4S2', 'C1K2Z6', 'H2L5V0', 'Foxl2', 'foxc1']"
GRGRGRGRGR,5,0.000227,"['H2L5E2', 'CIZ', 'rps2', 'snrpd1', 'H2MUL1']"
PYRDSKLTRL,5,0.000227,"['H2MR26', 'kif22', 'H2LXE4', 'kif3b', 'LOC101165832']"
QGPPGPPGPP,5,0.000227,"['H2L673', 'H2LQ52', 'H2LPK7', 'H2LNV8', 'D2XEB1']"
KIKTIGSTYM,5,0.000227,"['H2MC48', 'adcy5', 'adcy3', 'H2MJQ1', 'H2MFZ2']"
LYGPPGTGKT,5,0.000227,"['vcp', 'rfc5', 'H2LD44', 'katnal2', 'psmc1']"
DVWSYGILLW,5,0.000227,"['PDGFRB', 'H2LXU8', 'fer', 'CSK', 'kit']"
PGPPGPPGPS,5,0.000227,"['H2MCG5', 'col4a5', 'H2LL10', 'H2LCJ5', 'H2MHG7']"
PGPPGPPGPQ,5,0.000227,"['H2LL10', 'SFTPD', 'col4a5', 'eda', 'H2LNV8']"
GPPGPQGPPG,5,0.000227,"['SFTPD', 'COL8A1', 'eda', 'H2MHG7', 'COL17A1']"
HMRIHTGEKP,5,0.000227,"['H2MPB4', 'znf143', 'LOC101170266', 'H2L3S7', 'LOC101157565']"
GDTVNTASRM,5,0.000227,"['OlGC8', 'olgc9', 'LOC101172201', 'P87342', 'OlGC7']"
RDSKLTRLLQ,5,0.000227,"['H2MR26', 'kif22', 'H2LXE4', 'kif3b', 'LOC101165832']"
FYAPWCGHCK,5,0.000227,"['pdia5', 'LOC101165241', 'pdia4', 'txndc5', 'H2LX92']"
SAHCLVGLDD,5,0.000227,"['H2LLC9', 'H2MNS4', 'GPR151', 'H2LKT7', 'LOC101175227']"
SDVWSYGILL,5,0.000227,"['PDGFRB', 'H2LXU8', 'fer', 'CSK', 'kit']"
SNPCQNGGTC,5,0.000227,"['H2MZ70', 'H2L5F5', 'fbln7', 'slit2', 'H2L644']"
GGGGGGGGGG,5,0.000227,"['LOC101171767', 'H2L5I5', 'rad23b', 'LOC101155230', 'H2MDI3']"
WSFGVLLWEI,5,0.000227,"['flt4', 'tie1', 'H2MKV2', 'ret', 'fgfr1']"
PPPPPPPPLP,5,0.000227,"['wasf1', 'H2M9J4', 'INF2', 'H2LXD2', 'H2LUA1']"
LEWPSQSPDL,5,0.000227,"['H2L3K2', 'H2MMG5', 'H2LX69', 'H2LZK9', 'H2LAA0']"
RYCLFGDTVN,5,0.000227,"['OlGC8', 'olgc9', 'P87343', 'LOC101172201', 'OlGC7']"
STRAGGLGIN,5,0.000227,"['H2L5X1', 'chd5', 'ino80', 'H2LWR3', 'H2LJE4']"
GILADEMGLG,5,0.000227,"['H2LJE4', 'H2N2U5', 'H2L5X1', 'ino80', 'H2MAS8']"
FQNRRMKWKK,5,0.000227,"['hoxc5a', 'hoxb6', 'hoxc4', 'hoxa9', 'pdx1']"
EEEEEEEDEE,5,0.000227,"['H2LMK8', 'LOC101166384', 'H2MJG0', 'LOC101162115', 'pds5b']"
VHGLHEIFPP,5,0.000227,"['H2N155', 'H2MR62', 'H2MSM4', 'PCLO', 'H2MEI0']"
GLDDPTPNVK,5,0.000227,"['H2LLC9', 'H2LKT7', 'GPR151', 'H2LRQ2', 'LOC101175227']"
