k-mer,number of proteins,percentage,all,(Out of 25000 proteins in total)
EEEEEEEEEE,120,0.0048,"['Daxx', 'Cers3', 'Q6TUF4', 'Alms1', 'Spryd3', 'Hrc', 'Mier1', 'Mpl', 'Rangap1', 'Ppp4r2', 'Csrnp3', 'Gtf3c3', '4933416C03Rik', 'Gtf3c5', 'Ep400', 'Q7TPK5', 'Smarca4', 'Eid3', 'Recql4', 'LOC500846', 'Nlrp6', 'Fam170b', 'Homez', 'Cenpb', 'Mterf4', 'Q56PB7', 'LOC100362172', 'Zeb1', 'Rbm19', 'Spg20', 'Zfhx3', 'Pelp1', 'Lrrc43', 'Ttbk1', 'Zbtb7c', 'A0A0G2JVH0', 'Podxl2', 'Diexf', 'Zmynd15', 'LOC690435', 'Ccdc7', 'LOC100909474', 'Mum1', 'Safb', 'LOC100366054', 'Cnksr2', 'Baz1b', 'LOC499584', 'Phf23', 'Mbd3', 'Kcna4', 'Hivep3', 'Fgd1', 'Cfap44', 'Timeless', 'Hoxa7', 'Snapc5', 'Kdm2a', 'Zfp428', 'RGD1561327', 'Q6QI38', 'Nrdc', 'Zbtb4', 'Mical1', 'Tspoap1', 'LOC689713', 'Esf1', 'Clspn', 'Ecm2', 'Spag17', 'Ppargc1b', 'Zbtb47', 'LOC100363112', 'Fbxw7', 'Arid1b', 'Prkcsh', 'Gpatch8', 'Neurod2', 'Plppr3', 'Eif3d', 'Znf830', 'Prg2', 'Ifnlr1', 'Q7TP11', 'Ythdc1', 'Prickle2', 'Tprn', 'Styxl1', 'Trim26', 'Cul9', 'Slc4a3', 'Irx6', 'Ibsp', 'Ina', 'Mapk8ip2', 'A0A0G2JWC5', 'Ehmt2', 'Tonsl', 'Cacna1f', 'Catip', 'Clstn1', 'Zfp697', 'Zfp692', 'Slc4a1ap', 'Scaf1', 'Zcchc6', 'Q6TXI0', 'Ccdc136', 'Mycl', 'Camk4', 'Myt1l', 'Stac3', 'Hmgb3', 'Slc24a1', 'Nob1', 'Rev3l', 'Babam1', 'Ppp6r1', 'NRP', 'Taok2']"
QQQQQQQQQQ,82,0.00328,"['Nfat5', 'Ncoa6', 'Gigyf1', 'Bhlha15', 'Clock', 'Cdx1', 'Phf21a', 'Bahcc1', 'Tbc1d5', 'Tesb', 'Paxip1', 'Dennd4b', 'Arhgap17', 'Aak1', 'Q7TMB2', 'Ier5l', 'Maml2', 'Prdm8', 'Ccnk', 'Foxp2', 'Agbl5', 'Kmt2d', 'Tob1', 'LOC108349244', 'Sik3', 'Tfeb', 'Hcn1', 'Tbp', 'Arid1a', 'Irs1', 'Irf2bpl', 'Scaf4', 'Bsn', 'Ep400', 'Mn1', 'Rbm33', 'Sec24b', 'Tox3', 'St6galnac5', 'Thap11', 'Slc43a3', 'Phc1', 'F1LZG1', 'Mink1', 'Nr3c1', 'Zmynd8', 'Fam170b', 'Trerf1', 'Arnt', 'Nono', 'Prrc2b', 'Shroom4', 'Cherp', 'Brd4', 'Ankrd17', 'Phlpp1', 'Tns1', 'Crebbp', 'Pou3f2', 'Foxj2', 'Smarca2', 'Hydin', 'Vezf1', 'Med12', 'Cpeb3', 'Chga', 'Q7TSX7', 'Zfhx3', 'Celf3', 'Cxxc1', 'R3hdm2', 'CBFA1', 'Tnrc6b', 'Ar', 'Kcnn3', 'Med15', 'Satb1', 'Sf3a3', 'Numbl', 'Tcf20', 'Ncor2', 'Myocd']"
AAAAAAAAAA,77,0.00308,"['Zfhx3', 'Prdm12', 'Pabpn1', 'Tbl1x', 'Prdm13', 'Znrf2', 'Hmx3', 'Asxl2', 'Gsx2', 'Tle4', 'Fev', 'Prdm6', 'Prpf40a', 'Sox3', 'Ptbp2', 'En1', 'Phox2b', 'Prdm8', 'Clasrp', 'Skor1', 'Klhl11', 'Zfp358', 'Arid3b', 'Fbxo41', 'Adprhl2', 'Bhlhb3', 'CBFA1', 'Cdk13', 'Arid1a', 'Maz', 'Foxe1', 'Sp5', 'Irf2bpl', 'Cpeb3', 'Barx2', 'Snph', 'Gata6', 'Nkx6-1', 'Tmem158', 'Id4', 'Gdf11', 'Midn', 'Zdbf2', 'Zfr', 'Hoxd13', 'Hoxd11', 'Fbrs', 'Puf60', 'Tbx1', 'Tbx4', 'Slc12a2', 'Nkx2-3', 'Foxb2', 'Mnx1', 'Nkx2-4', 'Pou3f3', 'Incenp', 'Spen', 'Rbm47', 'Arx', 'Irx1', 'Zfp804a', 'Ascl1', 'Cops6', 'Q2KMK7', 'Pou4f1', 'Rbm24', 'Kdm1a', 'Foxl2', 'Zic3', 'Hand2', 'Skida1', 'Nlk', 'Alkbh5', 'Olig2', 'Tmem200c', 'Sowaha']"
PPPPPPPPPP,54,0.00216,"['Smn1', 'Asxl3', 'Dab2ip', 'Sp5', 'Raph1', 'Ylpm1', 'Washc1', 'Pclo', 'Zfp318', 'Pcdh15', 'Wipf3', 'Dbn1', 'Kat6a', 'Smr3a', 'Whamm', 'Smarcc2', 'Gse1', 'Sik2', 'Gapdhs', 'Hoxb4', 'Prr12', 'Megf8', 'Prima1', 'Scaf1', 'RGD1560854', 'Znrd1as1', 'Prr18', 'Adgrb1', 'Srpk2', 'Fhod1', 'Fhdc1', 'Bag6', 'Mypop', 'Diaph3', 'Fmnl1', 'Pcdh10', 'Sf3b2', 'Setd1a', 'Virma', 'Zc3h4', 'Sema4g', 'Gbx1', 'Enah', 'Zfhx3', 'R3hdm1', 'Cap2', 'Sox17', 'Pxk', 'Magel2', 'Tmem210', 'Wasl', 'Sall2', 'Mtfr1', 'Ppp3cb']"
SSSSSSSSSS,54,0.00216,"['LOC685391', 'Prg4', 'Arl6ip4', 'Cir1', 'Dusp8', 'Edc4', 'Ranbp10', 'Nr1d1', 'Lzts2', 'Tmem40', 'Nkx6-1', 'Sec61g-ps1', 'Arid3b', 'Ttc14', 'E2f4', 'Tmem200c', 'Prr13', 'Prkd2', 'Pcif1', 'Pnn', 'Arhgap33', 'Rnf126', 'Fgf10', 'Syn2', 'Nfe2l1', 'Dner', 'Spats1', 'Rexo1l1-ps1', 'Zcchc10', 'Jmjd6', 'Tnrc18', 'Nap1l3', 'LOC100912262', 'Setd1a', 'LOC680039', 'E9PU86', 'LOC307727', 'Srrm2', 'Snapc4', 'LOC100911196', 'Brd2', 'Ing3', 'Naf1', 'Mex3b', 'Ddit4', 'Hdgfl2', 'Chd8', 'Nolc1', 'Pprc1', 'Aff3', 'Kcnma1', 'Magec2', 'LOC100361913', 'Tshz3']"
EEEEEEEEED,53,0.00212,"['Spryd3', 'A0A0G2JWC5', 'Ehmt2', 'Zbtb7c', 'Pus7', 'LOC500956', 'Ecm2', 'Diexf', 'Esf1', 'LOC100363112', 'Hrc', 'Phf23', 'Npm2', 'Zfp316', 'LOC100909474', 'Fam193a', 'Ryr1', 'Arid1b', 'Skap1', 'Lrrc43', 'Zfhx3', 'Csrnp3', 'Gtf3c3', 'Baz1b', 'Eid3', 'Gpatch8', 'Pdcd11', 'Q6TXI0', 'Q6QI38', 'Neurod1', 'Homez', 'Nisch', 'Ifnlr1', 'Cfap43', 'LOC100362172', '4933416C03Rik', 'Kdm2a', 'Lmod2', 'Ap3b1', 'Trap1a', 'Zbtb4', 'Hmgb3', 'Spg20', 'Senp3', 'Pelp1', 'Nob1', 'Rev3l', 'Cul9', 'Ppp6r1', 'Ttbk1', 'LOC689713', 'Mapk8ip2', 'Myt1']"
GGGGGGGGGG,40,0.0016,"['Capns1', 'Prdm13', 'LOC100911668', 'Lbx1', 'Gsk3a', 'Dsp', 'A0A0G2K9A5', 'Lrch2', 'Tra2a', 'Foxc1', 'Sp8', 'Gspt1', 'Arih1', 'A0A0G2KAZ4', 'Hoxb3', 'Gdf7', 'Pou4f2', 'Six3', 'Eomes', 'Maf', 'Ppp4r3c', 'Mex3b', 'Gar1', 'Zcchc14', 'Zfp503', 'Exosc3', 'Zfp746', 'LOC100363129', 'Pou3f3', 'Fam98b', 'Rad23b', 'U2af1', 'Fam96b', 'LOC500594', 'RGD1560784', 'Kcnn2', 'Krt10', 'Dsg1', 'Fbll1', 'Col17a1']"
DEEEEEEEEE,32,0.00128,"['Daxx', 'Cers3', 'Zbtb7c', 'LOC108349189', 'Rsf1', 'Pelp1', 'Hrc', 'Npm2', 'Rangap1', 'Ppargc1b', 'Csrnp3', 'Baz1b', 'Kcna4', 'Hivep3', 'Eif3d', 'Timeless', 'NRP', 'Hoxa7', 'Setd1b', 'Myt1l', 'Zeb2', 'Q6QI38', 'Ythdc1', 'Nrdc', 'Slc24a1', 'Lrrc43', 'Cul9', 'Ttbk1', 'Ibsp', 'Zcchc6', 'Mapk8ip2', 'Ct47b1']"
QQQQQQQQQP,31,0.00124,"['Clock', 'Cdx1', 'Tesb', 'Paxip1', 'Brd4', 'Aak1', 'Ier5l', 'Phlda1', 'Hydin', 'Lin7a', 'Agbl5', 'Gls', 'Tob1', 'Hcn1', 'Irf2bpl', 'Scaf4', 'A0A0G2JTE9', 'Tns1', 'Nr3c1', 'Maml2', 'Nono', 'Cherp', 'Tnrc6a', 'Elmsan1', 'Phlpp1', 'Smarca2', 'Foxj2', 'Q7TSX7', 'Zfhx3', 'Med12', 'Satb1']"
EEEEEEEEDE,27,0.00108,"['Esf1', 'Cacna1d', 'Clip3', 'Ehmt2', 'Npm2', 'Q8R2F4', 'Ryr1', 'Zfhx3', 'Eid3', 'Gpatch8', 'Aplp2', 'A0A0G2JWC5', 'Q6QI38', 'Nap1l2', 'Cfap43', 'Ap3b1', 'Spg20', 'Hmgb1', 'Senp3', 'Pelp1', 'Nob1', 'Rev3l', 'Ppp6r1', 'Ttbk1', 'Eif5b', 'Fam193a', 'Myt1']"
GEEEEEEEEE,25,0.001,"['Esf1', 'Clspn', 'Ecm2', 'Catip', 'Spryd3', 'Zbtb47', 'LOC100363112', 'Zfp697', 'Tex2', 'Anp32e', 'Gtf3c5', 'Pdcd11', 'Neurod2', 'Homez', 'Nisch', 'Cenpb', 'LOC100362172', 'Kdm2a', 'Q6QI38', 'Themis2', 'Trim26', 'Mical1', 'Zmynd15', 'Ccdc180', 'Myt1']"
EEEEEEEEEG,25,0.001,"['Ak9', 'Alms1', 'Catip', 'Themis2', 'Zbtb47', 'Mier1', 'Anp32e', 'Scaf1', 'Kcna4', 'Neurod2', 'LOC500846', 'Plppr3', 'Cenpb', 'Prg2', 'RGD1561327', 'Prickle2', 'Nrdc', 'Tprn', 'Ccdc88b', 'Babam1', 'Slc4a3', 'Wee1', 'Ina', 'Taok2', 'Myt1']"
AAAAAAAAAS,22,0.00088,"['Asxl2', 'Cpeb3', 'Clasrp', 'Nkx6-1', 'Klhl11', 'Arid3b', 'Fbxo41', 'Cdk13', 'Arid1a', 'Tmem200c', 'Gata6', 'Pitx3', 'Zfp703', 'Sp9', 'Hoxd13', 'Sox3', 'Foxb2', 'Pbx1', 'Incenp', 'Gbx1', 'Hand2', 'Irx1']"
PPPPPPPPLP,21,0.00084,"['Arhgef11', 'Wasf1', 'Shtn1', 'Espn', 'Diaph3', 'Raph1', 'Clcn1', 'Fmnl1', 'Nrxn2', 'Zfhx3', 'Asxl3', 'RGD1560854', 'Pcdh10', 'Scx', 'Whamm', 'Wipf3', 'Mtfr1', 'Srpk2', 'Enah', 'Trim66', 'Lmod2']"
SAAAAAAAAA,20,0.0008,"['Hmx3', 'Gsx2', 'Id4', 'Maz', 'Bhlhe22', 'Zfp703', 'Irf2bpl', 'Tle4', 'Sp5', 'Rbm24', 'Zic2', 'Cpeb3', 'Nkx2-3', 'Gata6', 'Pitx3', 'Nlk', 'Pbx1', 'Prdm8', 'Foxb2', 'Nkx6-1']"
EDEEEEEEEE,20,0.0008,"['Ythdc1', 'Chic1', 'Cers3', 'NRP', 'Timeless', 'Hmgb1', 'Eif3d', 'Rangap1', 'Ppargc1b', 'Slc24a1', 'Ttbk1', 'Setd1b', 'Tmed8', 'Armcx1', 'Cul9', 'Kcna4', 'Myt1', 'Aplp2', 'Mapk8ip2', 'Hivep3']"
QVKIWFQNRR,20,0.0008,"['Nkx1-2', 'Gbx2', 'Hoxb8', 'Dbx1', 'Hoxd9', 'hox1.4', 'Hoxc10', 'Cdx1', 'Hmx3', 'Hoxd1', 'Hoxa11', 'Q5DWV0', 'Hoxc12', 'Gsx2', 'Nkx3-1', 'Hoxa1', 'Msx2', 'Dlx3', 'Mnx1', 'Nkx2-5']"
APPPPPPPPP,20,0.0008,"['Prr12', 'Sema4g', 'Washc1', 'Bag6', 'Srrm1', 'Skor2', 'Pcdh15', 'Gapdhs', 'Whamm', 'rh', 'M0R697', 'Fhdc1', 'Wasl', 'Sall2', 'Wipf3', 'Ppp3cb', 'Lmod2', 'Btbd1', 'Hnrnpul1', 'Ubr4']"
QPPPPPPPPP,19,0.00076,"['Smarcc2', 'Prr12', 'Ccdc6', 'Fnta', 'Mypop', 'Sik2', 'Fign', 'Gse1', 'Dab2ip', 'Sox17', 'Setd1a', 'Megf8', 'Htt', 'Pclo', 'Tmem210', 'Dbn1', 'Kat6a', 'Sf3b2', 'Adgrb1']"
PPPPPPPPPL,19,0.00076,"['Zfhx3', 'Shtn1', 'Raph1', 'Diaph3', 'Cdk12', 'Enah', 'Fmnl1', 'Srpk2', 'Zfp318', 'RGD1560854', 'Pcdh10', 'Whamm', 'Wipf3', 'Mtfr1', 'Ppp3cb', 'Lmod2', 'Skor2', 'Asxl3', 'Ubr4']"
HHHHHHHHHH,18,0.00072,"['Fam76b', 'Skida1', 'Yy1', 'Col18a1', 'Nr4a3', 'Onecut1', 'Otx1', 'Syngap1', 'Dlgap3', 'Pou4f2', 'Zic3', 'Cacna1a', 'Dyrk1a', 'Mafa', 'Sorbs2', 'Usp34', 'Foxg1', 'Meox2']"
EEDEEEEEEE,18,0.00072,"['Ripply1', 'Ythdc1', 'Chic1', 'Cers3', 'NRP', 'Timeless', 'Hmgb1', 'Eif3d', 'Nap1l5', 'Ppargc1b', 'Slc24a1', 'Ttbk1', 'Ptms', 'Kcna4', 'Myt1', 'Rangap1', 'Mapk8ip2', 'Pak3']"
KEEEEEEEEE,17,0.00068,"['Q6TXI0', 'LOC100366054', 'LOC500846', 'Mycl', 'LOC500956', 'A0A0G2JX51', 'Q6TUF4', 'Camk4', 'Zfp541', 'LOC689713', 'Q6QI52', 'Stard8', 'Q56PB7', 'LOC499584', 'Eid3', 'Q7TPK5', 'Ina']"
AAAAAAAAAG,17,0.00068,"['Kdm1a', 'Pabpn1', 'Hoxd9', 'Sowaha', 'Mnx1', 'Zfp804a', 'Hoxa13', 'Zfp358', 'Pou4f1', 'Foxl2', 'Slc12a2', 'Ptbp2', 'Foxb2', 'Phox2b', 'Prdm8', 'Gdf11', 'Skor1']"
SGGGGGGGGG,17,0.00068,"['Sp8', 'Pou3f2', 'Gspt1', 'Fus', 'Lbx1', 'Gdf7', 'Kcnma1', 'Dsp', 'LOC681410', 'Lor', 'Pou4f2', 'Krt10', 'Exosc3', 'Nkx2-1', 'Mex3b', 'Tra2a', 'Foxc1']"
PPPPPPLPPP,16,0.00064,"['Arhgef11', 'Shtn1', 'Dtx3', 'Asxl3', 'RGD1560854', 'Pcdh10', 'Prr11', 'Whamm', 'Zbtb12', 'Vcpip1', 'Wipf3', 'Mtfr1', 'Mtfr2', 'Pde4d', 'Grid2ip', 'Wasf1']"
PPPPPPPPPA,16,0.00064,"['Smarcc2', 'Washc1', 'Bag6', 'Fnta', 'Zfp827', 'Fign', 'Dab2ip', 'Pxk', 'Megf8', 'Scaf1', 'Irx5', 'Dbn1', 'Prr18', 'Btbd1', 'Hnrnpul1', 'Sema4g']"
PQQQQQQQQQ,16,0.00064,"['Trerf1', 'Kmt2d', 'Hcn1', 'Arid1a', 'Celf3', 'Bmp2k', 'Tesb', 'Paxip1', 'Scaf4', 'Arhgap17', 'Tnrc6a', 'Brd4', 'Mail', 'St6galnac5', 'Gls', 'Smarca2']"
HRRIHTGEKP,16,0.00064,"['Zfp663', 'Zfp597', 'Zfp317', 'Zfp275', 'Zfp410', 'Klf8', 'Zfp324', 'Zfp819', 'Zfp692', 'Zbtb39', 'AZF15', 'Zscan29', 'Znf22', 'Zscan10', 'Zfp386', 'Repin1']"
IHTGEKPYKC,16,0.00064,"['Zfp483', 'Zfp287', 'Znf22', 'Zfp111', 'Zfp597', 'Zfp536', 'Zfp691', 'Zfp319', 'P70590', 'LOC500584', 'Zfp236', 'Znf18', 'AZF11', 'Zfp629', 'Zscan20', 'Klf8']"
RQQQQQQQQQ,16,0.00064,"['Nr3c1', 'Zmynd8', 'Gigyf1', 'Sik3', 'Arnt', 'Tbp', 'Q7TSX7', 'Agbl5', 'Ier5l', 'Tbc1d5', 'Med12', 'Ep400', 'Zfhx3', 'Prrc2b', 'Thap11', 'Cpeb3']"
RIHTGEKPYK,15,0.0006,"['Zfp483', 'Zfp287', 'Znf22', 'Zfp111', 'Zfp597', 'Zfp536', 'Zfp691', 'Zfp319', 'P70590', 'LOC500584', 'Zfp236', 'AZF11', 'Zfp629', 'Zscan20', 'Klf8']"
QQQQQQQQPP,15,0.0006,"['Foxj2', 'E9PU86', 'Maml2', 'Nono', 'Ier5l', 'Scaf4', 'Brd4', 'Htt', 'Tesb', 'Satb1', 'Elmsan1', 'Smarca2', 'Phlpp1', 'rh', 'Cherp']"
HQRTHTGEKP,15,0.0006,"['Zfp316', 'Zfp334', 'Znf672', 'Znf354c', 'Zfp697', 'DZF4', 'LOC100910577', 'Znf48', 'Klf6', 'Znf18', 'Zfp68', 'Znf394', 'Zfp775', 'Zfp202', 'Znf382']"
PLPPPPPPPP,15,0.0006,"['Naf1', 'March11', 'Asxl3', 'Rnf44', 'Nrxn2', 'Tulp4', 'Pelp1', 'Setd1a', 'Raph1', 'Pcdh10', 'Prima1', 'Scx', 'RGD1560108', 'Pwwp2a', 'Brdt']"
EEEEEEEEEK,15,0.0006,"['Q6QI38', 'Fgd1', 'Stra8', 'Styxl1', 'Mpl', 'Q6TUF4', 'Ppargc1b', 'Rrp12', 'Setd1b', 'Ep400', 'LOC690435', 'LOC499584', 'Q7TP11', 'Slc4a1ap', 'Q7TP26']"
HQRIHTGEKP,15,0.0006,"['Zfp41', 'Znf689', 'LOC102555635', 'Zfp322a', 'Zfp853', 'Zfp13', 'Zfp787', 'Zkscan1', 'LOC500584', 'DZF11', 'Znf260', 'Zscan29', 'AZF10', 'Zscan25', 'Znf394']"
QVWFQNRRAK,14,0.00056,"['Lhx3', 'Esx1', 'Arx', 'Alx1', 'Drgx', 'Uncx', 'Otp', 'Shox2', 'Vsx1', 'Prop1', 'Phox2a', 'Sebox', 'Mixl1', 'Rax']"
DDDDDDDDDD,14,0.00056,"['Q7TP94', 'Casq1', 'A0A0G2K811', 'Taf9', 'Q6TXH0', 'LOC102552474', 'LOC500594', 'Q6QI42', 'RGD1310212', 'Rnf34', 'Pde3b', 'Q6TUH6', 'Hrc', 'LOC100363129']"
CQGDSGGPLV,14,0.00056,"['Prss55', 'Tmprss9', 'Tmprss13', 'Tmprss2', 'Ctrl', 'Tmprss5', 'Tmprss6', 'Plat', 'Plg', 'Klk8', 'Prss30', 'Prss36', 'F12', 'Tmprss11d']"
GPPGPPGPPG,14,0.00056,"['col10A1', 'Col15a1', 'Eda', 'Col7a1', 'Gldn', 'C1qtnf3', 'O70605', 'Col1a2', 'Col12a1', 'Col23a1', 'Col26a1', 'Cpsf6', 'C1qtnf12', 'Col17a1']"
PPPPPPPLPP,14,0.00056,"['Arhgef11', 'Wasf1', 'Shtn1', 'Zfhx4', 'Clcn1', 'Dtx1', 'RGD1560854', 'Pcdh10', 'Whamm', 'Wipf3', 'Mtfr1', 'Grid2ip', 'Asxl3', 'Lmod2']"
EEEEEEEEDD,14,0.00056,"['Zfp316', 'Trap1a', 'Neurod1', 'Zbtb7c', 'Homez', 'Hmgb2', 'Csrnp3', 'Nrdc', 'LOC100362172', '4933416C03Rik', 'Kdm2a', 'Hrc', 'LOC689713', 'Phf23']"
GAAAAAAAAA,14,0.00056,"['Pou3f3', 'Zfp358', 'Fbxo41', 'Cdk13', 'Arx', 'Ptf1a', 'Arid1a', 'Hoxa13', 'Zfhx3', 'Pou4f1', 'Kif24', 'Sox3', 'Phox2b', 'Mnx1']"
QRIHTGEKPY,14,0.00056,"['Znf689', 'LOC102555635', 'Zfp322a', 'Zfp853', 'Zfp13', 'Zfp787', 'Zkscan1', 'LOC500584', 'DZF11', 'Znf260', 'Zscan29', 'AZF10', 'Zscan25', 'Znf394']"
EEEEEEEEGE,14,0.00056,"['LOC500846', 'Nrdc', 'Tprn', 'Mier1', 'Ak9', 'Cenpb', 'rCG_65913', 'Catip', 'Themis2', 'Babam1', 'Slc4a3', 'Aplp2', 'RGD1561327', 'Myt1']"
LPPPPPPPPP,14,0.00056,"['March11', 'Fhod1', 'Asxl3', 'Rnf44', 'Sp5', 'Cap2', 'Pelp1', 'Pxk', 'Raph1', 'Pcdh10', 'Prima1', 'Zfp318', 'RGD1560108', 'Pwwp2a']"
SEEEEEEEEE,14,0.00056,"['Ap3b1', 'Ehmt2', 'Zbtb4', 'Kif7', 'Zfp428', 'Cfap44', 'Senp3', 'Mterf4', 'Diexf', 'Gpatch8', 'Ppp6r1', 'Smarca4', 'Clstn1', 'Phf23']"
AAAAAAAAAV,14,0.00056,"['Pou3f3', 'Dmbx1', 'Rbm47', 'Arx', 'Olig2', 'Tle1', 'Maz', 'Q2KMK7', 'Irf2bpl', 'En1', 'Puf60', 'CBFA1', 'Th', 'Tmem158']"
KIWFQNRRMK,13,0.00052,"['Hoxc8', 'Dbx1', 'Hoxd9', 'Hoxd4', 'Q5DWV0', 'Hoxd1', 'Hoxa11', 'Hoxd3', 'Hoxc10', 'Hoxa5', 'Hoxc12', 'Hoxa1', 'Mnx1']"
EGEEEEEEEE,13,0.00052,"['Spryd3', 'Q6QI38', 'Ppm1e', 'Nrdc', 'Zmynd15', 'Ecm2', 'Cenpb', 'Catip', 'Anp32e', 'Ccdc180', 'LOC100363112', 'Wdr66', 'Myt1']"
PPPPPPPPPG,13,0.00052,"['March11', 'Pcdh15', 'Pwwp2a', 'Zc3h4', 'Cap2', 'Hoxb4', 'Esrp2', 'Magel2', 'Wasl', 'Sall2', 'Med19', 'Rprd2', 'Sf3b2']"
SSSSSSSSSG,13,0.00052,"['Lmnb2', 'E2f4', 'Egr1', 'Tnrc18', 'Nap1l3', 'Camta2', 'Dusp8', 'Srrm2', 'Sall2', 'Brdt', 'Mex3b', 'Tmem40', 'Snapc4']"
HLRTHTGEKP,13,0.00052,"['Klf11', 'Znf672', 'Zscan20', 'Zfp473', 'Zfp26', 'Klf5', 'Klf2', 'Gli4', 'Zbtb48', 'Zfp202', 'Zfp217', 'Prdm9', 'Zbtb24']"
VHTGEKPYKC,13,0.00052,"['Zfp455', 'Zfp773-ps1', 'Zfp287', 'Zfp322a', 'LOC500584', 'Zfp473', 'Zfp319', 'Zfp84', 'Znf18', 'DZF1', 'Znf513', 'Zscan20', 'Zfp61']"
GGGGGGGGGS,13,0.00052,"['Sp8', 'Gspt1', 'Hoxb3', 'LOC681410', 'Six3', 'Eomes', 'Pcdh10', 'Kcnn2', 'Krt10', 'Zfp746', 'Mex3b', 'Foxc1', 'Col17a1']"
EEEEEEDEEE,13,0.00052,"['Q6QI38', 'A0A0G2JWC5', 'Ryr1', 'Clmn', 'LOC100912163', 'Senp3', 'Smyd5', 'Hmgb1-ps3', 'Eid3', 'Tspoap1', 'Aplp2', 'Ttbk1', 'Smarca2']"
LQQQQQQQQQ,13,0.00052,"['Foxp2', 'Kmt2d', 'Mn1', 'Phf21a', 'Zfhx3', 'Paxip1', 'Ar', 'Tox3', 'Med15', 'Satb1', 'Ankrd17', 'Kcnn3', 'Tnrc6b']"
QGDSGGPLVC,13,0.00052,"['Q06605', 'Tmprss9', 'Tmprss13', 'Tmprss3', 'Tmprss6', 'Plat', 'Plg', 'Klk8', 'Prss30', 'Prss36', 'Prss55', 'F12', 'Ctrl']"
EEGEEEEEEE,13,0.00052,"['Q6QI38', 'Nrdc', 'RGD1565611', 'Usp34', 'RGD1308544', 'Ak7', 'Catip', 'Zmynd15', 'Ccdc180', 'LOC100363112', 'Wdr66', 'Tldc2', 'Myt1']"
EEEEDEEEEE,13,0.00052,"['Ythdc1', 'Cers3', 'Clmn', 'Nap1l5', 'Sstr3', 'F1LZR5', 'Cdca7', 'Il27', 'Sall2', 'Kcna4', 'Ttbk1', 'Mapk8ip2', 'Eid3']"
QQQQQQQPPP,13,0.00052,"['Foxj2', 'Znf384', 'Maml2', 'Nono', 'E9PU86', 'Tesb', 'Scaf4', 'Glg1', 'Htt', 'Satb1', 'Brd4', 'Phlpp1', 'rh']"
PSSSSSSSSS,13,0.00052,"['Chic1', 'Hdgfl2', 'Chd8', 'Aff1', 'Setd1a', 'Camta2', 'Edc4', 'Ranbp10', 'Dbn1', 'LOC100911196', 'Syn2', 'Prkd2', 'Nkx6-1']"
EEEEEEEDED,13,0.00052,"['Phactr1', 'Gpatch8', 'Prdm10', 'Rad21', 'Hmgb1', 'Pelp1', 'Abcc9', 'Kcnn1', 'Ppp6r1', 'Vgll3', 'Npm2', 'Eif5b', 'Uri1']"
EEEEEEEDEE,13,0.00052,"['Ap3b1', 'Q6QI38', 'Ehmt2', 'Ryr1', 'Senp3', 'Cfap43', 'Hmgb1-ps3', 'Eid3', 'A0A0G2JWC5', 'Aplp2', 'Ttbk1', 'Fam193a', 'Myt1']"
LLLLLLLLLL,13,0.00052,"['Cyp21', 'Prss56', 'Crb2', 'Hfe', 'Lrp8', 'M0R926', 'Ramp2', 'Mlc1', 'Q91ZR6', 'Pi16', 'Pth2', 'Lrcol1', 'LOC100912537']"
PPPPLPPPPP,12,0.00048,"['Naf1', 'Zfp462', 'Shtn1', 'Dmrtb1', 'RGD1560854', 'Pcdh10', 'Prr11', 'Prima1', 'RGD1560108', 'Vcpip1', 'Wipf3', 'Pde4d']"
GGGGSGGGGG,12,0.00048,"['Setd1a', 'Hoxd9', 'Zfp282', 'Hoxb3', 'Rfx1', 'Zfhx3', 'Lor', 'Srp68', 'Med14', 'Hnrnpul1', 'Ammecr1', 'Ilf3']"
PEEEEEEEEE,12,0.00048,"['Zfp316', 'Ifnlr1', 'Lmnb1', 'Prkcsh', 'Safb', 'Zfp366', 'Rev3l', 'Scaf1', 'Mier1', 'Plagl1', 'Taok2', 'Ccdc7']"
QQQQQQQQPQ,12,0.00048,"['Lin7a', 'Tob1', 'Clock', 'Hcn1', 'Med12', 'Irf2bpl', 'Paxip1', 'Aak1', 'Tesb', 'Tnrc6a', 'Smarca2', 'Hydin']"
PAAAAAAAAA,12,0.00048,"['Arid3b', 'Eln', 'Dmbx1', 'En1', 'Spen', 'Bhlhb3', 'Puf60', 'Tbx1', 'Irx3', 'Olig2', 'Gdf11', 'Prdm13']"
PPLPPPPPPP,12,0.00048,"['Naf1', 'March11', 'Zfp462', 'Setd1a', 'Ahdc1', 'Raph1', 'Pcdh10', 'Prima1', 'RGD1560108', 'Vcpip1', 'Brdt', 'Pde4d']"
RRIHTGEKPY,12,0.00048,"['Zfp663', 'Zfp317', 'Zfp275', 'Klf8', 'Zfp597', 'Zfp819', 'Zbtb39', 'AZF15', 'Zscan29', 'Znf22', 'Zfp386', 'Repin1']"
ASSSSSSSSS,12,0.00048,"['Rexo1l1-ps1', 'Arid3b', 'Tnrc18', 'Sp4', 'Kcnma1', 'Mllt3', 'Setd1a', 'Erf', 'E9PU86', 'Sall2', 'Nr1d1', 'Lzts2']"
HCSAGVGRTG,12,0.00048,"['Ptprv', 'Ptpn20', 'Ptpn21', 'Ptprs', 'Ptprq', 'Ptprz1', 'Ptprc', 'Ptprb', 'Ptpra', 'Ptpro', 'Ptprj', 'Ptprh']"
QRTHTGEKPY,12,0.00048,"['Znf672', 'Znf354c', 'Zfp697', 'LOC100910577', 'Znf48', 'Klf6', 'AZF12', 'Zfp605', 'Zfp68', 'Znf394', 'Zfp775', 'Znf382']"
LEEEEEEEEE,11,0.00044,"['LOC100909474', 'Neurod1', 'Mum1', 'Arid1b', 'Podxl2', 'Alms1', 'Pelp1', 'Aebp1', 'Prg2', 'Fgd1', 'Irx6']"
QEEEEEEEEE,11,0.00044,"['Ppm1f', 'Ak9', 'Fam170b', 'Pus7', 'Rcan1', 'Wwc2', 'Rgl2', 'Stra8', 'Tspoap1', 'Zeb1', 'Fbxw7']"
AQQQQQQQQQ,11,0.00044,"['Maml2', 'Kmt2d', 'CBFA1', 'Chga', 'Irf2bpl', 'Phc1', 'Cherp', 'Rbm33', 'Shroom4', 'Numbl', 'Ccnk']"
VKIWFQNRRM,11,0.00044,"['Hoxb8', 'Dbx1', 'Hoxd9', 'hox1.4', 'Hoxd1', 'Hoxa11', 'Q5DWV0', 'Hoxc10', 'Hoxc12', 'Hoxa1', 'Mnx1']"
EEEDEEEEEE,11,0.00044,"['Ythdc1', 'Ttbk1', 'Cers3', 'Timeless', 'Nap1l5', 'NRP', 'Eid3', 'Kcna4', 'Myt1', 'Mapk8ip2', 'Pak3']"
HQQQQQQQQQ,11,0.00044,"['Pou3f2', 'Tob1', 'Fam170b', 'Bhlha15', 'Nono', 'Bahcc1', 'Cxxc1', 'Q7TMB2', 'Sec24b', 'Phlda1', 'Crebbp']"
LADEMGLGKT,11,0.00044,"['Srcap', 'LOC100911660', 'Chd2', 'Chd5', 'Rad54b', 'Chd8', 'Shprh', 'Ino80', 'Smarcad1', 'Smarca4', 'Smarca5']"
PPPLPPPPPP,11,0.00044,"['Naf1', 'Zfp462', 'Ahdc1', 'Pcdh10', 'Prr11', 'Prima1', 'RGD1560108', 'Vcpip1', 'Wipf3', 'Mtfr2', 'Pde4d']"
KKKKKKKKKK,11,0.00044,"['LOC499407', 'Q7TP11', 'LOC498826', 'Q6TUF4', 'A0A0G2JT56', 'Q7TPK7', 'Knop1', 'LOC690435', 'mdg2', 'RGD1564456', 'Flywch1']"
EEEEEEEEEL,11,0.00044,"['Nlrp6', 'Znf830', 'Wwc2', 'Timeless', 'Zfp692', 'Mterf4', 'Pelp1', 'Mical1', 'Zfp541', 'Tspoap1', 'Tex2']"
EEEEEEEEEA,11,0.00044,"['Daxx', 'Irx6', 'Tonsl', 'Zfhx3', 'Cnksr2', 'Stard8', 'Zfp366', 'Rgl2', 'Wdpcp', 'Zeb1', 'Myt1']"
VHCSAGVGRT,11,0.00044,"['Ptprv', 'Ptpn20', 'Ptpn21', 'Ptprs', 'Ptprq', 'Ptprz1', 'Ptprc', 'Ptprb', 'Ptpra', 'Ptprj', 'Ptprh']"
ILADEMGLGK,11,0.00044,"['Srcap', 'LOC100911660', 'Chd2', 'Chd5', 'Rad54b', 'Chd8', 'Shprh', 'Ino80', 'Smarcad1', 'Smarca4', 'Smarca5']"
EQQQQQQQQQ,11,0.00044,"['Foxp2', 'Nfat5', 'Dennd4b', 'Prdm8', 'Zfp853', 'Irs1', 'A0A0G2JTE9', 'Med12', 'Tnrc6a', 'Phlpp1', 'Slc43a3']"
HQRVHTGEKP,11,0.00044,"['LOC102555635', 'Zfp697', 'Zfp324', 'Zfp819', 'Zfp41', 'LOC500584', 'Zkscan3', 'Zfp37', 'Znf18', 'Znf513', 'Zfp61']"
GSSSSSSSSS,11,0.00044,"['LOC680039', 'Tshz3', 'Nolc1', 'Nap1l3', 'Mprip', 'LOC307727', 'Pcif1', 'Brdt', 'Mex3b', 'Nfe2l1', 'Dusp8']"
ERERERERER,10,0.0004,"['Rere', 'Sec61g-ps1', 'LOC498826', 'LOC500702', 'Gse1', 'A0A0G2JWT9', 'Zc3h18', 'Rbm25l1', 'Ncor2', 'Peg3']"
PPGPPGPPGP,10,0.0004,"['col10A1', 'Col15a1', 'Eda', 'Gldn', 'Col1a2', 'Col23a1', 'Col26a1', 'Cpsf6', 'C1qtnf12', 'Col17a1']"
VAAAAAAAAA,10,0.0004,"['Klhl11', 'Arx', 'Hoxa13', 'Q2KMK7', 'Prpf40a', 'A0A0G2JX35', 'Tbx4', 'Foxb2', 'Alkbh5', 'Skor1']"
YTMEYYSAIK,10,0.0004,"['Q6QI38', 'Q7TP68', 'LOC364556', 'LOC102550396', 'LOC100361645', 'Q6TUG2', 'LOC102548541', 'LOC100362110', 'rCG_65891', 'Ccp6l1']"
MWYIYTMEYY,10,0.0004,"['LOC499136', 'LOC499742', 'LOC364556', 'LOC102550396', 'Q6TUG2', 'LOC102548541', 'Q7TP07', 'Q7TP68', 'rCG_65891', 'Ccp6l1']"
QQQQQPPPPP,10,0.0004,"['Socs7', 'E9PU86', 'Sik2', 'LOC100911668', 'Sf1', 'Ep400', 'Satb1', 'Brd4', 'Phlpp1', 'Tanc2']"
LELLVLEQFL,10,0.0004,"['Zfp287', 'Zfp496', 'Zkscan1', 'Zscan18', 'Zfp445', 'Zkscan5', 'Zfp167', 'Zscan10', 'Zscan21', 'Zfp202']"
QQQQQQQQQR,10,0.0004,"['Pou3f2', 'Cpeb3', 'Mn1', 'Arid1a', 'Celf3', 'Tbc1d5', 'Zfhx3', 'Myocd', 'F1LZG1', 'Tnrc6b']"
QQQQQQQQQL,10,0.0004,"['Foxp2', 'Trerf1', 'Tfeb', 'Kmt2d', 'R3hdm2', 'Paxip1', 'Aak1', 'Cpeb3', 'Sf3a3', 'LOC108349244']"
EEEEEEEGEE,10,0.0004,"['Q6QI38', 'Ak9', 'Nrdc', 'Cenpb', 'Catip', 'Themis2', 'Babam1', 'Aplp2', 'RGD1561327', 'Myt1']"
EPEPEPEPEP,10,0.0004,"['Hdgfl1', 'Q9EQF1', 'Mapk8ip2', 'Ryr1', 'Ccdc96', 'SLC16A2', 'Vsig1', 'G3bp1', 'Nol3', 'GARP']"
PPPPPLPPPP,10,0.0004,"['Shtn1', 'Dmrtb1', 'RGD1560854', 'Pcdh10', 'Prr11', 'Whamm', 'Vcpip1', 'Wipf3', 'Mtfr1', 'Pde4d']"
AEEEEEEEEE,10,0.0004,"['Nlrp6', 'Ngef', 'Mbd3', 'Plppr3', 'Tprn', 'Zfhx3', 'Spag17', '4933416C03Rik', 'Scaf1', 'Slc4a3']"
VQVWFQNRRA,10,0.0004,"['Lhx3', 'Esx1', 'Arx', 'Alx1', 'Drgx', 'Uncx', 'Otp', 'Shox2', 'Phox2a', 'Rax']"
THTGEKPYKC,10,0.0004,"['Klf12', 'Zfp9', 'Znf354c', 'Znf394', 'Klf5', 'Znf48', 'Zfp217', 'Zfp956', 'Znf76', 'Zfp202']"
RTHTGEKPYK,10,0.0004,"['Klf12', 'Zfp9', 'Znf354c', 'Znf394', 'Klf5', 'Znf48', 'Zfp217', 'Zfp956', 'Znf76', 'Zfp202']"
TMEYYSAIKN,10,0.0004,"['Q6QI38', 'Q7TP68', 'LOC364556', 'LOC102550396', 'LOC100361645', 'Q6TUG2', 'LOC102548541', 'LOC100362110', 'rCG_65891', 'Ccp6l1']"
AAAAAAAASS,10,0.0004,"['Sp8', 'Cdk13', 'Hoxd13', 'Tmem200c', 'Cpeb3', 'Sox3', 'Gata6', 'Pitx3', 'Irx1', 'Nkx6-1']"
SCQGDSGGPL,10,0.0004,"['Tmprss9', 'Prss56', 'Tmprss2', 'Prss12', 'Plg', 'Tmprss13', 'St14', 'Prss30', 'Tmprss15', 'Klng']"
RGGGGGGGGG,10,0.0004,"['Srsf1', 'U2af1', 'LOC681410', 'A0A0G2K9A5', 'Eomes', 'Krt2', 'Purg', 'Dsg2', 'Fbll1', 'Gar1']"
HRDLAARNVL,10,0.0004,"['Erbb2', 'Pdgfrb', 'Q63000', 'Frk', 'Q8K553', 'Syk', 'Jak1', 'Tie1', 'Flt3', 'Fgfr1']"
FAYGQTGSGK,10,0.0004,"['Kif16b', 'Kif17', 'Kif27', 'Kif14', 'Kif15', 'Kif13b', 'Stard9', 'Kif2b', 'Krp3a', 'Kifc1']"
MEYYSAIKNN,10,0.0004,"['Q6QI38', 'LOC100362110', 'LOC364556', 'LOC102550396', 'LOC100361645', 'Q6TUG2', 'LOC102548541', 'Thoc1', 'rCG_65891', 'Ccp6l1']"
QQQQQQPPPP,10,0.0004,"['Znf384', 'Nono', 'Sf1', 'E9PU86', 'Ep400', 'Tnrc6b', 'Satb1', 'Brd4', 'Kcnn3', 'Phlpp1']"
EEEEEEEEEP,10,0.0004,"['Lmnb1', 'Mum1', 'Stac3', 'Kif7', 'Cfap44', 'Rangap1', 'Mbd3', 'Ngef', 'NRP', 'Zcchc6']"
QQQQQQQPQQ,10,0.0004,"['Lin7a', 'Tob1', 'Clock', 'Med12', 'Aak1', 'Irf2bpl', 'Mef2a', 'Tesb', 'Smarca2', 'Hydin']"
PGPPGPPGPP,10,0.0004,"['col10A1', 'Col15a1', 'Gldn', 'O70605', 'Col1a2', 'Col12a1', 'Col23a1', 'Cpsf6', 'C1qtnf12', 'Col17a1']"
EEEEEDEEEE,10,0.0004,"['Arid3a', 'A0A0G2JWC5', 'Tnrc18', 'Sall2', 'Clmn', 'F1LZR5', 'Eid3', 'Il27', 'Bbx', 'Ttbk1']"
DSCQGDSGGP,10,0.0004,"['Tmprss9', 'Prss56', 'Tmprss2', 'Prss12', 'Plg', 'Tmprss13', 'St14', 'Prss30', 'Tmprss15', 'Klng']"
WYIYTMEYYS,9,0.00036,"['LOC499742', 'LOC100362110', 'LOC364556', 'LOC102550396', 'Q6TUG2', 'LOC102548541', 'Q7TP68', 'rCG_65891', 'Ccp6l1']"
PPQQQQQQQQ,9,0.00036,"['Trerf1', 'Arid1a', 'Celf3', 'Paxip1', 'Arhgap17', 'Brd4', 'Mail', 'St6galnac5', 'Gls']"
ILELLVLEQF,9,0.00036,"['Zfp287', 'Zfp496', 'Zkscan1', 'Zscan18', 'Zkscan5', 'Zfp167', 'Zscan10', 'Zscan21', 'Zfp202']"
SDVWSFGVLL,9,0.00036,"['Met', 'Ptk6', 'Mst1r', 'Ret', 'Map3k11', 'Flt4', 'Tie1', 'Matk', 'Fgfr1']"
PPPPPPPPPQ,9,0.00036,"['Sik2', 'Gapdhs', 'Sox17', 'M0R697', 'Htt', 'Virma', 'Kat6a', 'rh', 'Adgrb1']"
SSSSSSSSDS,9,0.00036,"['Zcchc10', 'Jmjd6', 'Fam133b', 'Aff3', 'Prr13', 'LOC100361913', 'Ppig', 'Zfp653', 'Dner']"
QQQQQQQQQH,9,0.00036,"['Foxp2', 'Kmt2d', 'Chga', 'Bahcc1', 'Phf21a', 'Mkl1', 'Paxip1', 'Vezf1', 'Slc43a3']"
HTGEKPYKCN,9,0.00036,"['Zfp248', 'LOC682206', 'Zfp473', 'LOC100910577', 'LOC500584', 'Zfp37', 'LOC102548695', 'Zkscan8', 'Zfp386']"
QLQQQQQQQQ,9,0.00036,"['E9PU86', 'Kmt2d', 'Zfhx3', 'Paxip1', 'Tox3', 'Med15', 'Satb1', 'Ankrd17', 'Kcnn3']"
EKKKKKKKKK,9,0.00036,"['Nop58', 'Q7TP11', 'LOC498826', 'Q6TUF4', 'Slu7', 'Q7TPK7', 'Knop1', 'LOC690435', 'Smarca4']"
AAAAAAVAAA,9,0.00036,"['Chd5', 'Asxl3', 'Mllt6', 'En1', 'Kcna4', 'Alkbh5', 'Hey2', 'Zmiz1', 'Stum']"
RVQVWFQNRR,9,0.00036,"['Esx1', 'Arx', 'Alx1', 'Drgx', 'Uncx', 'Otp', 'Shox2', 'Phox2a', 'Rax']"
IYTMEYYSAI,9,0.00036,"['Q6QI38', 'Q7TP68', 'LOC364556', 'LOC102550396', 'Q6TUG2', 'LOC102548541', 'LOC100362110', 'rCG_65891', 'Ccp6l1']"
HRDLKPENLL,9,0.00036,"['Ick', 'Brsk1', 'Camk1g', 'Camk2d', 'Camk4', 'Dclk3', 'Melk', 'Aurkc', 'Mapkapk5']"
DACQGDSGGP,9,0.00036,"['Prss55', 'Prss42', 'Tmprss5', 'Tmprss6', 'Plat', 'F12', 'Prss8', 'F10', 'Tmprss11d']"
QILELLVLEQ,9,0.00036,"['Zfp287', 'Zfp496', 'Zkscan1', 'Zscan18', 'Zkscan5', 'Zfp167', 'Zscan10', 'Zscan21', 'Zfp202']"
LRTHTGEKPY,9,0.00036,"['Znf672', 'Zfp558', 'Zfp473', 'Klf5', 'Klf2', 'Zfp217', 'Prdm9', 'Zfp202', 'LOC102556967']"
EEEGEEEEEE,9,0.00036,"['Nrdc', 'Usp34', 'RGD1308544', 'Ak7', 'Polr1a', 'Catip', 'Ccdc180', 'LOC100363112', 'Wdr66']"
GTPYWMAPEV,9,0.00036,"['Nrk', 'Mink1', 'Map4k3', 'Stk10', 'Q62603', 'Map3k19', 'Pak5', 'Pak1', 'Taok2']"
HRRTHTGEKP,9,0.00036,"['Zfp316', 'Klf12', 'Znf48', 'Zfp956', 'Zscan29', 'Zscan25', 'Znf652', 'Zscan21', 'Zscan2']"
YIYTMEYYSA,9,0.00036,"['LOC499742', 'LOC100362110', 'LOC364556', 'LOC102550396', 'Q6TUG2', 'LOC102548541', 'Q7TP68', 'rCG_65891', 'Ccp6l1']"
TEEEEEEEEE,9,0.00036,"['Ccdc9', 'Ccdc88b', 'Tonsl', 'Ppp4r2', 'Gtf3c3', 'Babam1', 'LOC690435', 'Wdpcp', 'Lmod2']"
HTGEKPYKCS,9,0.00036,"['Zfp663', 'Znf354c', 'LOC100910577', 'LOC500584', 'F1LZG0', 'Zfp629', 'DZF1', 'Zfp605', 'Zscan22']"
GGGGGGGGSG,9,0.00036,"['Sp8', 'Alg9', 'Mex3b', 'Srp68', 'Zfhx3', 'Pcdh10', 'Kcnn2', 'Tmem151b', 'Col17a1']"
EEEEEEEEES,9,0.00036,"['Zfp697', 'Ppp4r2', 'Slc24a1', 'Rsf1', 'Snapc5', 'Rbm19', 'Zeb2', 'Clstn1', 'Hivep3']"
DDEEEEEEEE,9,0.00036,"['Q6QI38', 'Daxx', 'Zbtb7c', 'Nap1l2', 'Rsf1', 'Myt1l', 'Npm2', 'Hrc', 'Gprasp1']"
HLRTHTGERP,9,0.00036,"['Zfp358', 'Klf16', 'Zfp324', 'Zfp263', 'Zfp182', 'Znf574', 'Zfp526', 'Znf467', 'DZF6']"
GGGGGGGSGG,9,0.00036,"['Alg9', 'Fezf2', 'Hoxd9', 'Zfp282', 'Zfhx3', 'Setd1a', 'Srp68', 'Zswim8', 'Col17a1']"
RERERERERE,9,0.00036,"['Rere', 'Sec61g-ps1', 'LOC498826', 'LOC500702', 'Gse1', 'A0A0G2JWT9', 'Zc3h18', 'Rbm25l1', 'Peg3']"
VWFQNRRAKW,9,0.00036,"['Nobox', 'Arx', 'Alx1', 'Drgx', 'Uncx', 'Esx1', 'Vsx1', 'Otp', 'Rax']"
WFQNRRAKWR,9,0.00036,"['Hhex', 'Nobox', 'Arx', 'Alx1', 'Drgx', 'Uncx', 'Esx1', 'Vsx1', 'Rax']"
TQVKIWFQNR,9,0.00036,"['Hmx3', 'Hoxa1', 'Hoxd1', 'Nkx1-2', 'Nkx3-1', 'Msx2', 'Nkx2-5', 'Mnx1', 'Dlx3']"
PEPEPEPEPE,9,0.00036,"['Hdgfl1', 'Q9EQF1', 'Ryr1', 'Ccdc96', 'SLC16A2', 'G3bp1', 'Nol3', 'Plagl1', 'GARP']"
RTHTGEKPYE,8,0.00032,"['Zbtb7a', 'Zfp9', 'LOC102555635', 'GIOT2', 'Zkscan3', 'Zfp90', 'Zfp629', 'AZF5']"
RIHTGEKPYA,8,0.00032,"['Zfp334', 'Zfp853', 'Zfp819', 'Zfp787', 'AZF15', 'Zfp90', 'GIOT2', 'Znf667']"
QPQPQPQPQP,8,0.00032,"['Ptpn23', 'Ints7', 'Loxl1', 'Baz2a', 'Tns1', 'Phlda1', 'Ctcf', 'LOC100911672']"
WDTAGQERFR,8,0.00032,"['Rab9a', 'Rab27a', 'Rab33b', 'Rab4a', 'Rab6a', 'Rab19', 'Rab42', 'Rasef']"
EQILELLVLE,8,0.00032,"['Zfp287', 'Zfp496', 'Zkscan1', 'Zscan18', 'Zkscan5', 'Zfp167', 'Zscan21', 'Zfp202']"
DVWSFGVLLW,8,0.00032,"['Met', 'Mst1r', 'Ret', 'Map3k11', 'Flt4', 'Tie1', 'Matk', 'Fgfr1']"
HIRTHTGEKP,8,0.00032,"['Zfp483', 'Zfp648', 'Mtf1', 'Egr1', 'Znf426', 'Prdm6', 'Snai2', 'Zbtb7a']"
APAPAPAPAP,8,0.00032,"['Obscn', 'Map1a', 'Alpk3', 'Bag6', 'Trim33', 'BMK1/ERK5', 'Kmt2a', 'Myl4']"
PPPPPPPPPS,8,0.00032,"['Ddx17', 'Scaf11', 'Zfhx4', 'Asxl3', 'Rnf44', 'R3hdm1', 'Pclo', 'Lzts2']"
GPPPPPPPPP,8,0.00032,"['Smn1', 'Scaf11', 'Cdk12', 'Enah', 'Zc3h4', 'Hoxb4', 'Smr3a', 'Myrf']"
SSSSSSSSSA,8,0.00032,"['Rexo1l1-ps1', 'E9PU86', 'Hdgfl2', 'Lzts2', 'Nfe2l1', 'Setd1a', 'She', 'Syn2']"
SSSSSSSSSD,8,0.00032,"['Zcchc10', 'Jmjd6', 'Chd8', 'Nolc1', 'Prr13', 'LOC100361913', 'Brd2', 'Dner']"
SSSSSSSSSP,8,0.00032,"['Spats1', 'Srrm2', 'Erf', 'Cul4b', 'Ranbp10', 'Rnf126', 'Dbn1', 'Nkx6-1']"
SSSSSSSSST,8,0.00032,"['Cir1', 'Tnrc18', 'Arl6ip4', 'Aff3', 'Tp73', 'Prg4', 'Tmem200c', 'Pnn']"
QRVHTGEKPY,8,0.00032,"['LOC102555635', 'Zfp697', 'LOC500584', 'Zkscan3', 'Zfp37', 'Znf18', 'Znf513', 'Zfp61']"
DEDEEEEEEE,8,0.00032,"['Armcx1', 'Bcl11b', 'Gtf3c6', 'LOC108350839', 'Aplp2', 'Hivep3', 'Tmed8', 'Abcc9']"
HQRIHTGERP,8,0.00032,"['Zfp648', 'Zfp819', 'Zfp775', 'Zfp39', 'Zfp189', 'Zfp212', 'Zkscan8', 'Znf467']"
QQQQQQQQQS,8,0.00032,"['Nfat5', 'Zmynd8', 'Irs1', 'Zfhx3', 'Sec24b', 'Ankrd17', 'Thap11', 'Crebbp']"
QQQQQQQQQA,8,0.00032,"['Tbp', 'Zfhx3', 'Phc1', 'Med15', 'Kcnn3', 'St6galnac5', 'Ccnk', 'Numbl']"
VHRDLAARNV,8,0.00032,"['Erbb2', 'Pdgfrb', 'Csk', 'Syk', 'Q8K553', 'Srms', 'Jak1', 'Flt3']"
THTGEKPYTC,8,0.00032,"['Znf689', 'Zfp697', 'E9PT35', 'Zfp473', 'Zfp13', 'Zfp951', 'Snai3', 'Zscan25']"
RTHTGEKPYA,8,0.00032,"['Znf672', 'Zfp324', 'Zfp819', 'LOC102555672', 'Klf1', 'Znf394', 'Ctcf', 'Zfp9']"
RTHTGEKPYT,8,0.00032,"['Znf689', 'Zfp697', 'E9PT35', 'Zfp791', 'Zfp473', 'Zfp13', 'Snai3', 'Zscan25']"
GLPGPPGPPG,8,0.00032,"['col10A1', 'Scara3', 'Col18a1', 'C1qtnf7', 'Erfe', 'Col28a1', 'Col1a1', 'Itih4']"
AAAAAAAAAT,8,0.00032,"['Tbl1x', 'Arx', 'Zfr', 'Sgcb', 'Fbrs', 'Snph', 'Skida1', 'Nkx2-4']"
GGGSGGGGGG,8,0.00032,"['Lor', 'Hoxd9', 'Rfx1', 'Zfhx3', 'Syngap1', 'Srp68', 'Setd1a', 'Wipf1']"
EEDEEDEEEE,8,0.00032,"['Chic1', 'Hap1', 'Hmgb1', 'Eif3d', 'Slc24a1', 'Prm3', 'Ttbk1', 'Brd2']"
RGRGRGRGRG,8,0.00032,"['Kmt2b', 'Snrpd1', 'Larp1b', 'Chtop', 'Zfp579', 'Rbm26', 'Rps2', 'Mbd2']"
NSIRHNLSLN,8,0.00032,"['Foxj1', 'Foxj2', 'Foxk2', 'Foxg1', 'Foxd1', 'Foxl2', 'Foxi1', 'Foxc2']"
QQPPPPPPPP,8,0.00032,"['Smarcc2', 'Socs7', 'Sik2', 'Setd1a', 'Rbm33', 'Brd4', 'Kat6a', 'Trim66']"
QRQQQQQQQQ,8,0.00032,"['Nr3c1', 'Zmynd8', 'Gigyf1', 'Tbp', 'Q7TSX7', 'Tbc1d5', 'Cpeb3', 'Prrc2b']"
GSGGGGGGGG,8,0.00032,"['Sp8', 'Pou3f2', 'Hoxc13', 'Gdf7', 'Srp68', 'Zfhx3', 'Pou4f2', 'Mex3b']"
IHTGEKPYAC,8,0.00032,"['Zfp334', 'Zfp853', 'Zfp819', 'Zfp787', 'AZF15', 'Zfp90', 'GIOT2', 'Znf667']"
KEQILELLVL,8,0.00032,"['Zfp287', 'Zfp496', 'Zkscan1', 'Zscan18', 'Zkscan5', 'Zfp167', 'Zscan21', 'Zfp202']"
THTGEKPYAC,8,0.00032,"['Znf672', 'Zfp324', 'Zfp819', 'LOC102555672', 'Klf1', 'Znf394', 'Ctcf', 'Zfp9']"
RSRSRSRSRS,8,0.00032,"['Srsf6', 'Zranb2', 'Rsrc2', 'Lbr', 'Cherp', 'Rbmx2', 'Cactin', 'Zfp638']"
AAAAAAAASG,8,0.00032,"['Tmem64', 'Fbxo41', 'Arid1a', 'Evx2', 'Phc2', 'Sox3', 'Clasrp', 'Pbx1']"
TTTTTTTTTT,8,0.00032,"['Olfml2a', 'Nup62', 'Phf21b', 'Tnip1', 'Muc19', 'Q6TUI3', 'P51740', 'Cadm1']"
RDLAARNVLV,8,0.00032,"['Erbb2', 'Q63000', 'Frk', 'Q8K553', 'Jak1', 'Tie1', 'Flt3', 'Fgfr1']"
TAAAAAAAAA,8,0.00032,"['Znrf2', 'Arx', 'Ascl1', 'Hoxa13', 'Rbm24', 'Rbm47', 'Sox3', 'Tmem158']"
CEGCKGFFRR,8,0.00032,"['Rarb', 'Pparg', 'Rorb', 'Thra', 'Nr1i2', 'Nr1h4', 'Nr1d2', 'Nr1h2']"
QHQRIHTGEK,8,0.00032,"['Zfp483', 'Zfp59', 'AZF11', 'Zfp655', 'Znf768', 'Zfp90', 'Znf22', 'Zfp386']"
AAVAAAAAAA,8,0.00032,"['Klhl11', 'Deaf1', 'Q2KMK7', 'En1', 'Med14', 'Alkbh5', 'Aard', 'Skor1']"
EEEEEEEEDG,8,0.00032,"['A0A0G2KA73', 'Neurod4', 'Pus7', 'LOC500956', 'Ecm2', 'Spryd3', 'Ipo9', 'Mapk8ip2']"
AAAVAAAAAA,8,0.00032,"['Klhl11', 'Sh3rf1', 'Deaf1', 'Q2KMK7', 'En1', 'Alkbh5', 'Prkd1', 'Skor1']"
RVHTGEKPYK,8,0.00032,"['Zfp287', 'Zfp111', 'Zfp319', 'LOC500584', 'Znf18', 'Znf513', 'DZF1', 'Zscan20']"
ACQGDSGGPL,8,0.00032,"['Prss55', 'Prss42', 'Tmprss5', 'Tmprss6', 'Plat', 'F12', 'Prss8', 'Tmprss11d']"
AAAAAAAAVA,8,0.00032,"['Arx', 'Mllt6', 'Q2KMK7', 'Znf385d', 'En1', 'Th', 'Zmiz1', 'Alkbh5']"
CSAGVGRTGT,8,0.00032,"['Ptprv', 'Ptprz1', 'Ptprc', 'Ptprb', 'Ptpra', 'Ptpro', 'Ptprj', 'Ptprh']"
RHQRIHTGEK,8,0.00032,"['Znf354c', 'Zfp84', 'Zfp473', 'LOC500584', 'Zscan29', 'Zfp629', 'Zscan25', 'Zfp605']"
THTGEKPYEC,8,0.00032,"['Zbtb7a', 'Zfp9', 'LOC102555635', 'GIOT2', 'Zkscan3', 'Zfp90', 'Zfp629', 'AZF5']"
GGGGGGSGGG,8,0.00032,"['Alg9', 'Fezf2', 'Zfp282', 'Zfhx3', 'Setd1a', 'Srp68', 'Fndc3b', 'Col17a1']"
EEEEGEEEEE,8,0.00032,"['Klhl34', 'Nrdc', 'Trim26', 'Ak7', 'Catip', 'Q56PB7', 'Ccdc180', 'LOC100363112']"
HHHHHHHHHQ,8,0.00032,"['Pou4f1', 'Nr4a3', 'Otx1', 'Dlgap3', 'Dcp1b', 'Onecut2', 'RGD1564405', 'Meox2']"
HERIHTGEKP,8,0.00032,"['Znf354a', 'Zfp319', 'LOC691661', 'GIOT2', 'LOC100911196', 'LOC100910046', 'Zim1', 'Znf667']"
HTGEKPYKCE,8,0.00032,"['Zfp455', 'Zscan22', 'Znf768', 'AZF11', 'Ikzf5', 'Zfp386', 'Zfp217', 'Zfp61']"
VWSFGVLLWE,8,0.00032,"['Met', 'Mst1r', 'Ret', 'Map3k11', 'Tie1', 'Matk', 'Kdr', 'Fgfr1']"
EEEEEGEEEE,8,0.00032,"['Nrdc', 'Hap1', 'Skida1', 'Trim26', 'Cenpb', 'Catip', 'Ccdc180', 'Cwc22']"
GPPGPQGPPG,8,0.00032,"['Eda', 'Col18a1', 'Colq', 'Erfe', 'Col28a1', 'Col16a1', 'Col20a1', 'Col17a1']"
PAPPPPPPPP,8,0.00032,"['Wt1', 'Fhdc1', 'Srrm1', 'Skor2', 'Sall2', 'Wipf3', 'Btbd1', 'Sema4g']"
PAPAPAPAPA,8,0.00032,"['Obscn', 'Map1a', 'Kmt2a', 'Bag6', 'Trim33', 'BMK1/ERK5', 'Myl1', 'Dennd1a']"
GGGGGGGGGA,8,0.00032,"['Pou3f3', 'Srsf1', 'Prdm13', 'Gdf7', 'Yeats2', 'Lrch2', 'Nkx2-1', 'Ppp4r3c']"
HQRTHTGERP,8,0.00032,"['Zfp316', 'D4AEJ1', 'Zfp853', 'Klf14', 'Zfp956', 'Znf768', 'Zfp629', 'Zfp180']"
AGGGGGGGGG,8,0.00032,"['Pou3f3', 'Capns1', 'Bicra', 'Six3', 'Yeats2', 'Lrch2', 'Maf', 'Col17a1']"
DSSSSSSSSS,8,0.00032,"['Naf1', 'Zcchc10', 'Jmjd6', 'LOC689039', 'E2f4', 'LOC100361913', 'Pnn', 'Brd2']"
EEEEEEEDDD,7,0.00028,"['Trap1a', 'Nrdc', 'Homez', 'LOC108349189', 'Csrnp3', 'Dmtn', 'Hrc']"
DEEDEEEEEE,7,0.00028,"['Chic1', 'Hmgb1', 'Eif3d', 'Rangap1', 'Slc24a1', 'Ptms', 'Ccdc184']"
AAAAVAAAAA,7,0.00028,"['Deaf1', 'En1', 'TSLC1', 'Zmiz1', 'Alkbh5', 'Prkd1', 'Cadm1']"
EEEEDEEDEE,7,0.00028,"['Ap3b1', 'Chic1', 'Slc24a1', 'Prm3', 'Ttbk1', 'Brd2', 'Myt1']"
QRIHTGERPY,7,0.00028,"['Zfp819', 'Zfp775', 'Zfp39', 'Zfp189', 'Zfp212', 'Zkscan8', 'Znf467']"
AYGQTGSGKT,7,0.00028,"['Kif27', 'Kif4a', 'Kif15', 'Stard9', 'Kif2b', 'Krp3a', 'Kifc1']"
SSSSSSSSSE,7,0.00028,"['Zcchc10', 'Pnn', 'Setd1a', 'Arhgap33', 'LOC307727', 'Pcif1', 'Pcdh15']"
QQQQQQQQQE,7,0.00028,"['Gigyf1', 'Sik3', 'CBFA1', 'Prrc2b', 'Ar', 'Tnrc6a', 'Prdm8']"
DEMGLGKTIQ,7,0.00028,"['Srcap', 'Chd2', 'Zranb3', 'Chd8', 'Q2KMK7', 'Smarcad1', 'Smarca4']"
EDEDEEEEEE,7,0.00028,"['Snip1', 'Tmed8', 'Ncl', 'Abcc9', 'LOC108350839', 'Aplp2', 'Gtf3c6']"
ASAAAAAAAA,7,0.00028,"['Hmx3', 'Tmem64', 'Sp5', 'LOC100911319', 'Pitx3', 'Foxc1', 'Nkx6-1']"
WQNSIRHNLS,7,0.00028,"['Foxj1', 'Foxk2', 'Foxg1', 'Foxd1', 'Foxl2', 'Foxi1', 'Foxc2']"
AVAAAAAAAA,7,0.00028,"['Klhl11', 'Deaf1', 'Q2KMK7', 'A0A0G2K4D5', 'Med14', 'Alkbh5', 'Skor1']"
PPPPPPPPAP,7,0.00028,"['Washc1', 'Bag6', 'Enah', 'Hcn2', 'Dab2ip', 'Btbd1', 'Inf2']"
HTGEKPYKCK,7,0.00028,"['Zfp483', 'Zfp334', 'Zfp846', 'Zfp84', 'Zfp236', 'Zfp386', 'Zscan21']"
HTGEKPYKCP,7,0.00028,"['Zfp536', 'Zfp319', 'Zfp516', 'Znf18', 'Znf513', 'Znf76', 'Zscan2']"
HTGEKPYKCT,7,0.00028,"['Klf12', 'Zfp597', 'Zfp449', 'Klf5', 'Znf18', 'LOC102551539', 'Zfp319']"
SRSRSRSRSR,7,0.00028,"['Srsf6', 'Zranb2', 'Rsrc2', 'Lbr', 'Cherp', 'Cactin', 'Zfp638']"
LLLLLLLLPP,7,0.00028,"['Scube2', 'Ptgs1', 'Qsox1', 'Mmp11', 'Plod3', 'Mlec', 'Crb2']"
KSDVWSFGVL,7,0.00028,"['Ptk6', 'Syk', 'Tec', 'Mst1r', 'Met', 'Tie1', 'Matk']"
NLVDLAGSER,7,0.00028,"['Kif9', 'Cenpe', 'Kif3c', 'Kif15', 'Stard9', 'Kifc3', 'Kifc1']"
QLWDTAGQER,7,0.00028,"['Rab27a', 'Rab34', 'Rab33b', 'Rab6a', 'Rab44', 'Rab42', 'Rasef']"
AAAAAAAAAE,7,0.00028,"['Barx2', 'Pou3f1', 'Hoxd11', 'Spen', 'Zic2', 'Tbx4', 'Alkbh5']"
PLLLLLLLLL,7,0.00028,"['Lrp1', 'Tmub1', 'Mmp11', 'Metrnl', 'Ramp2', 'Sct', 'Pi16']"
HRDLAARNIL,7,0.00028,"['Tek', 'Epha7', 'Ret', 'Kit', 'Jak3', 'Matk', 'Flt1']"
SSSSSSSTSS,7,0.00028,"['Cir1', 'Arl6ip4', 'Adamts9', 'Crtc2', 'Dcaf5', 'Pnn', 'Cbx2']"
GILADEMGLG,7,0.00028,"['Srcap', 'LOC100911660', 'Smarca4', 'Ino80', 'Smarcad1', 'Shprh', 'Smarca5']"
EEEEEEDEDE,7,0.00028,"['Prdm10', 'Hmgb1', 'Bod1l1', 'Ppp6r1', 'Vgll3', 'Eif5b', 'Npm2']"
HMRTHTGEKP,7,0.00028,"['Zfp764', 'Zbtb7c', 'Zfp536', 'Zfp12', 'Zfp786', 'Znf426', 'Zfp711']"
EDEEEDEEEE,7,0.00028,"['Ythdc1', 'Plcb3', 'Setd1a', 'Baz2b', 'RGD1564534', 'Cwc22', 'Myt1']"
KKEEEEEEEE,7,0.00028,"['Q6TXI0', 'Fam177a1', 'Mlec', 'Ina', 'Eid3', 'LOC689713', 'Q7TP26']"
SHTGEKPYKC,7,0.00028,"['Zfp236', 'LOC102555672', 'Bcl11b', 'Zfp37', 'Zfp629', 'Ikzf5', 'Zkscan8']"
EEEDEEDEEE,7,0.00028,"['Ap3b1', 'Chic1', 'Slc24a1', 'Prm3', 'Ttbk1', 'Brd2', 'Myt1']"
IWFQNRRMKW,7,0.00028,"['Hoxb8', 'Dbx1', 'hox1.4', 'Q5DWV0', 'Hoxa5', 'Pdx1', 'Mnx1']"
MAYDRYVAIC,7,0.00028,"['Olr1078', 'Olr35', 'Olr226', 'Olr217', 'Q9Z231', 'LOC100909692', 'Olr85']"
ADEMGLGKTI,7,0.00028,"['Srcap', 'Chd2', 'Zranb3', 'Chd8', 'Q2KMK7', 'Smarcad1', 'Smarca4']"
MEEEEEEEEE,7,0.00028,"['Trap1a', 'Pcgf6', 'Cacna1f', 'Snapc5', 'Rrp12', 'Rbm19', 'RGD1561327']"
HTGEKPYECN,7,0.00028,"['DZF13', 'Zbtb7a', 'Zbtb16', 'LOC102555635', 'Zkscan1', 'Znf260', 'GIOT2']"
AAAAAVAAAA,7,0.00028,"['Asxl3', 'Deaf1', 'En1', 'TSLC1', 'Zmiz1', 'Alkbh5', 'Cadm1']"
RHQRTHTGEK,7,0.00028,"['Znf672', 'Mzf1', 'LOC108348145', 'RGD1566386', 'DZF4', 'Prdm9', 'Zfp202']"
SQQQQQQQQQ,7,0.00028,"['Nfat5', 'Ncoa6', 'Cpeb3', 'Myocd', 'Maml2', 'Tcf20', 'Ncor2']"
EKEEEEEEEE,7,0.00028,"['LOC500846', 'Mycl', 'rCG_65913', 'Q6QI52', 'Q56PB7', 'LOC499584', 'Isy1']"
RRTHTGEKPY,7,0.00028,"['Klf12', 'Znf48', 'Zscan29', 'Zscan25', 'Znf652', 'Zscan21', 'Zscan2']"
PGPPGPQGPP,7,0.00028,"['Eda', 'Col18a1', 'Colq', 'Erfe', 'Col16a1', 'Col20a1', 'Col17a1']"
GGSGGGGGGG,7,0.00028,"['Sp8', 'Pou3f2', 'Hoxd9', 'Syngap1', 'Srp68', 'Setd1a', 'Wipf1']"
GRGRGRGRGR,7,0.00028,"['Snrpd1', 'Larp1b', 'Chtop', 'Zfp579', 'Rbm26', 'Rps2', 'Mbd2']"
TSSSSSSSSS,7,0.00028,"['Spats1', 'Lmnb2', 'Tnrc18', 'Tmem200c', 'She', 'Kdm6b', 'Sh3pxd2a']"
RRIHTGERPY,7,0.00028,"['Zfp316', 'Mzf1', 'A0A0G2K2N9', 'Znf574', 'Zfp777', 'LOC100911224', 'Repin1']"
EEEEEDEEED,7,0.00028,"['Q6QI38', 'Rtn4', 'LOC100912163', 'Hmgb1-ps3', 'F1LZR5', 'Aplp2', 'Mapk8ip2']"
SPSSSSSSSS,7,0.00028,"['Chic1', 'Hdgfl2', 'Chd8', 'Setd1a', 'Camta2', 'Edc4', 'RGD1564405']"
HTKEQILELL,7,0.00028,"['Zfp483', 'Zfp167', 'Zfp496', 'Zkscan5', 'Zfp174', 'Zscan25', 'Zscan21']"
GGGGGGGGSS,7,0.00028,"['Gspt1', 'Twist1', 'Hoxb3', 'Kcnma1', 'Krt10', 'Zfp746', 'Foxc1']"
EYYSAIKNND,7,0.00028,"['Q6TXG5', 'LOC364556', 'LOC102550396', 'LOC100361645', 'Thoc1', 'rCG_65891', 'Ccp6l1']"
EEEEEEEEEN,7,0.00028,"['Cers3', 'Cacna1f', 'A0A0G2K9A5', 'Q56PB7', 'Myt1l', 'Spag17', 'Ibsp']"
QQQPPPPPPP,7,0.00028,"['Smarcc2', 'Socs7', 'Sik2', 'Sf1', 'Rbm33', 'Brd4', 'Trim66']"
RSHTGEKPYK,7,0.00028,"['Zfp629', 'Bcl11b', 'Zfp37', 'Zfp236', 'Ikzf5', 'Zkscan8', 'A0A0G2K197']"
EEEEEEEEKE,7,0.00028,"['Fgd1', 'Styxl1', 'Mpl', 'Ppargc1b', 'Setd1b', 'LOC499584', 'LOC100910668']"
YKVETIGDAY,7,0.00028,"['Npr1', 'Gucy2c', 'Gucy2d', 'Gucy2g', 'Gucy1a2', 'Gucy1b2', 'O35798']"
VVHCSAGVGR,7,0.00028,"['Ptprs', 'Ptprq', 'Ptpn14', 'Ptprc', 'Ptprb', 'Ptpra', 'Ptprz1']"
QHQQQQQQQQ,7,0.00028,"['Pou3f2', 'Tob1', 'Fam170b', 'Bahcc1', 'Sec24b', 'Phlda1', 'Crebbp']"
LAAAAAAAAA,7,0.00028,"['Midn', 'Gbx1', 'Prdm12', 'Tmem200c', 'Sowaha', 'Gata4', 'Irx1']"
GSAAAAAAAA,7,0.00028,"['Zfp703', 'Vax1', 'Gsx2', 'Id4', 'Zic2', 'Foxb2', 'Pbx1']"
QRIHTGEKPF,7,0.00028,"['DZF12', 'RGD1561277', 'LOC102553760', 'Zfp41', 'Zkscan2', 'Zfp90', 'Zfp213']"
EDEEDEEEEE,7,0.00028,"['Chic1', 'Hap1', 'Rtn4', 'Hmgb1', 'Eif3d', 'Rangap1', 'Slc24a1']"
EAAAAAAAAA,7,0.00028,"['Zdbf2', 'CBFA1', 'Barx2', 'Fbrs', 'Snph', 'Th', 'Clasrp']"
KHQRTHTGEK,7,0.00028,"['Zfp248', 'LOC100910577', 'Znf48', 'Znf18', 'Zfp11', 'Znf394', 'Prdm9']"
GGGGGGGGGD,7,0.00028,"['Pou3f2', 'A0A0G2KAZ4', 'Q7TP94', 'LOC500594', 'Dsg1', 'Fbll1', 'LOC100363129']"
QNSIRHNLSL,7,0.00028,"['Foxj1', 'Foxk2', 'Foxg1', 'Foxd1', 'Foxl2', 'Foxi1', 'Foxc2']"
DTAGQERFRS,7,0.00028,"['Rab9a', 'Rab27a', 'Rab26', 'Rab39a', 'Rab4a', 'Rab6a', 'Rasef']"
QHQRTHTGEK,7,0.00028,"['Zfp663', 'LOC691170', 'Zfp697', 'Znf22', 'Zfp629', 'Prdm9', 'Zfp180']"
KQQQQQQQQQ,7,0.00028,"['Mink1', 'Kmt2d', 'Cdx1', 'Aak1', 'Vezf1', 'Sf3a3', 'Elmsan1']"
SSSSSSSSTS,7,0.00028,"['Cir1', 'Arl6ip4', 'Aff3', 'Tmem200c', 'Crtc2', 'Pnn', 'Cbx2']"
HRRIHTGERP,7,0.00028,"['Zfp316', 'Mzf1', 'A0A0G2K2N9', 'Znf574', 'Zfp777', 'LOC100911224', 'Repin1']"
SDSSSSSSSS,7,0.00028,"['Naf1', 'Zcchc10', 'Jmjd6', 'Hectd4', 'Zfp653', 'LOC100361913', 'Brd2']"
GGGGGSGGGG,7,0.00028,"['Hoxd9', 'Zfp282', 'Zfhx3', 'Setd1a', 'Fezf2', 'Med14', 'Hnrnpul1']"
QQQQQQPQQQ,6,0.00024,"['Klhl14', 'Med12', 'Tesb', 'Mef2a', 'Tob1', 'Hydin']"
RTHTGEKPYQ,6,0.00024,"['Zfp711', 'Znf382', 'AZF12', 'Znf22', 'Znf394', 'Zscan29']"
EIEAIKKEHM,6,0.00024,"['Q6QI38', 'A0A0G2K4R8', 'LOC100364265', 'LOC317588', 'Vom2r52', 'Q6TUG5']"
EAIKKEHMET,6,0.00024,"['Q6QI38', 'A0A0G2K4R8', 'LOC100364265', 'LOC317588', 'Vom2r52', 'Q6TUG5']"
SSSSSSSSPS,6,0.00024,"['Spats1', 'Srrm2', 'Spred3', 'Ranbp10', 'Rnf126', 'Nkx6-1']"
RIHTGEKPYV,6,0.00024,"['Znf143', 'Znf382', 'Zfp583', 'LOC102546572', 'Zscan4f', 'Repin1']"
RIHTGEKPYQ,6,0.00024,"['DZF11', 'Zbtb39', 'Zkscan3', 'Znf260', 'Zscan29', 'Zfp174']"
IHTGEKPYQC,6,0.00024,"['DZF11', 'Zbtb39', 'Zkscan3', 'Znf260', 'Zscan29', 'Zfp174']"
EGCKGFFRRS,6,0.00024,"['Vdr', 'Rorb', 'Rarb', 'Nr1h4', 'Nr1d2', 'Nr1h2']"
GGGGGGGGGR,6,0.00024,"['U2af1', 'LOC681410', 'Pou4f2', 'Purg', 'Tra2a', 'Gar1']"
DRYVAICRPL,6,0.00024,"['Olr7', 'Olr140', 'Olr161', 'Olr1693', 'Olr35', 'Olr901']"
PQPQPQPQPQ,6,0.00024,"['Ptpn23', 'Loxl1', 'Baz2a', 'Phlda1', 'Ctcf', 'LOC100911672']"
GGGGGAGGGG,6,0.00024,"['Pou3f3', 'Twist1', 'Mllt6', 'Six3', 'Zic2', 'Hoxd11']"
VYKVETIGDA,6,0.00024,"['Npr1', 'Gucy2c', 'Gucy2d', 'Gucy2g', 'Gucy1a1', 'Gucy1b2']"
PPGTGKTLLA,6,0.00024,"['Pex1', 'Pex6', 'Yme1l1', 'Afg3l1', 'Katna1', 'Psmc5']"
HHRIHTGEKP,6,0.00024,"['AZ61', 'A0A0G2K197', 'Zkscan3', 'Gzf1', 'Zfp90', 'Zscan21']"
GPPGTGKTLL,6,0.00024,"['Pex1', 'Pex6', 'Yme1l1', 'Afg3l1', 'Katna1', 'Psmc5']"
IHTGEKPYVC,6,0.00024,"['Znf143', 'Znf382', 'Zfp583', 'LOC102546572', 'Zscan4f', 'Repin1']"
EEEEKEEEEE,6,0.00024,"['Q6QI38', 'Q7TP46', 'Chga', 'LOC690435', 'LOC499584', 'Ldhd']"
PPAPPPPPPP,6,0.00024,"['Wt1', 'Dtx1', 'Bod1l1', 'Rcor2', 'Wipf3', 'Btbd1']"
FVHRDLAARN,6,0.00024,"['Csk', 'Syk', 'Mst1r', 'Met', 'Q99MC5', 'Insrr']"
QQQQPPPPPP,6,0.00024,"['Socs7', 'Sik2', 'LOC100911668', 'Sf1', 'Satb1', 'Brd4']"
SSSSSSSSSL,6,0.00024,"['Rexo1l1-ps1', 'Magec2', 'Edc4', 'LOC685391', 'Sh3pxd2a', 'Ing3']"
PPPPPPPPQQ,6,0.00024,"['Tob1', 'Sik2', 'Sox17', 'Rbm33', 'Kat6a', 'Adgrb1']"
DVYKVETIGD,6,0.00024,"['Npr1', 'Gucy2c', 'Gucy2d', 'Gucy2g', 'Gucy1a1', 'Gucy1b2']"
QQQQQQQQQV,6,0.00024,"['Nfat5', 'Foxp1', 'Bhlha15', 'Kmt2d', 'Dennd4b', 'Tcf20']"
IHTGEKPYEC,6,0.00024,"['Zbtb16', 'LOC102555635', 'E9PT35', 'Zkscan1', 'Znf260', 'DZF5']"
GKWLELENII,6,0.00024,"['LOC100362110', 'Q6TUG2', 'LOC102548541', 'LOC499742', 'rCG_65891', 'Ccp6l1']"
LLYGPPGTGK,6,0.00024,"['Pex1', 'Rfc5', 'Katnal2', 'Vcp', 'Psmc5', 'Spata5']"
CVCVCVCVCV,6,0.00024,"['Fndc3c1', 'Q6RY99', 'A0A0G2JXP8', 'Adgb', 'Frrs1', 'F1M4I8']"
RIHTGEKPYE,6,0.00024,"['Zbtb16', 'LOC102555635', 'E9PT35', 'Zkscan1', 'Znf260', 'DZF5']"
VEAYREESQK,6,0.00024,"['Q6QI38', 'LOC100364265', 'LOC317588', 'Q6QI35', 'Vom2r52', 'rCG_65891']"
DEEEEDEEEE,6,0.00024,"['Ythdc1', 'Chic1', 'Apbb1', 'Nap1l5', 'Arsi', 'Anp32a']"
GGGAGGGGGG,6,0.00024,"['Pou3f3', 'Twist1', 'Tcf7l1', 'Six3', 'Zic2', 'Hoxd11']"
AAAAAAAVAA,6,0.00024,"['Chd5', 'Mllt6', 'Rsf1', 'En1', 'Zmiz1', 'Alkbh5']"
SSRSHAIFTI,6,0.00024,"['Kif16b', 'Kif27', 'Kif4a', 'Stard9', 'KRP5', 'Kif21b']"
LQLWDTAGQE,6,0.00024,"['Rab27a', 'Rab34', 'Rab39a', 'Rab6a', 'Rab44', 'Rasef']"
SHHHHHHHHH,6,0.00024,"['Ccdc170', 'Syngap1', 'Dlgap3', 'Dyrk1a', 'RGD1564405', 'Sorbs2']"
ITMNPGYAGR,6,0.00024,"['Dnah17', 'Dnah12', 'Q2KML4', 'DLP9', 'DLP12', 'Dync1h1']"
ELENIILSEL,6,0.00024,"['Q6TXE2', 'LOC100361645', 'Q7TMA9', 'LOC102548541', 'Q7TPL1', 'Ccp6l1']"
KRPMNAFMVW,6,0.00024,"['Sox30', 'Sox10', 'Sox11', 'M1T7R1', 'Sry', 'Sox5']"
RTHTGEKPYR,6,0.00024,"['Znf143', 'Mzf1', 'Znf48', 'Klf6', 'Znf513', 'LOC102551539']"
YGPPGTGKTL,6,0.00024,"['Pex1', 'Katnal2', 'Vcp', 'Atad3', 'Atad2b', 'Psmc5']"
IEAIKKEHME,6,0.00024,"['Q6QI38', 'A0A0G2K4R8', 'LOC100364265', 'LOC317588', 'Vom2r52', 'Q6TUG5']"
KWMELENIIL,6,0.00024,"['LOC364556', 'LOC102550396', 'Q6QI37', 'LOC317165', 'LOC100361645', 'LOC102548541']"
RQVKIWFQNR,6,0.00024,"['Hoxb8', 'Hoxd9', 'hox1.4', 'Cdx1', 'Hoxa11', 'Hoxc10']"
IHTGEKPYRC,6,0.00024,"['Zfp90', 'Zfp142', 'Zfp180', 'Zim1', 'Zscan22', 'DZF7']"
DACKGDSGGP,6,0.00024,"['Klkb1', 'Cfi', 'F7', 'Tmprss7', 'Prss27', 'Tmprss11f']"
TKEQILELLV,6,0.00024,"['Zfp496', 'Zkscan1', 'Zkscan5', 'Zfp167', 'Zscan21', 'Zfp202']"
GPIVVHCSAG,6,0.00024,"['Ptpn7', 'P70529', 'Ptpre', 'Ptprc', 'Ptpn1', 'Ptprk']"
VPPPPPPPPP,6,0.00024,"['Shtn1', 'Diaph3', 'Scaf4', 'Raph1', 'Mtfr1', 'Srpk2']"
LEAFGNAKTV,6,0.00024,"['Myh11', 'Q62704', 'Myo1e', 'Myo1b', 'Myo6', 'Myo15a']"
RTHTGERPYK,6,0.00024,"['Zfp287', 'Zfp322a', 'Rest', 'Q8K4W2', 'Znf768', 'Mynn']"
AAPPPPPPPP,6,0.00024,"['Bag6', 'Wasf2', 'Fam8a1', 'Pcdh15', 'Ppp3cb', 'Ubr4']"
YPNTPEKQDL,6,0.00024,"['O08882', 'LOC100364265', 'LOC317588', 'Q6QI35', 'Q6QI50', 'rCG_65891']"
TPYWMAPEVI,6,0.00024,"['Nrk', 'Mink1', 'Q62603', 'Pak5', 'Map3k19', 'Taok2']"
GEKPYECKEC,6,0.00024,"['Zfp663', 'Zfp334', 'RGD1561277', 'Znf426', 'Zfp105', 'Zfp68']"
LWDTAGQERF,6,0.00024,"['Rab27a', 'Rab34', 'Rab33b', 'Rab6a', 'Rab42', 'Rasef']"
YYSAIKNNDF,6,0.00024,"['Q6TXG5', 'LOC364556', 'LOC102550396', 'LOC100361645', 'rCG_65891', 'Ccp6l1']"
QQRQQQQQQQ,6,0.00024,"['Nr3c1', 'Gigyf1', 'Tbp', 'Q7TSX7', 'Tbc1d5', 'Cpeb3']"
RTHTGEKPFQ,6,0.00024,"['Zfp263', 'Zfp26', 'Prdm5', 'Zic2', 'Zbtb48', 'Zfp786']"
YRDSKLTRLL,6,0.00024,"['Kif3c', 'Kif4a', 'Kif18b', 'Kif22', 'Kif19', 'Kif21b']"
KGDSGGPLVC,6,0.00024,"['Klkb1', 'Cfi', 'Gzmm', 'LOC100910060', 'Mcpt4', 'Prss27']"
GGGGGGGGAG,6,0.00024,"['Pou3f3', 'Gdf7', 'Yeats2', 'Hoxc13', 'Lrch2', 'Nkx2-1']"
HTGEKPYACS,6,0.00024,"['Zfp612', 'Zfp324', 'Zfp819', 'Zfp787', 'Klf1', 'Ctcf']"
FIHRDLAARN,6,0.00024,"['Tnk2', 'Tek', 'Tec', 'Abl2', 'Ros1', 'Tyro3']"
EEEEEEDDDD,6,0.00024,"['Trap1a', 'Nrdc', 'Chd4', 'Csrnp3', 'Dek', 'Hrc']"
THTGEKPYQC,6,0.00024,"['Zfp711', 'Znf382', 'Zscan29', 'Znf22', 'Znf394', 'DZF6']"
MEIEAIKKEH,6,0.00024,"['Q6QI38', 'A0A0G2K4R8', 'LOC100364265', 'LOC317588', 'Vom2r52', 'Q6TUG5']"
TRAGGLGINL,6,0.00024,"['LOC100911660', 'Chd2', 'Chd5', 'Chd8', 'Ino80', 'Smarca5']"
HIRSHTGERP,6,0.00024,"['Zfp831', 'Prdm5', 'Zbtb8b', 'Hivep3', 'Ctcf', 'Hivep2']"
ETQVKIWFQN,6,0.00024,"['Hmx3', 'Hoxa1', 'Nkx1-2', 'Nkx3-1', 'Msx2', 'Mnx1']"
AAAAAAAATA,6,0.00024,"['Tbl1x', 'Vax1', 'Arx', 'Zfr', 'Vps37d', 'Gpr88']"
PPPPPPPPGP,6,0.00024,"['Socs7', 'Zc3h4', 'Cap2', 'Esrp2', 'Wasl', 'Wipf2']"
DEEEDEEEEE,6,0.00024,"['RGD1564534', 'Plcb3', 'F1LZR5', 'NRP', 'Cwc22', 'Myt1']"
WMELENIILS,6,0.00024,"['LOC364556', 'LOC102550396', 'Q6QI37', 'LOC317165', 'LOC100361645', 'LOC102548541']"
LTEARVQVWF,6,0.00024,"['Arx', 'Alx1', 'Drgx', 'Prrx1', 'Pax7', 'Phox2a']"
WFQNRRMKWK,6,0.00024,"['Hoxb8', 'hox1.4', 'Hoxa5', 'Pdx1', 'Mnx1', 'Meox2']"
NGILADEMGL,6,0.00024,"['Srcap', 'LOC100911660', 'Ino80', 'Smarcad1', 'Smarca4', 'Smarca5']"
XXXXXXXXXX,6,0.00024,"['A0A0G2JYJ8', 'Prr12', 'RAG1', 'Zic2', 'Mtif2', 'Baz2a']"
IVHRDLKPEN,6,0.00024,"['Camk1g', 'Camk2d', 'Camk4', 'Dclk3', 'Cdk4', 'Phkg2']"
QVKVWFQNRR,6,0.00024,"['Vax2', 'Hlx', 'Emx1', 'Hoxa2', 'Meox2', 'Nkx6-1']"
SSTSSSSSSS,6,0.00024,"['Spats1', 'Q5XI83', 'Bicra', 'Npas1', 'Klhl1', 'Usp24']"
VEEEEEEEEE,6,0.00024,"['A0A0G2JWC5', 'Ryr1', 'Zfp692', 'Cnksr2', 'Hmgb3', 'Slc4a1ap']"
IKKEHMETTL,6,0.00024,"['Q6QI38', 'A0A0G2K4R8', 'LOC100364265', 'LOC317588', 'Vom2r52', 'Q6TUG5']"
EEEEEDEEDE,6,0.00024,"['Ap3b1', 'F1LZR5', 'Prm3', 'Ttbk1', 'Brd2', 'Myt1']"
LELENIILSE,6,0.00024,"['LOC100362110', 'Q6TUG2', 'LOC102548541', 'LOC499742', 'rCG_65891', 'Ccp6l1']"
DRYVAICKPL,6,0.00024,"['Olr1145', 'Olr45', 'LOC103690375', 'Olr25', 'Olr442', 'Olr881']"
YSAIKNNDFM,6,0.00024,"['Q6TXG5', 'LOC364556', 'LOC102550396', 'LOC100361645', 'rCG_65891', 'Ccp6l1']"
THTGEKPFQC,6,0.00024,"['Zfp263', 'Zfp26', 'Prdm5', 'Zic2', 'Zbtb48', 'Zfp786']"
FQNRRAKWRK,6,0.00024,"['Nobox', 'Arx', 'Alx1', 'Drgx', 'Uncx', 'Vsx1']"
LNLVDLAGSE,6,0.00024,"['Cenpe', 'Kif3c', 'Kif15', 'Kif11', 'Kifc3', 'Kifc1']"
HVRTHTGERP,6,0.00024,"['Zbtb11', 'Mtf1', 'Rest', 'Q8K4W2', 'Mynn', 'Znf76']"
RHQRIHTGER,6,0.00024,"['Zfp648', 'Zfp263', 'Znf467', 'Zfp189', 'Zfp212', 'Zfp39']"
TGEKPYECKE,6,0.00024,"['Zfp663', 'Zfp334', 'RGD1561277', 'Znf426', 'Zfp105', 'Zfp68']"
QEQQQQQQQQ,6,0.00024,"['Nfat5', 'Tnrc6a', 'A0A0G2JTE9', 'Dennd4b', 'Brd4', 'Phlpp1']"
LYGPPGTGKT,6,0.00024,"['Pex1', 'Rfc5', 'Katnal2', 'Vcp', 'Psmc5', 'Spata5']"
KKEHMETTLD,6,0.00024,"['Q6QI38', 'A0A0G2K4R8', 'LOC100364265', 'LOC317588', 'Vom2r52', 'Q6TUG5']"
KWLELENIIL,6,0.00024,"['LOC100362110', 'Q6TUG2', 'LOC102548541', 'LOC499742', 'rCG_65891', 'Ccp6l1']"
AIKKEHMETT,6,0.00024,"['Q6QI38', 'A0A0G2K4R8', 'LOC100364265', 'LOC317588', 'Vom2r52', 'Q6TUG5']"
EEEEDEEEEG,6,0.00024,"['Arid3a', 'Tnrc18', 'Arsi', 'Anp32a', 'Bcorl1', 'Cdca8']"
MAAAAAAAAA,6,0.00024,"['Pabpn1', 'Adprhl2', 'Maz', 'Cops6', 'Sgcb', 'Foxl2']"
TGEKPYKCNE,6,0.00024,"['Zfp248', 'LOC682206', 'Zfp473', 'Zfp37', 'Zkscan8', 'Zfp386']"
EHQRIHTGEK,6,0.00024,"['Zfp445', 'DZF18', 'Znf667', 'Zfp90', 'Zfp382', 'Zscan30']"
RHNLSLNKCF,6,0.00024,"['Foxj1', 'Foxj2', 'Foxg1', 'Foxn4', 'Foxn1', 'Foxn3']"
PQPPPPPPPP,6,0.00024,"['Notum', 'Mypop', 'Sox17', 'Prr12', 'Setd1b', 'Htt']"
PGLPGPPGPP,6,0.00024,"['col10A1', 'Scara3', 'Col18a1', 'C1qtnf7', 'Col1a1', 'Itih4']"
QRTHTGEKPF,6,0.00024,"['Zfp316', 'Zfp248', 'Zfp263', 'Zfp37', 'DZF4', 'Zfp202']"
EEEEDEEEDE,6,0.00024,"['Ythdc1', 'Hdac5', 'LOC100912163', 'Cenpb', 'Brpf1', 'Mapk8ip2']"
EEEEEEKEEE,6,0.00024,"['Q6QI38', 'Q7TP46', 'Chga', 'Magec2', 'LOC499584', 'Ldhd']"
RDLKPENILL,6,0.00024,"['Rps6ka1', 'Sgk1', 'Grk4', 'Pdpk1', 'Prkx', 'Phkg2']"
EDDDDDDDDD,6,0.00024,"['Casq1', 'A0A0G2K811', 'Taf9', 'Rnf34', 'Hrc', 'Fam171a1']"
EARVQVWFQN,6,0.00024,"['Arx', 'Alx1', 'Drgx', 'Prrx1', 'Shox2', 'Phox2a']"
WLELENIILS,6,0.00024,"['LOC100362110', 'Q6TUG2', 'LOC102548541', 'LOC499742', 'rCG_65891', 'Ccp6l1']"
ARVQVWFQNR,6,0.00024,"['Arx', 'Alx1', 'Drgx', 'Prrx1', 'Shox2', 'Phox2a']"
HVRIHTGEKP,6,0.00024,"['Znf143', 'Zbtb17', 'Zfp236', 'Bcl6b', 'Zfp74', 'DZF5']"
SSSSSSSSGS,6,0.00024,"['Srrm2', 'Rnps1', 'Tnrc18', 'Nap1l3', 'Snapc4', 'Brdt']"
EDEEEEDEEE,6,0.00024,"['Ythdc1', 'Chic1', 'Apbb1', 'Arsi', 'Anp32a', 'Kif21a']"
LKMEIEAIKK,6,0.00024,"['Q6QI38', 'LOC100364265', 'LOC317588', 'Q6QI35', 'Vom2r52', 'A0A0G2KB86']"
QVEAYREESQ,6,0.00024,"['Q6QI38', 'LOC100364265', 'LOC317588', 'Q6QI35', 'Vom2r52', 'rCG_65891']"
THTGERPYKC,6,0.00024,"['Zfp287', 'Zfp322a', 'Rest', 'Q8K4W2', 'Znf768', 'Mynn']"
GPAGTGKTET,6,0.00024,"['Dnah1', 'Dnah5', 'Q2KML4', 'Dnah17', 'DLP11', 'axo']"
LKEFQENTIK,6,0.00024,"['Q6QI38', 'LOC100364265', 'LOC317588', 'Q6QI35', 'Vom2r52', 'rCG_65891']"
LENIILSELT,6,0.00024,"['Q6QI38', 'LOC317588', 'Q6TXE2', 'Q7TMA9', 'LOC102548541', 'Ccp6l1']"
HRDLAARNCM,6,0.00024,"['Mst1r', 'Met', 'Q99MC5', 'Insrr', 'Mertk', 'O55059']"
EEEEEEDEDD,5,0.0002,"['Arid3a', 'Phactr1', 'Abcc9', 'LOC100911637', 'Uri1']"
PPGPPGPPGS,5,0.0002,"['Col3a1', 'Col15a1', 'Col17a1', 'C1qtnf12', 'Gldn']"
SSSSSTSSSS,5,0.0002,"['Pnn', 'Magea10', 'Arl6ip4', 'Cbx2', 'Olig1']"
EEDEEEEDEE,5,0.0002,"['Ttbk1', 'Ythdc1', 'Baz2b', 'Chic1', 'Kif21a']"
GDSGGPLVCE,5,0.0002,"['Tmprss9', 'Gzmf', 'Prss36', 'Hgfac', 'Tmprss13']"
EEEEEEEDDE,5,0.0002,"['Zfp316', 'Hmgb2', 'Arid4b', 'LOC100362172', 'Phf23']"
GPGPGPGPGP,5,0.0002,"['Stag3', 'Foxd2', 'Npas4', 'Smarca4', 'Rbm27']"
IHTGEKPFQC,5,0.0002,"['Zfp954', 'Znf148', 'LOC100910046', 'DZF3', 'Zscan2']"
ELKMEIEAIK,5,0.0002,"['Q6QI38', 'LOC100364265', 'A0A0G2KBC8', 'Vom2r52', 'LOC317588']"
ACKGDSGGPL,5,0.0002,"['Tmprss7', 'Prss27', 'Tmprss11f', 'Klkb1', 'Cfi']"
DRYVAICYPL,5,0.0002,"['Olr1431', 'Olr1128', 'Olr39', 'Olr171', 'Olr158']"
RIHTGEKPYR,5,0.0002,"['Zfp142', 'Zscan22', 'Zim1', 'Zfp90', 'Zfp180']"
SSSSSSSSAS,5,0.0002,"['Setd1a', 'Nfe2l1', 'Hdgfl2', 'She', 'Nkx6-1']"
GTGKTETTKD,5,0.0002,"['Dnahc8', 'Dnah1', 'axo', 'Dnah17', 'Dnah5']"
PAGTGKTETT,5,0.0002,"['Dnahc8', 'Dnah1', 'axo', 'Dnah17', 'Dnah5']"
IMMLEDFKKD,5,0.0002,"['Vom2r52', 'LOC100364265', 'Q6QI35', 'Q6TXH9', 'rCG_65891']"
LTETQVKIWF,5,0.0002,"['Msx2', 'Nkx1-2', 'Mnx1', 'Hmx3', 'Nkx3-1']"
PAAPPPPPPP,5,0.0002,"['Fam8a1', 'Foxl2', 'Inhbb', 'Lmod1', 'Pcdh15']"
REEEEEEEEE,5,0.0002,"['A0A0G2JVH0', 'Nob1', 'Spg20', 'Fam193a', 'Ncapd3']"
DLEEEEEEEE,5,0.0002,"['Rad17', 'Irx6', 'Neurod1', 'Fgd1', 'Cspg5']"
VRTHTGERPY,5,0.0002,"['Zbtb11', 'Znf76', 'Mynn', 'Rest', 'Q8K4W2']"
ETTLDIENQK,5,0.0002,"['Q6QI38', 'LOC100364265', 'Q6TUG5', 'A0A0G2K4R8', 'Vom2r52']"
PHHHHHHHHH,5,0.0002,"['Col18a1', 'Cacna1a', 'Onecut1', 'Hoxa1', 'Skida1']"
QQPQQQQQQQ,5,0.0002,"['Hcn1', 'Scaf4', 'Tnrc6a', 'Tesb', 'Hydin']"
EKPYKCKECG,5,0.0002,"['Zfp483', 'Zfp37', 'Zscan21', 'LOC100910046', 'LOC102552527']"
EREREREREK,5,0.0002,"['Rbm25l1', 'LOC498826', 'Atn1', 'LOC500702', 'Rnf20']"
DLKPENILLD,5,0.0002,"['Rps6ka1', 'Grk4', 'Prkx', 'Phkg2', 'Sgk1']"
QGPPGPPGPP,5,0.0002,"['Col17a1', 'Colq', 'C1qtnf3', 'Col13a1', 'Gldn']"
QPQQQQQQQQ,5,0.0002,"['Hcn1', 'Scaf4', 'Smarca2', 'Tnrc6a', 'Tesb']"
RVMAAQVALR,5,0.0002,"['Dmrt1', 'Dmrt2', 'Dmrt3', 'LOC100910371', 'Dmrta1']"
KEFQENTIKQ,5,0.0002,"['Q6QI38', 'LOC100364265', 'Q6QI35', 'Vom2r52', 'rCG_65891']"
EEEEEREEEE,5,0.0002,"['Ccdc180', 'Atp1b4', 'Podxl2', 'Ftsj3', 'Q7TPI3']"
GAWGCFDEFN,5,0.0002,"['Q2KML4', 'Dync2h1', 'Dnah17', 'DLP10', 'Dync1h1']"
GRGGGGGGGG,5,0.0002,"['U2af1', 'Srsf1', 'Fbll1', 'LOC681410', 'A0A0G2K9A5']"
EQEEEEEEEE,5,0.0002,"['Ppm1f', 'Acrbp', 'LOC499584', 'Ak9', 'Fbxw7']"
GEEGEEEEEE,5,0.0002,"['RGD1565611', 'Q6QI38', 'Tldc2', 'Zmynd15', 'Myt1']"
TGEKPYKCSE,5,0.0002,"['Zfp663', 'Zfp53', 'LOC500584', 'Znf354c', 'DZF1']"
GRHYWEVEVG,5,0.0002,"['Trim68', 'Btn1a1', 'Trim39', 'Trim41', 'Triml1']"
AYGQTGSGKS,5,0.0002,"['Kif14', 'Kif16b', 'Kif13b', 'Kif17', 'Kif28p']"
PPPPPPPPPR,5,0.0002,"['Srrm1', 'Znrd1as1', 'Prima1', 'Gse1', 'RGD1560108']"
PPPPPPPPPV,5,0.0002,"['Prr12', 'Raph1', 'Ylpm1', 'Setd1b', 'Pelp1']"
ISGESGAGKT,5,0.0002,"['Myo3a', 'Myo7a', 'Myo1e', 'Myo1c', 'Myo10']"
GDSGGPLVCN,5,0.0002,"['Klk8', 'Prss55', 'Elane', 'Prss21', 'Prss29']"
GDSGGPLVCK,5,0.0002,"['Q06605', 'Tpsb2', 'Tmprss6', 'Klkb1', 'Cfi']"
DRYVAICHPL,5,0.0002,"['Olr191-ps', 'Olr226', 'Olr1571', 'Or51e2', 'LOC103690286']"
SSSSSSTSSS,5,0.0002,"['Cir1', 'Arl6ip4', 'Heg1', 'Cbx2', 'Pnn']"
WFANARRRLK,5,0.0002,"['Irx5', 'Irx6', 'Irx1', 'Irx3', 'Mkx']"
AAAAAAAAAR,5,0.0002,"['Midn', 'Ptf1a', 'Gata4', 'Id4', 'Znrf2']"
GKTLLAKAVA,5,0.0002,"['Psmc1', 'Katna1', 'Spg7', 'Nvl', 'Pex6']"
HLRSHTGERP,5,0.0002,"['Fiz1', 'Sall4', 'Zfp74', 'Zxdc', 'Sall2']"
SPPPPPPPPP,5,0.0002,"['Irx5', 'RGD1560854', 'Virma', 'Lzts2', 'Scaf1']"
VCVCVCVCVC,5,0.0002,"['Adgb', 'Fndc3c1', 'Frrs1', 'F1M4I8', 'M0R539']"
EKPYECKQCG,5,0.0002,"['Znf426', 'AZF14', 'LOC100910577', 'Zfp9', 'LOC102546572']"
ELLVLEQFLS,5,0.0002,"['Zkscan1', 'Zscan10', 'Zfp287', 'Zfp445', 'Zfp167']"
IKKAYRKLAL,5,0.0002,"['Dnajb13', 'Dnajb11', 'Dnajb8', 'Dnajc5g', 'Dnaja4']"
CEGCKGFFKR,5,0.0002,"['Nr4a1', 'Nr2c1', 'Nr6a1', 'Q19P41', 'Rxrg']"
TLDIENQKKR,5,0.0002,"['Q6QI38', 'LOC100364265', 'Q6TUG5', 'A0A0G2K4R8', 'Vom2r52']"
GRPGPPGPPG,5,0.0002,"['Col22a1', 'Col26a1', 'C1ql4', 'Col4a2', 'Col9a1']"
SSSSSSSSSF,5,0.0002,"['Nr1d1', 'Fgf10', 'Prdm2', 'Prkd2', 'Mllt3']"
GKWMELENII,5,0.0002,"['LOC317165', 'LOC102550396', 'LOC364556', 'LOC100361645', 'LOC102548541']"
KKEKKKKKEK,5,0.0002,"['Q7TP11', 'Cwc25', 'Taf3', 'Rbmx2', 'Dkc1']"
LIRHQRIHTG,5,0.0002,"['Zscan29', 'Zfp473', 'Znf467', 'Zfp202', 'Zscan2']"
GGGGAGGGGG,5,0.0002,"['Pou3f3', 'Twist1', 'Six3', 'Zic2', 'Hoxd11']"
HVRTHTGEKP,5,0.0002,"['Zfp266', 'Klf10', 'Znf76', 'Egr4', 'Snai1']"
HRDLKPENIL,5,0.0002,"['Pdpk1', 'Mknk1', 'Cdk4', 'Phkg2', 'Rps6ka4']"
EDEEEEEEED,5,0.0002,"['RGD1563668', 'Uri1', 'Ptms', 'Abcc9', 'Pak3']"
YALRSRIDKW,5,0.0002,"['AVGR3', 'Q6QI84', 'Q6TXG5', 'Q6TXJ1', 'rCG_65891']"
AMAYDRYVAI,5,0.0002,"['Olr1493', 'M0R6S2', 'Q9Z231', 'Olr56', 'Olr804']"
KPYKCKECGK,5,0.0002,"['Zfp483', 'Zfp37', 'Zscan21', 'LOC100910046', 'LOC102552527']"
AGTGKTETTK,5,0.0002,"['Dnahc8', 'Dnah1', 'axo', 'Dnah17', 'Dnah5']"
HTGERPFPCP,5,0.0002,"['Zfp316', 'Znf574', 'Znf672', 'Zfp831', 'D4AEJ1']"
VHRDLAARNC,5,0.0002,"['Met', 'Q99MC5', 'Mst1r', 'Insrr', 'O55059']"
HKRTHTGEKP,5,0.0002,"['LOC102551539', 'Zic5', 'E9PT35', 'Ctcf', 'Prdm5']"
GPPGPPGAPG,5,0.0002,"['C1qtnf2', 'Marco', 'Khsrp', 'Col1a2', 'Col26a1']"
YEEEEEEEEE,5,0.0002,"['Ccdc136', 'Znf830', 'Prickle2', 'Stac3', 'Styxl1']"
EEEEEKEEEE,5,0.0002,"['Ldhd', 'Chga', 'LOC499584', 'Q6QI38', 'Q7TP46']"
VGKWLELENI,5,0.0002,"['Ccp6l1', 'LOC100362110', 'Q6TUG2', 'LOC102548541', 'rCG_65891']"
SRSRSRSRSP,5,0.0002,"['Lbr', 'Srsf6', 'Zfp638', 'Rbmx2', 'Scaf11']"
KSLKEFQENT,5,0.0002,"['Q6QI38', 'LOC100364265', 'LOC317588', 'Q6QI35', 'rCG_65891']"
HKRIHTGEKP,5,0.0002,"['Zfp334', 'Zkscan4', 'Zbtb16', 'Znf354c', 'LOC691422']"
PSTEEWIQKM,5,0.0002,"['LOC317165', 'LOC100362110', 'LOC100361645', 'Q6TUG2', 'rCG_65891']"
SELTQSQKDI,5,0.0002,"['Q6QI38', 'Q6QI10', 'Q7TP68', 'Q7TMA9', 'Q6TXE2']"
SSSSSSSSES,5,0.0002,"['Setd1a', 'Zcchc10', 'Pcdh15', 'Arhgap33', 'Pnn']"
EEKEEEEEEE,5,0.0002,"['rCG_65913', 'LOC499584', 'Q56PB7', 'Cald1', 'Q6QI38']"
PYRDSKLTRL,5,0.0002,"['Kif18b', 'Kif22', 'Kif3c', 'Kif4a', 'Kif21b']"
ELTQSQKDIH,5,0.0002,"['Q6QI38', 'Q6QI10', 'Q7TP68', 'Q7TMA9', 'Q6TXE2']"
LSELTQSQKD,5,0.0002,"['Q6QI38', 'Q6QI10', 'Q7TP68', 'Q7TMA9', 'Q6TXE2']"
CIHRDLAARN,5,0.0002,"['Q63000', 'Flt1', 'Fer', 'Kit', 'Fgfr1']"
SSSSSSSSSN,5,0.0002,"['LOC680039', 'Sec61g-ps1', 'Sp4', 'LOC100912262', 'Kdm6b']"
THTGERPFPC,5,0.0002,"['Zfp316', 'Zfp956', 'Znf574', 'Znf467', 'D4AEJ1']"
FMKFVGKWLE,5,0.0002,"['Ccp6l1', 'LOC100362110', 'Q6TUG2', 'LOC102548541', 'rCG_65891']"
ILSELTQSQK,5,0.0002,"['Q6QI38', 'Q6QI10', 'Q7TP68', 'Q7TMA9', 'Q6TXE2']"
RDLAARNILV,5,0.0002,"['Epha7', 'Tek', 'Matk', 'Ret', 'Jak3']"
RTHTGEKPYV,5,0.0002,"['Znf426', 'GIOT2', 'Zscan21', 'DZF14', 'Zfp11']"
EKPYKCEECG,5,0.0002,"['Zfp455', 'DZF1', 'Zfp386', 'LOC102548695', 'Zscan22']"
DTCQGDSGGP,5,0.0002,"['Klk8', 'Acr', 'Tmprss4', 'Prss36', 'Habp2']"
IHTGEKPFKC,5,0.0002,"['Zfp41', 'P70590', 'Zscan26', 'Zkscan2', 'Znf354a']"
KMEIEAIKKE,5,0.0002,"['Q6QI38', 'LOC100364265', 'A0A0G2KBC8', 'Vom2r52', 'LOC317588']"
GPPGPPGPQG,5,0.0002,"['Col18a1', 'Erfe', 'Eda', 'Col12a1', 'Col17a1']"
HQRVHTGERP,5,0.0002,"['Zfp551', 'Zscan22', 'Zfp628', 'Zfp54', 'Zfp68']"
PGGGGGGGGG,5,0.0002,"['Zfp503', 'LOC100911668', 'Gsk3a', 'Prdm13', 'Arih1']"
LLVLEQFLTI,5,0.0002,"['Zscan25', 'Znf394', 'Zscan21', 'Zkscan5', 'Zfp449']"
EPPPPPPPPP,5,0.0002,"['Gbx1', 'Zfhx3', 'Znrd1as1', 'Gapdhs', 'Rb1']"
AAAAAAAAAL,5,0.0002,"['Gsx2', 'Zic2', 'Prdm6', 'Bhlhe22', 'Sp5']"
AAAAAAAAAN,5,0.0002,"['Hoxa13', 'Tbx1', 'Cops6', 'Zfhx3', 'Prpf40a']"
EAFGNAKTVR,5,0.0002,"['Myo15a', 'Myo1e', 'Myo1b', 'Myh4', 'Myo6']"
AWGCFDEFNR,5,0.0002,"['Q2KML4', 'Dync2h1', 'Dnah17', 'DLP10', 'Dync1h1']"
VATRWYRAPE,5,0.0002,"['Mapk14', 'Mapk15', 'Mapk7', 'Cdkl3', 'Cdk20']"
HERTHTGEKP,5,0.0002,"['GIOT2', 'Sall4', 'Zfp324', 'AZF5', 'Zfp90']"
EHMETTLDIE,5,0.0002,"['Q6QI38', 'LOC100364265', 'Q6TUG5', 'A0A0G2K4R8', 'Vom2r52']"
THTGEKPYRC,5,0.0002,"['LOC102551539', 'Klf6', 'Znf143', 'Mzf1', 'Znf513']"
SSRSRSRSRS,5,0.0002,"['Ccnl1', 'Srsf5', 'Lbr', 'Cherp', 'Zranb2']"
TEARVQVWFQ,5,0.0002,"['Phox2a', 'Prrx1', 'Alx1', 'Drgx', 'Arx']"
EEEEEEDEED,5,0.0002,"['Ap3b1', 'RGD1563668', 'Ttbk1', 'Brd2', 'Myt1']"
EQVEAYREES,5,0.0002,"['Q6QI38', 'LOC100364265', 'Q6QI35', 'Vom2r52', 'A0A0G2K076']"
RYVAICRPLH,5,0.0002,"['Olr35', 'Olr7', 'Olr154', 'Olr901', 'Olr648']"
EEKKKKKKKK,5,0.0002,"['LOC690435', 'Q7TP11', 'Q6TUF4', 'Slu7', 'Larp7']"
LKELKMEIEA,5,0.0002,"['Q6QI38', 'LOC100364265', 'A0A0G2KBC8', 'Vom2r52', 'LOC317588']"
YVAICYPLRY,5,0.0002,"['Olr1431', 'Olr1128', 'Olr39', 'Olr171', 'Olr158']"
KHQRIHTGEK,5,0.0002,"['Zkscan1', 'Zfp41', 'Zfp386', 'Znf394', 'Zfp189']"
GEKPYECKQC,5,0.0002,"['Znf426', 'AZF14', 'LOC100910577', 'Zfp9', 'LOC102546572']"
QRTHTGERPY,5,0.0002,"['Zfp316', 'Zfp853', 'Zfp629', 'Znf768', 'Zfp180']"
HQRIHSGEKP,5,0.0002,"['Zkscan1', 'A0A0G2K1C5', 'Zfp133', 'Zfp707', 'D4AEJ1']"
MKFVGKWLEL,5,0.0002,"['Ccp6l1', 'LOC100362110', 'Q6TUG2', 'LOC102548541', 'rCG_65891']"
HMETTLDIEN,5,0.0002,"['Q6QI38', 'LOC100364265', 'Q6TUG5', 'A0A0G2K4R8', 'Vom2r52']"
LVITPLTDRC,5,0.0002,"['DLP11', 'Dnah1', 'Q2KML4', 'Dnah17', 'Dnah5']"
HLRVHTGEKP,5,0.0002,"['Zfp61', 'Zfp764', 'Mzf1', 'Znf354c', 'Znf48']"
EEEEEEEEKK,5,0.0002,"['LOC690435', 'Q7TP11', 'Q6TUF4', 'Q7TP26', 'Stra8']"
TTLDIENQKK,5,0.0002,"['Q6QI38', 'LOC100364265', 'Q6TUG5', 'A0A0G2K4R8', 'Vom2r52']"
DRDRDRERDR,5,0.0002,"['Cpsf6', 'Fip1l1', 'Acin1', 'Cbx8', 'Nelfe']"
VHTGEKPFEC,5,0.0002,"['Zbtb41', 'Zkscan3', 'Zfp420', 'Zbtb16', 'LOC102547412']"
TVLTIAHRLN,5,0.0002,"['Abcc4', 'A0A0G2K5H6', 'Abcc12', 'Abcc1', 'Abcc10']"
EEEEEEEEAE,5,0.0002,"['Setd1b', 'Akap17a', 'Irx6', 'Zeb1', 'Zfhx3']"
HQRLHTGEKP,5,0.0002,"['Zfp773-ps1', 'AZF14', 'Gli4', 'Znf367', 'Zfp82']"
AIKNNDFMKF,5,0.0002,"['LOC364556', 'LOC102550396', 'Ccp6l1', 'LOC100361645', 'rCG_65891']"
VVRVWFCNRR,5,0.0002,"['Pou3f3', 'Pou6f1', 'Pou5f1', 'Pou2f3', 'GHF-1']"
MRTHTGEKPY,5,0.0002,"['Znf426', 'Zfp764', 'Zfp12', 'Zfp711', 'Zbtb7c']"
KPYECKQCGK,5,0.0002,"['Znf426', 'AZF14', 'LOC100910577', 'Zfp9', 'LOC102546572']"
LRTHTGEKPF,5,0.0002,"['Zbtb48', 'Gli4', 'Klf11', 'Zfp26', 'Zbtb24']"
ATAAAAAAAA,5,0.0002,"['Sox3', 'Ascl1', 'Rubcn', 'Rbfox2', 'Rbm47']"
RDLAARNCML,5,0.0002,"['Met', 'Q99MC5', 'Mst1r', 'Mertk', 'O55059']"
SGESGAGKTE,5,0.0002,"['Myo3a', 'Myo7a', 'Myo1c', 'Myo6', 'Myo10']"
RHRRTHTGEK,5,0.0002,"['Zfp316', 'Zfp322a', 'Klf10', 'Sp4', 'Znf652']"
AAQVALRRQQ,5,0.0002,"['Dmrt1', 'Dmrt2', 'Dmrt3', 'LOC100910371', 'Dmrta1']"
DDDEEEEEEE,5,0.0002,"['Myt1l', 'Ppp1r18', 'Gpihbp1', 'Rsf1', 'Hrc']"
MPRYCLFGDT,5,0.0002,"['Npr1', 'Gucy2c', 'Gucy2d', 'Gucy1b2', 'Gucy2g']"
GGEEEEEEEE,5,0.0002,"['Neurod2', 'Kdm2a', 'Zbtb47', 'Ptma', 'A0A0G2K9A5']"
CKGDSGGPLV,5,0.0002,"['Gzmm', 'Prss27', 'Tmprss11f', 'Klkb1', 'Cfi']"
LDIENQKKRQ,5,0.0002,"['Q6QI38', 'LOC100364265', 'Q6TUG5', 'A0A0G2K4R8', 'Vom2r52']"
HRIHTGEKPY,5,0.0002,"['Zkscan3', 'Gzf1', 'Zscan21', 'Zfp90', 'A0A0G2K197']"
LRTHTGERPY,5,0.0002,"['Zfp358', 'Zfp324', 'Znf467', 'DZF6', 'Zfp263']"
HTGERPYKCE,5,0.0002,"['Q8K4W2', 'Bcl11b', 'Mynn', 'Rest', 'Zfp3']"
DDDDDDEEEE,5,0.0002,"['Gpihbp1', 'Set', 'Ncl', 'Ubtf', 'rCG_65891']"
RYVAICYPLR,5,0.0002,"['Olr1431', 'Olr1128', 'Olr39', 'Olr171', 'Olr158']"
HRTHTGEKPY,5,0.0002,"['GIOT2', 'Zfp287', 'Zscan29', 'LOC102555635', 'DZF14']"
MAAQVALRRQ,5,0.0002,"['Dmrt1', 'Dmrt2', 'Dmrt3', 'LOC100910371', 'Dmrta1']"
EEEEEEQEEE,5,0.0002,"['LOC499584', 'Ak9', 'Zdbf2', 'Safb', 'Ncbp3']"
YNGTIFAYGQ,5,0.0002,"['Kif5a', 'Cenpe', 'Kif17', 'Krp3a', 'Kif15']"
QLQLQQQQQQ,5,0.0002,"['E9PU86', 'Tox3', 'Med15', 'Akap2', 'Kmt2d']"
KELKMEIEAI,5,0.0002,"['Q6QI38', 'LOC100364265', 'A0A0G2KBC8', 'Vom2r52', 'LOC317588']"
IHRDLAARNV,5,0.0002,"['Frk', 'Q63000', 'Tie1', 'Tyk2', 'Fgfr1']"
VMAAQVALRR,5,0.0002,"['Dmrt1', 'Dmrt2', 'Dmrt3', 'LOC100910371', 'Dmrta1']"
NSVRHNLSLN,5,0.0002,"['Foxq1', 'Foxn4', 'Foxn1', 'Foxf1', 'Foxn3']"
QKSLKEFQEN,5,0.0002,"['Q6QI38', 'LOC100364265', 'LOC317588', 'Q6QI35', 'rCG_65891']"
RNDNSSRFGK,5,0.0002,"['Myo15a', 'Myo5a', 'Myo7a', 'Myo1b', 'Myh4']"
TCQGDSGGPL,5,0.0002,"['Klk8', 'Acr', 'Tmprss4', 'Prss36', 'Habp2']"
NLGNTCFMNS,5,0.0002,"['Usp30', 'Usp2', 'Usp19', 'Usp32', 'Usp15']"
EEAEEEEEEE,5,0.0002,"['Tprn', 'Nlrp6', 'Podxl2', 'Zfhx3', 'Fbxo3']"
SDVWSFGILL,5,0.0002,"['Pdgfrb', 'Lyn', 'Fer', 'Fgfr4', 'Csk']"
EEEEEEEESE,5,0.0002,"['Zeb2', 'Rfx1', 'Clstn1', 'Rsf1', 'Slc24a1']"
EEEEEEEQEE,5,0.0002,"['LOC499584', 'Ak9', 'Zdbf2', 'Safb', 'Ncbp3']"
LVHCSAGVGR,5,0.0002,"['Ptprg', 'Ptprv', 'Ptpn20', 'Ptpn21', 'Ptprj']"
RAAAAAAAAA,5,0.0002,"['Incenp', 'Phox2b', 'Hoxd13', 'Slc12a2', 'Sp9']"
GEKPYKCEEC,5,0.0002,"['Zfp455', 'DZF1', 'Zfp386', 'LOC102548695', 'Zscan22']"
RVHTGEKPYE,5,0.0002,"['DZF3', 'Zkscan3', 'Zfp37', 'LOC102555672', 'LOC102555635']"
IFAYGQTGSG,5,0.0002,"['Kif15', 'Kif13b', 'Kif17', 'Krp3a', 'Kifc1']"
VRVWFCNRRQ,5,0.0002,"['Pou3f3', 'Pou6f1', 'Pou5f1', 'Pou2f3', 'GHF-1']"
ELLVLEQFLT,5,0.0002,"['Zkscan5', 'Znf394', 'Zscan21', 'Zfp202', 'Zfp449']"
REQVEAYREE,5,0.0002,"['Q6QI38', 'LOC100364265', 'Q6QI35', 'Vom2r52', 'A0A0G2K076']"
HAAAAAAAAA,5,0.0002,"['Fev', 'Pou3f3', 'Zfp804a', 'Tbl1xr1', 'Zic3']"
QQQQQQPPPQ,5,0.0002,"['Scaf4', 'Glg1', 'Foxj2', 'Htt', 'rh']"
GPRGPPGPPG,5,0.0002,"['Col18a1', 'Col26a1', 'Col17a1', 'Col12a1', 'Col1a1']"
YVAICRPLHY,5,0.0002,"['Olr35', 'Olr7', 'Olr154', 'Olr901', 'Olr648']"
FITMNPGYAG,5,0.0002,"['Dnah17', 'Q2KML4', 'Dnah7', 'DLP9', 'Dync1h1']"
EEEEEEEKEE,5,0.0002,"['Ldhd', 'Magec2', '4933416C03Rik', 'LOC499584', 'Mpl']"
METTLDIENQ,5,0.0002,"['Q6QI38', 'LOC100364265', 'Q6TUG5', 'A0A0G2K4R8', 'Vom2r52']"
EEEEEEEEET,5,0.0002,"['Ccdc180', 'Recql4', 'Zfp428', 'Camk4', 'LOC100366054']"
EEEEEEEEEQ,5,0.0002,"['smctf-1', 'Smarca4', 'Safb', 'Scaf1', 'Fam170b']"
EEEEEEEEEM,5,0.0002,"['Rcan1', 'Pcgf6', 'Aebp1', 'Ct47b1', 'Fbxw7']"
PPPPAPPPPP,5,0.0002,"['Wipf1', 'Bod1l1', 'March9', 'Lix1l', 'Usp51']"
TPPPPPPPPP,5,0.0002,"['Wipf3', 'Esrp2', 'Fmnl1', 'Zfp827', 'Zfhx4']"
IHRDLAARNC,5,0.0002,"['Abl2', 'Fer', 'Ros1', 'Tyro3', 'Tec']"
AAAAAAAAGG,5,0.0002,"['Pum2', 'Phox2b', 'Mnx1', 'F1LWS2', 'Skor1']"
RIHSGEKPYE,5,0.0002,"['Zkscan1', 'Zfp551', 'LOC100912294', 'Zeb1', 'LOC100912068']"
SAGVGRTGTF,5,0.0002,"['Ptpro', 'Ptprv', 'Ptprb', 'Ptpra', 'Ptprj']"
TGEKPYECKQ,5,0.0002,"['Znf426', 'AZF14', 'LOC100910577', 'Zfp9', 'LOC102546572']"
RTHTGEKPFA,5,0.0002,"['Zbtb7b', 'Egr1', 'Sall1', 'Egr4', 'LOC691170']"
IILSELTQSQ,5,0.0002,"['Q6QI38', 'Q6QI10', 'Q7TP68', 'Q7TMA9', 'Q6TXE2']"
SAIKNNDFMK,5,0.0002,"['LOC364556', 'LOC102550396', 'Ccp6l1', 'LOC100361645', 'rCG_65891']"
VITPLTDRCY,5,0.0002,"['DLP11', 'Dnah1', 'Q2KML4', 'Dnah17', 'Dnah5']"
GWQNSIRHNL,5,0.0002,"['Foxg1', 'Foxi2', 'Foxl2', 'Foxc2', 'Foxk2']"
THTGEKPFAC,5,0.0002,"['Zbtb7b', 'Egr1', 'Sall1', 'Egr4', 'LOC691170']"
EEEEEEEEAA,5,0.0002,"['Ppm1e', 'Wdpcp', 'Myt1', 'Cacna1f', 'Cnksr2']"
DGEEEEEEEE,5,0.0002,"['Homez', 'Clspn', 'Esf1', 'M0RAQ5', 'Ctnnbl1']"
IHSGEKPYKC,5,0.0002,"['DZF1', 'Bcl6', 'Zfp39', 'LOC100365363', 'Zscan30']"
TETQVKIWFQ,5,0.0002,"['Msx2', 'Nkx1-2', 'Mnx1', 'Hmx3', 'Nkx3-1']"
ERIHTGEKPY,5,0.0002,"['GIOT2', 'LOC691661', 'Zfp319', 'Znf354a', 'Znf667']"
HTGEKPFECS,5,0.0002,"['Zfp605', 'LOC102547412', 'Zkscan7', 'Zfp90', 'Zfp131']"
AFGNAKTVRN,5,0.0002,"['Myo15a', 'Myo1e', 'Myo1b', 'Myh4', 'Myo6']"
NDFMKFIGKW,5,0.0002,"['LOC364556', 'LOC102550396', 'Thoc1', 'Q7TMB2', 'LOC499136']"
HHHHHHHHHP,5,0.0002,"['Cacna1a', 'Onecut1', 'Yy1', 'Foxg1', 'Hoxa1']"
PVPAPAPAPA,5,0.0002,"['Bptf', 'Trim33', 'Dennd1a', 'Mapk7', 'Otud1']"
LLLTGTPLQN,5,0.0002,"['Srcap', 'Chd5', 'LOC100911660', 'Smarca4', 'Smarca5']"
WGTVCDDGWD,5,0.0002,"['Hhipl1', 'Fcrl2', 'Scara5', 'Cd5l', 'Ssc5d']"
IRTHTGEKPY,5,0.0002,"['Zfp648', 'Zbtb7a', 'Zfp26', 'Zfp483', 'Snai3']"
IRTHTGEKPF,5,0.0002,"['Znf426', 'Snai2', 'Prdm6', 'Egr1', 'Mtf1']"
DIENQKKRQG,5,0.0002,"['Q6QI38', 'LOC100364265', 'Q6TUG5', 'A0A0G2K4R8', 'Vom2r52']"
ENIILSELTQ,5,0.0002,"['Q6QI38', 'Q6TXE2', 'Q7TMA9', 'LOC102548541', 'Ccp6l1']"
LPPPPPPPPL,5,0.0002,"['Fmnl1', 'Scx', 'Nrxn2', 'Espn', 'Wasf1']"
KEHMETTLDI,5,0.0002,"['Q6QI38', 'LOC100364265', 'Q6TUG5', 'A0A0G2K4R8', 'Vom2r52']"
EEEEEEGEEE,5,0.0002,"['Skida1', 'Catip', 'Nrdc', 'Cenpb', 'RGD1561327']"
PRYCLFGDTV,5,0.0002,"['Npr1', 'Gucy2c', 'Gucy2d', 'Gucy1b2', 'Gucy2g']"
VLEQFLTILP,5,0.0002,"['Zscan25', 'Znf394', 'Zscan21', 'Zkscan5', 'Zfp449']"
SSAAAAAAAA,5,0.0002,"['Sp8', 'Prdm8', 'Nlk', 'Bhlhe22', 'Cpeb3']"
IHQRVHTGEK,5,0.0002,"['Zfp111', 'Zkscan3', 'LOC500584', 'LOC102555635', 'DZF7']"
WGCFDEFNRI,5,0.0002,"['DLP5', 'Q2KML4', 'Dnah17', 'DLP10', 'Dnah5']"
FYAPWCGHCK,5,0.0002,"['Pdia6', 'P4hb', 'Pdia3', 'Tmx3', 'Txndc5']"
IHTGERPYAC,5,0.0002,"['Zfp358', 'Zfp334', 'Zfp775', 'Mzf1', 'Repin1']"
NGTIFAYGQT,5,0.0002,"['Kif5a', 'Krp3a', 'Kif3b', 'Cenpe', 'Kif15']"
STSSSSSSSS,5,0.0002,"['Spats1', 'Bicra', 'She', 'Npas1', 'B2BF94']"
ALRSRIDKWD,5,0.0002,"['AVGR3', 'Q6QI84', 'Q6TXG5', 'Q6TXJ1', 'rCG_65891']"
LLLLLLLLLP,5,0.0002,"['Scube2', 'Dcbld2', 'Crb2', 'Mmp11', 'Plod3']"
DLAARNVLVT,5,0.0002,"['Q8K553', 'Q63000', 'Ptk6', 'Flt3', 'Fgfr1']"
EEEEDEEEDD,5,0.0002,"['Rtn4', 'Q6QI38', 'Hmgb1-ps3', 'F1LZR5', 'Kif21a']"
RIHTGERPYA,5,0.0002,"['Zfp358', 'Zfp334', 'Zfp775', 'Mzf1', 'Repin1']"
EEEDEEEDEE,5,0.0002,"['Ythdc1', 'Hdac5', 'Mapk8ip2', 'Irx3', 'Cenpb']"
GEKPYKCSEC,5,0.0002,"['Zfp663', 'Zfp53', 'LOC500584', 'Znf354c', 'DZF1']"
SGSSSSSSSS,5,0.0002,"['Brdt', 'Mprip', 'Mex3b', 'Srrm1', 'Nkx6-1']"
HIRVHTGEKP,5,0.0002,"['Zfp266', 'LOC102548695', 'Zic5', 'Zbtb5', 'LOC103694540']"
EEEEEEEEAS,5,0.0002,"['Micall1', 'Dhx16', 'Rgl2', 'Slc52a2', 'Tonsl']"
VLTIAHRLNT,5,0.0002,"['Abcc4', 'A0A0G2K5H6', 'Abcc12', 'Abcc1', 'Abcc10']"
WSFGVLLWEI,5,0.0002,"['Alk', 'Tie1', 'Kdr', 'Ret', 'Fgfr1']"
KRIHTGEKPY,5,0.0002,"['Zfp334', 'Zkscan4', 'Zbtb16', 'Znf354c', 'LOC691422']"
LIMMLEDFKK,5,0.0002,"['Vom2r52', 'LOC100364265', 'Q6QI35', 'Q6TXH9', 'rCG_65891']"
PGPGPGPGPG,5,0.0002,"['Stag3', 'Bsn', 'Npas4', 'Smarca4', 'Rbm27']"
VRIHTGEKPY,5,0.0002,"['Znf143', 'Zfp236', 'Zfp74', 'Bcl6b', 'DZF5']"
RYCLFGDTVN,5,0.0002,"['Npr1', 'Gucy2c', 'Gucy2d', 'Gucy1b2', 'Gucy2g']"
KLSRALRYYY,5,0.0002,"['Fev', 'Etv3l', 'Gabpa', 'Elk1', 'Elf5']"
THTGEKPYVC,5,0.0002,"['Znf426', 'GIOT2', 'Zscan21', 'DZF14', 'Zfp11']"
STRAGGLGIN,5,0.0002,"['LOC100911660', 'Chd2', 'Chd5', 'Smarca5', 'Ino80']"
KFVGKWLELE,5,0.0002,"['Ccp6l1', 'LOC100362110', 'Q6TUG2', 'LOC102548541', 'rCG_65891']"
LVDLAGSERA,5,0.0002,"['Kif16b', 'Kif13b', 'Stard9', 'Cenpe', 'Kif1b']"
GYNGTIFAYG,5,0.0002,"['Kif5a', 'Cenpe', 'Kif17', 'Krp3a', 'Kif15']"
RLVITPLTDR,5,0.0002,"['DLP11', 'Dnah1', 'Q2KML4', 'Dnah17', 'Dnah5']"
SLKEFQENTI,5,0.0002,"['Q6QI38', 'LOC100364265', 'LOC317588', 'Q6QI35', 'rCG_65891']"
HTGEKPFSCS,5,0.0002,"['Zfp213', 'LOC100911196', 'Klf10', 'Zbtb32', 'Snai1']"
LPLLLLLLLL,5,0.0002,"['Pi16', 'Npw', 'Colgalt1', 'Tmub1', 'Mmp11']"
FVGKWLELEN,5,0.0002,"['Ccp6l1', 'LOC100362110', 'Q6TUG2', 'LOC102548541', 'rCG_65891']"
VHTGEKPYEC,5,0.0002,"['DZF13', 'Zfp949', 'Zfp37', 'Zkscan3', 'LOC102555672']"
LVLEQFLTIL,5,0.0002,"['Zscan25', 'Znf394', 'Zscan21', 'Zkscan5', 'Zfp449']"
