k-mer,number of proteins,percentage,all,(Out of 28612 proteins in total)
SSSSSSSSSS,70,0.002447,"['chd1', 'H2U4M3', 'LOC101071699', 'klf12', 'tshz3', 'H2UZ78', 'zmynd8', 'H2TP18', 'H2SJP6', 'H2V0U0', 'arl6ip4', 'H2RW22', 'H2UC15', 'brwd3', 'H2S6Z9', 'H2SQM1', 'H2UQJ3', 'H2U7F5', 'LOC101072278', 'LOC101061220', 'H2SZH9', 'H2S6N2', 'H2U5L1', 'loxl1', 'mex3b', 'H2SWM6', 'H2UGI9', 'H2TIN3', 'H2UQ60', 'PWWP2A', 'H2TE53', 'H2SX20', 'H2UYX6', 'LOC101075600', 'H2V452', 'H2TH08', 'H2RM66', 'LOC101073756', 'MLL', 'BFSP1', 'H2T4R1', 'plce1', 'mycbp2', 'phf8', 'pnn', 'jmjd6', 'H2S1A3', 'H2S1T9', 'H2S9H0', 'ints12', 'H2TQP3', 'Q90Z60', 'LOC446001', 'Sox11', 'LOC101074911', 'LOC101064245', 'H2TRM1', 'tcf7l1', 'H2TNY3', 'H2UKE7', 'H2RRT4', 'H2URU3', 'H2U1P5', 'H2T8E6', 'H2RRA6', 'H2T757', 'cwc22', 'crnkl1', 'brd2', 'H2TCW3']"
EEEEEEEEEE,59,0.002062,"['H2TRV0', 'ythdc1', 'H2RJU9', 'H2RYF6', 'mfap1', 'H2STD6', 'H2TPA0', 'tanc1', 'H2VCS1', 'H2UC11', 'SLC4A2', 'SMARCA4', 'H2RKD1', 'LOC101062778', 'H2SJK0', 'H2TF68', 'H2UHC7', 'klhdc4', 'H2UT10', 'H2RZR5', 'LOC101062304', 'wbp11', 'CSRNP3', 'H2UK57', 'H2T8D5', 'H2UTR5', 'H2TAZ2', 'kdm7a', 'arid4a', 'PPP1R9B', 'npm1', 'vezt', 'rassf9', 'H2TK27', 'mycn', 'H2UZ28', 'H2TNA8', 'specc1l', 'H2U2R6', 'UTP14C', 'H2U3X8', 'H2U0X1', 'LOC101078071', 'H2UQI4', 'H2V0T8', 'H2TH59', 'LOC101075143', 'H2UT47', 'st6gal2', 'H2U4V4', 'LOC101067604', 'clstn1', 'Q9DGL1', 'LOC101068860', 'trmt1', 'LOC101071934', 'H2S6R9', 'SECISBP2L', 'LOC101067000']"
HTHTHTHTHT,47,0.001643,"['H2V8P6', 'H2S8Z1', 'sema3b', 'H2SBD1', 'H2RUT5', 'H2RLK8', 'H2TCJ9', 'TMEM179', 'H2VDJ1', 'H2T3Q2', 'H2TFK8', 'H2RLT8', 'H2RPS4', 'H2S5A3', 'H2TNK5', 'ak8', 'H2RUC1', 'H2ST30', 'H2RIU9', 'H2UAJ3', 'H2RW01', 'H2SBF0', 'H2RPS3', 'H2UBL3', 'H2VAD7', 'H2SM14', 'efnb2', 'H2TH27', 'H2S6U5', 'H2SVM6', 'H2TUU6', 'H2UKG5', 'LOC101079790', 'H2S1T7', 'H2V3V4', 'LCP1', 'H2UU22', 'H2RXH4', 'H2SYR7', 'LOC101067140', 'ADCY9', 'H2UXJ5', 'H2UBI4', 'H2VD63', 'H2V155', 'H2S6J2', 'H2SI32']"
THTHTHTHTH,47,0.001643,"['H2V8P6', 'H2S8Z1', 'sema3b', 'H2RLK8', 'H2TCJ9', 'H2TZF1', 'DIP2C', 'H2VDJ1', 'H2SBD1', 'H2TFK8', 'LCP1', 'H2RPS4', 'H2UXJ5', 'H2TNK5', 'ak8', 'H2RUC1', 'H2ST30', 'H2RIU9', 'H2UAJ3', 'H2RW01', 'H2SBF0', 'H2UKG5', 'H2VAD7', 'TMEM179', 'H2SM14', 'efnb2', 'H2TH27', 'H2S6U5', 'H2RLT8', 'H2SVM6', 'H2TUU6', 'LOC101079790', 'H2S1T7', 'H2V3V4', 'H2SZ45', 'H2UU22', 'H2RXH4', 'H2SYR7', 'LOC101067140', 'ADCY9', 'H2S5A3', 'H2UBI4', 'H2VD63', 'H2V155', 'H2S6J2', 'H2T0D1', 'H2SI32']"
QQQQQQQQQQ,43,0.001503,"['H2VAV3', 'H2V6W5', 'LOC101073190', 'H2UZ78', 'H2UZ79', 'med12', 'SOX9', 'tox3', 'clptm1', 'H2UEB6', 'H2SF14', 'LOC101066969', 'synrg', 'paxip1', 'GLI2', 'H2TLT1', 'MED15', 'tial1', 'LOC101075512', 'cwc15', 'H2UFW5', 'foxp1', 'kiaa0355', 'hdac9', 'usp47', 'abi1', 'H2ULN0', 'klf4', 'STK9', 'H2ULB4', 'H2TSA4', 'LOC101079432', 'H2U1K3', 'LOC101071226', 'LOC101065307', 'LOC101061212', 'CRTC2', 'H2RM52', 'H2UET8', 'MEF2D', 'ALR', 'H2SLT3', 'crebbp']"
PPPPPPPPPP,42,0.001468,"['H2UAT8', 'H2UIL9', 'apbb1ip', 'H2SK78', 'H2S6A8', 'LOC101065727', 'pxk', 'H2SLA5', 'LOC101069458', 'mtfr1', 'H2SUS5', 'INF2', 'H2TUK1', 'JMY', 'wasf2', 'Q4JHL6', 'H2RUI5', 'H2TCW8', 'H2TAP9', 'H2UYR2', 'H2VAD7', 'H2UTV9', 'H2U4L9', 'zfhx4', 'H2SGX9', 'LOC101069770', 'WNK4', 'H2UZ28', 'H2TGS5', 'zswim8', 'H2UL99', 'H2RKX9', 'washc1', 'H2V2X2', 'H2SI77', 'DLST', 'LOC101063049', 'fmnl3', 'LOC101068860', 'znf385b', 'H2STY2', 'H2TD76']"
CVCVCVCVCV,40,0.001398,"['H2VCW4', 'H2SD40', 'H2TYR9', 'H2TXM4', 'LOC101069248', 'sardh', 'H2RX66', 'H2SY95', 'H2UUD5', 'nkain2', 'cxcl12', 'H2S4D6', 'poldip2', 'H2SGH1', 'H2SAR1', 'H2UJX6', 'H2RYT5', 'H2UTP0', 'H2TB72', 'LOC101068409', 'H2SIW2', 'H2RTY4', 'H2TMM0', 'H2SXH4', 'H2T0C2', 'H2V9A8', 'H2U8V2', 'EDEM2', 'H2RW54', 'fam171a2', 'H2SM11', 'H2UG76', 'CCM2L', 'H2TVJ9', 'H2U3I1', 'H2V1R1', 'MEGF11', 'CHRND', 'H2UK25', 'H2S330']"
VCVCVCVCVC,36,0.001258,"['H2VCW4', 'H2SD40', 'H2TYR9', 'H2TXM4', 'LOC101069248', 'sardh', 'H2RX66', 'H2SY95', 'H2UUD5', 'nkain2', 'cxcl12', 'H2S4D6', 'poldip2', 'H2SGH1', 'H2SAR1', 'H2UJX6', 'H2RYT5', 'H2TB72', 'LOC101068409', 'H2U8V2', 'H2RTY4', 'H2TMM0', 'H2SXH4', 'H2T0C2', 'H2V9A8', 'EDEM2', 'H2RW54', 'H2SM11', 'H2UG76', 'H2U3I1', 'H2V1R1', 'MEGF11', 'H2TE06', 'CHRND', 'H2UK25', 'H2S330']"
GGGGGGGGGG,29,0.001014,"['H2S7A4', 'LOC101077429', 'H2UQN9', 'H2U5I0', 'H2U989', 'LOC101079010', 'RBMS3', 'ATXN7L3', 'srsf5', 'H2SD90', 'cacna1a', 'Q4JHL1', 'H2SLT6', 'H2UEN1', 'H2T3M9', 'H2T4L4', 'H2SKL9', 'H2TPY5', 'LOC101066798', 'H2UEG4', 'H2RKE0', 'fam171a2', 'H2SNF2', 'H2SMY7', 'H2S6R9', 'taf15', 'srrt', 'LOC101070492', 'KRT18']"
EEEEEEEEED,25,0.000874,"['H2TRV0', 'H2RJU9', 'zgpat', 'H2UC11', 'H2RW47', 'H2TP37', 'utp3', 'H2RZR5', 'SECISBP2L', 'CSRNP3', 'H2UK57', 'H2UHC7', 'PPP1R9B', 'npm1', 'vezt', 'MYT1', 'arid4a', 'LOC101067000', 'kiaa1429', 'LOC101075143', 'neurod1', 'LOC101067604', 'Q9DGL1', 'klhdc4', 'LOC101065284']"
AAAAAAAAAA,24,0.000839,"['LOC101079487', 'junDLb', 'H2SCX4', 'Evx2', 'adgra3', 'H2UMR2', 'irx2', 'Sox21', 'LOC101077772', 'ktn1', 'arl6ip4', 'LOC101064580', 'H2UC50', 'GLI2', 'H2UHC8', 'H2T3K8', 'smarcc1', 'hcn1', 'ANKRD34C', 'foxo1', 'hoxb6a', 'pbx4', 'H2USY0', 'ALR']"
TSSSSSSSSS,22,0.000769,"['ralyl', 'LOC101074306', 'H2RW22', 'ZC3H12C', 'H2RRD5', 'H2UGX2', 'arl6ip4', 'H2RM68', 'LOC101076052', 'H2UYX6', 'H2UJF1', 'H2TH08', 'MLL', 'BFSP1', 'H2RRA6', 'H2S9H0', 'H2U3P7', 'Sox11', 'tcf7l1', 'H2TNY3', 'brwd3', 'H2T757']"
QVKIWFQNRR,22,0.000769,"['LOC101064633', 'hoxa4a', 'gsx2', 'hoxa11b', 'LOC101076460', 'GBX1', 'hoxc10a', 'hoxd9b', 'LOC101077246', 'LOC101076366', 'H2T254', 'LOC101065636', 'nkx1-2', 'nkx3-2', 'LOC446087', 'hoxc12a', 'hoxa10a', 'hoxa9a', 'DBX1', 'hoxc8a', 'mnx1', 'hoxa1a']"
ERERERERER,18,0.000629,"['FoxP2', 'LOC101073624', 'H2V358', 'H2SMI5', 'H2SEJ8', 'H2URQ7', 'LOC101065025', 'ADCY9', 'gse1', 'H2V362', 'H2T0F1', 'H2V0X0', 'H2V0Y9', 'H2UTP1', 'H2S460', 'H2U7L0', 'H2TC91', 'H2RNG3']"
RERERERERE,18,0.000629,"['FoxP2', 'LOC101073624', 'H2V358', 'H2URQ7', 'LOC101079466', 'LOC101065025', 'ADCY9', 'gse1', 'H2V362', 'H2T0F1', 'H2V5G2', 'H2V0X0', 'H2V0Y9', 'H2TBM4', 'H2UTP1', 'H2U7L0', 'H2TC91', 'H2RNG3']"
APPPPPPPPP,17,0.000594,"['H2UAT8', 'H2TD76', 'apbb1ip', 'diaph3', 'fmnl3', 'H2UZ28', 'WNK4', 'H2U1P5', 'LOC101069458', 'LOC101068860', 'DLST', 'H2STY2', 'H2UYR2', 'H2V7C3', 'H2VAD7', 'INF2', 'LOC101072181']"
DEEEEEEEEE,17,0.000594,"['H2UK57', 'H2RJU9', 'neurod1', 'znf330', 'mycn', 'zgpat', 'skap1', 'RTN1', 'CSRNP3', 'H2UT47', 'H2VCS1', 'LOC101071920', 'H2UHC7', 'LOC101065168', 'LOC101078071', 'npm1', 'vezt']"
KIWFQNRRMK,16,0.000559,"['hoxa5a', 'hoxc10a', 'hoxd9b', 'LOC446087', 'hoxb4a', 'mnx1', 'hoxc8a', 'hoxa10a', 'DBX1', 'hoxa3a', 'hoxa9a', 'pdx1', 'hoxc12a', 'hoxb6a', 'hoxa11b', 'hoxa1a']"
SSSSSSSSSP,16,0.000559,"['H2U4M1', 'H2UC15', 'H2V452', 'LOC101074911', 'H2TRM1', 'tbc1d5', 'MLL', 'klf12', 'H2U1F4', 'LOC101074306', 'phf8', 'LOC101061220', 'H2SRZ2', 'H2S1A3', 'H2TU80', 'H2S9V2']"
GPPGPPGPPG,16,0.000559,"['H2V9E7', 'H2UD26', 'H2UQD2', 'H2SSM9', 'H2TB72', 'LOC101065492', 'H2TV76', 'H2TCV0', 'H2V2R5', 'col6a1', 'cpsf6', 'H2SK39', 'H2RKB4', 'LOC101074496', 'H2VE24', 'H2S5Z7']"
SSSSSSSSST,15,0.000524,"['H2UYX6', 'H2RRD5', 'srf', 'H2SWM6', 'tbx21', 'hoxb6a', 'H2UGX4', 'cbl', 'BFSP1', 'H2TH08', 'H2SMI7', 'LOC101071090', 'H2RRB0', 'zmynd8', 'mex3b']"
PPPPPPPPLP,15,0.000524,"['JMY', 'H2V2X2', 'barhl1', 'diaph3', 'fmnl3', 'H2RRR1', 'H2UTW0', 'H2SLA5', 'H2TIN2', 'H2UIM0', 'H2UL99', 'mtfr2', 'H2TD76', 'INF2', 'H2VD49']"
GEEEEEEEEE,15,0.000524,"['LOC101067800', 'H2TWG1', 'st6gal2', 'H2SK78', 'H2UTR6', 'LOC101061393', 'H2UL37', 'H2TPA0', 'H2TNA8', 'H2SJK0', 'NOP14', 'H2RW47', 'SLC4A2', 'LOC101071934', 'H2V0T8']"
ASSSSSSSSS,15,0.000524,"['H2UKE7', 'H2V3K9', 'H2S9V2', 'H2V452', 'H2UGX4', 'LOC101078379', 'H2SC97', 'pou6f2', 'plce1', 'H2TCW3', 'PWWP2A', 'H2RRA6', 'H2UQJ3', 'mex3b', 'H2TU80']"
HHHHHHHHHH,15,0.000524,"['Sox10a', 'H2S0X2', 'CACNB2', 'H2STH8', 'rnft2', 'vgll2', 'H2TUN9', 'H2UDB4', 'vgll4', 'H2TKJ0', 'ccnt1', 'H2UNW2', 'LOC101063993', 'nlk', 'H2V498']"
PPPPPPPPPL,14,0.000489,"['H2RKX9', 'JMY', 'H2UL72', 'H2UL99', 'H2V2X2', 'diaph3', 'fmnl3', 'H2UXB7', 'pxk', 'H2T7Z4', 'H2SLA5', 'H2SU47', 'H2TD76', 'INF2']"
EEEEEEEEEG,14,0.000489,"['LOC101067800', 'znf330', 'H2STD6', 'ythdc1', 'zeb1', 'H2U2R6', 'H2TNA8', 'pes1', 'H2UTR5', 'NOP14', 'H2RW47', 'H2TPA0', 'LOC101071920', 'H2S6R9']"
LPPPPPPPPP,14,0.000489,"['H2RKX9', 'H2TZK3', 'washc1', 'H2UL72', 'H2S0Y4', 'LOC101065727', 'LOC101069770', 'H2TIS5', 'H2SU47', 'mtfr1', 'H2TD76', 'hhatl', 'H2TCW8', 'H2UTQ3']"
EGEEEEEEEE,13,0.000454,"['H2TWG1', 'H2SK78', 'ZHX1', 'LOC101061393', 'H2UL37', 'H2TNA8', 'H2SJK0', 'CCPG1', 'NOP14', 'H2RW47', 'SLC4A2', 'LOC101071934', 'H2V0T8']"
SSSSSSSSPS,13,0.000454,"['H2S9V2', 'H2V0C4', 'thrap3', 'klf12', 'LOC101074911', 'H2TRM1', 'MLL', 'H2U1F4', 'FOXO1', 'LOC101074306', 'H2UC15', 'LOC101061220', 'H2S1A3']"
QVWFQNRRAK,13,0.000454,"['H2S3V9', 'LHX3', 'H2U983', 'arx', 'alx1', 'drgx', 'LOC101075487', 'LOC101073544', 'vsx1', 'PROP1', 'phox2a', 'H2UU73', 'mixl1']"
HSSSSSSSSS,13,0.000454,"['H2RKY9', 'H2S6Z9', 'LOC101071699', 'H2SWM6', 'tshz3', 'LOC101064245', 'tbc1d5', 'H2UNS3', 'H2T4R1', 'H2UC15', 'pnn', 'pnisr', 'H2SH52']"
THTHTHTHTQ,13,0.000454,"['H2RIU0', 'H2TH27', 'H2S6U5', 'H2S5A3', 'LOC101072387', 'ADCY9', 'H2UXJ5', 'H2VAF4', 'H2T3Q2', 'H2TFK8', 'H2S6J1', 'H2UU22', 'H2SM14']"
HRDLAARNVL,13,0.000454,"['pdgfra', 'tie1', 'csk', 'ERBB4', 'LOC101061130', 'H2T4M1', 'SRMS', 'zap70', 'jak1', 'LOC101063506', 'LOC105416995', 'LOC101063860', 'ret']"
PSSSSSSSSS,13,0.000454,"['H2U4M1', 'H2S6N2', 'Q90Z60', 'TMCC1', 'H2URU3', 'H2SFW9', 'mycbp2', 'phf8', 'H2VAQ0', 'H2SIC9', 'H2S6E8', 'brd2', 'LOC101071090']"
STSSSSSSSS,13,0.000454,"['H2RRD5', 'H2TH08', 'Sox11', 'arl6ip4', 'tcf7l1', 'ppef1', 'H2U1F4', 'H2U1P5', 'H2U0Q5', 'BFSP1', 'H2RM68', 'brwd3', 'ZC3H12C']"
QEEEEEEEEE,12,0.000419,"['rassf9', 'H2RYF6', 'H2TF68', 'LOC101071699', 'H2STD6', 'H2RKD1', 'pes1', 'Q9DGL1', 'H2U0X1', 'kdm7a', 'kat6a', 'klhdc4']"
PPPPPPPPPA,12,0.000419,"['apbb1ip', 'LOC101069275', 'H2S6A8', 'zfhx4', 'WNK4', 'LOC101063049', 'H2STY2', 'H2TAP9', 'H2UTV9', 'H2UYR2', 'H2TGS5', 'zswim8']"
PPPPPPPLPP,12,0.000419,"['H2V7R9', 'H2V280', 'H2V2X2', 'barhl1', 'H2RRR1', 'H2UIM0', 'H2UTW0', 'H2SLA5', 'H2TIN2', 'mtfr2', 'H2TP20', 'H2VD49']"
SSSSSSSSSL,12,0.000419,"['H2UKE7', 'H2V3K9', 'H2U3P7', 'H2S6Z9', 'LOC101065610', 'H2S1T9', 'H2S6N2', 'mycbp2', 'H2UBL3', 'H2SX20', 'H2UGX2', 'ing3']"
SSSSSSSSSA,12,0.000419,"['LOC101073756', 'H2RKY9', 'LOC101071699', 'pnisr', 'H2TP18', 'pou6f2', 'RARB', 'H2U1P5', 'H2SJP6', 'H2SH52', 'H2S1A3', 'LOC101078327']"
VKIWFQNRRM,12,0.000419,"['hoxc10a', 'hoxd9b', 'hoxa4a', 'hoxc8a', 'hoxa10a', 'LOC446087', 'DBX1', 'hoxa9a', 'hoxc12a', 'mnx1', 'hoxa11b', 'hoxa1a']"
LADEMGLGKT,12,0.000419,"['H2TXI7', 'hells', 'chd3', 'H2U547', 'H2TKJ3', 'H2S5A9', 'ino80', 'H2TYB6', 'H2TAG0', 'H2TC23', 'SMARCA4', 'smarca5']"
CQGDSGGPLV,12,0.000419,"['H2U5L5', 'H2RV17', 'H2S1K7', 'H2VA83', 'H2U662', 'tmprss6', 'plg', 'H2UA77', 'LOC101074126', 'H2SW36', 'LOC101067258', 'LOC105416790']"
LQQQQQQQQQ,12,0.000419,"['foxp1', 'gigyf2', 'LOC101071226', 'LOC101075512', 'paxip1', 'LOC101061212', 'H2TLT1', 'H2RM52', 'H2SLT3', 'STK9', 'usp47', 'crebbp']"
DACQGDSGGP,12,0.000419,"['H2T0F9', 'LOC101074340', 'tmprss6', 'LOC101074247', 'H2RN35', 'LOC101062045', 'H2RLS3', 'LOC101074126', 'H2SW36', 'f10', 'H2SKH9', 'H2TWA4']"
EEEEEEEEDE,12,0.000419,"['H2RJU9', 'phactr2', 'H2S289', 'calr', 'LOC101067604', 'H2UC11', 'LOC101080107', 'H2TTU1', 'arid4a', 'kiaa1429', 'LOC101070174', 'MYT1']"
ILADEMGLGK,12,0.000419,"['H2TXI7', 'hells', 'chd3', 'H2U547', 'H2TKJ3', 'H2S5A9', 'ino80', 'H2TYB6', 'H2TAG0', 'H2TC23', 'SMARCA4', 'smarca5']"
PPGPPGPPGP,11,0.000384,"['H2S5Z8', 'H2UQD2', 'H2RLG2', 'LOC101071943', 'H2TCV0', 'H2V2R5', 'cpsf6', 'H2UWM1', 'H2RKB4', 'H2TB72', 'H2S5Z7']"
AYGQTGSGKT,11,0.000384,"['H2TWG4', 'H2S6B3', 'kif7', 'H2SQH4', 'kif4a', 'kif15', 'H2VD62', 'H2UJW2', 'H2TLY0', 'H2S1X6', 'kifc1']"
ACQGDSGGPL,11,0.000384,"['H2T0F9', 'LOC101074340', 'tmprss6', 'LOC101074247', 'LOC101066013', 'LOC101062045', 'H2RN35', 'LOC101074126', 'H2SW36', 'H2SKH9', 'H2TWA4']"
EDEEEEEEEE,11,0.000384,"['LOC101061364', 'H2T5Q5', 'H2UZC6', 'H2U162', 'H2VCS1', 'PIEZO2', 'H2RPU7', 'prdm5', 'H2TTU1', 'H2SLI7', 'calr']"
QQQQQQQQQA,11,0.000384,"['H2U0B0', 'LOC101066969', 'H2UZ78', 'H2UZ79', 'med12', 'H2RPR8', 'MED15', 'H2V6K2', 'STK9', 'cwc15', 'clptm1']"
SRSRSRSRSR,11,0.000384,"['ccnl1', 'srsf5', 'srsf7', 'H2UDT3', 'H2TQP1', 'thrap3', 'zranb2', 'H2S0Y4', 'cherp', 'clasrp', 'srsf10']"
RGEERRGEER,11,0.000384,"['LOC101068729', 'H2SPQ9', 'H2V9S3', 'H2SCJ2', 'H2SNH7', 'H2SKM1', 'H2TTW0', 'H2TS41', 'ARHGAP26', 'H2SXK9', 'H2TV62']"
NSIRHNLSLN,11,0.000384,"['FOXK2', 'LOC101073098', 'LOC101066662', 'LOC101067147', 'LOC101077580', 'H2TZ36', 'foxl2', 'foxl1', 'H2UGV2', 'foxc1', 'isoc2']"
QGDSGGPLVC,11,0.000384,"['H2U5L5', 'H2RV17', 'LOC101071414', 'H2VA84', 'H2U662', 'tmprss6', 'plg', 'LOC101071324', 'H2SW36', 'H2UA78', 'LOC105416790']"
PLLSSPLLSS,11,0.000384,"['NCKAP1L', 'H2SUP1', 'itfg1', 'LOC101075775', 'LOC101079318', 'LOC101069674', 'LOC446093', 'H2STV8', 'H2SD31', 'mecr', 'H2SQ49']"
PGPPGPPGPP,11,0.000384,"['H2V9E7', 'H2UD25', 'H2UQD2', 'H2SSM9', 'H2TB72', 'H2TCV0', 'H2V2R5', 'cpsf6', 'H2SK39', 'H2VE24', 'H2S5Z7']"
RSSSSSSSSS,11,0.000384,"['LOC101072278', 'H2TQP3', 'LOC446001', 'LOC101074911', 'arl6ip4', 'H2UGI9', 'H2RRT4', 'H2TE53', 'H2U7F5', 'H2S1A3', 'NYAP2']"
SEEEEEEEEE,11,0.000384,"['H2TAZ2', 'utp3', 'H2TK27', 'H2UT10', 'H2T8D5', 'zeb1', 'mfap1', 'arid4a', 'H2TP37', 'SMARCA4', 'clstn1']"
SSSSSTSSSS,10,0.00035,"['H2TH08', 'arl6ip4', 'NPAS3', 'H2UF80', 'H2V946', 'LOC101062196', 'H2TAP9', 'LOC101078197', 'H2RM68', 'LOC101077315']"
WDTAGQERFR,10,0.00035,"['rab9a', 'H2SWX5', 'H2SRB7', 'H2TVT5', 'LOC101066471', 'rab41', 'rasef', 'LOC101076017', 'LOC101067730', 'H2TJT9']"
PPPPPPPPPG,10,0.00035,"['H2UAT8', 'wasf2', 'fmnl2', 'H2TUK1', 'LOC101069770', 'LOC101069458', 'H2TCW8', 'H2STY2', 'H2VAD7', 'LOC101061751']"
GEERRGEERR,10,0.00035,"['H2SPQ9', 'H2V9S3', 'H2SCJ2', 'H2SNH7', 'H2SKM1', 'H2TTW0', 'H2TS41', 'ARHGAP26', 'H2SXK9', 'H2TV62']"
EEEEEEEEEK,10,0.00035,"['lmf2', 'H2TF68', 'LOC101068498', 'specc1l', 'H2U0X0', 'UTP14C', 'H2RW47', 'trmt1', 'H2TH59', 'H2UT10']"
SSSSSSSTSS,10,0.00035,"['H2UNV7', 'H2RRD5', 'LOC101077315', 'H2TH08', 'LOC101071090', 'H2UK56', 'H2U0Q5', 'H2RM68', 'mex3b', 'hey1']"
EERRGEERRG,10,0.00035,"['H2SPQ9', 'H2SCJ2', 'H2SNH7', 'H2SKM1', 'H2TTW0', 'H2TS41', 'ARHGAP26', 'H2RXL2', 'H2SXK9', 'H2TV62']"
EEEEEEDEEE,10,0.00035,"['morc2', 'H2T360', 'H2T363', 'H2UC92', 'H2S289', 'H2UEG6', 'H2UYF4', 'MYT1', 'H2S465', 'LOC101069734']"
RSRSRSRSRS,10,0.00035,"['ccnl1', 'srsf5', 'srsf7', 'H2TQP2', 'H2UDT3', 'H2S0Y4', 'zranb2', 'cherp', 'clasrp', 'srsf10']"
SPPPPPPPPP,10,0.00035,"['JMY', 'H2UL99', 'H2SI77', 'znf385b', 'H2TUJ7', 'H2T7Z6', 'H2STY2', 'H2TAP9', 'H2VAD7', 'H2RUI5']"
PLPPPPPPPP,10,0.00035,"['H2RKX9', 'H2UL72', 'H2UIM0', 'rasa1', 'H2TIS5', 'H2SU47', 'H2UAE3', 'H2TD76', 'hhatl', 'mtfr2']"
CEGCKGFFRR,10,0.00035,"['rara', 'VDR', 'LOC101077131', 'H2UYA6', 'thrb', 'nr1i2', 'pparb', 'nr1h4', 'nr1d2', 'H2T757']"
ERRGEERRGE,10,0.00035,"['H2SPQ9', 'H2V9S3', 'H2SCJ2', 'H2SNH7', 'H2TTW1', 'H2SKM1', 'H2TS41', 'ARHGAP26', 'H2SXK9', 'H2TV62']"
FAYGQTGSGK,10,0.00035,"['H2SA57', 'H2TWG4', 'H2S6B3', 'H2TKL6', 'LOC101074205', 'kif15', 'H2TLX9', 'kif7', 'H2S1X6', 'kifc1']"
SSSSSSSSTS,10,0.00035,"['H2RRD5', 'fam222a', 'H2UK56', 'tbx21', 'LOC101071090', 'H2TH08', 'H2U0Q5', 'H2RM68', 'mex3b', 'hey1']"
SSTSSSSSSS,10,0.00035,"['H2RRD5', 'H2TH08', 'H2SZB0', 'arl6ip4', 'plekhh1', 'H2U1F4', 'H2U1P5', 'H2RM68', 'brwd3', 'H2TE54']"
DDEEEEEEEE,10,0.00035,"['mycn', 'neurod1', 'znf330', 'LOC101066223', 'skap1', 'RTN1', 'CSRNP3', 'LOC101078071', 'npm1', 'vezt']"
GSSSSSSSSS,10,0.00035,"['LOC101075600', 'chd1', 'loxl1', 'H2SNH7', 'LOC101065610', 'LOC101074911', 'H2SMI7', 'H2TE53', 'H2UBL3', 'crnkl1']"
SPLLSSPLLS,10,0.00035,"['NCKAP1L', 'H2SUP1', 'itfg1', 'LOC101075775', 'LOC101079318', 'LOC101069674', 'LOC446093', 'H2STV8', 'mecr', 'H2SQ49']"
LCVCVCVCVC,9,0.000315,"['H2SD40', 'H2SSM7', 'H2U8V2', 'H2V0Q8', 'H2TVJ9', 'H2V1R1', 'EDEM2', 'H2SM11', 'fam171a2']"
SSPLLSSPLL,9,0.000315,"['NCKAP1L', 'H2SUP1', 'itfg1', 'LOC101075775', 'LOC101079318', 'LOC446093', 'H2STV8', 'mecr', 'H2SQ49']"
KEEEEEEEEE,9,0.000315,"['LOC101075143', 'H2US11', 'H2U2R6', 'UTP14C', 'H2U3X8', 'H2RW47', 'trmt1', 'H2U0W7', 'MYT1']"
SSSSSSSSSR,9,0.000315,"['LOC101072278', 'arl6ip4', 'LOC101074911', 'LOC101064245', 'ralyl', 'H2RRT4', 'H2UQJ3', 'H2ULB7', 'H2U7F5']"
DEMGLGKTIQ,9,0.000315,"['H2TXI7', 'hells', 'chd3', 'H2U547', 'LOC101065509', 'H2TAG0', 'H2TC23', 'SMARCA4', 'H2S5A9']"
HLRTHTGEKP,9,0.000315,"['H2TNK3', 'H2T321', 'H2SWY6', 'zbtb24', 'LOC101076088', 'H2T1C9', 'klf1', 'LOC101061973', 'H2TFH8']"
VQVWFQNRRA,9,0.000315,"['H2S3V9', 'LHX3', 'H2U983', 'arx', 'alx1', 'LOC101075487', 'LOC101073544', 'H2UU73', 'phox2a']"
LSSSSSSSSS,9,0.000315,"['klf12', 'H2SZH9', 'H2UQ60', 'H2UZ78', 'cbl', 'H2SJP6', 'LOC101076133', 'H2S1T9', 'H2U7F5']"
RQVKIWFQNR,9,0.000315,"['LOC101076460', 'hoxc10a', 'hoxd9b', 'hoxa4a', 'hoxc8a', 'hoxa11b', 'LOC446087', 'hoxa9a', 'hoxa10a']"
HQQQQQQQQQ,9,0.000315,"['H2VAV3', 'H2V6W5', 'H2U0B0', 'abi1', 'H2TQP3', 'H2ULN0', 'H2SV24', 'CRTC2', 'H2UFW5']"
SGGGGGGGGG,9,0.000315,"['BAW', 'H2S5K5', 'H2SKL9', 'H2TPY5', 'H2RKE0', 'H2UEN1', 'H2TWR3', 'ATXN7L3', 'KRT18']"
SQQQQQQQQQ,9,0.000315,"['H2TSA4', 'H2V6W5', 'H2UZ78', 'H2UZ79', 'MED15', 'H2UET8', 'MEF2D', 'ALR', 'H2ULB4']"
QQQQQQQQQP,9,0.000315,"['H2TSA4', 'foxp1', 'H2SF14', 'H2SLT3', 'abi1', 'LOC101063023', 'LOC101065307', 'H2UEB6', 'H2ULB4']"
RRGEERRGEE,9,0.000315,"['H2SPQ9', 'H2V9S3', 'H2SCJ2', 'H2SNH7', 'H2SKM1', 'H2TTW0', 'H2TS41', 'H2SXK9', 'H2TV62']"
IWDTAGQERF,9,0.000315,"['rab35', 'rab9b', 'rab26', 'H2TJT9', 'H2SWX6', 'LOC101062381', 'rab22a', 'H2TVT5', 'rab12']"
RDLAARNVLV,9,0.000315,"['tie1', 'csk', 'ERBB4', 'LOC101061130', 'LOC101063506', 'SRMS', 'ret', 'jak1', 'LOC101063860']"
SASSSSSSSS,9,0.000315,"['H2TJ69', 'H2S9V2', 'LOC101078379', 'pou6f2', 'H2SC97', 'H2RRA6', 'H2V186', 'mex3b', 'H2TU80']"
QVKVWFQNRR,9,0.000315,"['LOC101069727', 'hoxd4b', 'vax2', 'hlx', 'H2V7C9', 'hoxa2a', 'nkx6-2', 'meox1', 'meox2']"
EEEEEEEEEV,9,0.000315,"['H2UB43', 'H2TK27', 'H2U4V4', 'EIF4G1', 'H2RKD1', 'H2UTR5', 'LOC101068860', 'SLC4A2', 'H2UQI4']"
VHCSAGVGRT,9,0.000315,"['LOC101076860', 'H2S8C2', 'PTPN14', 'H2UPD1', 'H2T3E3', 'PTPRc', 'H2U0H9', 'H2U9C0', 'ptprb']"
DSCQGDSGGP,9,0.000315,"['H2U5L5', 'H2RV17', 'F9', 'H2S1K7', 'H2UIG5', 'plg', 'LOC101071730', 'H2UA77', 'LOC105416790']"
HCSAGVGRTG,9,0.000315,"['LOC101076860', 'H2S8C2', 'PTPN14', 'H2UPD1', 'H2T3E3', 'PTPRc', 'H2U0H9', 'H2U9C0', 'ptprb']"
QNSIRHNLSL,9,0.000315,"['FOXK2', 'LOC101073098', 'LOC101066662', 'LOC101067147', 'H2TZ36', 'foxl2', 'foxl1', 'H2UGV2', 'foxc1']"
WFQNRRAKWR,9,0.000315,"['HHEX', 'H2UU73', 'arx', 'alx1', 'drgx', 'LOC101079447', 'LOC101073544', 'vsx1', 'H2SRQ8']"
TQVKIWFQNR,9,0.000315,"['LOC101064633', 'H2T254', 'LOC101077246', 'nkx1-2', 'LOC101076366', 'nkx3-2', 'mnx1', 'hoxa1a', 'nkx2-5']"
DSSSSSSSSS,9,0.000315,"['CIR1', 'jmjd6', 'H2TH07', 'cwc22', 'H2T8E6', 'H2RM66', 'H2SX20', 'H2S1A3', 'brd2']"
PPPPPPPPPS,8,0.00028,"['LOC101069275', 'H2SI77', 'znf385b', 'H2STH9', 'H2TIS5', 'H2T7Z6', 'mtfr1', 'H2RUI5']"
AHTHTHTHTH,8,0.00028,"['H2RUT5', 'H2SVM6', 'TMEM179', 'H2UBI4', 'H2S1T7', 'H2V3V4', 'H2VAD7', 'H2SU19']"
LSSPLLSSPL,8,0.00028,"['H2SUP1', 'itfg1', 'LOC101075775', 'LOC101079318', 'LOC446093', 'H2STV8', 'mecr', 'H2SQ49']"
SSSSSSSSSE,8,0.00028,"['H2TQP3', 'jmjd6', 'H2SNH7', 'H2RLU1', 'brwd3', 'H2TE53', 'crnkl1', 'brd2']"
SSSSSSSSSD,8,0.00028,"['LOC446001', 'cwc22', 'H2UNS3', 'H2TH08', 'H2T8E6', 'H2TE53', 'H2S6E8', 'brd2']"
QQQQQQQQQH,8,0.00028,"['H2VAV3', 'kiaa0355', 'H2ULN0', 'paxip1', 'SOX9', 'tox3', 'H2RPP5', 'crebbp']"
VWFQNRRAKW,8,0.00028,"['H2S3V9', 'arx', 'alx1', 'drgx', 'LOC101075487', 'LOC101073544', 'vsx1', 'H2UU73']"
LLSSPLLSSP,8,0.00028,"['H2SUP1', 'itfg1', 'LOC101075775', 'LOC101079318', 'LOC446093', 'H2STV8', 'mecr', 'H2SQ49']"
SVCVCVCVCV,8,0.00028,"['H2RPL6', 'H2RTY4', 'H2TYR9', 'H2TE06', 'CHRND', 'H2UK25', 'poldip2', 'H2TB72']"
SSSSSSSSSN,8,0.00028,"['ints12', 'H2UJF1', 'H2UQ60', 'H2SI67', 'H2U5L1', 'arl6ip4', 'H2RW22', 'H2RM68']"
RVQVWFQNRR,8,0.00028,"['H2S3V9', 'H2U983', 'arx', 'alx1', 'LOC101075487', 'LOC101073544', 'H2UU73', 'phox2a']"
YGPPGTGKTL,8,0.00028,"['H2S0Y1', 'atad3a', 'H2V6Y8', 'H2SMJ1', 'H2UE86', 'KATNAL2', 'vcp', 'psmc6']"
LRIHTGEKPY,8,0.00028,"['H2SKU5', 'H2SZK0', 'H2U9N3', 'H2SWY6', 'H2TI24', 'H2SK28', 'H2RN02', 'H2S6S9']"
CVCVCVCVCA,8,0.00028,"['LOC101068409', 'H2S330', 'H2SD40', 'H2TYR9', 'H2T0C2', 'EDEM2', 'H2SAR1', 'H2UUD5']"
EEEEDDEEEE,8,0.00028,"['morc2', 'neurod1', 'H2T360', 'H2T363', 'kif4a', 'CSRNP3', 'gse1', 'uvssa']"
EDDEEEEEEE,8,0.00028,"['neurod1', 'H2SWC4', 'RTN1', 'ppp4r2', 'CSRNP3', 'H2UDT4', 'npm1', 'H2URC5']"
DTAGQERFRS,8,0.00028,"['rab9a', 'H2SWX5', 'rab4a', 'rab41', 'rasef', 'LOC101076017', 'LOC101067730', 'H2TJT9']"
SSASSSSSSS,8,0.00028,"['H2TJ69', 'H2UPC0', 'H2UPB8', 'LOC101078379', 'pou6f2', 'H2RRA6', 'H2V186', 'mex3b']"
TRAGGLGINL,8,0.00028,"['hells', 'chd3', 'H2U547', 'ino80', 'smarca5', 'H2TAG0', 'H2TC23', 'H2S5A9']"
ADEMGLGKTI,8,0.00028,"['H2TXI7', 'hells', 'chd3', 'H2U547', 'H2TAG0', 'H2TC23', 'SMARCA4', 'H2S5A9']"
WFQNRRMKWK,8,0.00028,"['hoxa5a', 'hoxb4a', 'hoxb6a', 'hoxc8a', 'pdx1', 'mnx1', 'meox1', 'meox2']"
EEEDDEEEEE,8,0.00028,"['H2UDT4', 'H2T360', 'H2T363', 'hmgb1', 'CSRNP3', 'neurod1', 'LOC101073831', 'uvssa']"
WQNSIRHNLS,8,0.00028,"['FOXK2', 'LOC101073098', 'LOC101066662', 'H2TZ36', 'foxl2', 'foxl1', 'H2UGV2', 'foxc1']"
EEEEEEEEER,8,0.00028,"['st6gal2', 'LOC101071699', 'PLCz1', 'Q9DGL1', 'pole3', 'H2U0X1', 'kdm7a', 'H2UT48']"
GGGGGGGGGS,8,0.00028,"['H2T1J1', 'LOC101077429', 'H2SMY7', 'H2SKL9', 'LOC101066798', 'H2U989', 'LOC101079010', 'KRT18']"
SCQGDSGGPL,8,0.00028,"['H2U5L5', 'H2RV17', 'H2S1K7', 'H2UIG5', 'plg', 'H2UA77', 'LOC101067258', 'LOC105416790']"
EEEEEEEDED,8,0.00028,"['LOC101067604', 'ubtf', 'H2UC11', 'fam92a', 'LOC101068316', 'prkcsh', 'LOC101070174', 'H2RSK3']"
VCVCVCVCVR,7,0.000245,"['H2RPL6', 'H2RTY4', 'H2SXH4', 'LOC101069248', 'H2RX66', 'H2RUV7', 'LOC101079023']"
EGCKGFFRRS,7,0.000245,"['rara', 'VDR', 'LOC101077131', 'H2UYA6', 'nr1h4', 'nr1d2', 'H2T757']"
VYKVETIGDA,7,0.000245,"['LOC101069264', 'H2V6T6', 'LOC101074483', 'H2UDL7', 'LOC101073658', 'LOC101072570', 'FrGCS-alpha1']"
VETIGDAYMV,7,0.000245,"['LOC101069264', 'H2V6T6', 'H2SDB6', 'LOC101074483', 'H2UDL7', 'LOC101073658', 'LOC101072570']"
HIRTHTGEKP,7,0.000245,"['LOC101064926', 'egr2', 'ZNF585A', 'MTF1', 'PRDM6', 'ZBTB7C2', 'LOC101078301']"
SDVWSFGVLL,7,0.000245,"['H2TRX3', 'LOC101078564', 'met', 'SRMS', 'ret', 'tie1', 'kdr']"
SSSSSSSSRS,7,0.000245,"['LOC101072278', 'LOC101074911', 'arl6ip4', 'SBK1', 'clasrp', 'H2ULB7', 'H2U7F5']"
GDSGGPLVCQ,7,0.000245,"['H2RV17', 'H2U5L3', 'prss12', 'H2U662', 'tmprss6', 'H2SW36', 'H2UA78']"
SSSSSSSSCS,7,0.000245,"['H2TJ69', 'H2SZH9', 'ppef1', 'PRDM6', 'H2TIN3', 'H2TE53', 'H2RM68']"
SSSSSSTSSS,7,0.000245,"['H2TH08', 'arl6ip4', 'LOC101077315', 'LOC101078197', 'H2RM68', 'H2U0Q5', 'H2V946']"
YGQTGSGKTY,7,0.000245,"['H2TWG4', 'kif7', 'H2SQH4', 'H2UJW2', 'H2TLY0', 'H2S1X6', 'kifc1']"
SSSSSSSSSG,7,0.000245,"['H2SFW9', 'tshz3', 'H2RM66', 'H2UGI9', 'H2V0U0', 'CIR1', 'Sox11']"
SSSSSSSSSQ,7,0.000245,"['chd1', 'tcf7l1', 'H2TCW3', 'H2RRA6', 'H2SQM1', 'H2T757', 'LOC101076133']"
HRDLKPENIL,7,0.000245,"['mknk2', 'LOC101067834', 'LOC101078305', 'H2V2G8', 'pdpk1', 'chek2', 'phkg2']"
FQNRRAKWRK,7,0.000245,"['H2UU73', 'arx', 'alx1', 'drgx', 'LOC101079447', 'vsx1', 'H2SRQ8']"
QQQQQQQQQL,7,0.000245,"['H2VAV3', 'H2V6W5', 'gigyf2', 'H2RM52', 'MEF2D', 'ALR', 'crebbp']"
DDDDDDDDDD,7,0.000245,"['casq1', 'H2V452', 'ubtf', 'H2TVL5', 'DCAF1', 'H2TBM4', 'myc']"
VHRDLAARNV,7,0.000245,"['pdgfra', 'ERBB4', 'LOC101063506', 'SRMS', 'zap70', 'matk', 'ret']"
MCVCVCVCVC,7,0.000245,"['hdac3', 'H2SGH1', 'LOC101069248', 'H2RYT5', 'cxcl12', 'H2SH50', 'H2UG76']"
LQLWDTAGQE,7,0.000245,"['LOC101078618', 'RAB34', 'H2S242', 'rasef', 'rab41', 'H2SHH0', 'LOC101067730']"
QIWDTAGQER,7,0.000245,"['rab9b', 'H2SWX6', 'LOC101065023', 'LOC101062381', 'LOC101076017', 'rab12', 'RAB15']"
QLWDTAGQER,7,0.000245,"['LOC101078618', 'rasef', 'H2S242', 'LOC101068082', 'rab41', 'LOC101067730', 'H2UP88']"
HRDLAARNIL,7,0.000245,"['H2SNI0', 'tnk1', 'raver1', 'LOC101071220', 'kit', 'H2SLC3', 'LOC101073316']"
RGRGRGRGRG,7,0.000245,"['larp1', 'H2T0M0', 'snrpd1', 'chtop', 'rps2', 'MYNN', 'H2SEI5']"
HRDLKPENLL,7,0.000245,"['H2RKJ7', 'rps6ka5', 'camk2b', 'melk', 'mapkapk5', 'LOC101068155', 'H2TJD0']"
DRDRDRDRDR,7,0.000245,"['H2UDT4', 'H2RJ75', 'H2TCD5', 'H2T3X0', 'dhx15', 'H2TBM4', 'H2TCW8']"
PAPPPPPPPP,7,0.000245,"['fmnl2', 'WNK4', 'H2TUJ6', 'H2U1P5', 'H2STY2', 'LOC101068860', 'LOC101069458']"
HMRTHTGEKP,7,0.000245,"['H2SKU5', 'klf10', 'H2TKJ0', 'H2UNE5', 'H2TMI9', 'prdm5', 'H2UT12']"
LWDTAGQERF,7,0.000245,"['LOC101078618', 'rasef', 'H2S242', 'LOC101068082', 'rab41', 'H2SHH0', 'LOC101067730']"
GSGGGGGGGG,7,0.000245,"['H2S5K5', 'nck2', 'H2SKL9', 'H2RKE1', 'wipf2', 'ATXN7L3', 'KRT18']"
LRTHTGEKPY,7,0.000245,"['H2TNK3', 'H2T321', 'H2SWY6', 'H2T1C9', 'klf1', 'LOC101061973', 'H2TFH8']"
HLRIHTGEKP,7,0.000245,"['H2SKU5', 'H2SZK0', 'H2U9N3', 'MYNN', 'H2SK29', 'H2RN02', 'H2S6S9']"
IWFQNRRMKW,7,0.000245,"['hoxa5a', 'DBX1', 'hoxb4a', 'hoxb6a', 'hoxc8a', 'pdx1', 'mnx1']"
MPRYCLFGDT,7,0.000245,"['H2RR06', 'LOC101069264', 'H2V6T6', 'LOC101074483', 'H2UDL7', 'LOC101073658', 'LOC101072570']"
SSSSSSSCSS,7,0.000245,"['H2TJ69', 'H2SZH9', 'ppef1', 'PRDM6', 'H2TIN3', 'H2TE53', 'H2RM68']"
RGGGGGGGGG,7,0.000245,"['H2T1J1', 'H2SNF2', 'H2T4L4', 'H2TB36', 'alyref', 'taf15', 'H2SMY7']"
ETQVKIWFQN,7,0.000245,"['LOC101064633', 'LOC101077246', 'nkx1-2', 'LOC101076366', 'nkx3-2', 'mnx1', 'hoxa1a']"
LQIWDTAGQE,7,0.000245,"['rab35', 'rab9b', 'H2TJT9', 'H2SWX6', 'LOC101062381', 'H2TVT5', 'rab12']"
ERERERERDR,7,0.000245,"['FMNL1', 'pqbp1', 'H2T1B8', 'H2RNG3', 'STK9', 'H2V0Y9', 'luc7l3']"
EEEEEEEEDD,7,0.000245,"['CSRNP3', 'SECISBP2L', 'H2RW47', 'evi5', 'H2SWI6', 'mak16', 'H2U596']"
GQTGSGKTYT,7,0.000245,"['H2TWG4', 'kif7', 'H2SQH4', 'H2UJW2', 'H2TLY0', 'H2S1X6', 'kifc1']"
HMRIHTGEKP,7,0.000245,"['znf143', 'H2S5J1', 'H2S7Z6', 'H2RT16', 'H2SK34', 'LOC101072654', 'H2UHX0']"
EEGEEEEEEE,7,0.000245,"['H2TWG1', 'LOC101068498', 'H2TNA8', 'H2UL37', 'NOP14', 'H2RW47', 'SLC4A2']"
GPPGPPGLPG,7,0.000245,"['H2UQA7', 'H2RLG2', 'LOC101063107', 'H2V2R5', 'COL24A1', 'LOC101074496', 'H2TB72']"
YKVETIGDAY,7,0.000245,"['LOC101069264', 'H2V6T6', 'LOC101074483', 'H2UDL7', 'LOC101073658', 'LOC101072570', 'FrGCS-alpha1']"
VVHCSAGVGR,7,0.000245,"['PTPN14', 'PTPRF', 'H2T3E3', 'PTPRc', 'ptprb', 'ptpra', 'H2U9C0']"
SSSSSSSSLS,7,0.000245,"['H2S6N2', 'H2S6Z9', 'btbd9', 'LOC101069011', 'H2V186', 'H2SX20', 'ing3']"
GRGRGRGRGR,7,0.000245,"['larp1', 'H2T0M0', 'snrpd1', 'chtop', 'rps2', 'MYNN', 'H2SEI5']"
EEDEEEEEEE,7,0.000245,"['H2T5Q5', 'H2UZC6', 'calr', 'prdm5', 'H2TTU1', 'klhdc2', 'H2RPU7']"
RHNLSLNKCF,7,0.000245,"['isoc2', 'LOC101073098', 'LOC101067147', 'H2TZ36', 'LOC101077580', 'foxn4', 'foxn3']"
KVETIGDAYM,7,0.000245,"['LOC101069264', 'H2V6T6', 'H2SDB6', 'LOC101074483', 'H2UDL7', 'LOC101073658', 'LOC101072570']"
EEEEEEEEGE,7,0.000245,"['ythdc1', 'H2RW47', 'LOC101067800', 'LOC101068498', 'H2U2R6', 'dhx29', 'H2UTR6']"
ERERERDRER,7,0.000245,"['H2U1K0', 'FMNL1', 'H2T1B8', 'STK9', 'H2S460', 'H2V0Y9', 'luc7l3']"
RERERERERD,7,0.000245,"['H2SMI5', 'LOC101079466', 'H2T1B8', 'H2RNG3', 'H2V0X0', 'STK9', 'luc7l3']"
RDLKPENILL,7,0.000245,"['rps6ka3', 'LOC101068373', 'grk4', 'H2SER1', 'pdpk1', 'chek2', 'phkg2']"
GGGGGGGGGA,7,0.000245,"['cacna1a', 'H2TWR3', 'H2SLT6', 'H2UEN1', 'H2SAD2', 'H2S6R9', 'H2U9M7']"
LPGPPGPPGP,7,0.000245,"['H2UD25', 'H2RYE6', 'COL14A1', 'H2SSM9', 'H2TCV0', 'cpsf6', 'H2TB72']"
VPPPPPPPPP,7,0.000245,"['washc1', 'H2UTV9', 'H2TUK1', 'H2TIS6', 'H2T7Z6', 'H2SGX9', 'H2SUS5']"
RYCLFGDTVN,7,0.000245,"['H2RR06', 'LOC101069264', 'H2V6T6', 'LOC101074483', 'H2UDL7', 'LOC101073658', 'LOC101072570']"
PRYCLFGDTV,7,0.000245,"['H2RR06', 'LOC101069264', 'H2V6T6', 'LOC101074483', 'H2UDL7', 'LOC101073658', 'LOC101072570']"
EEEEEEEDEE,7,0.000245,"['H2RJU9', 'LOC101069734', 'calr', 'H2TNA8', 'H2UEG6', 'H2S289', 'MYT1']"
SHTHTHTHTH,6,0.00021,"['pcm1', 'LOC101067605', 'H2RW01', 'H2RPS3', 'LCP1', 'H2RLT8']"
VCVCVCVCVS,6,0.00021,"['H2RTB1', 'H2SD40', 'RAB21', 'H2U3I1', 'H2RW54', 'nkain2']"
VVHRDLKPEN,6,0.00021,"['LOC101073756', 'camk2d', 'snrk', 'prkaa1', 'LOC101078305', 'H2TJD0']"
TVNTASRMES,6,0.00021,"['H2RR06', 'LOC101069264', 'H2V6T6', 'LOC101074483', 'H2UDL7', 'LOC101072570']"
SLSLSLSLSL,6,0.00021,"['H2V8P6', 'plxna3', 'H2V7E6', 'LOC101074943', 'H2UPP7', 'H2TER0']"
LGNVWRFPYL,6,0.00021,"['LOC101074103', 'LOC101075941', 'H2RS14', 'H2SGV4', 'H2SBM3', 'H2UT24']"
LTETQVKIWF,6,0.00021,"['LOC101064633', 'LOC101077246', 'nkx1-2', 'LOC101076366', 'nkx3-2', 'mnx1']"
GGSGGGGGGG,6,0.00021,"['klf13', 'H2SKL9', 'H2RKE1', 'wipf2', 'ATXN7L3', 'KRT18']"
DVWSFGVLLW,6,0.00021,"['H2TRX3', 'LOC101078564', 'met', 'ret', 'tie1', 'kdr']"
QPPPPPPPPP,6,0.00021,"['H2SK78', 'Q4JHL6', 'FMNL1', 'LOC101063049', 'H2TUJ2', 'H2SPY5']"
PPGTGKTLLA,6,0.00021,"['H2S0Y1', 'yme1l1', 'H2UE86', 'KATNAL2', 'LOC101075900', 'psmc6']"
PPPPPPLPPP,6,0.00021,"['H2V7R9', 'H2V280', 'mtfr2', 'ZFC3H1', 'H2TP20', 'H2VD49']"
EEEEEEEEKE,6,0.00021,"['LOC101061364', 'H2TF68', 'PIEZO2', 'LOC101068498', 'H2RW47', 'H2U0X0']"
GPPGTGKTLL,6,0.00021,"['H2S0Y1', 'yme1l1', 'H2UE86', 'KATNAL2', 'LOC101075900', 'psmc6']"
PPPPPPPPPQ,6,0.00021,"['H2U4L9', 'H2SPY5', 'H2T7Z6', 'LOC101072181', 'H2SUS5', 'H2V7C3']"
PPPPPPPPPV,6,0.00021,"['washc1', 'DLST', 'FMNL1', 'H2TUJ5', 'H2UIL9', 'zfhx4']"
ISGESGAGKT,6,0.00021,"['H2RNV2', 'myo1f', 'H2RUZ1', 'H2UME5', 'myo1c', 'MYO10']"
PQQQQQQQQQ,6,0.00021,"['H2SF14', 'mn1', 'LOC101063023', 'clptm1', 'tial1', 'H2RPP5']"
SSSTSSSSSS,6,0.00021,"['hoxb3a', 'H2TH08', 'arl6ip4', 'H2SHF3', 'H2RM68', 'brwd3']"
FGDTVNTASR,6,0.00021,"['H2RR06', 'LOC101069264', 'H2V6T6', 'LOC101074483', 'H2UDL7', 'LOC101072570']"
DVYKVETIGD,6,0.00021,"['LOC101069264', 'H2V6T6', 'LOC101074483', 'LOC101073658', 'LOC101072570', 'FrGCS-alpha1']"
QQQQQQQQQR,6,0.00021,"['H2V6W5', 'LOC101071226', 'mn1', 'LOC101075512', 'GLI2', 'CRTC2']"
RERERERDRE,6,0.00021,"['FMNL1', 'H2T1B8', 'H2RNG3', 'STK9', 'H2V0Y9', 'luc7l3']"
PPPPPLPPPP,6,0.00021,"['LOC101074642', 'dvl2', 'H2TIS5', 'H2TBB2', 'H2T5D4', 'H2VD49']"
RDRDRDRDRD,6,0.00021,"['H2RJ75', 'H2TCD5', 'H2T3X0', 'dhx15', 'H2TBM4', 'H2TCW8']"
PEEEEEEEEE,6,0.00021,"['H2U4V4', 'EIF4G1', 'wbp11', 'specc1l', 'kiaa1429', 'MYT1']"
LLYGPPGTGK,6,0.00021,"['H2S0Y1', 'H2UE86', 'spaf', 'KATNAL2', 'vcp', 'psmc6']"
CLFGDTVNTA,6,0.00021,"['H2RR06', 'LOC101069264', 'H2V6T6', 'LOC101074483', 'H2UDL7', 'LOC101072570']"
THTHTHAHTH,6,0.00021,"['H2RUT5', 'H2SVM6', 'H2SGH1', 'mfn2', 'H2SCI0', 'H2VAD7']"
TPPPPPPPPP,6,0.00021,"['LOC101069275', 'H2S6A8', 'zfhx4', 'H2STH9', 'H2UTW0', 'H2T7Z6']"
SSSSSSSSES,6,0.00021,"['H2TQP3', 'jmjd6', 'H2RLU1', 'brwd3', 'crnkl1', 'brd2']"
DDDDDDDDED,6,0.00021,"['phf14', 'casq1', 'H2V6Y8', 'LOC101061032', 'myc', 'npm1']"
CVCVCVCACV,6,0.00021,"['LOC101068409', 'H2RSK7', 'H2SD40', 'EDEM2', 'H2SAR1', 'H2UUD5']"
AEEEEEEEEE,6,0.00021,"['lmf2', 'H2SKV2', 'LOC101068498', 'H2UB43', 'H2UTR5', 'LOC101067000']"
AQQQQQQQQQ,6,0.00021,"['H2V6W5', 'LOC101066969', 'LOC101065307', 'MED15', 'H2UET4', 'H2UEB6']"
EEDDEEEEEE,6,0.00021,"['neurod1', 'H2T360', 'H2T363', 'CSRNP3', 'H2UDT4', 'H2URC5']"
SSSSSSSSAS,6,0.00021,"['LOC101073756', 'RARB', 'pnisr', 'H2S1A3', 'H2SH52', 'LOC101078327']"
NLVDLAGSER,6,0.00021,"['H2TKL6', 'H2U4V0', 'kif15', 'H2TLX9', 'kif3b', 'H2S1X6']"
LSTRAGGLGI,6,0.00021,"['hells', 'chd3', 'H2U547', 'ino80', 'H2TC23', 'smarca5']"
LFGDTVNTAS,6,0.00021,"['H2RR06', 'LOC101069264', 'H2V6T6', 'LOC101074483', 'H2UDL7', 'LOC101072570']"
DTVNTASRME,6,0.00021,"['H2RR06', 'LOC101069264', 'H2V6T6', 'LOC101074483', 'H2UDL7', 'LOC101072570']"
FVHRDLAARN,6,0.00021,"['PRGFR2', 'LOC101063506', 'met', 'insr', 'zap70', 'LOC101073316']"
GLPGPPGPPG,6,0.00021,"['H2UD26', 'H2RLG2', 'COL14A1', 'col1a2', 'H2TB72', 'COL17A1']"
EEEDEEEEEE,6,0.00021,"['H2T5Q5', 'H2T360', 'H2T363', 'H2TTU1', 'H2ST49', 'H2TF83']"
GPPGPPGTPG,6,0.00021,"['H2S3Z4', 'H2TDN5', 'H2UWM1', 'COL17A1', 'H2TB72', 'LOC101072013']"
AAAAAAAAVA,6,0.00021,"['LOC101065660', 'H2SJ23', 'arl6ip4', 'H2T4Y0', 'ZMIZ1', 'clasrp']"
QRERERERER,6,0.00021,"['spen', 'gse1', 'H2T0F0', 'H2V5G2', 'LOC101067722', 'H2RNG3']"
SGESGAGKTE,6,0.00021,"['myo1h', 'H2RNV2', 'H2RUZ1', 'H2UME5', 'LOC101074689', 'MYO10']"
SLSSSSSSSS,6,0.00021,"['klf12', 'H2SZH9', 'H2UZ78', 'H2UK56', 'LOC101076133', 'hey1']"
KKAYRKLALK,6,0.00021,"['LOC101067505', 'LOC101079430', 'DNAJA4', 'H2U1W9', 'dnajc21', 'H2VAE1']"
YRDSKLTRLL,6,0.00021,"['H2TWG4', 'kif18a', 'kif4a', 'kif22', 'kif3b', 'kif19']"
PGPPGPPGLP,6,0.00021,"['scara3', 'H2UQA7', 'H2RYE6', 'H2V9E2', 'H2RLG2', 'LOC101074496']"
TCEGCKGFFR,6,0.00021,"['VDR', 'LOC101077131', 'thrb', 'nr1i2', 'nr1h4', 'H2T757']"
SDVNDNAPVF,6,0.00021,"['H2T7Q9', 'LOC101077429', 'H2RIR0', 'A4KCN3', 'A4KCJ9', 'FAT4']"
GPPGLPGPPG,6,0.00021,"['H2S3Z4', 'C1QL2', 'H2U472', 'H2TB72', 'H2VE24', 'COL17A1']"
GTPYWMAPEV,6,0.00021,"['map4k5', 'TNIK', 'slk', 'PAK5', 'LOC101072852', 'PAK3']"
LLSTRAGGLG,6,0.00021,"['hells', 'chd3', 'H2U547', 'ino80', 'H2TC23', 'SMARCA4']"
IHRDLAARNV,6,0.00021,"['tie1', 'csk', 'frk', 'jak1', 'LOC105416995', 'LOC101063860']"
RSYSRSRSRS,6,0.00021,"['H2V789', 'LOC101080136', 'SRRM3', 'rbm26', 'rbm27', 'cherp']"
THTHTHTHTL,6,0.00021,"['sema3b', 'H2RUT5', 'H2RXH4', 'H2V5A3', 'H2UBI4', 'H2S1T7']"
VGLGNVWRFP,6,0.00021,"['LOC101074103', 'LOC101075941', 'H2RS14', 'H2SGV4', 'H2SBM3', 'H2UT24']"
RNDNSSRFGK,6,0.00021,"['LOC100653413', 'H2RNV2', 'myo1b', 'MYH', 'H2U9L9', 'myo5c']"
QQQQQQQQPQ,6,0.00021,"['H2SF14', 'H2SLT3', 'H2U2P6', 'LOC101065307', 'H2UP33', 'D9IL22']"
SSSSTSSSSS,6,0.00021,"['H2TH08', 'arl6ip4', 'H2UF80', 'LOC101062196', 'LOC101078197', 'H2RM68']"
KSSHLKAHLR,6,0.00021,"['H2TNK3', 'H2UMV6', 'H2RLQ3', 'LOC101076088', 'klf1', 'LOC101061973']"
PPLPPPPPPP,6,0.00021,"['H2RKX9', 'H2UL72', 'H2UIM0', 'H2TIS5', 'mtfr2', 'rasa1']"
EREREREREK,6,0.00021,"['pqbp1', 'gse1', 'H2V5G2', 'H2TEP2', 'H2TBM4', 'H2U7L0']"
LELEKEFHFN,6,0.00021,"['hoxa5a', 'hoxa4a', 'LOC101071451', 'hoxa2a', 'Hoxc6a', 'hoxb6a']"
EKERERERER,6,0.00021,"['H2URQ7', 'LOC101079466', 'pqbp1', 'H2TEP2', 'H2TC91', 'luc7l3']"
KPPYSYIALI,6,0.00021,"['H2RVG0', 'LOC101066738', 'foxe1', 'foxl1', 'H2UGV2', 'foxc1']"
VCVCVCVCAC,6,0.00021,"['LOC101068409', 'H2SD40', 'H2T0C2', 'EDEM2', 'H2SAR1', 'H2UUD5']"
ELEKEFHFNR,6,0.00021,"['hoxa5a', 'hoxa4a', 'LOC101071451', 'hoxa3a', 'Hoxc6a', 'hoxb6a']"
GLGNVWRFPY,6,0.00021,"['LOC101074103', 'LOC101075941', 'H2RS14', 'H2SGV4', 'H2SBM3', 'H2UT24']"
EEEEEEEEEA,6,0.00021,"['H2STD8', 'H2UL37', 'H2T8D5', 'LOC101065168', 'H2V0T8', 'LOC101071934']"
CSAGVGRTGT,6,0.00021,"['H2U0H9', 'H2T3E3', 'PTPRc', 'ptprb', 'ptpra', 'H2U9C0']"
YCLFGDTVNT,6,0.00021,"['H2RR06', 'LOC101069264', 'H2V6T6', 'LOC101074483', 'H2UDL7', 'LOC101072570']"
LLLTGTPLQN,6,0.00021,"['H2TXI7', 'hells', 'chd3', 'H2U547', 'smarca2', 'smarca5']"
SSSSSSSSPA,6,0.00021,"['H2U4M3', 'H2V452', 'H2SLT5', 'H2UTS2', 'H2TU80', 'fam171a1']"
GWQNSIRHNL,6,0.00021,"['FOXK2', 'LOC101066662', 'H2TZ36', 'foxl2', 'foxl1', 'foxc1']"
THTGEKPFAC,6,0.00021,"['H2VE15', 'LOC101064926', 'Q1KKU2', 'egr2', 'sall3', 'ctcf']"
TETQVKIWFQ,6,0.00021,"['LOC101064633', 'LOC101077246', 'nkx1-2', 'LOC101076366', 'nkx3-2', 'mnx1']"
GPPGPVGPPG,6,0.00021,"['H2UD27', 'H2T0Y5', 'LOC101071943', 'H2UVH9', 'H2TB72', 'H2TX28']"
LLQQQQQQQQ,6,0.00021,"['H2SV25', 'foxp1', 'H2S5K5', 'LOC101061212', 'H2TLT1', 'H2RM52']"
LYGPPGTGKT,6,0.00021,"['H2S0Y1', 'H2UE86', 'spaf', 'KATNAL2', 'vcp', 'psmc6']"
VWSFGVLLWE,6,0.00021,"['H2TRX3', 'LOC101078564', 'met', 'ret', 'tie1', 'kdr']"
QTGSGKTYTM,6,0.00021,"['H2TWG4', 'H2SQH4', 'H2UJW2', 'H2TLY0', 'H2S1X6', 'kifc1']"
SRSSSSSSSS,6,0.00021,"['H2TQP3', 'RNPS1', 'H2RRT4', 'H2TE53', 'clasrp', 'H2U7F5']"
PGPPGPPGPA,6,0.00021,"['H2UQD2', 'H2TV76', 'H2TCV0', 'H2V2R5', 'H2UWM1', 'H2TB72']"
FLLSTRAGGL,6,0.00021,"['hells', 'chd3', 'H2U547', 'ino80', 'H2TC23', 'SMARCA4']"
LDVNDNAPVF,6,0.00021,"['A4KCN8', 'LOC101077429', 'A4KCH9', 'H2T7Q9', 'DCHS2', 'H2TIH8']"
SDSSSSSSSS,6,0.00021,"['H2TZK3', 'jmjd6', 'H2TH07', 'cwc22', 'H2S1A3', 'brd2']"
AAAAAAAAAT,6,0.00021,"['LOC101077772', 'H2UM02', 'ZFPM1', 'LOC101069707', 'H2USY0', 'hoxb6a']"
PPSSSSSSSS,6,0.00021,"['H2S6N2', 'phf8', 'mycbp2', 'H2UU04', 'H2VAQ0', 'brd2']"
DEEEEEEEED,6,0.00021,"['LOC101066223', 'H2U162', 'H2UZC6', 'phactr2', 'calr', 'H2TTU1']"
LEKEFHFNRY,6,0.00021,"['hoxa5a', 'hoxa4a', 'LOC101071451', 'hoxa3a', 'Hoxc6a', 'hoxb6a']"
STRAGGLGIN,6,0.00021,"['hells', 'chd3', 'H2U547', 'ino80', 'H2TC23', 'smarca5']"
AHHHHHHHHH,6,0.00021,"['H2RS42', 'H2V8J3', 'pou4f1', 'RC3H2', 'nlk', 'vgll4']"
LVDLAGSERA,6,0.00021,"['H2SQH4', 'H2U4V0', 'LOC101074205', 'LOC101074946', 'H2TUA5', 'H2TLY0']"
GILADEMGLG,6,0.00021,"['H2TXI7', 'hells', 'H2U547', 'ino80', 'SMARCA4', 'smarca5']"
GDTVNTASRM,6,0.00021,"['H2RR06', 'LOC101069264', 'H2V6T6', 'LOC101074483', 'H2UDL7', 'LOC101072570']"
GNVWRFPYLC,5,0.000175,"['LOC101075941', 'LOC101074103', 'H2UT24', 'H2RS14', 'H2SBM3']"
SAAAAAAAAA,5,0.000175,"['hcn1', 'H2USY0', 'LOC101069707', 'H2UHC8', 'Evx2']"
EIDGQALLLL,5,0.000175,"['sfmbt1', 'H2RZR5', 'H2SS34', 'H2RW22', 'H2ULN0']"
QQQQQQQQNQ,5,0.000175,"['hdac9', 'LOC101079063', 'H2S5K5', 'H2U0B0', 'paxip1']"
ICSDKTGTLT,5,0.000175,"['H2SE54', 'H2SSS9', 'atp2c1', 'LOC101066712', 'LOC101079469']"
HTHAHTHTHT,5,0.000175,"['H2SVM6', 'H2VAD7', 'H2V9E2', 'H2RUT5', 'TMEM179']"
EEEEEEEDDE,5,0.000175,"['H2THA8', 'znf652', 'CSRNP3', 'mak16', 'evi5']"
ERQIKIWFQN,5,0.000175,"['cdx1', 'hoxa3a', 'hoxa5a', 'hoxb6a', 'hoxb4a']"
GWMDGWMDGW,5,0.000175,"['H2TBB4', 'H2RMV3', 'RPH3A', 'H2TL81', 'H2T6Z7']"
CTHTHTHTHT,5,0.000175,"['MYO18A', 'H2RIU9', 'DIP2C', 'H2SBD1', 'H2S6J2']"
HRDIKPENLL,5,0.000175,"['H2UAP7', 'H2V6E8', 'LOC101066672', 'aurka', 'STK9']"
GETGSGKTTQ,5,0.000175,"['H2RZW1', 'dhx38', 'dhx33', 'dhx40', 'dhx37']"
PGPPGPPGTP,5,0.000175,"['H2S3Z4', 'H2UWM1', 'LOC101072013', 'H2SGP4', 'COL17A1']"
SSSSSSSSAA,5,0.000175,"['LOC446089', 'H2RLS4', 'LOC101073535', 'H2USR4', 'H2TP18']"
FYAPWCGHCK,5,0.000175,"['pdia5', 'LOC101067334', 'txndc5', 'H2S5J7', 'pdia4']"
LEEEEEEEEE,5,0.000175,"['H2UUF0', 'H2UQI4', 'LOC101067604', 'tanc1', 'H2UZ28']"
IKIWFQNRRM,5,0.000175,"['hoxa3a', 'hoxa5a', 'hoxb6a', 'hoxb4a', 'pdx1']"
RARERERERE,5,0.000175,"['H2UYF4', 'atxn7', 'H2UTP1', 'H2T1B8', 'H2V0X0']"
SHLKAHLRTH,5,0.000175,"['klf13', 'H2TNK3', 'LOC101076088', 'LOC101061973', 'klf1']"
GTGKTLLAKA,5,0.000175,"['psmc1', 'H2S0Y1', 'H2UE86', 'KATNAL2', 'LOC101075900']"
ERERDRERER,5,0.000175,"['H2U1K7', 'H2V0Y9', 'H2T1B8', 'LOC101065025', 'STK9']"
QGPPGPPGPP,5,0.000175,"['H2SZI4', 'col6a1', 'H2UR61', 'H2S5Z6', 'H2TCV0']"
HLKAHLRTHT,5,0.000175,"['klf13', 'H2TNK3', 'LOC101076088', 'LOC101061973', 'klf1']"
GPPGPAGPPG,5,0.000175,"['H2UVH9', 'LOC101070426', 'LOC101063107', 'H2TCV0', 'H2V2R5']"
DEDDDDDDDD,5,0.000175,"['npm1', 'DCAF1', 'casq1', 'rbm28', 'H2V6Y8']"
THAHTHTHTH,5,0.000175,"['LOC101076684', 'H2SVM6', 'H2VAD7', 'H2RUT5', 'TMEM179']"
PPAPPPPPPP,5,0.000175,"['wasf2', 'H2STY2', 'WNK4', 'LOC101068860', 'H2S895']"
REKERERERE,5,0.000175,"['pqbp1', 'LOC101079466', 'H2TC91', 'luc7l3', 'H2TEP2']"
WFANARRRLK,5,0.000175,"['LOC101072027', 'H2U6U9', 'LOC101070118', 'LOC101073607', 'mkx']"
QQQQQQQQPP,5,0.000175,"['ralgapb', 'H2TSA4', 'H2SV24', 'foxp1', 'H2ULB6']"
SIRHNLSLNK,5,0.000175,"['H2TZ36', 'LOC101067147', 'LOC101073098', 'isoc2', 'LOC101077580']"
AGKTTTFKML,5,0.000175,"['H2RNC8', 'H2S080', 'abca3', 'H2SGH0', 'H2UI01']"
SSSSSSSSSC,5,0.000175,"['H2TE53', 'H2SZH9', 'ZC3H12C', 'H2TIN3', 'H2RM68']"
SSSSSSSSSF,5,0.000175,"['H2UZ78', 'Q90Z60', 'H2SC97', 'H2TNY3', 'loxl1']"
SHSMEECEAL,5,0.000175,"['H2RNC8', 'H2S080', 'H2SDD4', 'abca3', 'H2UI01']"
TSHSMEECEA,5,0.000175,"['H2RNC8', 'H2S080', 'H2SDD4', 'abca3', 'H2UI01']"
SSSSSSSRSS,5,0.000175,"['H2TE53', 'LOC101074911', 'SBK1', 'clasrp', 'H2U7F5']"
EEEEEEEGEE,5,0.000175,"['LOC101068498', 'H2S6R9', 'H2RW47', 'mccc1', 'MYT1']"
RQIKIWFQNR,5,0.000175,"['cdx1', 'hoxa3a', 'hoxa5a', 'hoxb6a', 'hoxb4a']"
LELEKEFLFN,5,0.000175,"['pdx1', 'hoxc10a', 'hoxc8a', 'hoxa9a', 'hoxa10a']"
PHTHTHTHTH,5,0.000175,"['H2S5A3', 'H2SYR7', 'H2TH29', 'H2T3Q2', 'H2SM14']"
KMPRYCLFGD,5,0.000175,"['H2UDL7', 'H2V6T6', 'H2RR06', 'LOC101074483', 'LOC101069264']"
THTHAHTHTH,5,0.000175,"['H2SVM6', 'TMEM179', 'H2VAD7', 'H2RUT5', 'H2SGH1']"
HTGEKPYKCD,5,0.000175,"['IKZF5', 'H2SZK0', 'H2SK29', 'LOC101077792', 'H2UJA1']"
PTSSSSSSSS,5,0.000175,"['MBD5', 'H2T757', 'LOC101074306', 'MLL', 'H2T281']"
FITMNPGYAG,5,0.000175,"['H2TJ02', 'dnah3', 'H2RJ32', 'DNAH10', 'DYNC1H1']"
VLDVNDNAPV,5,0.000175,"['LOC101077429', 'H2TIH8', 'A4KCN1', 'DCHS2', 'A4KCH9']"
QEIDGQALLL,5,0.000175,"['sfmbt1', 'H2RZR5', 'H2SS34', 'H2RW22', 'H2ULN0']"
KSDVWSFGVL,5,0.000175,"['SYK', 'met', 'SRMS', 'mst1r', 'tie1']"
PYRDSKLTRL,5,0.000175,"['kif18a', 'kif3b', 'kif4a', 'H2TWG4', 'kif22']"
YTKSSHLKAH,5,0.000175,"['KLF3', 'H2RJ59', 'LOC101061973', 'klf1', 'LOC101066276']"
GPPGPPGPAG,5,0.000175,"['H2TB72', 'H2UWM1', 'H2V2R5', 'H2TV76', 'H2TCV0']"
CIHRDLAARN,5,0.000175,"['H2SNI0', 'LOC105416995', 'LOC101063860', 'fes', 'kit']"
YGILLWEIFS,5,0.000175,"['matk', 'pdgfra', 'LOC101061130', 'LOC105416995', 'kit']"
RSDELTRHYR,5,0.000175,"['klf12', 'H2RLQ3', 'KLF2', 'klf1', 'LOC101066276']"
DVNDNAPVFT,5,0.000175,"['A4KCN1', 'H2RIR0', 'LOC101077429', 'A4KCJ9', 'FAT4']"
LKAHLRTHTG,5,0.000175,"['klf13', 'H2TNK3', 'LOC101076088', 'LOC101061973', 'klf1']"
TTTFKMLTGD,5,0.000175,"['H2RNC8', 'H2S080', 'abca3', 'H2SGH0', 'H2UI01']"
WSYGILLWEI,5,0.000175,"['pdgfra', 'LOC101061130', 'LOC105416995', 'csk', 'kit']"
KVWFQNRRMK,5,0.000175,"['hlx', 'evx1', 'meox1', 'meox2', 'hoxa2a']"
GGGGGGGGGR,5,0.000175,"['srrt', 'LOC101070492', 'H2U990', 'taf15', 'alyref']"
GGPPPPPPPP,5,0.000175,"['H2U6Q0', 'H2TUJ3', 'LOC101061290', 'wasf2', 'H2UTJ6']"
GPPGPRGPPG,5,0.000175,"['H2UVH9', 'H2SGP4', 'H2TDN5', 'c1ql2', 'H2RLG5']"
VKELIPEFFY,5,0.000175,"['H2UJL9', 'H2UB07', 'H2UEQ5', 'H2TSP5', 'H2SUF9']"
ESEEEEEEEE,5,0.000175,"['arid4a', 'H2TP37', 'zeb1', 'H2UYJ5', 'mak16']"
NAKTVRNDNS,5,0.000175,"['MYH', 'H2U9L9', 'H2RNV2', 'myo1b', 'LOC100653413']"
AAAAAAAAAV,5,0.000175,"['H2T4Y0', 'LOC101065660', 'arl6ip4', 'H2T5D3', 'Evx2']"
HSMEECEALC,5,0.000175,"['H2RNC8', 'H2S080', 'H2SDD4', 'abca3', 'H2UI01']"
IRHNLSLNKC,5,0.000175,"['H2TZ36', 'LOC101067147', 'LOC101073098', 'isoc2', 'LOC101077580']"
NGAGKTTTFK,5,0.000175,"['H2RNC8', 'H2S080', 'abca3', 'H2SGH0', 'H2UI01']"
VVRVWFCNRR,5,0.000175,"['LOC101071226', 'POU1F1', 'tfcp2', 'LOC101074260', 'H2TC15']"
KTTTFKMLTG,5,0.000175,"['H2RNC8', 'H2S080', 'abca3', 'H2SGH0', 'H2UI01']"
VATRWYRAPE,5,0.000175,"['mapk15', 'LOC101074428', 'LOC101074054', 'H2TR48', 'cdk20']"
KERERERERE,5,0.000175,"['H2URQ7', 'H2S460', 'H2TC91', 'luc7l3', 'H2TEP2']"
PPGPPGLPGP,5,0.000175,"['BEST3', 'H2RLG2', 'LOC101063107', 'H2TB72', 'COL24A1']"
EAFGNAKTVR,5,0.000175,"['myo1f', 'H2RNV2', 'LOC777984', 'LOC101074689', 'myo1b']"
RERERDRERE,5,0.000175,"['H2U1K7', 'STK9', 'H2T1B8', 'H2V0Y9', 'H2S460']"
VRNDNSSRFG,5,0.000175,"['MYH', 'H2U9L9', 'H2RNV2', 'myo1b', 'LOC100653413']"
SSSSSSSSGS,5,0.000175,"['tshz3', 'H2V0U0', 'RNPS1', 'H2UGI9', 'Sox11']"
SSHLKAHLRT,5,0.000175,"['klf13', 'H2TNK3', 'LOC101076088', 'LOC101061973', 'klf1']"
NDNSSRFGKY,5,0.000175,"['myo5c', 'H2RUZ1', 'H2U9L9', 'H2RNV2', 'myo1h']"
LEAFGNAKTV,5,0.000175,"['myo1f', 'H2RNV2', 'LOC777984', 'LOC101074689', 'myo1b']"
GAAAAAAAAA,5,0.000175,"['GLI2', 'LOC101076249', 'DMWD', 'LOC101064580', 'H2UAR7']"
GNAKTVRNDN,5,0.000175,"['MYH', 'H2U9L9', 'H2RNV2', 'myo1b', 'LOC100653413']"
NSFEQFCINY,5,0.000175,"['myo5c', 'H2V894', 'MYO9B', 'LOC101074689', 'myo1h']"
YQTLELEKEF,5,0.000175,"['hoxc9a', 'Hoxc6a', 'hoxa5a', 'hoxc8a', 'hoxb6a']"
AHKAVLAACS,5,0.000175,"['patz1', 'H2S5J1', 'klhl32', 'H2SIC9', 'znf131']"
SSSRSSSSSS,5,0.000175,"['H2U7F5', 'H2TE53', 'zranb2', 'clasrp', 'RNPS1']"
HRDLKLENIL,5,0.000175,"['H2S2D7', 'H2SVP5', 'mknk1', 'H2V5R4', 'LOC101074494']"
SSDSSSSSSS,5,0.000175,"['cwc22', 'H2TH07', 'jmjd6', 'brd2', 'H2UNS3']"
NRRAKWRKRE,5,0.000175,"['arx', 'H2S3V9', 'alx1', 'PITX1', 'vsx1']"
HMRSHTGEKP,5,0.000175,"['IKZF5', 'H2UV88', 'H2RT16', 'LOC101080057', 'H2V6C3']"
VWSYGILLWE,5,0.000175,"['pdgfra', 'LOC101061130', 'LOC105416995', 'csk', 'kit']"
IQVWFQNRRA,5,0.000175,"['LOC101063346', 'SEBOX', 'mixl1', 'vsx1', 'H2U438']"
KNSIRHNLSL,5,0.000175,"['H2UU57', 'FOXO1', 'H2TIJ8', 'isoc2', 'LOC101077580']"
GRGEERRGEE,5,0.000175,"['H2SPQ9', 'H2SKM1', 'ARHGAP26', 'H2SCJ2', 'H2SNH8']"
DLKPENILLD,5,0.000175,"['grk4', 'rps6ka3', 'H2SER1', 'LOC101068373', 'phkg2']"
DDDEEEEEEE,5,0.000175,"['H2U0M4', 'LOC101078071', 'H2T746', 'znf330', 'mycn']"
GPPGPPGPRG,5,0.000175,"['H2TB72', 'H2RLG2', 'H2UU26', 'H2VE24', 'H2TCV0']"
RAGGLGINLT,5,0.000175,"['H2TAG0', 'hells', 'H2S5A9', 'ino80', 'H2U547']"
RTHTHTHTHT,5,0.000175,"['H2ST30', 'LOC101079790', 'ADCY9', 'H2SCM8', 'H2SM14']"
KAHLRTHTGE,5,0.000175,"['klf13', 'H2TNK3', 'LOC101076088', 'LOC101061973', 'klf1']"
SYGILLWEIF,5,0.000175,"['matk', 'pdgfra', 'LOC101061130', 'LOC105416995', 'kit']"
TVRNDNSSRF,5,0.000175,"['MYH', 'H2U9L9', 'H2RNV2', 'myo1b', 'LOC100653413']"
LVLTPTRELA,5,0.000175,"['ddx49', 'H2U623', 'ddx24', 'myh10', 'LOC101075553']"
EREREREKER,5,0.000175,"['gse1', 'H2T1B8', 'H2V5G2', 'pqbp1', 'H2TEP2']"
MDGWMDGWMD,5,0.000175,"['H2UB76', 'RPH3A', 'H2RMV3', 'H2TL81', 'H2T6Z7']"
IHRDLAARNI,5,0.000175,"['H2SNI0', 'H2V4N1', 'tnk1', 'LOC101071220', 'kit']"
VKVWFQNRRM,5,0.000175,"['hoxd4b', 'hlx', 'meox1', 'meox2', 'hoxa2a']"
SSSGSSSSSS,5,0.000175,"['LOC101074911', 'pnn', 'H2TAD9', 'H2TYE0', 'H2RPX5']"
NSVRHNLSLN,5,0.000175,"['foxn4', 'LOC101066738', 'H2TKY3', 'H2RVG0', 'foxn3']"
THTHTHTHTR,5,0.000175,"['H2RPS3', 'H2ST30', 'H2UBL3', 'LOC101067140', 'H2SM14']"
THTHTHTHTP,5,0.000175,"['H2RLT8', 'H2S8Z1', 'H2SI32', 'H2SCM8', 'ttyh3']"
AYRKLLEGEE,5,0.000175,"['lmnb2', 'nefl', 'LOC101071934', 'LOC101064170', 'NEFH']"
TAAAAAAAAA,5,0.000175,"['nup153', 'H2UM02', 'H2THF1', 'hoxb6a', 'H2UMR2']"
WLSDGSVRYP,5,0.000175,"['H2UD08', 'H2S086', 'H2TNK8', 'H2VEI9', 'H2SRZ6']"
PPPPPPPPAP,5,0.000175,"['H2S6A8', 'zfhx4', 'H2T7Z6', 'H2UTV9', 'WNK4']"
LTEARVQVWF,5,0.000175,"['arx', 'H2S3V9', 'alx1', 'pax3', 'phox2a']"
EEEEEDEEEE,5,0.000175,"['morc2', 'H2UEG6', 'H2T360', 'H2T363', 'sec62']"
NGILADEMGL,5,0.000175,"['H2TXI7', 'hells', 'SMARCA4', 'smarca5', 'ino80']"
EEEEEEEEDS,5,0.000175,"['H2TRV0', 'neurod1', 'vezt', 'H2UXN7', 'PLEKHG5']"
VDACQGDSGG,5,0.000175,"['LOC101074247', 'H2SW36', 'H2TWA4', 'LOC101074340', 'LOC101074126']"
VRVWFCNRRQ,5,0.000175,"['LOC101071226', 'POU1F1', 'tfcp2', 'LOC101074260', 'H2TC15']"
QDLLNVKMAL,5,0.000175,"['LOC101070877', 'nefl', 'LOC101071934', 'des', 'H2ULY3']"
KDACQGDSGG,5,0.000175,"['f10', 'LOC101062045', 'H2RN35', 'H2SKH9', 'tmprss6']"
VGGGGGGGGG,5,0.000175,"['fam171a2', 'H2UDM1', 'H2S6R9', 'H2SC97', 'H2T3M9']"
GGGGGGGGSG,5,0.000175,"['LOC101077429', 'TTC28', 'LOC101079010', 'LOC101066798', 'KRT18']"
SSEEEEEEEE,5,0.000175,"['H2T8D5', 'clstn1', 'dhx29', 'mfap1', 'H2U596']"
YIHRVGRTAR,5,0.000175,"['ddx49', 'ddx51', 'ddx56', 'ddx10', 'ddx18']"
GHIKLTDFGL,5,0.000175,"['lats2', 'lats1', 'H2TMP6', 'MASTL', 'rps6ka3']"
ERQVKIWFQN,5,0.000175,"['LOC101076460', 'hoxc8a', 'hoxd9b', 'hoxa4a', 'hoxa9a']"
EEEEEEEEEP,5,0.000175,"['H2UZ28', 'kat6a', 'H2RYF6', 'SMARCA4', 'MYT1']"
EEEEEEEEEM,5,0.000175,"['H2U4V5', 'H2TAZ2', 'H2TK30', 'H2TWG1', 'H2U3X8']"
HIRTHTGERP,5,0.000175,"['sna1', 'znf143', 'LOC101073550', 'H2SIA1', 'H2SVL6']"
LNLVDLAGSE,5,0.000175,"['kif15', 'kif3b', 'kif11', 'H2S1X6', 'H2U4V0']"
HRDIKPDNIL,5,0.000175,"['stk32a', 'lats2', 'lats1', 'cdc42bpa', 'H2TA07']"
GWKNSIRHNL,5,0.000175,"['H2UU57', 'FOXO1', 'H2TIJ8', 'isoc2', 'LOC101077580']"
HTHTHAHTHT,5,0.000175,"['H2SCI0', 'H2SVM6', 'H2VAD7', 'H2RUT5', 'H2SGH1']"
ISDVNDNAPV,5,0.000175,"['H2RIR0', 'A4KCN3', 'LOC101077429', 'A4KCJ9', 'H2T7Q9']"
NIVNLLGACT,5,0.000175,"['H2SNI0', 'pdgfra', 'csf1r2', 'LOC101061130', 'kit']"
AFGNAKTVRN,5,0.000175,"['myo1f', 'H2RNV2', 'LOC777984', 'LOC101074689', 'myo1b']"
WKNSIRHNLS,5,0.000175,"['H2UU57', 'FOXO1', 'H2TIJ8', 'isoc2', 'LOC101077580']"
GKTTTFKMLT,5,0.000175,"['H2RNC8', 'H2S080', 'abca3', 'H2SGH0', 'H2UI01']"
EQQQQQQQQQ,5,0.000175,"['hdac9', 'LOC101073190', 'H2SLT5', 'H2ULB4', 'med12']"
IRTHTGEKPF,5,0.000175,"['egr2', 'MTF1', 'PRDM6', 'LOC101064926', 'LOC101078301']"
HTGEKPYSCS,5,0.000175,"['H2T0U0', 'H2SWY6', 'H2S7Z6', 'H2UT12', 'H2S6S9']"
YTHTHTHTHT,5,0.000175,"['H2UKG5', 'LOC101072387', 'H2VDJ1', 'H2UEN6', 'H2RUC1']"
SSRSSSSSSS,5,0.000175,"['H2RRT4', 'H2TE53', 'H2U7F5', 'clasrp', 'RNPS1']"
DVWSYGILLW,5,0.000175,"['pdgfra', 'LOC101061130', 'LOC105416995', 'csk', 'kit']"
PGTGKTLLAK,5,0.000175,"['psmc1', 'H2S0Y1', 'H2UE86', 'KATNAL2', 'LOC101075900']"
GKTLLAKAVA,5,0.000175,"['psmc1', 'H2S0Y1', 'H2UE86', 'KATNAL2', 'spg7']"
HQRIHTGEKP,5,0.000175,"['H2SDE1', 'H2UT13', 'H2SK29', 'zbtb24', 'H2SR55']"
RERERERERQ,5,0.000175,"['H2UYF4', 'H2V362', 'H2UTP1', 'H2V358', 'H2T0F0']"
EKEFHFNRYL,5,0.000175,"['hoxa3a', 'hoxa5a', 'hoxb6a', 'hoxa4a', 'Hoxc6a']"
FARSDELTRH,5,0.000175,"['WT1', 'KLF3', 'LOC101061973', 'klf1', 'LOC101066276']"
EDDDDDDDDD,5,0.000175,"['LOC101078526', 'H2TBM4', 'DCAF1', 'casq1', 'npm1']"
SDVWSYGILL,5,0.000175,"['pdgfra', 'LOC101061130', 'LOC105416995', 'csk', 'kit']"
SSSSSSSSNS,5,0.000175,"['ints12', 'H2UQ60', 'H2SI67', 'H2UNW1', 'H2RM68']"
GAGKTTTFKM,5,0.000175,"['H2RNC8', 'H2S080', 'abca3', 'H2SGH0', 'H2UI01']"
DEEEEEEEGE,5,0.000175,"['eif3d', 'LOC101071934', 'H2S6R9', 'H2URC5', 'MYT1']"
SGSSSSSSSS,5,0.000175,"['chd1', 'H2SMI7', 'LOC101074911', 'H2TAD9', 'H2TE53']"
EARVQVWFQN,5,0.000175,"['arx', 'H2S3V9', 'alx1', 'H2U983', 'phox2a']"
SEEEEEEEED,5,0.000175,"['H2U596', 'H2SWI6', 'LOC101067604', 'mak16', 'evi5']"
AAAAAAAAAG,5,0.000175,"['pbx4', 'adgra3', 'ALR', 'LOC101064580', 'H2RNW8']"
YQDLLNVKMA,5,0.000175,"['LOC101070877', 'nefl', 'LOC101071934', 'des', 'H2ULY3']"
WSFGVLLWEI,5,0.000175,"['H2TKR3', 'tie1', 'kdr', 'LOC101078564', 'ret']"
ARVQVWFQNR,5,0.000175,"['arx', 'H2S3V9', 'alx1', 'H2U983', 'phox2a']"
DVKELIPEFF,5,0.000175,"['H2UJL9', 'H2UB07', 'H2UEQ5', 'H2TSP5', 'H2SUF9']"
AKTVRNDNSS,5,0.000175,"['MYH', 'H2U9L9', 'H2RNV2', 'myo1b', 'LOC100653413']"
PPPPPPGPPP,5,0.000175,"['wipf2', 'LOC101061290', 'LOC101069458', 'wasf2', 'cap2']"
RDRDRERDRD,5,0.000175,"['H2TBM4', 'H2TCD5', 'H2T3X0', 'H2U0Q5', 'pias1']"
LTGTPLQNNL,5,0.000175,"['hells', 'H2UGY5', 'chd3', 'H2U547', 'smarca5']"
QIKIWFQNRR,5,0.000175,"['cdx1', 'hoxa3a', 'hoxa5a', 'hoxb6a', 'hoxb4a']"
AGGGGGGGGG,5,0.000175,"['LOC101071200', 'hoxb8a', 'LOC101070492', 'rab32', 'H2SAD2']"
FQNRRMKWKK,5,0.000175,"['pdx1', 'hoxa5a', 'hoxc8a', 'hoxb6a', 'hoxb4a']"
KTVRNDNSSR,5,0.000175,"['MYH', 'H2U9L9', 'H2RNV2', 'myo1b', 'LOC100653413']"
HRDLAARNCM,5,0.000175,"['met', 'insr', 'PRGFR2', 'H2SEE5', 'tyro3']"
ERDRERERER,5,0.000175,"['H2U1K7', 'STK9', 'ZNF609', 'rbm26', 'fKIAA0552']"
