k-mer,number of proteins,percentage,all,(Out of 5191 proteins in total)
QQQQQQQQQQ,19,0.00366,"['CAGL0G02827g', 'CAGL0F07095g', 'DEF1', 'CTH2', 'CAGL0K11374g', 'CAGL0M09108g', 'CAGL0I05082g', 'SSD1', 'CBK1', 'GLM6', 'CAGL0E00561g', 'GAL11B', 'CAGL0H02123g', 'CAGL0C03399g', 'CAGL0A03872g', 'CAGL0K05423g', 'CST6', 'CAGL0E00781g', 'SNF2']"
SSSSSSSSSS,13,0.002504,"['CAGL0E03245g', 'CAGL0C01507g', 'CAGL0G04125g', 'CAGL0J09922g', 'TDA7', 'CAGL0J02530g', 'CAGL0E02915g', 'EPA2', 'CAGL0G00858g', 'CAGL0M10153g', 'CAGL0G07403g', 'YPI1', 'DSE2']"
NNNNNNNNNN,8,0.001541,"['CAGL0M09108g', 'GLM4', 'CAGL0A01474g', 'SSK2', 'CAGL0G03465g', 'GAL11', 'EPA10', 'CAGL0J00253g']"
LQQQQQQQQQ,8,0.001541,"['GLM6', 'CTH2', 'GAL11B', 'CAGL0G02827g', 'CAGL0A04213g', 'GAL11', 'CAGL0H02123g', 'SNF2']"
EEEEEEEEEE,7,0.001348,"['CAGL0B02387g', 'FPR3', 'CAGL0B04279g', 'ASF1', 'CAGL0M04961g', 'CAGL0L09251g', 'TIF32']"
DDDDDDDDDD,7,0.001348,"['CAGL0C00759g', 'GLM5', 'KEX1', 'CAGL0I01848g', 'CAGL0D00924g', 'CAGL0M11550g', 'CAGL0H02783g']"
QLQQQQQQQQ,6,0.001156,"['GLM6', 'CTH2', 'GAL11B', 'CAGL0G02827g', 'CAGL0A04213g', 'CAGL0H02123g']"
ILADEMGLGK,6,0.001156,"['CAGL0L11770g', 'CAGL0I09614g', 'INO80', 'IRC5', 'SWR1', 'SNF2']"
GPPGTGKTLL,6,0.001156,"['CAGL0A02750g', 'PEX6', 'CAGL0K05093g', 'CAGL0K08910g', 'CDC48', 'CAGL0H09416g']"
LADEMGLGKT,6,0.001156,"['CAGL0L11770g', 'CAGL0I09614g', 'INO80', 'IRC5', 'SWR1', 'SNF2']"
EDDDDDDDDD,6,0.001156,"['CAGL0C00759g', 'KEX1', 'CAGL0D00924g', 'CAGL0A02838g', 'CAGL0M11550g', 'CAGL0H02783g']"
GILADEMGLG,6,0.001156,"['CAGL0L11770g', 'CAGL0I09614g', 'INO80', 'IRC5', 'SWR1', 'SNF2']"
HRDIKPENIL,6,0.001156,"['CAGL0K04301g', 'CAGL0I09504g', 'SSK2', 'CAGL0I07513g', 'CAGL0F03311g', 'DUN1']"
PPGTGKTLLA,6,0.001156,"['CAGL0A02750g', 'PEX6', 'CAGL0K05093g', 'CAGL0K08910g', 'CDC48', 'CAGL0H09416g']"
DDDDDDDDDE,6,0.001156,"['GLM5', 'CAGL0I01848g', 'CAGL0J10560g', 'CAGL0D00924g', 'CAGL0A02838g', 'CAGL0H02783g']"
FGAGNAFDCC,5,0.000963,"['EPA1', 'EPA3', 'EPA23', 'EPA20', 'EPA15']"
QAQAQAQAQA,5,0.000963,"['TUP1', 'DEF1', 'CAGL0G09361g', 'CAGL0J09548g', 'PGD1']"
DDDEEEEEEE,5,0.000963,"['PSY4', 'CAGL0M11264g', 'GLM5', 'CAGL0F06237g', 'CAGL0L09251g']"
SHITTTDSDG,5,0.000963,"['EPA13', 'AWP2', 'CAGL0J05159g', 'CAGL0L00157g', 'CAGL0C01133g']"
GTGKTLLAKA,5,0.000963,"['CAGL0H09416g', 'CAGL0K08910g', 'CAGL0I04884g', 'CDC48', 'PEX6']"
YGPPGTGKTL,5,0.000963,"['CAGL0K08910g', 'CAGL0A02750g', 'CDC48', 'CAGL0M01782g', 'PEX6']"
PGTGKTLLAK,5,0.000963,"['CAGL0H09416g', 'CAGL0K08910g', 'CAGL0I04884g', 'CDC48', 'PEX6']"
NGILADEMGL,5,0.000963,"['IRC5', 'SNF2', 'INO80', 'CAGL0L11770g', 'SWR1']"
AQAQAQAQAQ,5,0.000963,"['TUP1', 'DEF1', 'CAGL0G09361g', 'CAGL0J09548g', 'PGD1']"
QQLQQQQQQQ,5,0.000963,"['GLM6', 'CTH2', 'GAL11B', 'EDC1', 'CAGL0G02827g']"
NFGAGNAFDC,5,0.000963,"['EPA1', 'EPA3', 'EPA23', 'EPA20', 'EPA15']"
QQQQQQQQQP,5,0.000963,"['CAGL0H03267g', 'CAGL0A03872g', 'CBK1', 'AIM3-1', 'CAGL0F07095g']"
