k-mer,number of proteins,percentage,all,(Out of 4557 proteins in total)
GGGGGGGGGG,42,0.009217,"['PHT4;5', 'Os05g0163100', 'SUT1', 'GRF3', 'BHLH089', 'SCAMP5', 'TOC75', 'HOX21', 'Os12g0580900', 'Os10g0503700', 'Os01g0933500', 'Os06g0597200', 'Cht9', 'BURP14', 'NPR2', 'RSS3', 'NFYB3', 'ROC6', 'SPL15', 'SPS1', 'SPL17', 'GRP-1', 'SPL2', 'RH11', 'PHYB', 'SPL7', 'SPL9', 'RTEL1', 'ABCG49', 'Os01g0208600', 'HOX24', 'AGO12', 'CPK16', 'Os01g0258700', 'ILL6', 'HOX8', 'ARF23', 'Os06g0694000', 'ZHD2', 'EGY1', 'Os10g0537100', 'HSFA4D']"
GGGGGGGGGS,16,0.003511,"['Os03g0308500', 'SCAMP6', 'KIN5B', 'HOX12', 'Os12g0515500', 'Os05g0163100', 'NPR2', 'GRF3', 'Os03g0207400', 'GRP-1', 'RH11', 'SPL7', 'Os01g0257400', 'Cht5', 'RTEL1', 'D14']"
AAAAAAAAAA,15,0.003292,"['SPL19', 'WOX6', 'SCR2', 'YAB4', 'Os11g0472000', 'PCF3', 'CSA', 'HOS66', 'FTSH5', 'ZHD2', 'GCN5', 'GLK2', 'PIL15', 'MOF', 'Os06g0247900']"
AGGGGGGGGG,15,0.003292,"['NPR2', 'RSS3', 'SUT1', 'Os12g0515500', 'Y14A', 'BURP14', 'SPS1', 'ARF23', 'HSFC2B', 'PHYB', 'MGD1', 'Os10g0537100', 'RH11', 'TOC75', 'CML8']"
PPPPPPPPPP,13,0.002853,"['HAK23', 'YAB3', 'ARF13', 'FH10', 'TPKC', 'ZHD10', 'CHLD', 'ATL55', 'Os07g0692200', 'FH8', 'FH7', 'FL', 'MYB58']"
ILADEMGLGK,10,0.002194,"['ETL1', 'CHR4', 'SYD', 'CHR5', 'INO80', 'CHR11', 'CHR23', 'BRM', 'PKL', 'PIE1']"
RGGGGGGGGG,10,0.002194,"['SCAMP5', 'GRP0.9', 'NFYB3', 'Os05g0163100', 'Os03g0207400', 'AGO18', 'PHO1-2', 'ZIP10', 'PL10A', 'RTEL1']"
GGGGGGGGGE,10,0.002194,"['NPR2', 'GRP0.9', 'GRF11', 'HK4', 'Os05g0428700', 'ARF23', 'MGD1', 'HOX23', 'HOX24', 'Os06g0107800']"
LADEMGLGKT,10,0.002194,"['ETL1', 'CHR4', 'SYD', 'CHR5', 'INO80', 'CHR11', 'CHR23', 'BRM', 'PKL', 'PIE1']"
SGGGGGGGGG,9,0.001975,"['SHR1', 'SPL15', 'Os10g0503700', 'SPL17', 'Os05g0428700', 'GRP-1', 'SPL2', 'Os01g0933500', 'SPL7']"
GGGGGGGGGR,9,0.001975,"['CPK22', 'VP1', 'ILL6', 'Os10g0503700', 'Os07g0608400', 'Os06g0597200', 'BHLH089', 'ABCG49', 'AGO12']"
TDVAARGLDI,9,0.001975,"['Os03g0308500', 'RH28', 'OsI_028228', 'RH5', 'Os07g0143700', 'Os01g0549400', 'Os11g0599500', 'RH51', 'RH18']"
AYGQTGSGKT,9,0.001975,"['KIN14A', 'KIN12F', 'KIN14B', 'KIN4C', 'KIN12B', 'KIN14G', 'KIN14I', 'KIN13B', 'KIN14D']"
QQQQQQQQQQ,9,0.001975,"['NAC006', 'CRL5', 'CML11', 'RH6', 'BRM', 'ARF19', 'SCL7', 'CYCP4-1', 'Os06g0677700']"
QTGSGKTYTM,8,0.001756,"['KIN12F', 'KIN14B', 'KIN4C', 'KIN12B', 'KIN14G', 'KIN14F', 'KIN13B', 'KIN14D']"
GGGGGGGGGD,8,0.001756,"['RSS3', 'Os12g0580900', 'Os01g0258700', 'ROC6', 'Y14A', 'SPL17', 'BURP14', 'CML8']"
GGGGGGGGGA,8,0.001756,"['Os01g0887700', 'ZIP10', 'SPL2', 'ZHD2', 'PHYB', 'CPK3', 'Cht9', 'PL10B']"
FAYGQTGSGK,8,0.001756,"['KIN14A', 'KIN12F', 'KIN14B', 'KIN12B', 'KIN14G', 'KIN14I', 'KIN13B', 'KIN14D']"
YGQTGSGKTY,8,0.001756,"['KIN12F', 'KIN14B', 'KIN4C', 'KIN12B', 'KIN14G', 'KIN14F', 'KIN13B', 'KIN14D']"
RFCQQCSRFH,8,0.001756,"['SPL10', 'SPL15', 'SPL17', 'SPL1', 'SPL3', 'SPL2', 'SPL7', 'SPL8']"
GQTGSGKTYT,8,0.001756,"['KIN12F', 'KIN14B', 'KIN4C', 'KIN12B', 'KIN14G', 'KIN14F', 'KIN13B', 'KIN14D']"
AAGGGGGGGG,8,0.001756,"['NPR2', 'RSS3', 'CML8', 'SPS1', 'MRS2-F', 'RL9', 'HSFC2B', 'SAP12']"
PGFRFHPTDE,7,0.001536,"['NAC096', 'NAC037', 'ANAC094', 'NAC013', 'NAC052', 'NAC046', 'NAC048']"
FRFHPTDEEL,7,0.001536,"['NAC096', 'NAC037', 'ANAC094', 'NAC59', 'NAC013', 'NAC052', 'NAC048']"
GAGGGGGGGG,7,0.001536,"['SUT1', 'RH11', 'ADCS', 'Os10g0537100', 'MGD1', 'TOC75', 'BZR3']"
QRFCQQCSRF,7,0.001536,"['SPL10', 'SPL15', 'SPL17', 'SPL2', 'SPL7', 'SPL6', 'SPL8']"
AAAAAAAAAG,7,0.001536,"['Os08g0528500', 'PURA1', 'HSFA2A', 'ZHD2', 'OSH45', 'Os03g0120900', 'Os06g0697200']"
GGGGGGGGRG,7,0.001536,"['VP1', 'ILL6', 'Os10g0503700', 'BHLH089', 'AGO12', 'AGPL1', 'AGO2']"
IFAYGQTGSG,7,0.001536,"['KIN14A', 'KIN12F', 'KIN14B', 'KIN12B', 'KIN14G', 'KIN14I', 'KIN14D']"
GFRFHPTDEE,7,0.001536,"['NAC096', 'NAC037', 'ANAC094', 'NAC013', 'NAC052', 'NAC046', 'NAC048']"
GGGGGGGGSG,7,0.001536,"['Os03g0308500', 'D14', 'Os12g0515500', 'ROC7', 'ZHD11', 'GRP-1', 'Cht5']"
GGGGGGGGDG,7,0.001536,"['Os12g0580900', 'Os01g0258700', 'ROC6', 'U2AF35B', 'BURP14', 'G1L3', 'CML8']"
EEEEEEEEEE,7,0.001536,"['RH28', 'PRMT3', 'ERDJ2', 'Os08g0157700', 'ZHD7', 'Os06g0694000', 'BRXL1']"
SAAAAAAAAA,6,0.001317,"['WOX2', 'Os11g0472000', 'CSA', 'FTSH5', 'GCN5', 'SMB']"
DVAARGLDIP,6,0.001317,"['OsI_028228', 'RH5', 'Os07g0143700', 'Os11g0599500', 'RH51', 'RH18']"
VCIFAYGQTG,6,0.001317,"['KIN14A', 'KIN14B', 'KIN14E', 'KIN14D', 'KIN14G', 'KIN14I']"
RRTDGKKWRC,6,0.001317,"['GRF9', 'GRF8', 'GRF7', 'GRF1', 'GRF3', 'GRF12']"
EGGGGGGGGG,6,0.001317,"['NPR2', 'ROC6', 'Os01g0887700', 'PHT4;5', 'Os01g0257400', 'AGO12']"
FLLSTRAGGL,6,0.001317,"['CHR5', 'DDM1', 'INO80', 'CHR11', 'CHR23', 'PKL']"
LLSTRAGGLG,6,0.001317,"['CHR5', 'DDM1', 'INO80', 'CHR11', 'CHR23', 'PKL']"
ATDVAARGLD,6,0.001317,"['Os03g0308500', 'RH28', 'RH5', 'Os07g0143700', 'Os11g0599500', 'RH46']"
GRGGGGGGGG,6,0.001317,"['Os05g0163100', 'Os12g0580900', 'GRP0.9', 'MEL1', 'PHO1-2', 'PL10A']"
GGGGGGGGGV,6,0.001317,"['NFYB3', 'SPS1', 'ARF24', 'PHO1-2', 'SPL9', 'Os01g0208600']"
NGILADEMGL,6,0.001317,"['SYD', 'BRM', 'INO80', 'CHR11', 'CHR23', 'PIE1']"
HVPYRDSKLT,6,0.001317,"['KIN12G', 'KIN5A', 'KIN12A', 'KIN4A', 'KIN7I', 'KIN1']"
RCRRTDGKKW,6,0.001317,"['GRF9', 'GRF8', 'GRF7', 'GRF1', 'GRF3', 'GRF12']"
RFHPTDEELV,6,0.001317,"['NAC037', 'ANAC094', 'NAC013', 'NAC053', 'NAC052', 'NAC048']"
GILADEMGLG,6,0.001317,"['SYD', 'BRM', 'INO80', 'CHR11', 'CHR23', 'PIE1']"
CRRTDGKKWR,6,0.001317,"['GRF9', 'GRF8', 'GRF7', 'GRF1', 'GRF3', 'GRF12']"
GSGGGGGGGG,6,0.001317,"['SPL19', 'Os02g0683500', 'SPL17', 'Os05g0428700', 'GRP-1', 'SPL7']"
RTDGKKWRCS,6,0.001317,"['GRF9', 'GRF8', 'GRF7', 'GRF1', 'GRF3', 'GRF12']"
CIFAYGQTGS,6,0.001317,"['KIN14A', 'KIN12F', 'KIN14B', 'KIN14D', 'KIN14G', 'KIN14I']"
APPPPPPPPP,5,0.001097,"['HAK23', 'FH7', 'YAB3', 'ARF13', 'FH8']"
VFYWFQNHKA,5,0.001097,"['WOX4', 'WOX9', 'WOX1A', 'WOX5', 'WOX3']"
SFVRQLNTYG,5,0.001097,"['HSFB4A', 'HSFB2A', 'HSFC2A', 'HSFA4B', 'HSFA2C']"
QPPPPPPPPP,5,0.001097,"['MYB58', 'HOX8', 'G1L8', 'CHLD', 'FH3']"
RSRSRSRSRS,5,0.001097,"['RSZP21', 'Os04g0438700', 'Os08g0135800', 'Os01g0549400', 'U2AF65A']"
AAAAPPPPPP,5,0.001097,"['GRXS9', 'PYL10', 'YAB3', 'SPL14', 'FH16']"
GRCRRTDGKK,5,0.001097,"['GRF9', 'GRF7', 'GRF1', 'GRF3', 'GRF12']"
ADEMGLGKTI,5,0.001097,"['ETL1', 'CHR23', 'INO80', 'PKL', 'PIE1']"
LGGGGGGGGG,5,0.001097,"['Os06g0597200', 'BHLH089', 'HSFA4D', 'ABCG49', 'Os01g0258700']"
YNVCIFAYGQ,5,0.001097,"['KIN14A', 'KIN14I', 'KIN14B', 'KIN14E', 'KIN14D']"
VATDVAARGL,5,0.001097,"['Os03g0308500', 'RH46', 'RH5', 'Os11g0599500', 'Os07g0143700']"
SCRRRLAGHN,5,0.001097,"['SPL13', 'SPL15', 'SPL7', 'SPL17', 'SPL6']"
HRIGRTGRAG,5,0.001097,"['Os03g0308500', 'Os06g0602400', 'Os07g0301200', 'Os01g0549400', 'Os03g0708600']"
GSGKTLAYLL,5,0.001097,"['RH47', 'Os01g0184500', 'RH16', 'Os01g0970600', 'RH30']"
GYNVCIFAYG,5,0.001097,"['KIN14A', 'KIN14I', 'KIN14B', 'KIN14E', 'KIN14D']"
TRAGGLGINL,5,0.001097,"['CHR5', 'CHR11', 'DDM1', 'INO80', 'PKL']"
LSTRAGGLGI,5,0.001097,"['CHR5', 'CHR11', 'DDM1', 'INO80', 'PKL']"
FSSFVRQLNT,5,0.001097,"['HSFB4A', 'HSFB2A', 'HSFC2A', 'HSFA4B', 'HSFA2C']"
SSSSSAAAAA,5,0.001097,"['DI19-2', 'OsI_20303', 'APX5', 'BIO3-BIO1', 'Os03g0832400']"
PEPGRCRRTD,5,0.001097,"['GRF9', 'GRF6', 'GRF1', 'GRF3', 'GRF12']"
EPGRCRRTDG,5,0.001097,"['GRF9', 'GRF7', 'GRF1', 'GRF3', 'GRF12']"
GYWKATGKDR,5,0.001097,"['NAC052', 'NAC021', 'NAC013', 'NAC096', 'NTL9']"
SSSSAAAAAA,5,0.001097,"['Os11g0472000', 'SPS5', 'TIFY6B', 'HOX11', 'ZHD9']"
AAAPPPPPPP,5,0.001097,"['OsI_016050', 'YAB3', 'SPL14', 'FH3', 'FH16']"
GGSGGGGGGG,5,0.001097,"['SPL19', 'GRP-1', 'Os05g0428700', 'SPL17', 'HOX18']"
SSFVRQLNTY,5,0.001097,"['HSFB4A', 'HSFB2A', 'HSFC2A', 'HSFA4B', 'HSFA2C']"
VRQLNTYGFR,5,0.001097,"['HSFB4A', 'HSFC2A', 'HSFA4B', 'HSFB2B', 'HSFA2C']"
AKTGSGKTLA,5,0.001097,"['Os08g0159900', 'RH5', 'Os03g0802700', 'RH16', 'Os07g0517000']"
GGGGGGGGGL,5,0.001097,"['CSLD2', 'PHT4;5', 'HOX8', 'SUT1', 'ETR3']"
LNGILADEMG,5,0.001097,"['CHR12', 'BRM', 'PIE1', 'INO80', 'SYD']"
GVGGGGGGGG,5,0.001097,"['ILL6', 'Os06g0677700', 'ZHD2', 'HK4', 'CPK3']"
LVATDVAARG,5,0.001097,"['Os03g0308500', 'RH46', 'RH5', 'Os11g0599500', 'Os07g0143700']"
PGRCRRTDGK,5,0.001097,"['GRF9', 'GRF7', 'GRF1', 'GRF3', 'GRF12']"
PPPPPPPPPS,5,0.001097,"['MYB58', 'Os01g0917400', 'FH8', 'FH3', 'G1L3']"
PPPPPPPPPL,5,0.001097,"['HAK23', 'HOX8', 'Os07g0692200', 'FH3', 'OsI_19806']"
TGSGKTLAYL,5,0.001097,"['RH47', 'Os01g0184500', 'RH16', 'Os01g0970600', 'RH30']"
NFSSFVRQLN,5,0.001097,"['HSFB4A', 'HSFB2A', 'HSFC2A', 'HSFA4B', 'HSFA2C']"
RQLNTYGFRK,5,0.001097,"['HSFB4A', 'HSFC2A', 'HSFA4B', 'HSFB2B', 'HSFA2C']"
DGYNVCIFAY,5,0.001097,"['KIN14A', 'KIN14I', 'KIN14B', 'KIN14E', 'KIN14D']"
KNVFYWFQNH,5,0.001097,"['WOX4', 'WOX9', 'WOX1A', 'WOX5', 'WOX3']"
NVFYWFQNHK,5,0.001097,"['WOX4', 'WOX9', 'WOX1A', 'WOX5', 'WOX3']"
VGGGGGGGGG,5,0.001097,"['D14', 'ILL6', 'ZHD2', 'HK4', 'CPK3']"
STRAGGLGIN,5,0.001097,"['CHR5', 'CHR11', 'DDM1', 'INO80', 'PKL']"
GAAAAAAAAA,5,0.001097,"['Os03g0292100', 'Os03g0120900', 'GLK2', 'OSH45', 'Os06g0247900']"
FVRQLNTYGF,5,0.001097,"['HSFB4A', 'HSFB2A', 'HSFC2A', 'HSFA4B', 'HSFA2C']"
FYWFQNHKAR,5,0.001097,"['WOX4', 'WOX9', 'WOX1A', 'WOX5', 'WOX3']"
DEMGLGKTIQ,5,0.001097,"['ETL1', 'CHR8', 'INO80', 'PKL', 'CHR23']"
NVCIFAYGQT,5,0.001097,"['KIN14A', 'KIN14I', 'KIN14B', 'KIN14E', 'KIN14D']"
