k-mer,number of proteins,percentage,all,(Out of 23607 proteins in total)
EEEEEEEEEE,64,0.002711,"['ADAM1B', 'NRDC', 'MAPK8IP2', 'GPATCH8', 'Daxx', 'HMGB3', 'NISCH', 'SKAP1', 'BCL11A', 'PELP1', 'GTF3C3', 'RYDEN', 'ZMYND15', 'EP400', 'PPARGC1B', 'GLIPR1L2', 'SMARCA4', 'CLSTN1', 'DNTTIP2', 'EHMT2', 'RYR1', 'IBSP', 'EIF3D', 'CACNA1F', 'CNKSR2', 'RBM10', 'CDCA7', 'F1MZM3', 'ZNF513', 'RBM19', 'HDGF', 'MYT1', 'ANP32E', 'ZNF326', 'STAC3', 'ZBTB7C', 'ZBTB4', 'SPRYD3', 'WDR87', 'RANGAP1', 'CDK11B', 'PAXIP1', 'SMYD5', 'BAZ1B', 'SCAF1', 'SNAPC5', 'SLC24A1', 'SKIDA1', 'PHF23', 'NEUROD2', 'YTHDC1', 'CCDC136', 'KDM2B', 'TAOK2', 'PCGF6', 'TUB', 'NCL', 'FBXO3', 'BABAM1', 'PRDM2', 'SUPT5H', 'KAT6A', 'CWC22', 'SLC4A1AP']"
AAAAAAAAAA,59,0.002499,"['KDM1A', 'HMX3', 'ZFX', 'RB1', 'FAM222A', 'ZFR', 'FOXE1', 'POU3F1', 'ZFHX3', 'HOXD13', 'TBX2', 'RBM4', 'PRPF40A', 'ZFP91', 'LARP4', 'TMEM158', 'PHLDA2', 'OTUD7A', 'LHX2', 'NKX2-3', 'GSX2', 'CDK13', 'ASXL2', 'ANKRD17', 'RBM24', 'HOXA11', 'EOMES', 'EN1', 'TLE4', 'NLK', 'IRX1', 'CLASRP', 'CADM1', 'SP9', 'PABPN1', 'ZMYND8', 'NR4A3', 'WNK1', 'IRF2BPL', 'FEV', 'FOXL2', 'SHH', 'PHOX2B', 'ZNF804A', 'NKX6-1', 'SOX21', 'TBL1XR1', 'RBM47', 'IRS4', 'ARID1A', 'RFX1', 'RUNX2', 'FBRS', 'PRDM6', 'LOC514433', 'ALKBH5', 'ZNF358', 'LCORL', 'SKOR1']"
PPPPPPPPPP,58,0.002457,"['SETBP1', 'WASHC1', 'BAG6', 'MYPOP', 'FNBP4', 'ZNF318', 'FAM120C', 'SHTN1', 'ZFHX3', 'SF3B2', 'SETD1A', 'MEGF8', 'WASL', 'IQSEC3', 'PEG10', 'SEMA4G', 'PXK', 'JMY', 'WASF2', 'FMNL2', 'ASXL3', 'GDF6', 'CAP2', 'AHDC1', 'RAPH1', 'ZNF341', 'PRIMA1', 'RBM33', 'KDM6B', 'VIRMA', 'RNF215', 'LZTS2', 'ADGRB1', 'FBXO11', 'TSPYL2', 'DIAPH3', 'RNF44', 'DAB2IP', 'R3HDM1', 'HOXB4', 'WIPF3', 'ENO4', 'ZNF827', 'SRPK2', 'FHOD1', 'FHDC1', 'ZNF462', 'IRS4', 'E1BHU0', 'ZC3H4', 'YLPM1', 'PRR12', 'ELK1', 'RBM20', 'G3MWS9', 'PDX1', 'SKOR2', 'LMOD2']"
SSSSSSSSSS,43,0.001821,"['PPRC1', 'SETD1A', 'PRG4', 'LOC534002', 'EDC4', 'NR1D1', 'RANBP10', 'SOX4', 'MLLT6', 'G3N3N5', 'JMJD6', 'CHD9', 'TNRC18', 'KCNMA1', 'NPAS1', 'MLLT3', 'CAMTA2', 'FAM193B', 'TSHZ3', 'LOC514182', 'Fgf10', 'DCAF5', 'ZBTB4', 'E1B9Z4', 'ARL6IP4', 'GTF2IRD1', 'SCAF1', 'ATXN7', 'SOCS1', 'MEX3B', 'BRD2', 'NKX6-1', 'MBTPS2', 'SRRM2', 'TMEM40', 'PRDM2', 'PNN', 'PPIG', 'RNF126', 'SH3PXD2A', 'SYN2', 'NFE2L1', 'SHE']"
GGGGGGGGGG,38,0.00161,"['CAPNS1', 'SRC', 'EIF2B5', 'TLX1', 'TBX2', 'PURA', 'SRSF11', 'ANKRD17', 'SOX1', 'CREBZF', 'SIAH2', 'FEZF2', 'G3N3E1', 'KCNMA1', 'KIF3C', 'FOXF1', 'FNDC3B', 'ZNF282', 'TRA2A', 'POU3F2', 'ARIH1', 'DSP', 'EMC10', 'SHOX2', 'KCNN2', 'WIPF1', 'MKRN1', 'A9X430', 'GSK3A', 'UNC80', 'INSM1', 'PCDH10', 'LOC514433', 'ILF3', 'SFRS11', 'MAF', 'ZNF503', 'UQCC3']"
QQQQQQQQQQ,36,0.001525,"['LIN7A', 'GIGYF2', 'CELF3', 'ZFHX3', 'EP400', 'TNRC6B', 'THAP11', 'PHLDA1', 'NCOR2', 'NCOA3', 'NCOA6', 'MAML3', 'ABCF1', 'TFEB', 'FAM155A', 'PHC1', 'VEZF1', 'TNS1', 'TCF20', 'KMT2C', 'POU3F2', 'IER5L', 'SUPT20H', 'KMT2D', 'MN1', 'BAHCC1', 'IRF2BPL', 'TIMM10B', 'NFAT5', 'MGA', 'TBP', 'RUNX2', 'HTT', 'EXD2', 'CREBBP', 'CHERP']"
QPPPPPPPPP,25,0.001059,"['HMX3', 'G3N385', 'FBXO11', 'SF3B2', 'MEGF8', 'SETD1B', 'IQSEC3', 'PEG10', 'ZFR2', 'FMNL1', 'ZNF341', 'SOBP', 'RBM33', 'ENO4', 'PCLO', 'FIGN', 'ASCL1', 'DAB2IP', 'HOXB4', 'CCDC6', 'PRR12', 'RBM20', 'ZNF462', 'PDX1', 'KAT6A']"
EEEEEEEEED,22,0.000932,"['NOP9', 'Daxx', 'HMGB3', 'PELP1', 'ANP32E', 'SHROOM4', 'ARID4B', 'PPP1R1B', 'CDCA7', 'KIF21A', 'MYT1', 'ZBTB7C', 'RTN4', 'MIER1', 'EHMT2', 'SNAPC5', 'MAPK8IP2', 'NEUROD1', 'FBXO3', 'BAZ1B', 'SPRYD3', 'TUB']"
EEEEEEEEEG,22,0.000932,"['RYDEN', 'ANP32E', 'SLC4A3', 'GLIPR1L2', 'CWC22', 'RYR1', 'SKIDA1', 'CNKSR2', 'ZNF513', 'KDM2B', 'BEND4', 'ZBTB4', 'RANGAP1', 'CDK11B', 'PAXIP1', 'SMYD5', 'SCAF1', 'TAOK2', 'NEUROD2', 'TRANK1', 'EIF4G1', 'KAT6B']"
EEEEEEEEDE,22,0.000932,"['Daxx', 'G3MXT4', 'HMGB2', 'ZFHX3', 'PELP1', 'ANP32E', 'ARID4B', 'PPP1R1B', 'CACNA1D', 'CLIP3', 'MICAL3', 'VGLL3', 'CUL7', 'SUGP2', 'RTN4', 'EHMT2', 'MAPK8IP2', 'SCRIB', 'PIAS4', 'KANK1', 'TUB', 'RILPL2']"
PPPPPPPPPL,21,0.00089,"['FHOD1', 'FHDC1', 'APBB1IP', 'TSPYL2', 'DIAPH3', 'FMNL2', 'FAM120C', 'ASXL3', 'KCNH2', 'R3HDM1', 'ZFHX3', 'FBXO11', 'ZNF341', 'JMY', 'SETBP1', 'KDM6B', 'WIPF3', 'LMOD2', 'SKOR2', 'ENAH', 'SRPK2']"
LPPPPPPPPP,21,0.00089,"['SETBP1', 'FHOD1', 'PXK', 'TSPYL2', 'DIAPH3', 'ZNF318', 'ASXL3', 'RNF44', 'RASSF5', 'SP5', 'CAP2', 'SHROOM3', 'RAPH1', 'SETD1B', 'CEACAM19', 'FOXF1', 'SCAF11', 'KDM6B', 'PRIMA1', 'ADGRB1', 'LMOD2']"
PPPPPPPPLP,20,0.000847,"['SETBP1', 'FBXO11', 'KCTD17', 'WASF1', 'ESPN', 'DIAPH3', 'FMNL2', 'E1BHU0', 'ASXL3', 'KCNH2', 'FAM120C', 'R3HDM1', 'ZFHX3', 'ZNF341', 'PRR11', 'JMY', 'KDM6B', 'WIPF3', 'ENAH', 'SRPK2']"
QVKIWFQNRR,20,0.000847,"['DBX2', 'GBX2', 'HMX1', 'DBX1', 'NKX3-1', 'HOXC12', 'HOXC8', 'GSX2', 'NKX2-6', 'NKX1-2', 'CDX2', 'CDX4', 'HOXA11', 'HOXC10', 'HOXA4', 'HOXA1', 'MSX1', 'MNX1', 'DLX2', 'HOXD9']"
AAAAAAAAAG,19,0.000805,"['SOX21', 'KDM1A', 'PABPN1', 'ADAMTS1', 'NR4A3', 'ZNF804A', 'HOXA13', 'RFX1', 'RXRB', 'GDF11', 'TBX2', 'SOWAHA', 'FOXL2', 'G5E6P9', 'SHH', 'PHOX2B', 'ZNF358', 'MTMR1', 'SKOR1']"
SAAAAAAAAA,18,0.000762,"['HOXA7', 'HMX3', 'EOMES', 'RBM47', 'ZNF703', 'BHLHE22', 'FOXD3', 'HOXA11', 'TLE4', 'TBX2', 'GSX2', 'RBM24', 'ZIC2', 'NKX2-3', 'PITX3', 'NLK', 'PBX3', 'NKX6-1']"
AAAAAAAAAS,18,0.000762,"['OTUD7A', 'SP9', 'EOMES', 'IRX1', 'F1N772', 'ZNF703', 'CDK13', 'ARID1A', 'ASXL2', 'HOXD13', 'PBX3', 'MKRN1', 'IRS4', 'PITX3', 'SOX1', 'CCDC85C', 'CLASRP', 'NKX6-1']"
CQGDSGGPLV,18,0.000762,"['TMPRSS9', 'TMPRSS6', 'LOC100140490', 'PRSS42', 'F1N4G1', 'TMPRSS13', 'F1ML28', 'TMPRSS3', 'TMPRSS5', 'PLAU', 'PLAT', 'PLG', 'KLNG', 'PRSS36', 'F12', 'Q29464', 'F1N633', 'PRSS12']"
GGGGGGGGGS,18,0.000762,"['CREBZF', 'TAL1', 'FUS', 'PI4KA', 'EGR1', 'KCNMA1', 'EMC10', 'MKRN1', 'PURA', 'PCDH10', 'KCNN2', 'LOC518027', 'PDCD7', 'WIPF1', 'SOX1', 'FNDC3B', 'ILF3', 'DLX2']"
PPPPPPPPPA,17,0.00072,"['CEBPB', 'HMX3', 'WASHC1', 'BAG6', 'ZMYM3', 'FNBP4', 'FIGN', 'PRR12', 'DAB2IP', 'AHDC1', 'MEGF8', 'SETD1B', 'SOBP', 'SCX', 'PXK', 'HNRNPUL1', 'LMOD2']"
DEEEEEEEEE,17,0.00072,"['HOMEZ', 'NRDC', 'ZBTB7C', 'ZBTB4', 'HMGB3', 'BCL11A', 'EIF3D', 'RANGAP1', 'SLC24A1', 'GTF3C3', 'RTN4', 'NCL', 'SLC4A3', 'KIF21A', 'MIER1', 'PELP1', 'IBSP']"
EEEEEEEDEE,17,0.00072,"['Daxx', 'PPP1R1B', 'KLHL33', 'RSPH4A', 'SUGP2', 'EHMT2', 'HUWE1', 'F1MGI0', 'PELP1', 'MICAL3', 'ZFHX3', 'PIAS4', 'ZBTB47', 'VGLL3', 'ARID4B', 'CD248', 'MAPK8IP2']"
QGDSGGPLVC,16,0.000678,"['TMPRSS9', 'TMPRSS6', 'PRSS12', 'PRSS42', 'TMPRSS13', 'F1ML28', 'TMPRSS3', 'TMPRSS5', 'PLAU', 'PLAT', 'PLG', 'KLNG', 'PRSS36', 'F12', 'Q29464', 'F1N4G1']"
HQRIHTGEKP,16,0.000678,"['F1MUY0', 'ZNF445', 'ZNF205', 'ZNF345', 'ZSCAN10', 'ZKSCAN1', 'ZNF554', 'LOC767868', 'ZNF787', 'ZNF768', 'ZFP69', 'ZSCAN25', 'ZSCAN4', 'ZNF350', 'G3MYB7', 'ZNF134']"
PPPPPPPPAP,15,0.000635,"['HMX3', 'WASHC1', 'BAG6', 'KMT2E', 'FNBP4', 'ENAH', 'DAB2IP', 'GAPDHS', 'PRR12', 'RAPH1', 'SOBP', 'SCAF1', 'ATOH8', 'XIRP2', 'LMOD2']"
EEEEEEDEEE,15,0.000635,"['Daxx', 'ZFHX3', 'PPP1R1B', 'ANO8', 'F1MTZ5', 'ZBTB47', 'BBX', 'F1MGI0', 'PELP1', 'PPP4R2', 'AEBP2', 'VGLL3', 'SMARCA2', 'CD248', 'MAPK8IP2']"
HHHHHHHHHH,15,0.000635,"['FAM76B', 'YY1', 'ONECUT1', 'OTX1', 'SYNGAP1', 'DLGAP3', 'POU4F2', 'RHOBTB2', 'ZIC3', 'DYRK1A', 'VGLL3', 'CBX4', 'USP34', 'MEOX2', 'HAND1']"
APPPPPPPPP,15,0.000635,"['FHDC1', 'SYNPO', 'WASF2', 'MYPOP', 'KMT2E', 'FMNL1', 'R3HDM1', 'SF1', 'PRR12', 'WASL', 'BAG6', 'SEMA4G', 'SKOR2', 'HNRNPUL1', 'LMOD2']"
DACQGDSGGP,14,0.000593,"['LOC100140490', 'F1N4G1', 'F1ML28', 'TMPRSS5', 'TMPRSS6', 'PLAT', 'PRSS33', 'ST14', 'KLNK', 'HPN', 'F12', 'E1BCW0', 'F10', 'F1N633']"
DSCQGDSGGP,14,0.000593,"['PRSS55', 'TMPRSS9', 'LOC617663', 'PRSS12', 'PRSS42', 'F9', 'TMPRSS3', 'PLAU', 'GZMK', 'PLG', 'TMPRSS13', 'HABP2', 'TMPRSS15', 'Q29463']"
AGGGGGGGGG,14,0.000593,"['CAPNS1', 'APLNR', 'LBX1', 'PPTC7', 'TBX2', 'SHOX2', 'DLX2', 'FOXF2', 'MAF', 'TAL1', 'WIPF1', 'SOX1', 'CCDC85C', 'ILF3']"
EDEEEEEEEE,13,0.000551,"['ZBTB7C', 'ZBTB4', 'RTN4', 'HMGB2', 'RANGAP1', 'ZFHX3', 'SLC24A1', 'GTF3C3', 'MICAL3', 'MIER1', 'BCL11B', 'KIF21A', 'ZNF428']"
PAAAAAAAAA,13,0.000551,"['ZMYND8', 'TRIM71', 'ADAMTS1', 'FAM222A', 'WNK1', 'RFX1', 'RXRB', 'FOXD3', 'EN1', 'LOC514433', 'ANKRD17', 'CCDC85C', 'MTMR1']"
GPPGPPGPPG,13,0.000551,"['EDA', 'COL12', 'Q7M2Q6', 'Q2KIU3', 'COL18A1', 'C1QTNF3', 'GLDN', 'COL9A1', 'COL4A1', 'col1A1', 'EMID1', 'COL12A1', 'COL17A1']"
EEDEEEEEEE,13,0.000551,"['CHIC1', 'ZBTB4', 'HMGB3', 'MIER1', 'RANGAP1', 'ZFHX3', 'SLC24A1', 'MICAL3', 'PTMS', 'KDM2A', 'BCL11B', 'ZNF428', 'PAK3']"
QRIHTGEKPY,13,0.000551,"['F1MUY0', 'ZNF445', 'ZNF205', 'ZKSCAN1', 'ZNF554', 'LOC767868', 'ZNF787', 'ZNF768', 'ZNF345', 'ZSCAN25', 'ZNF350', 'G3MYB7', 'ZNF134']"
GGGGGGGSGG,13,0.000551,"['CREBZF', 'SLITRK5', 'RAD23B', 'HOXD9', 'FAM241A', 'PURA', 'MAP2K4', 'KCNA4', 'ANKS1A', 'ZSWIM8', 'FNDC3B', 'SRCIN1', 'COL17A1']"
GGGGGGGGGA,13,0.000551,"['SRC', 'SRSF1', 'SIAH2', 'FEZF2', 'CCDC85C', 'EIF2B5', 'INSM1', 'SHOX2', 'LOC514433', 'HNRNPL', 'FOXF1', 'MAF', 'ZNF282']"
PPGPPGPPGP,12,0.000508,"['EDA', 'COL23A1', 'GLDN', 'COL18A1', 'Q2KIU3', 'SGIP1', 'Q9TV72', 'COL4A1', 'col1A1', 'CPSF6', 'EMID1', 'COL17A1']"
LYRDVMLENY,12,0.000508,"['E1BN88', 'Q6H235', 'C18H19ORF41', 'ZNF3', 'ZNF445', 'F1MT59', 'Q32LF1', 'ZNF266', 'ZNF33B', 'ZNF420', 'F1MSE6', 'ZNF333']"
PPPPPPPPPG,12,0.000508,"['WASF2', 'IRS4', 'FMNL1', 'RASSF5', 'ZC3H4', 'HOXB4', 'SF3B2', 'WASL', 'MED19', 'SF1', 'CAP2', 'FOXF1']"
EEEDEEEEEE,12,0.000508,"['ANO8', 'ZBTB4', 'RANGAP1', 'PPP4R2', 'SLC24A1', 'ZFHX3', 'KDM2A', 'ZCCHC6', 'BCL11B', 'HNRNPUL2', 'ZNF428', 'PAK3']"
SCQGDSGGPL,12,0.000508,"['PRSS55', 'TMPRSS9', 'LOC617663', 'PRSS12', 'PRSS42', 'TMPRSS3', 'PLAU', 'PLG', 'TMPRSS13', 'HABP2', 'TMPRSS15', 'KLNG']"
SGGGGGGGGG,12,0.000508,"['FUS', 'FEZF2', 'EGR1', 'MAP3K11', 'PURA', 'LOC514433', 'DHX36', 'LOC518027', 'ANKRD17', 'FNDC3B', 'TRA2A', 'UQCC3']"
PLPPPPPPPP,12,0.000508,"['PRR11', 'MYPOP', 'ZBTB7B', 'RNF44', 'RASSF5', 'RAPH1', 'SETD1B', 'CEACAM19', 'SETBP1', 'KDM6B', 'PRIMA1', 'TRIM66']"
ACQGDSGGPL,12,0.000508,"['LOC100140490', 'F1N4G1', 'F1ML28', 'TMPRSS5', 'TMPRSS6', 'PLAT', 'PRSS33', 'ST14', 'KLNK', 'F12', 'E1BCW0', 'F1N633']"
GGGGGGGGSG,12,0.000508,"['CREBZF', 'HOXD9', 'FAM241A', 'SOX10', 'PURA', 'EMC10', 'PCDH10', 'KCNN2', 'MAP2K4', 'FNDC3B', 'ANKS1A', 'SNX27']"
GEEEEEEEEE,12,0.000508,"['NEUROD2', 'YTHDC1', 'TRANK1', 'SKIDA1', 'NISCH', 'ZMYND15', 'TEX2', 'SETD1A', 'RBM10', 'SPRYD3', 'ANP32E', 'USP35']"
GPPGPQGPPG,12,0.000508,"['EDA', 'COL4A1', 'E1BHG5', 'COL18A1', 'COLQ', 'ERFE', 'COL28A1', 'COL12', 'COL16A1', 'COL23A1', 'COL20A1', 'COL17A1']"
QRTHTGEKPY,12,0.000508,"['ZNF629', 'A0A0H3V687', 'ZNF48', 'KLF7', 'MZF1', 'ZSCAN29', 'ZNF22', 'ZNF567', 'ZNF200', 'prdm9', 'F1N5Z6', 'ZSCAN23']"
PSSSSSSSSS,12,0.000508,"['NUFIP2', 'NPAS1', 'CHD8', 'CAMTA2', 'RANBP10', 'SHE', 'EDC4', 'ATXN7', 'ZBTB22', 'NR1D1', 'SYN2', 'NKX6-1']"
SEEEEEEEEE,12,0.000508,"['Daxx', 'EHMT2', 'PUS7', 'CWC22', 'CDK11B', 'SMYD5', 'WDR87', 'GPATCH8', 'KAT6A', 'SMARCA4', 'CLSTN1', 'PHF23']"
KIWFQNRRMK,11,0.000466,"['DBX2', 'DBX1', 'HOXD9', 'HOXB7', 'HOXA11', 'HOXC10', 'HOXC12', 'HOXA3', 'HOXA1', 'PDX1', 'MNX1']"
PPPPPPPPPQ,11,0.000466,"['RBM20', 'MYPOP', 'FAM222A', 'ASCL1', 'EN1', 'SETD1B', 'ZNF827', 'RBM33', 'VIRMA', 'KAT6A', 'ADGRB1']"
SSSSSSSSST,11,0.000466,"['TTLL4', 'SOCS1', 'E1B9Z4', 'SRRM2', 'MLLT3', 'CHD8', 'PRG4', 'LOC534002', 'PNN', 'NUFIP2', 'NKX6-1']"
RTHTGEKPYK,11,0.000466,"['ZNF217', 'ZNF202', 'ZNF629', 'A0A0H3V687', 'ZNF48', 'KLF7', 'KLF3', 'MYNN', 'ZNF567', 'ZNF76', 'Zim3']"
LADEMGLGKT,11,0.000466,"['SRCAP', 'HELLS', 'CHD5', 'RAD54B', 'CHD7', 'SHPRH', 'INO80', 'SMARCAD1', 'SMARCA1', 'CHD1', 'SMARCA4']"
LQQQQQQQQQ,11,0.000466,"['CREBBP', 'POU3F2', 'NCOA6', 'SUPT20H', 'GIGYF2', 'KMT2D', 'MN1', 'BAHCC1', 'GLG1', 'TNRC6B', 'NCOR1']"
HRDLAARNVL,11,0.000466,"['ERBB2', 'PDGFRB', 'CSK', 'EPHA8', 'RET', 'J9QDU0', 'SRMS', 'ZAP70', 'TYK2', 'TIE1', 'FLT3']"
EEEEEDEEEE,11,0.000466,"['PPP1R1B', 'ANO8', 'ZBTB4', 'ZBTB47', 'RANGAP1', 'PPP4R2', 'ZFHX3', 'AEBP2', 'VIRMA', 'VGLL3', 'MAPK8IP2']"
PPPPPPPLPP,11,0.000466,"['WASF1', 'E1BHU0', 'ASXL3', 'FMNL1', 'R3HDM1', 'ZNF341', 'PRR11', 'SETBP1', 'WIPF3', 'GRID2IP', 'DAAM2']"
KKKKKKKKKK,11,0.000466,"['LOC781500', 'ZNF629', 'CCDC45', 'NSUN7', 'SBF1', 'SMEK1', 'A7MBK8', 'LRFN4', 'PLAGL2', 'ADH1C', 'ZNF382']"
ILADEMGLGK,11,0.000466,"['SRCAP', 'HELLS', 'CHD5', 'RAD54B', 'CHD7', 'SHPRH', 'INO80', 'SMARCAD1', 'SMARCA1', 'CHD1', 'SMARCA4']"
PGPPGPPGPP,11,0.000466,"['COL12', 'Q2KIU3', 'COL18A1', 'GLDN', 'COL9A1', 'COL4A1', 'col1A1', 'CPSF6', 'EMID1', 'COL12A1', 'COL17A1']"
THTGEKPYKC,11,0.000466,"['ZNF217', 'ZNF202', 'ZNF629', 'A0A0H3V687', 'ZNF48', 'KLF7', 'KLF3', 'MYNN', 'ZNF567', 'ZNF76', 'Zim3']"
IHTGEKPYKC,10,0.000424,"['ZNF536', 'ZNF181', 'ZNF629', 'ZNF319', 'E1B992', 'LOC100140355', 'MGC152083', 'ZNF768', 'F1MMF2', 'ZNF397']"
PPPPPPLPPP,10,0.000424,"['ZBTB12', 'WASF1', 'DTX3', 'ZNF341', 'PRR11', 'SETBP1', 'VCPIP1', 'WIPF3', 'GRID2IP', 'ALG13']"
HLRTHTGEKP,10,0.000424,"['KLF11', 'ZNF202', 'ZNF217', 'KLF5', 'ZNF572', 'KLF1', 'ZBTB48', 'SNAI3', 'ZBTB24', 'ZNF554']"
PGGGGGGGGG,10,0.000424,"['CREBZF', 'ARIH1', 'SIAH2', 'EIF2B5', 'GSK3A', 'TLX1', 'PCDH7', 'SRSF11', 'SFRS11', 'ZNF503']"
GAAAAAAAAA,10,0.000424,"['SOX21', 'MKRN1', 'RBM4', 'NR4A3', 'ARID1A', 'ZFHX3', 'TBX2', 'SHH', 'PHOX2B', 'ZNF358']"
VKIWFQNRRM,10,0.000424,"['DBX2', 'HOXC8', 'DBX1', 'HOXD9', 'HOXC12', 'HOXA11', 'HOXC10', 'HOXA4', 'HOXA1', 'MNX1']"
VHCSAGVGRT,10,0.000424,"['F1MGT8', 'PTPN20', 'Q1KZG2', 'PTPRQ', 'PTPN14', 'PTPRF', 'PTPRE', 'PTPRC', 'PTPRB', 'PTPRO']"
HCSAGVGRTG,10,0.000424,"['F1MGT8', 'PTPN20', 'Q1KZG2', 'PTPRQ', 'PTPN14', 'PTPRF', 'PTPRE', 'PTPRC', 'PTPRB', 'PTPRO']"
EEEEDEEEEE,10,0.000424,"['PPP1R1B', 'ZBTB4', 'RANGAP1', 'PPP4R2', 'SLC24A3', 'ZFHX3', 'ZBTB47', 'VGLL3', 'SLC24A1', 'ZCCHC6']"
EEEEEEGEEE,10,0.000424,"['TRANK1', 'RYR1', 'TMEM132A', 'ANP32A', 'RANGAP1', 'PRM3', 'GLIPR1L2', 'APLP2', 'WDR66', 'SKIDA1']"
VAAAAAAAAA,9,0.000381,"['LHX2', 'SOX1', 'F1N772', 'PRPF40A', 'EN1', 'FOXB2', 'ALKBH5', 'BTBD11', 'SKOR1']"
QVWFQNRRAK,9,0.000381,"['RAX2', 'LHX3', 'SHOX', 'ALX4', 'ESX1', 'PROP1', 'MIXL1', 'PHOX2B', 'SEBOX']"
PPPPPPPPPS,9,0.000381,"['KMT2E', 'SCAF11', 'E1BHU0', 'GDF6', 'RNF215', 'ENO4', 'ZNF462', 'LZTS2', 'PEG10']"
HVRTHTGEKP,9,0.000381,"['ZNF143', 'ZFP42', 'EGR4', 'ZNF555', 'ZNF786', 'MYNN', 'ZBTB49', 'SNAI1', 'ZNF891']"
QQQQQQQQQL,9,0.000381,"['KMT2C', 'NCOA6', 'SUPT20H', 'KMT2D', 'TFEB', 'R3HDM2', 'IRF2BPL', 'TIMM10B', 'NCOR1']"
SSSSSSSSTS,9,0.000381,"['ZCCHC10', 'SOCS1', 'E1B9Z4', 'SRRM2', 'MLLT3', 'LOC534002', 'PNN', 'CBX2', 'NKX6-1']"
HQRTHTGEKP,9,0.000381,"['ZNF213', 'ZNF316', 'ZNF146', 'ZNF75A', 'KLF7', 'ZNF596', 'ZSCAN29', 'ZNF200', 'F1N5Z6']"
AAAAAAAAAE,9,0.000381,"['POU3F1', 'FAM222A', 'RB1', 'HOXD11', 'TBX2', 'ZIC2', 'ANKRD17', 'ALKBH5', 'PHLDA2']"
HRRIHTGEKP,9,0.000381,"['ZNF692', 'LOC100140355', 'ZKSCAN4', 'ZBTB39', 'ZNF34', 'ZNF787', 'ZSCAN29', 'G3MX92', 'REPIN1']"
HRDLKPENLL,9,0.000381,"['ICK', 'RPS6KA5', 'CAMK2D', 'DCLK3', 'BRSK2', 'MELK', 'MAPKAPK5', 'PSKH1', 'CAMK1D']"
PPPLPPPPPP,9,0.000381,"['PRR11', 'MYPOP', 'KDM6B', 'ZNF341', 'SETD1B', 'PRIMA1', 'SETBP1', 'VCPIP1', 'BCL9L']"
HLRIHTGEKP,9,0.000381,"['ZNF536', 'LOC107131241', 'ZNF582', 'ZNF350', 'ZNF569', 'GZF1', 'ZSCAN26', 'BCL6', 'ZNF410']"
HRRTHTGEKP,9,0.000381,"['ZNF205', 'ZNF672', 'ZNF316', 'ZNF48', 'ZNF34', 'KLF3', 'G3MX92', 'ZNF500', 'ZNF652']"
CEGCKGFFRR,9,0.000381,"['RARA', 'VDR', 'THRB', 'RORA', 'NR1I3', 'PPARG', 'NR1H4', 'NR1D1', 'NR1H2']"
PPLPPPPPPP,9,0.000381,"['PRR11', 'TRERF1', 'MYPOP', 'VCPIP1', 'RAPH1', 'SETD1B', 'PRIMA1', 'SETBP1', 'KDM6B']"
THTGEKPYEC,9,0.000381,"['ZNF248', 'ZNF181', 'ZNF629', 'ZNF891', 'G3MXM0', 'ZSCAN4', 'ZBTB7A', 'ZNF514', 'ZSCAN23']"
ASSSSSSSSS,9,0.000381,"['TTLL4', 'ZBTB4', 'CHD9', 'MLLT6', 'PPRC1', 'KCNMA1', 'LZTS2', 'TNRC18', 'SOX4']"
EEEEEEEEGE,9,0.000381,"['TRANK1', 'RYR1', 'EIF4G1', 'RANGAP1', 'CNKSR2', 'SMYD5', 'SLC4A3', 'GLIPR1L2', 'CWC22']"
SGSSSSSSSS,9,0.000381,"['SRRM1', 'SETD1A', 'CHD9', 'NBEA', 'SCAF1', 'PHC2', 'CCNT2', 'MEX3B', 'NKX6-1']"
HQRTHTGERP,9,0.000381,"['ZNF777', 'ZNF628', 'F1MBT9', 'ZNF316', 'E1BAK8', 'ZNF768', 'ZNF274', 'ZNF500', 'ZNF157']"
GSSSSSSSSS,9,0.000381,"['ARID3B', 'TSHZ3', 'IRF9', 'SETD1A', 'NBEA', 'SCAF1', 'MEX3B', 'NFE2L1', 'NKX6-1']"
RIHTGEKPYK,8,0.000339,"['ZNF536', 'ZNF181', 'ZNF629', 'ZNF319', 'E1B992', 'LOC100140355', 'ZNF768', 'ZNF397']"
HRRIHTGERP,8,0.000339,"['ZNF613', 'MZF1', 'ZNF316', 'ZNF574', 'ZSCAN29', 'LOC509810', 'ZNF777', 'REPIN1']"
HIRTHTGEKP,8,0.000339,"['BORIS', 'ZBTB7A', 'MTF1', 'EGR1', 'PRDM6', 'ZNF648', 'SNAI2', 'G5E6D7']"
SDVWSFGVLL,8,0.000339,"['MAP3K11', 'RET', 'fgfr3', 'MET', 'SRMS', 'FLT4', 'TIE1', 'MATK']"
PPPPLPPPPP,8,0.000339,"['VCPIP1', 'ZNF341', 'PRR11', 'PRIMA1', 'SETBP1', 'KDM6B', 'PDCD7', 'F1MR67']"
GDSGGPLVCK,8,0.000339,"['KBTBD5', 'LOC529047', 'TMPRSS6', 'GZMK', 'F1MGA4', 'PRSS36', 'P00766', 'Q29464']"
GDSGGPLVCE,8,0.000339,"['TMPRSS9', 'F1ML28', 'PRSS12', 'LOC617302', 'CORIN', 'TMPRSS13', 'F12', 'PRSS38']"
LELLVLEQFL,8,0.000339,"['ZNF215', 'PGBD1', 'LOC107131241', 'ZNF496', 'ZNF274', 'ZSCAN10', 'ZNF498', 'ZNF397']"
GGAGGGGGGG,8,0.000339,"['HOXD9', 'BHLHE22', 'HOXD11', 'EOMES', 'SHOX2', 'LOC514433', 'SIX3', 'CCDC85C']"
GAGGGGGGGG,8,0.000339,"['CAPNS1', 'HOXD9', 'HOXD11', 'EOMES', 'ZC3HAV1L', 'TAL1', 'SOX1', 'CCDC85C']"
HQRIHTGERP,8,0.000339,"['ZNF629', 'ZNF648', 'LOC530973', 'ZFP69', 'ZNF282', 'G3N1W3', 'F1N5Z6', 'ZNF397']"
IHTGEKPYRC,8,0.000339,"['ZNF445', 'ZNF142', 'ZNF236', 'ZKSCAN2', 'ZNF350', 'ZSCAN25', 'ZNF114', 'G3N0T2']"
PPPPPLPPPP,8,0.000339,"['A6QQD2', 'RB1', 'ZNF341', 'PRR11', 'F1MR67', 'VCPIP1', 'WIPF3', 'SETBP1']"
VHRDLAARNV,8,0.000339,"['ERBB2', 'PDGFRB', 'CSK', 'EPHA8', 'RET', 'SRMS', 'ZAP70', 'TYK2']"
AAAAAAVAAA,8,0.000339,"['CHD5', 'ASXL3', 'EN1', 'ZMIZ2', 'KCNA4', 'ALKBH5', 'MLLT6', 'STUM']"
RIHTGEKPYR,8,0.000339,"['ZNF445', 'ZNF142', 'ZNF236', 'ZKSCAN2', 'ZNF350', 'ZSCAN25', 'ZNF114', 'G3N0T2']"
KKKKKKKKRK,8,0.000339,"['LOC781500', 'SLU7', 'NSUN7', 'ADH1C', 'A7MBK8', 'PLAGL2', 'F1MSX0', 'E1BNK6']"
EEEEEEEEEK,8,0.000339,"['ATP1B4', 'SKAP1', 'PPARGC1B', 'USP35', 'RBM10', 'EP400', 'F1MZM3', 'SLC4A1AP']"
AAAAAAAAAV,8,0.000339,"['RBM4', 'LARP4', 'RBM47', 'RUNX2', 'EN1', 'LOC514433', 'ZFP91', 'TMEM158']"
HRDLAARNIL,8,0.000339,"['TEK', 'PTK6', 'Q9TS37', 'EPHA1', 'KIT', 'JAK3', 'MATK', 'FLT1']"
AAPPPPPPPP,8,0.000339,"['BAG6', 'WASF2', 'FMNL1', 'R3HDM1', 'ZFHX2', 'PRR12', 'SKOR2', 'LMOD2']"
GSGGGGGGGG,8,0.000339,"['SP8', 'SYNGAP1', 'FEZF2', 'TPRG1L', 'MAP3K11', 'PURA', 'DHX36', 'RFXAP']"
RDLAARNVLV,8,0.000339,"['ERBB2', 'CSK', 'EPHA8', 'RET', 'J9QDU0', 'SRMS', 'TIE1', 'FLT3']"
QHQRIHTGEK,8,0.000339,"['ZNF205', 'ZNF621', 'ZNF554', 'ZNF787', 'ZNF768', 'ZNF345', 'ZNF134', 'ZSCAN16']"
FAYGQTGSGK,8,0.000339,"['KIF16B', 'F1MTR9', 'KIF7', 'KIF14', 'KIF15', 'KIF13B', 'KIF2A', 'KIFC1']"
EEEEEEEEDD,8,0.000339,"['NEUROD1', 'ZBTB7C', 'MIER1', 'SEC63', 'FBXO3', 'SPRYD3', 'KIF21A', 'MYT1']"
RRIHTGEKPY,8,0.000339,"['LOC100140355', 'ZKSCAN4', 'ZBTB39', 'ZNF34', 'ZNF787', 'ZSCAN29', 'G3MX92', 'REPIN1']"
VEEEEEEEEE,8,0.000339,"['ADAM1B', 'ZNF326', 'CNKSR2', 'F1MZM3', 'PRDM2', 'RRP12', 'ARID4B', 'SLC4A1AP']"
EEEEEEEEES,8,0.000339,"['DNTTIP2', 'PROCA1', 'GPATCH3', 'SETD1A', 'ADAM', 'GPATCH8', 'RBM19', 'CLSTN1']"
AAAAAAAAGG,8,0.000339,"['SOX21', 'NACC1', 'RXRB', 'PCLO', 'G5E6P9', 'SHH', 'PHOX2B', 'SKOR1']"
GGGGGGSGGG,8,0.000339,"['CREBZF', 'HOXD9', 'ZFHX3', 'PURA', 'MAP2K4', 'KCNA4', 'ANKS1A', 'FNDC3B']"
PQPPPPPPPP,8,0.000339,"['HOXB4', 'HOXD3', 'PRR12', 'RAPH1', 'SETD1B', 'ENO4', 'RBM33', 'PEG10']"
QQQQQPPPPP,8,0.000339,"['BARHL2', 'NONO', 'FBXO11', 'BICRA', 'SF1', 'HTT', 'KCNN3', 'BRD4']"
TQVKIWFQNR,8,0.000339,"['HMX1', 'HOXA1', 'NKX2-6', 'NKX1-2', 'NKX3-1', 'MSX1', 'MNX1', 'DLX2']"
RAAAAAAAAA,8,0.000339,"['SP9', 'IRS4', 'ASXL2', 'HOXD13', 'RB1', 'ZFP91', 'PHOX2B', 'PHLDA2']"
EGEEEEEEEE,7,0.000297,"['KLHL34', 'SKIDA1', 'TRIM26', 'ZMYND15', 'ANP32E', 'SPRYD3', 'CTNNBL1']"
RIHTGEKPYQ,7,0.000297,"['ZFX', 'ZNF691', 'ZBTB39', 'Q9GK70', 'ZSCAN29', 'ZNF420', 'ZSCAN23']"
GGGGGGGGGT,7,0.000297,"['CAPNS1', 'A9X430', 'TLX1', 'DSP', 'SRSF11', 'SFRS11', 'ANKRD17']"
ILELLVLEQF,7,0.000297,"['ZNF215', 'PGBD1', 'LOC107131241', 'ZNF496', 'ZSCAN10', 'ZNF397', 'ZNF498']"
DVWSFGVLLW,7,0.000297,"['MAP3K11', 'RET', 'fgfr3', 'MET', 'FLT4', 'TIE1', 'MATK']"
GPGGGGGGGG,7,0.000297,"['ARIH1', 'SIAH2', 'EIF2B5', 'TLX1', 'FOXA1', 'SRSF11', 'SFRS11']"
GGGGSGGGGG,7,0.000297,"['POU4F2', 'TRIO', 'BHLHE22', 'LOC767890', 'ZFHX3', 'SYNGAP1', 'PURA']"
SSSSSSSSSL,7,0.000297,"['MBTPS2', 'ZNF703', 'NPAS1', 'EDC4', 'SH3PXD2A', 'TMEM40', 'ING3']"
QRVHTGEKPY,7,0.000297,"['ZNF227', 'ZNF621', 'ZSCAN10', 'ZKSCAN7', 'G3MXU1', 'ZNF513', 'ZNF473']"
EEEEEEEGEE,7,0.000297,"['TRANK1', 'RYR1', 'CWC22', 'RANGAP1', 'PRM3', 'GLIPR1L2', 'WDR66']"
ASAAAAAAAA,7,0.000297,"['HMX3', 'RBM47', 'GRSF1', 'FOXD3', 'HOXA7', 'PITX3', 'NKX6-1']"
PEEEEEEEEE,7,0.000297,"['NOP9', 'BEND4', 'SUPT5H', 'PPARGC1B', 'SCAF1', 'KAT6B', 'GPATCH3']"
HTGEKPYKCP,7,0.000297,"['ZNF536', 'ZNF319', 'G3X6N6', 'ZNF572', 'ZNF516', 'ZNF513', 'ZNF76']"
EKKKKKKKKK,7,0.000297,"['CEP164', 'LOC781500', 'NOP58', 'ZNF454', 'NSUN7', 'SMARCA4', 'ZNF629']"
NLVDLAGSER,7,0.000297,"['KIF9', 'CENPE', 'KIFC3', 'KIF14', 'KIF15', 'KIF17', 'KIF3C']"
RQVKIWFQNR,7,0.000297,"['HOXC8', 'HOXD9', 'CDX2', 'CDX4', 'HOXA11', 'HOXC10', 'HOXA4']"
GLPGPPGPPG,7,0.000297,"['Q2KIU3', 'COL18A1', 'COL9A1', 'ERFE', 'COL4A1', 'Q9TSC2', 'COL17A1']"
EPEPEPEPEP,7,0.000297,"['KLF13', 'PRSS53', 'LOC508098', 'RYR1', 'G3BP1', 'SPESP1', 'HCLS1']"
GGGSGGGGGG,7,0.000297,"['LOC767890', 'SHOX', 'BHLHE22', 'POU4F2', 'ZFHX3', 'SYNGAP1', 'PURA']"
EEEEEEDEED,7,0.000297,"['KLHL33', 'ZBTB9', 'HUWE1', 'MICAL3', 'PIAS4', 'ARID4B', 'SUGP2']"
NSIRHNLSLN,7,0.000297,"['FOXJ1', 'FOXJ3', 'FOXK2', 'FOXL2', 'FOXD4L1', 'FOXL1', 'FOXI1']"
IHTGEKPYQC,7,0.000297,"['ZFX', 'ZNF691', 'ZBTB39', 'Q9GK70', 'ZSCAN29', 'ZNF420', 'ZSCAN23']"
QQQQQQQQQP,7,0.000297,"['IER5L', 'SCAF4', 'GLG1', 'HTT', 'TNS1', 'THAP11', 'PHLDA1']"
QRTHTGERPY,7,0.000297,"['ZNF628', 'F1MBT9', 'ZNF316', 'ZNF768', 'ZNF274', 'ZNF500', 'ZNF157']"
WDTAGQERFR,7,0.000297,"['F1MCK4', 'RAB9A', 'G3MYK6', 'RAB30', 'RAB6B', 'RAB42', 'RASEF']"
LRTHTGEKPY,7,0.000297,"['ZNF217', 'ZNF202', 'ZNF554', 'KLF5', 'ZNF572', 'KLF1', 'SNAI3']"
RHRRTHTGEK,7,0.000297,"['KLF11', 'KLF10', 'ZNF316', 'SP3', 'ZNF34', 'G3MX92', 'ZNF652']"
YRDSKLTRLL,7,0.000297,"['KIF4A', 'KIF3C', 'KIF17', 'KIF18B', 'KIF22', 'KIF21A', 'KIF19']"
SPPPPPPPPP,7,0.000297,"['SPEF2', 'KCNH2', 'RNF215', 'VIRMA', 'SCX', 'G3MWS9', 'LZTS2']"
RRTHTGEKPY,7,0.000297,"['ZNF205', 'ZNF672', 'ZNF48', 'ZNF34', 'KLF3', 'ZSCAN25', 'ZNF652']"
GTPYWMAPEV,7,0.000297,"['MAP4K1', 'MINK1', 'STK10', 'TAOK1', 'MAP3K19', 'PAK5', 'PAK1']"
GGSGGGGGGG,7,0.000297,"['SP8', 'LOC767890', 'FEZF2', 'HLX', 'ZFHX3', 'SYNGAP1', 'PURA']"
GGGGGGGGSS,7,0.000297,"['SP8', 'RAVER1', 'HNRNPA0', 'EGR1', 'KCNMA1', 'LOC518027', 'ILF3']"
QQQQQQPPPP,7,0.000297,"['NONO', 'CDX2', 'SF1', 'NAV2', 'KCNN3', 'HTT', 'BRD4']"
EEGEEEEEEE,7,0.000297,"['KLHL34', 'SKIDA1', 'TRIM26', 'ZMYND15', 'ANP32E', 'PRM3', 'USP34']"
RTHTGEKPFA,7,0.000297,"['ZNF324', 'ZBTB7B', 'EGR1', 'EGR4', 'SALL1', 'G3MX92', 'F1MTF5']"
VVHCSAGVGR,7,0.000297,"['PTPN20', 'PTPN14', 'PTPRF', 'PTPRE', 'PTPRC', 'PTPRB', 'PTPRZ1']"
THTGEKPFAC,7,0.000297,"['ZNF324', 'ZBTB7B', 'EGR1', 'EGR4', 'SALL1', 'G3MX92', 'F1MTF5']"
GILADEMGLG,7,0.000297,"['SRCAP', 'HELLS', 'SHPRH', 'INO80', 'SMARCAD1', 'SMARCA1', 'SMARCA4']"
EEEEGEEEEE,7,0.000297,"['KLHL34', 'PRM3', 'RYR1', 'SKIDA1', 'RANGAP1', 'ISY1', 'TRANK1']"
VWSFGVLLWE,7,0.000297,"['MAP3K11', 'RET', 'fgfr3', 'MET', 'FLT4', 'TIE1', 'MATK']"
HQRVHTGEKP,7,0.000297,"['ZNF227', 'ZNF621', 'ZSCAN10', 'ZKSCAN7', 'G3MXU1', 'ZNF513', 'ZNF473']"
PEPEPEPEPE,7,0.000297,"['KLF13', 'PRSS53', 'LOC508098', 'RYR1', 'G3BP1', 'SPESP1', 'HCLS1']"
RQQQQQQQQQ,7,0.000297,"['MAML3', 'GIGYF2', 'TBP', 'ZFHX3', 'EP400', 'IER5L', 'THAP11']"
GGGGGSGGGG,7,0.000297,"['LOC767890', 'BHLHE22', 'POU4F2', 'ZFHX3', 'SYNGAP1', 'PURA', 'KCNA4']"
EGCKGFFRRS,6,0.000254,"['RARA', 'VDR', 'RORA', 'NR1H4', 'NR1D1', 'NR1H2']"
LEEEEEEEEE,6,0.000254,"['NEUROD1', 'PCGF6', 'ATP1B4', 'CFAP65', 'EP400', 'MGC148692']"
QRIHTGERPY,6,0.000254,"['LOC530973', 'ZFP69', 'ZNF282', 'G3N1W3', 'F1N5Z6', 'ZNF397']"
SSEEEEEEEE,6,0.000254,"['TCOF1', 'CWC22', 'PIAS4', 'KAT6B', 'IBSP', 'CLSTN1']"
PPGTGKTLLA,6,0.000254,"['PEX1', 'YME1L1', 'PEX6', 'KATNAL2', 'AFG3L2', 'PSMC6']"
THTGEKPFKC,6,0.000254,"['ZNF536', 'F1MBT9', 'PRDM6', 'ZIC3', 'F1MR52', 'G3N1W3']"
QGPPGPPGPP,6,0.000254,"['GLDN', 'COL18A1', 'C1QTNF3', 'COL9A1', 'Q9TV72', 'COL17A1']"
GPPGTGKTLL,6,0.000254,"['PEX1', 'YME1L1', 'PEX6', 'KATNAL2', 'AFG3L2', 'PSMC6']"
EKPYKCNECG,6,0.000254,"['ZNF248', 'ZNF181', 'F1N131', 'MGC152083', 'ZSCAN26', 'ZNF514']"
AYGQTGSGKT,6,0.000254,"['F1MTR9', 'KIF7', 'KIF4A', 'KIF15', 'KIF2A', 'KIFC1']"
GDSGGPLVCQ,6,0.000254,"['PRSS42', 'KLKB1', 'CFI', 'TMPRSS3', 'P00767', 'F1N4G1']"
DRYVAICHPL,6,0.000254,"['LOC616450', 'LOC514057', 'LOC783323', 'E1B799', 'OR56A1', 'LOC618173']"
GPPPPPPPPP,6,0.000254,"['SMN1', 'E1BHU0', 'ENAH', 'GDF6', 'ZC3H4', 'MYRF']"
SSSSSSSSSG,6,0.000254,"['MLLT6', 'SRRM2', 'CAMTA2', 'MEX3B', 'IRF9', 'SOX4']"
RSSSSSSSSS,6,0.000254,"['SRRM2', 'CHD9', 'ARL6IP4', 'HOXD4', 'LOC534002', 'PNN']"
PPPPPPPPQQ,6,0.000254,"['EN1', 'RBM33', 'BRD4', 'KAT6A', 'ADGRB1', 'TRIM66']"
EDEEEEEEED,6,0.000254,"['POLE', 'PTMS', 'TTN', 'KDM2A', 'PAK3', 'ABCC9']"
DEDEEEEEEE,6,0.000254,"['ZBTB7C', 'RANGAP1', 'POLE', 'ABCC9', 'KLHDC4', 'BRD2']"
QQQQQQQQQR,6,0.000254,"['POU3F2', 'MN1', 'BAHCC1', 'CELF3', 'FAM155A', 'TNRC6B']"
QQQQQQQQQA,6,0.000254,"['TBP', 'ZFHX3', 'EP400', 'ELMSAN1', 'PHC1', 'NUMBL']"
IHTGEKPYEC,6,0.000254,"['ZBTB16', 'ZNF146', 'F1MJE7', 'ZSCAN29', 'ZNF569', 'ZSCAN16']"
LRIHTGEKPY,6,0.000254,"['ZNF536', 'ZNF582', 'ZNF350', 'ZNF569', 'ZSCAN26', 'BCL6']"
IHTGEKPYTC,6,0.000254,"['ZNF205', 'ZNF227', 'ZNF483', 'Q7YR90', 'ZNF263', 'ZNF114']"
LLYGPPGTGK,6,0.000254,"['PEX1', 'RFC5', 'KATNAL2', 'VCP', 'PSMC6', 'SPATA5']"
AVAAAAAAAA,6,0.000254,"['ALKBH5', 'F1N772', 'EN1', 'MED14', 'SOX1', 'SKOR1']"
EEEEEKEEEE,6,0.000254,"['ATP1B4', 'SKAP1', 'POLR3GL', 'POLR1A', 'GLIPR1L2', 'F1MZM3']"
HTGEKPYKCE,6,0.000254,"['ZNF217', 'ZFP28', 'ZNF227', 'ZNF768', 'MYNN', 'IKZF5']"
HTGEKPYKCS,6,0.000254,"['ZNF629', 'Q7YR90', 'ZNF449', 'KLF7', 'ZNF567', 'F1MMF2']"
RIHTGEKPYE,6,0.000254,"['ZNF345', 'ZKSCAN1', 'ZSCAN29', 'ZNF569', 'ZNF134', 'ZBTB16']"
PYRDSKLTRL,6,0.000254,"['KIF4A', 'KIF18B', 'KIF17', 'KIF22', 'KIF21A', 'KIF3C']"
DEEEEDEEEE,6,0.000254,"['KRI1', 'Q2TA21', 'SLC24A3', 'F1MS90', 'SLC24A1', 'ZCCHC6']"
YTKSSHLKAH,6,0.000254,"['G3MWY3', 'KLF7', 'LOC407241', 'KLF3', 'KLF1', 'KLF8']"
AAAAAAAVAA,6,0.000254,"['CHD5', 'MLLT6', 'KMT5A', 'EN1', 'ZMIZ1', 'ALKBH5']"
VQVWFQNRRA,6,0.000254,"['RAX2', 'LHX3', 'SHOX', 'ALX4', 'ESX1', 'PHOX2B']"
AQQQQQQQQQ,6,0.000254,"['MN1', 'IRF2BPL', 'RUNX2', 'PHC1', 'R3HDM2', 'NUMBL']"
EEEEEEEEEQ,6,0.000254,"['CHIC1', 'NCBP3', 'WWC1', 'BABAM1', 'SCAF1', 'SMARCA4']"
RTHTGEKPYE,6,0.000254,"['ZNF891', 'ZBTB7A', 'ZNF629', 'ZNF567', 'ZSCAN4', 'ZSCAN23']"
YGPPGTGKTL,6,0.000254,"['PEX1', 'KATNAL2', 'VCP', 'ATAD3', 'ATAD2B', 'PSMC6']"
VHTGEKPYKC,6,0.000254,"['ZFP28', 'ZNF227', 'ZNF319', 'ZNF483', 'F1MHE2', 'ZNF513']"
GGGGGGGGGR,6,0.000254,"['APLNR', 'U2AF1', 'LBX1', 'UQCC3', 'TRA2A', 'DHX36']"
AAAAAAAAAL,6,0.000254,"['GSX2', 'BHLHE22', 'FOXD3', 'SP5', 'PRDM6', 'ZIC2']"
AAAAAAAAAQ,6,0.000254,"['TRIM71', 'FOXD3', 'IRF2BPL', 'FEV', 'LCORL', 'IRX3']"
EEEEEEEDED,6,0.000254,"['G3MXT4', 'RTN4', 'HMGB2', 'ANP32E', 'ABCC9', 'KANK1']"
HQRVHTGERP,6,0.000254,"['ZNF628', 'ZSCAN9', 'ZNF792', 'ZNF274', 'F1MSE6', 'LOC100124497']"
SSSSSSSTSS,6,0.000254,"['SOCS1', 'E1B9Z4', 'SRRM2', 'LOC534002', 'PNN', 'CBX2']"
RGRGRGRGRG,6,0.000254,"['KMT2B', 'SNRPD1', 'LARP1B', 'CHTOP', 'RBM26', 'RPS2']"
GPIVVHCSAG,6,0.000254,"['PTPRS', 'PTPN7', 'PTPRE', 'PTPRC', 'PTPN1', 'PTPRK']"
QQPPPPPPPP,6,0.000254,"['SOCS7', 'FBXO11', 'ASCL1', 'SETD1A', 'BRD4', 'ZNF462']"
QILELLVLEQ,6,0.000254,"['ZNF215', 'LOC107131241', 'ZNF496', 'ZSCAN10', 'ZNF397', 'ZNF498']"
RTHTGERPYK,6,0.000254,"['ZNF628', 'F1MBT9', 'E1BCT1', 'G3MXP4', 'ZNF782', 'ZNF768']"
EEEEEEDEDE,6,0.000254,"['PHACTR1', 'RTN4', 'HMGB2', 'BOD1L', 'ANP32E', 'BRD2']"
HMRTHTGEKP,6,0.000254,"['ZNF536', 'KLF10', 'ZBTB7C', 'G5E6D7', 'ZNF711', 'ZNF76']"
DDEEEEEEEE,6,0.000254,"['NRDC', 'EIF3D', 'BCL11A', 'PSD2', 'G3MXT4', 'PPP4R3B']"
IHTGEKPYPC,6,0.000254,"['F1MUY0', 'LOC767868', 'ZNF333', 'ZNF689', 'BCL6B', 'REPIN1']"
EDEDEEEEEE,6,0.000254,"['PIK3R5', 'RANGAP1', 'POLE', 'ABCC9', 'KLHDC4', 'BRD2']"
LYREVMLENY,6,0.000254,"['ZNF621', 'LOC539166', 'ZFP69', 'ZNF274', 'ZNF655', 'ZIM2']"
KGDSGGPLVC,6,0.000254,"['KLKB1', 'CFI', 'CFD', 'LOC617302', 'F1MGA4', 'PRSS27']"
GGGGGGGGAG,6,0.000254,"['ADCY1', 'SIAH2', 'LOC514433', 'SHOX2', 'HNRNPL', 'CCDC85C']"
AAAAAAAASG,6,0.000254,"['F1N772', 'IRS4', 'ARID1A', 'HOXD13', 'CLASRP', 'PBX3']"
CKGDSGGPLV,6,0.000254,"['KLKB1', 'CFI', 'CFD', 'LOC617302', 'PRSS27', 'TMPRSS11F']"
EEEGEEEEEE,6,0.000254,"['KLHL34', 'TRANK1', 'SKIDA1', 'AK7', 'PRM3', 'USP34']"
FIHRDLAARN,6,0.000254,"['TNK2', 'TIE1', 'TXK', 'ABL2', 'ROS1', 'TYRO3']"
ETQVKIWFQN,6,0.000254,"['HMX1', 'HOXA1', 'NKX1-2', 'NKX3-1', 'MSX1', 'MNX1']"
PGPPGPQGPP,6,0.000254,"['EDA', 'COL18A1', 'ERFE', 'COL16A1', 'COL20A1', 'COL17A1']"
TRAGGLGINL,6,0.000254,"['CHD1', 'HELLS', 'CHD5', 'CHD7', 'INO80', 'SMARCA1']"
DVMLENYRNL,6,0.000254,"['Q6H235', 'ZNF333', 'F1MT59', 'ZNF33B', 'F1ME68', 'ZNF10']"
PPPPPPPPGP,6,0.000254,"['SOCS7', 'WASF2', 'ZC3H4', 'CAP2', 'WASL', 'WIPF2']"
RRIHTGERPY,6,0.000254,"['ZNF316', 'MZF1', 'G5E549', 'ZNF574', 'ZNF777', 'REPIN1']"
NGILADEMGL,6,0.000254,"['SRCAP', 'HELLS', 'INO80', 'SMARCAD1', 'SMARCA1', 'SMARCA4']"
KKKKKKRKKK,6,0.000254,"['LOC781500', 'ARL6IP4', 'NSUN7', 'ADH1C', 'A7MBK8', 'PLAGL2']"
IVHRDLKPEN,6,0.000254,"['CAMK1D', 'CAMK2D', 'DCLK3', 'CDK4', 'PDPK1', 'PHKG2']"
QVKVWFQNRR,6,0.000254,"['VAX2', 'HLX', 'EMX2', 'NKX6-3', 'HOXA2', 'MEOX1']"
WQNSIRHNLS,6,0.000254,"['FOXJ1', 'FOXK1', 'FOXL2', 'FOXD4L1', 'FOXL1', 'FOXI1']"
KKKKKKKKKR,6,0.000254,"['LOC781500', 'METAP2', 'NSUN7', 'ADH1C', 'A7MBK8', 'PLAGL2']"
THTGEKPFQC,6,0.000254,"['PRDM5', 'LOC514433', 'ZNF786', 'ZBTB48', 'F1MR52', 'ZNF641']"
DACKGDSGGP,6,0.000254,"['PRSS27', 'KLKB1', 'CFI', 'F7', 'P79131', 'TMPRSS11F']"
LNLVDLAGSE,6,0.000254,"['CENPE', 'KIFC3', 'KIF15', 'KIF17', 'KIF11', 'KIF3C']"
CSAGVGRTGT,6,0.000254,"['F1MGT8', 'Q1KZG2', 'PTPRE', 'PTPRC', 'PTPRB', 'PTPRO']"
RTHTGEKPFK,6,0.000254,"['ZNF536', 'F1MBT9', 'PRDM6', 'ZIC3', 'F1MR52', 'G3N1W3']"
SSSSSSSSLS,6,0.000254,"['GAS2L1', 'ZNF703', 'DDIT4', 'SH3PXD2A', 'TMEM40', 'ING3']"
KSDVWSFGVL,6,0.000254,"['TXK', 'SYK', 'MET', 'SRMS', 'TIE1', 'MATK']"
GRGRGRGRGR,6,0.000254,"['SNRPD1', 'LARP1B', 'CHTOP', 'RBM26', 'RPS2', 'F1N6P2']"
DEEDEEEEEE,6,0.000254,"['CHIC1', 'HMGB3', 'MICAL3', 'PTMS', 'ANP32A', 'ZNF428']"
HLRTHTGERP,6,0.000254,"['ZNF324', 'ZNF526', 'ZNF182', 'ZNF358', 'ZNF467', 'KLF16']"
LYGPPGTGKT,6,0.000254,"['PEX1', 'RFC5', 'KATNAL2', 'VCP', 'PSMC6', 'SPATA5']"
GSAAAAAAAA,6,0.000254,"['VAX1', 'ZNF703', 'GSX2', 'ZIC2', 'E1BFH5', 'PBX3']"
THTGERPYKC,6,0.000254,"['ZNF628', 'F1MBT9', 'E1BCT1', 'G3MXP4', 'ZNF782', 'ZNF768']"
HRRVHTGERP,6,0.000254,"['G3N3R0', 'ZNF213', 'ZNF584', 'F1MSE6', 'ZNF467', 'REPIN1']"
QRIHTGEKPF,6,0.000254,"['ZNF213', 'E1BHF3', 'E1B9A9', 'ZNF19', 'ZFP69', 'ZSCAN4']"
EAAAAAAAAA,6,0.000254,"['FBRS', 'HOXA13', 'IRF2BPL', 'RUNX2', 'PTEN', 'CLASRP']"
KHQRTHTGEK,6,0.000254,"['ZNF48', 'ZNF782', 'ZNF350', 'ZKSCAN4', 'ZNF514', 'Zim3']"
SDSSSSSSSS,6,0.000254,"['ZCCHC10', 'JMJD6', 'ZNRF3', 'F1MY51', 'LOC514182', 'BRD2']"
SSSSSGSSSS,6,0.000254,"['EMSY', 'PLEKHG5', 'IRF9', 'SRRM2', 'PNN', 'SOX4']"
QNSIRHNLSL,6,0.000254,"['FOXJ1', 'FOXK1', 'FOXL2', 'FOXD4L1', 'FOXL1', 'FOXI1']"
EDDDEEEEEE,6,0.000254,"['PODN', 'APLP2', 'SUPT6H', 'DEK', 'C11orf95', 'NT5C2']"
EEEEEEELEE,6,0.000254,"['ARID3A', 'NRDC', 'RRP9', 'CFAP65', 'PRDM2', 'PKNOX2']"
LVDLAGSERA,6,0.000254,"['KIF16B', 'KIF1A', 'KIF1B', 'CENPE', 'KIF13B', 'KIFC2']"
KLSRALRYYY,6,0.000254,"['FLI1', 'ELK1', 'ELK4', 'GABPA', 'ETV3L', 'ELF5']"
RVHTGEKPYK,5,0.000212,"['ZNF319', 'ZNF513', 'ZNF483', 'ZFP28', 'ZNF227']"
SSSSSSSSPS,5,0.000212,"['RANBP10', 'NKX6-1', 'SPRED3', 'PRDM2', 'ZBTB4']"
ACKGDSGGPL,5,0.000212,"['PRSS27', 'P79131', 'TMPRSS11F', 'KLKB1', 'CFI']"
DRYVAICYPL,5,0.000212,"['G5E5Y2', 'OR56B4', 'E1BDA5', 'LOC528106', 'LOC507428']"
RIHTGEKPYP,5,0.000212,"['F1MUY0', 'ZNF689', 'LOC767868', 'ZNF333', 'REPIN1']"
SSSSSSSSAS,5,0.000212,"['ZCCHC10', 'HSPB7', 'NFE2L1', 'CRTC2', 'SHE']"
PPGPPGPPGS,5,0.000212,"['COL18A1', 'GLDN', 'COL12', 'COL12A1', 'COL17A1']"
KKKKKRKKKK,5,0.000212,"['PLAGL2', 'LOC781500', 'ADH1C', 'NSUN7', 'A7MBK8']"
EEEEDEEDEE,5,0.000212,"['ARID1B', 'HMGB1', 'MICAL3', 'NCL', 'SUGP2']"
LTETQVKIWF,5,0.000212,"['HMX1', 'MSX1', 'NKX1-2', 'MNX1', 'NKX3-1']"
IWFQNRRMKW,5,0.000212,"['DBX2', 'PDX1', 'DBX1', 'MNX1', 'HOXB7']"
FGLLGVNGAG,5,0.000212,"['ABCA7', 'ABCA12', 'ABCA13', 'ABCA2', 'O02716']"
YKVETIGDAY,5,0.000212,"['GUCY1A1', 'F1MW05', 'NPR2', 'GUCY2C', 'GUCY2F']"
GGGGGAGGGG,5,0.000212,"['TWIST1', 'MN1', 'SHOX2', 'LOC514433', 'BHLHE22']"
VYKVETIGDA,5,0.000212,"['GUCY1A1', 'F1MW05', 'NPR2', 'GUCY2C', 'GUCY2F']"
RDVMLENYRN,5,0.000212,"['F1MT59', 'ZNF286A', 'ZNF33B', 'ZNF333', 'Q6H235']"
RVMAAQVALR,5,0.000212,"['DMRTA2', 'DMRT1', 'DMRT2', 'DMRT3', 'DMRTC2']"
IHTGEKPYVC,5,0.000212,"['REPIN1', 'ZNF143', 'ZNF205', 'ZNF345', 'ZNF274']"
VLDVNDNPPV,5,0.000212,"['DCHS1', 'FAT3', 'DCHS2', 'CELSR2', 'FAT4']"
KLTRLLQDSL,5,0.000212,"['KIF17', 'KIF21A', 'KIF3C', 'KIF4A', 'KIF22']"
PPPPPGPPPP,5,0.000212,"['WIPF2', 'VASP', 'CAP1', 'WASF2', 'WASL']"
EEEEKEEEEE,5,0.000212,"['F1MZM3', 'SKAP1', 'CFAP65', 'POLR3GL', 'GLIPR1L2']"
GPAGPPGPPG,5,0.000212,"['COL18A1', 'COL22A1', 'COL1A2', 'EMILIN1', 'EMID1']"
PPAPPPPPPP,5,0.000212,"['WIPF3', 'GRASP', 'LMTK3', 'MYPOP', 'RCOR2']"
PPPPPPPPPR,5,0.000212,"['RAPH1', 'ELK1', 'SYNPO', 'ZFHX3', 'PRIMA1']"
PPPPPPPPPV,5,0.000212,"['G3MWS9', 'ZNF318', 'YLPM1', 'SETD1B', 'CEACAM19']"
PPPPPPPPPT,5,0.000212,"['SETD1A', 'SHROOM3', 'IQSEC3', 'SP5', 'SEMA4G']"
VVHCSAGIGR,5,0.000212,"['PTPN1', 'PTPN11', 'PTPN7', 'PTPN9', 'PTPN4']"
QQQQQQQQAA,5,0.000212,"['ELMSAN1', 'TBP', 'EP400', 'FRMPD3', 'NUMBL']"
ISGESGAGKT,5,0.000212,"['MYO3A', 'MYO1F', 'MYO1C', 'MYO7A', 'MYO10']"
SSSSSSTSSS,5,0.000212,"['E1B9Z4', 'SRRM2', 'CBX2', 'LOC534002', 'PNN']"
SSASSSSSSS,5,0.000212,"['CHD9', 'HDGF2', 'ERF', 'SOX4', 'MEX3A']"
ECFGLLGVNG,5,0.000212,"['ABCA7', 'ABCA12', 'ABCA13', 'ABCA2', 'O02716']"
YRDVMLENYR,5,0.000212,"['F1MT59', 'Q6H235', 'ZNF33B', 'ZNF333', 'ZNF713']"
EVEEEEEEEE,5,0.000212,"['F1MZM3', 'ADAM1B', 'ARID4B', 'SLC4A1AP', 'CNKSR2']"
APAPAPAPAP,5,0.000212,"['CNTNAP1', 'C21H15orf39', 'GGN', 'CEP170B', 'MYL1']"
PPPPPPPLPG,5,0.000212,"['FMNL2', 'FAM120C', 'KDM6B', 'DAAM1', 'DIAPH3']"
LDVNDNPPVF,5,0.000212,"['DCHS1', 'FAT3', 'DCHS2', 'CELSR2', 'FAT4']"
EEEEEEEDDD,5,0.000212,"['MYT1', 'FBXO3', 'ZBTB7C', 'NEUROD1', 'DMTN']"
EEEEEEEEAA,5,0.000212,"['NEFM', 'FAM161A', 'HDGF', 'ITGAE', 'LMNB1']"
QQQQPPPPPP,5,0.000212,"['ZNF462', 'BRD4', 'FBXO11', 'KCNN3', 'SF1']"
LLLLLLLLPP,5,0.000212,"['ACP4', 'CDH22', 'IGF2R', 'ARSB', 'BORX']"
GPPGPRGPPG,5,0.000212,"['COL15A1', 'C1QL2', 'MARCO', 'COL25A1', 'COL17A1']"
SSSSSSSSSP,5,0.000212,"['E1B9Z4', 'RNF126', 'NKX6-1', 'ZBTB4', 'RANBP10']"
YKCKECGKAF,5,0.000212,"['E1B992', 'F1N7M4', 'ZNF621', 'ZFP69', 'ZSCAN21']"
PPPPPPPGPP,5,0.000212,"['WIPF2', 'CAP2', 'WASL', 'WASF2', 'ZC3H4']"
HRDLKPENIL,5,0.000212,"['PDPK1', 'RPS6KA4', 'MKNK1', 'CDK4', 'PHKG2']"
SSSSSSSSDS,5,0.000212,"['LOC539475', 'PRR13', 'PPIG', 'JMJD6', 'F1N772']"
QQQQQQQQQH,5,0.000212,"['MN1', 'TCF20', 'MKL1', 'VEZF1', 'KMT2D']"
DEMGLGKTIQ,5,0.000212,"['SMARCAD1', 'SRCAP', 'CHD1', 'SMARCA4', 'CHD7']"
IHQRTHTGEK,5,0.000212,"['ZNF572', 'F1N5Z6', 'ZSCAN29', 'ZNF316', 'ZNF614']"
GHIKLTDFGL,5,0.000212,"['MAST4', 'RPS6KB2', 'MASTL', 'RPS6KA6', 'LATS2']"
AAAAAAAASS,5,0.000212,"['CDK13', 'SOX1', 'NKX6-1', 'IRX1', 'PITX3']"
YEEEEEEEEE,5,0.000212,"['CCDC136', 'ANP32E', 'SKAP1', 'STAC3', 'PAXIP1']"
DEEEEEEEDE,5,0.000212,"['POLE', 'HUWE1', 'PTMS', 'ABCC9', 'ZBTB47']"
PPPPPPPPAL,5,0.000212,"['AHDC1', 'GBX2', 'APBB1IP', 'FIGN', 'HOXD3']"
PPPPPPPPAA,5,0.000212,"['PXK', 'ZMYM3', 'ARID3C', 'PAXBP1', 'RBL2']"
SRSRSRSRSR,5,0.000212,"['ZRANB2', 'SRSF1', 'SRRM4', 'CHERP', 'SRSF2']"
SKLTRLLQDS,5,0.000212,"['KIF17', 'KIF21A', 'KIF3C', 'KIF4A', 'KIF22']"
SSSSGSSSSS,5,0.000212,"['IRF9', 'PLEKHG5', 'RLIM', 'A7E393', 'PNN']"
EEKEEEEEEE,5,0.000212,"['BCAN', 'KDM2B', 'CFAP65', 'POLR3GL', 'GLIPR1L2']"
SSSSSSSASS,5,0.000212,"['ZCCHC10', 'NFE2L1', 'CRTC2', 'SHE', 'PRKD2']"
EEEDDDEEEE,5,0.000212,"['PODN', 'C11orf95', 'SUPT6H', 'INO80', 'AEBP2']"
CIHRDLAARN,5,0.000212,"['J9QDU0', 'FLT1', 'FER', 'Q9TS37', 'KIT']"
GLLGVNGAGK,5,0.000212,"['ABCA7', 'ABCA12', 'ABCA13', 'ABCA2', 'O02716']"
AEEEEEEEEE,5,0.000212,"['MAP3K9', 'WWC1', 'PDE4C', 'SCAF1', 'RAD54L2']"
SSRSHAIFTI,5,0.000212,"['KIF16B', 'KIF27', 'KIF21A', 'KIF4A', 'KIF3A']"
SSSSSSSSSD,5,0.000212,"['PPIG', 'PRR13', 'ARL6IP4', 'JMJD6', 'BRD2']"
RVQVWFQNRR,5,0.000212,"['SHOX', 'RAX2', 'PHOX2B', 'ESX1', 'ALX4']"
LQLWDTAGQE,5,0.000212,"['RAB27B', 'Q9XS71', 'RAB39A', 'RAB6B', 'RASEF']"
EEEEEEEEEA,5,0.000212,"['PDE4C', 'MAP3K9', 'NISCH', 'HDGF', 'PUS7']"
RDLAARNILV,5,0.000212,"['JAK3', 'TEK', 'MATK', 'EPHA1', 'PTK6']"
KRPMNAFMVW,5,0.000212,"['SOX21', 'SOX8', 'SOX6', 'SOX30', 'SOX4']"
RTHTGEKPYR,5,0.000212,"['ZNF513', 'ZNF143', 'ZNF672', 'MZF1', 'ZNF227']"
LLLPPPPPPP,5,0.000212,"['SHROOM3', 'CARMIL3', 'MECP2', 'TSPYL2', 'N4BP2']"
IKHQRTHTGE,5,0.000212,"['LOC107131241', 'ZNF774', 'ZNF350', 'ZKSCAN4', 'ZNF514']"
HRRSHTGEKP,5,0.000212,"['ZBTB49', 'ZFP28', 'BCL11A', 'F1MLH2', 'ZSCAN10']"
QIWDTAGQER,5,0.000212,"['RAB11A', 'F1MCK4', 'RAB7A', 'RAB3B', 'RAB26']"
DAAAAAAAAA,5,0.000212,"['OTUD7A', 'FOXE1', 'POU3F1', 'ZFX', 'ELN']"
IHTGEKPFKC,5,0.000212,"['ZNF215', 'ZNF184', 'ZSCAN26', 'ZKSCAN2', 'LOC107131241']"
LTRLLQDSLG,5,0.000212,"['KIF17', 'KIF21A', 'KIF3C', 'KIF4A', 'KIF22']"
FVHRDLAARN,5,0.000212,"['MET', 'IGF1R', 'MST1R', 'ZAP70', 'CSK']"
QLWDTAGQER,5,0.000212,"['RAB27B', 'Q9XS71', 'RAB39A', 'RAB6B', 'RASEF']"
AAAAAAAAAK,5,0.000212,"['EN1', 'LHX2', 'PHOX2B', 'ELN', 'HMX3']"
AAAAAAAAAT,5,0.000212,"['ZFR', 'ZMYND8', 'TBL1XR1', 'HOXA11', 'FBRS']"
VATRWYRAPE,5,0.000212,"['MAPK14', 'CDKL4', 'CDK20', 'MAPK7', 'MAPK15']"
THTGEKPYRC,5,0.000212,"['ZNF513', 'ZNF143', 'ZNF672', 'MZF1', 'ZNF227']"
PPPPGPPPPP,5,0.000212,"['WIPF2', 'VASP', 'CAP1', 'WASF2', 'WASL']"
EEEEEDEDEE,5,0.000212,"['MYT1L', 'HMGB2', 'BOD1L', 'BRD2', 'LMOD2']"
SSSSSSSSGS,5,0.000212,"['ZNRF3', 'IRF9', 'SRRM2', 'RNPS1', 'SOX4']"
PQWVLTAAHC,5,0.000212,"['F1ML28', 'LOC780846', 'Q29464', 'KLK1', 'GZMK']"
NEEEEEEEEE,5,0.000212,"['BAZ1B', 'TAOK2', 'CHIC1', 'MAPK8IP2', 'MYT1']"
CFGLLGVNGA,5,0.000212,"['ABCA7', 'ABCA12', 'ABCA13', 'ABCA2', 'O02716']"
FYAPWCGHCK,5,0.000212,"['PDIA6', 'P4HB', 'PDIA3', 'TMX3', 'F1MKS3']"
RALYRDVMLE,5,0.000212,"['M0QW41', 'F1MSE6', 'MGC137725', 'E1BN88', 'ZNF454']"
PPGLPGPPGP,5,0.000212,"['COL15A1', 'COL5A1', 'COL4A4', 'COL22A1', 'Q2KIU3']"
EEEDEEEEDE,5,0.000212,"['Q2TA21', 'ANO8', 'KRI1', 'MAPK8IP2', 'SLC24A1']"
EDDEEEEEEE,5,0.000212,"['G3MZR3', 'PSD2', 'BCL11A', 'EIF3D', 'ZBTB47']"
DRERDRDRDR,5,0.000212,"['FIP1L1', 'IK', 'RBM25', 'SCAF1', 'NELFE']"
HTGEKPYPCP,5,0.000212,"['BCL6B', 'ZNF689', 'ZNF333', 'ZNF697', 'ZNF648']"
MAAQVALRRQ,5,0.000212,"['DMRTA2', 'DMRT1', 'DMRT2', 'DMRT3', 'DMRTC2']"
RDSKLTRLLQ,5,0.000212,"['KIF17', 'KIF21A', 'KIF3C', 'KIF4A', 'KIF22']"
EEEKEEEEEE,5,0.000212,"['BCAN', 'F1MZM3', 'CFAP65', 'POLR3GL', 'GLIPR1L2']"
GLPGPPGLPG,5,0.000212,"['COL8A1', 'COL9A1', 'COL4A4', 'COL27A1', 'Q2KIU3']"
LWDTAGQERF,5,0.000212,"['RAB27B', 'Q9XS71', 'RAB39A', 'RAB6B', 'RASEF']"
EEEEEEEEAE,5,0.000212,"['NISCH', 'RTL5', 'TCOF1', 'ZFHX3', 'PUS7']"
LPGPPGPPGP,5,0.000212,"['COL18A1', 'ERFE', 'COL9A1', 'COL4A1', 'Q2KIU3']"
VRTHTGEKPY,5,0.000212,"['ZBTB49', 'ZNF143', 'ZNF555', 'ZNF891', 'MYNN']"
SGESGAGKTE,5,0.000212,"['MYO3A', 'MYO7A', 'MYO1C', 'MYO6', 'MYO10']"
LLVLEQFLTI,5,0.000212,"['ZNF215', 'ZSCAN26', 'PGBD1', 'ZSCAN20', 'ZNF498']"
HTGERPYPCP,5,0.000212,"['ZNF358', 'ZNF574', 'F1N5Z6', 'ZNF316', 'ZNF628']"
GGGGGSSSSS,5,0.000212,"['LOC518027', 'MEGF9', 'TXNDC11', 'ZFC3H1', 'AEBP2']"
SHTGEKPYKC,5,0.000212,"['IKZF5', 'BCL11A', 'ZNF192', 'E1BKB3', 'ZNF236']"
DRDRDRDRER,5,0.000212,"['RERE', 'CPSF6', 'EIF3A', 'FIP1L1', 'NELFE']"
EEEDEEDEEE,5,0.000212,"['ARID1B', 'HMGB1', 'MICAL3', 'SUGP2', 'Daxx']"
GGGGGGGGPG,5,0.000212,"['TBX2', 'EOMES', 'GSK3A', 'ARIH1', 'HOXD11']"
AAQVALRRQQ,5,0.000212,"['DMRTA2', 'DMRT1', 'DMRT2', 'DMRT3', 'DMRTC2']"
THTGEKPFEC,5,0.000212,"['ZNF782', 'ZNF350', 'ZNF333', 'ZFP90', 'F1MR52']"
RSRSRSRSRS,5,0.000212,"['ZRANB2', 'SRSF1', 'SRRM4', 'CHERP', 'SRSF2']"
TCEGCKGFFR,5,0.000212,"['NR1H4', 'NR1I3', 'VDR', 'THRB', 'RORA']"
TRLLQDSLGG,5,0.000212,"['KIF17', 'KIF21A', 'KIF3C', 'KIF4A', 'KIF22']"
ADEMGLGKTI,5,0.000212,"['SMARCAD1', 'SRCAP', 'CHD1', 'SMARCA4', 'CHD7']"
ADEMGLGKTV,5,0.000212,"['HELLS', 'SHPRH', 'CHD5', 'INO80', 'ZRANB3']"
HVRIHTGEKP,5,0.000212,"['ZNF236', 'ZNF143', 'G5E6D7', 'BCL6B', 'ZBTB17']"
HTGEKPYECN,5,0.000212,"['ZBTB7A', 'ZNF891', 'ZNF596', 'ZBTB16', 'ZNF146']"
GPPGLPGPPG,5,0.000212,"['COL15A1', 'COL5A1', 'COL4A4', 'COL22A1', 'Q2KIU3']"
AAAAAVAAAA,5,0.000212,"['EN1', 'ASXL3', 'ALKBH5', 'TRUB1', 'ZMIZ2']"
LVLTPTRELA,5,0.000212,"['DDX49', 'DDX43', 'DDX59', 'DDX47', 'DDX24']"
HIRSHTGERP,5,0.000212,"['ZNF831', 'PRDM5', 'HIVEP1', 'CTCF', 'HIVEP3']"
YNGTIFAYGQ,5,0.000212,"['KIF5A', 'CENPE', 'F1MTR9', 'KIF15', 'KIF3A']"
IHRDLAARNC,5,0.000212,"['TXK', 'ABL2', 'FER', 'ROS1', 'TYRO3']"
IHRDLAARNI,5,0.000212,"['FLT1', 'TEK', 'PTK6', 'Q9TS37', 'KIT']"
VMAAQVALRR,5,0.000212,"['DMRTA2', 'DMRT1', 'DMRT2', 'DMRT3', 'DMRTC2']"
LQIWDTAGQE,5,0.000212,"['RAB36', 'RAB9B', 'RAB3B', 'RAB26', 'RAB4A']"
RNDNSSRFGK,5,0.000212,"['MYO7A', 'MYO5A', 'MYH1', 'MYO1C', 'MYO15A']"
TCQGDSGGPL,5,0.000212,"['bovine', 'TMPRSS4', 'PRSS36', 'KLNH', 'F1MTU4']"
EEEEEEEAEE,5,0.000212,"['DIEXF', 'NISCH', 'CLSTN2', 'ZFHX3', 'RTL5']"
NLGNTCFMNS,5,0.000212,"['USP30', 'USP2', 'USP19', 'USP32', 'USP15']"
SDVWSFGILL,5,0.000212,"['FER', 'FGFR4', 'FYN', 'CSK', 'PDGFRB']"
SSSSSSSGSS,5,0.000212,"['POU4F2', 'IRF9', 'SRRM2', 'ZNRF3', 'SOX4']"
LTEARVQVWF,5,0.000212,"['PRRX1', 'PAX7', 'PHOX2B', 'DRGX', 'ALX4']"
AAAVAAAAAA,5,0.000212,"['RPL14', 'EN1', 'ALKBH5', 'CPEB3', 'SKOR1']"
ELLVLEQFLT,5,0.000212,"['ZNF215', 'ZSCAN26', 'PGBD1', 'ZSCAN29', 'ZNF498']"
SPSSSSSSSS,5,0.000212,"['NR1D1', 'CAMTA2', 'NUFIP2', 'EDC4', 'CHD8']"
MAYDRYVAIC,5,0.000212,"['OR4K15', 'G3N2V6', 'F1MQY6', 'LOC524903', 'OR56A1']"
KDACQGDSGG,5,0.000212,"['PRSS33', 'F1ML28', 'F1N633', 'F1N4G1', 'TMPRSS6']"
IHTGEKPFVC,5,0.000212,"['GTF3A', 'ZSCAN4', 'F1N0P1', 'GZF1', 'G3MXP4']"
RDRDRDRDRE,5,0.000212,"['CPSF6', 'SNRNP70', 'EIF3A', 'FIP1L1', 'NELFE']"
ERQVKIWFQN,5,0.000212,"['CDX2', 'HOXC8', 'HOXA4', 'CDX4', 'HOXD9']"
FITMNPGYAG,5,0.000212,"['DNAH2', 'DNAH3', 'DNAH17', 'DNAH10', 'DYNC1H1']"
HGGGGGGGGG,5,0.000212,"['POU3F2', 'HNRNPL', 'ZNF282', 'FOXF1', 'SRC']"
HHHHHHHHHP,5,0.000212,"['VGLL3', 'ONECUT1', 'AUTS2', 'HAND1', 'YY1']"
EEEEEDEEDE,5,0.000212,"['SUGP2', 'HMGB1', 'MICAL3', 'NCL', 'PIAS4']"
DRYVAICKPL,5,0.000212,"['OR6C2', 'G3X8A5', 'OR56A4', 'LOC525964', 'OR52I2']"
EEEEEEEEEM,5,0.000212,"['CCDC136', 'PCGF6', 'WDR87', 'PHF23', 'CLSPN']"
EEEEEEEEEL,5,0.000212,"['ARID3A', 'HOMEZ', 'NRDC', 'BCL11A', 'PRDM2']"
QRALYRDVML,5,0.000212,"['M0QW41', 'F1MSE6', 'MGC137725', 'E1BN88', 'ZNF454']"
SLVDLAGSER,5,0.000212,"['KIF23', 'KIF13B', 'KIF1A', 'KIF1B', 'KIFC1']"
RSHTGEKPYK,5,0.000212,"['IKZF5', 'BCL11A', 'ZNF192', 'E1BKB3', 'ZNF236']"
RHQRIHTGER,5,0.000212,"['ZNF648', 'ZNF212', 'ZNF629', 'ZNF467', 'ZNF397']"
EEEEEEEEKE,5,0.000212,"['F1MZM3', 'ATP1B4', 'SKAP1', 'SLC4A1AP', 'PPARGC1B']"
RTHTGEKPFE,5,0.000212,"['ZNF782', 'ZNF350', 'ZNF333', 'ZFP90', 'F1MR52']"
DVWSYGVLLW,5,0.000212,"['MAP3K9', 'TEK', 'MST1R', 'Q28210', 'FLT1']"
LLPPPPPPPP,5,0.000212,"['SHROOM3', 'CARMIL3', 'SP5', 'TSPYL2', 'RPS6KB2']"
LIKHQRTHTG,5,0.000212,"['LOC107131241', 'ZNF774', 'ZNF350', 'ZKSCAN4', 'ZNF514']"
TETQVKIWFQ,5,0.000212,"['HMX1', 'MSX1', 'NKX1-2', 'MNX1', 'NKX3-1']"
PPPLLLLLLL,5,0.000212,"['LRPAP1', 'GNS', 'COL8A2', 'G3MZD8', 'DNAJC1']"
HHHHHHHHHQ,5,0.000212,"['ONECUT2', 'POU4F2', 'OTX1', 'MEOX2', 'DLGAP3']"
LLLTGTPLQN,5,0.000212,"['SRCAP', 'SMARCA1', 'CHD5', 'SMARCA4', 'HELLS']"
EQQQQQQQQQ,5,0.000212,"['KMT2C', 'NFAT5', 'TIMM10B', 'ABCF1', 'FAM155A']"
IRTHTGEKPF,5,0.000212,"['SNAI2', 'MTF1', 'PRDM6', 'EGR1', 'BORIS']"
EEEEEGEEEE,5,0.000212,"['RYR1', 'SKIDA1', 'TRANK1', 'PRM3', 'RANGAP1']"
LPPPPPPPPL,5,0.000212,"['ASXL3', 'PRR11', 'KCTD17', 'WASF1', 'ESPN']"
GKTLLAKAVA,5,0.000212,"['PSMC1', 'NVL', 'SPG7', 'KATNAL2', 'PEX6']"
PGLPGPPGPP,5,0.000212,"['COL18A1', 'COL1A1', 'COL9A1', 'COL4A4', 'Q2KIU3']"
PPPQPPPPPP,5,0.000212,"['ZNF341', 'FAM125B', 'PEG10', 'HOXB4', 'HTT']"
RLVITPLTDR,5,0.000212,"['DNAH2', 'DNAH3', 'DNAH17', 'DNAH10', 'DNAH5']"
VLEQFLTILP,5,0.000212,"['ZNF215', 'ZSCAN26', 'PGBD1', 'ZSCAN20', 'ZNF498']"
PAPAPAPAPA,5,0.000212,"['CNTNAP1', 'C21H15orf39', 'CRYBB1', 'CEP170B', 'MYL1']"
PPLLLLLLLL,5,0.000212,"['LRPAP1', 'GNS', 'HTRA1', 'ADAMTS8', 'G3MZD8']"
GLPPPPPPPP,5,0.000212,"['FOXF1', 'SCAF11', 'WASF1', 'CAP2', 'ADGRB1']"
PPPPQPQPPP,5,0.000212,"['CRTC1', 'BRD4', 'BOD1L1', 'EP400', 'KDM6B']"
RDRDRDRERE,5,0.000212,"['RERE', 'FIP1L1', 'IK', 'SNRNP70', 'EIF3A']"
PAPPPPPPPP,5,0.000212,"['GRASP', 'LMTK3', 'CTNND2', 'MYPOP', 'SEMA4G']"
RERERERERE,5,0.000212,"['RERE', 'ZC3H18', 'RBM25', 'Q52T65', 'GSE1']"
NGTIFAYGQT,5,0.000212,"['KIF5A', 'CENPE', 'F1MTR9', 'KIF15', 'KIF3A']"
SDVWSYGVLL,5,0.000212,"['MAP3K9', 'TEK', 'MST1R', 'Q28210', 'FLT1']"
PPQPPPPPPP,5,0.000212,"['HTT', 'SETD1B', 'PEG10', 'HOXB4', 'HOXD3']"
EEEDEEEDEE,5,0.000212,"['Daxx', 'IRX3', 'Q2TA21', 'PLCD3', 'PELP1']"
RDLKPENILL,5,0.000212,"['RPS6KA6', 'GRK5', 'PHKG2', 'SGK1', 'PDPK1']"
GECFGLLGVN,5,0.000212,"['ABCA7', 'ABCA12', 'ABCA13', 'ABCA2', 'O02716']"
EARVQVWFQN,5,0.000212,"['SHOX', 'PRRX1', 'PHOX2B', 'DRGX', 'ALX4']"
DTCQGDSGGP,5,0.000212,"['bovine', 'TMPRSS4', 'PRSS36', 'KLNH', 'F1MTU4']"
RSDELTRHYR,5,0.000212,"['KLF12', 'KLF5', 'KLF4', 'KLF1', 'KLF9']"
DSKLTRLLQD,5,0.000212,"['KIF17', 'KIF21A', 'KIF3C', 'KIF4A', 'KIF22']"
WSFGVLLWEI,5,0.000212,"['FLT4', 'TIE1', 'ALK', 'RET', 'fgfr3']"
GGGGGGSSSS,5,0.000212,"['LOC518027', 'MEGF9', 'EGR1', 'YY1', 'AEBP2']"
DTAGQERFRS,5,0.000212,"['RAB9A', 'RASEF', 'G3MYK6', 'RAB6B', 'RAB30']"
VWSYGVLLWE,5,0.000212,"['MAP3K9', 'TEK', 'MST1R', 'Q28210', 'FLT1']"
ARVQVWFQNR,5,0.000212,"['SHOX', 'PRRX1', 'PHOX2B', 'DRGX', 'ALX4']"
LLGVNGAGKT,5,0.000212,"['ABCA7', 'ABCA12', 'ABCA13', 'ABCA2', 'O02716']"
WFQNRRAKWR,5,0.000212,"['RAX2', 'B0FXM4', 'NOBOX', 'ESX1', 'ALX4']"
EDEEEEDEEE,5,0.000212,"['F1MS90', 'Q2TA21', 'KRI1', 'MAPK8IP2', 'SLC24A1']"
HIRIHTGEKP,5,0.000212,"['IKZF5', 'ZNF699', 'ZNF114', 'ZBTB17', 'ZFP69']"
STRAGGLGIN,5,0.000212,"['CHD1', 'SMARCA1', 'CHD5', 'INO80', 'HELLS']"
KKKKKKKRKK,5,0.000212,"['PLAGL2', 'LOC781500', 'ADH1C', 'NSUN7', 'A7MBK8']"
LVLEQFLTIL,5,0.000212,"['ZNF215', 'ZSCAN26', 'PGBD1', 'ZSCAN20', 'ZNF498']"
GPAGTGKTET,5,0.000212,"['DNAH2', 'DNAH3', 'DNAH17', 'DNAH10', 'DNAH5']"
GYNGTIFAYG,5,0.000212,"['KIF5A', 'CENPE', 'F1MTR9', 'KIF15', 'KIF3A']"
ITMNPGYAGR,5,0.000212,"['DNAH2', 'DNAH3', 'DNAH17', 'DNAH10', 'DYNC1H1']"
EEEDEDEEEE,5,0.000212,"['HMGB2', 'POLE', 'HRC', 'BRD2', 'LMOD2']"
PGPPGLPGPP,5,0.000212,"['COL15A1', 'COL5A1', 'COL4A4', 'COL16A1', 'Q2KIU3']"
LLLLLLLLLL,5,0.000212,"['SCUBE2', 'CDH22', 'FLT3LG', 'G3MY40', 'SLC27A3']"
EEDEEEDEED,5,0.000212,"['SETD1A', 'Daxx', 'SNRK', 'Q2TA21', 'IRX3']"
