k-mer,number of proteins,percentage,all,(Out of 27157 proteins in total)
SSSSSSSSSS,70,0.002578,"['irs4a', 'naf1', 'zbtb1', 'fryl', 'chd9', 'fam133', 'brd2a', 'ube2e1', 'si:ch73-52f15.5', 'ppef1', 'A0A0G2KKB2', 'rnf126', 'lrfn2b', 'vtg2', 'trip12', 'ofd1', 'vtg5', 'nipblb', 'ehmt2', 'adgre8', 'poldip3', 'si:dkey-93h22.8', 'arl6ip4', 'sybl1', 'A0A0G2KYP4', 'sobpa', 'znf827', 'cbx2', 'cwc15', 'si:ch211-22i13.2', 'tshz3b', 'agbl5', 'huwe1', 'rps6ka4', 'tcf19l', 'btbd2a', 'cnot4b', 'ubap2a', 'inpp4b', 'rnf217', 'elk3', 'col5a1', 'rnf219', 'dennd5b', 'phf8', 'pnn', 'prr12a', 'tcf7l1b', 'talpid3', 'mex3b', 'cdc14ab', 'npas4l', 'ints12', 'emsy', 'dot1l', 'jmjd6', 'arsb', 'prr13', 'LOC101882255', 'plekhh1', 'LOC553209', 'si:dkey-27p18.5', 'prnprs3', 'taok2b', 'tnrc6a', 'mark4a', 'baz2ba', 'sugp1', 'otx1a', 'pdzk1']"
EEEEEEEEEE,50,0.001841,"['mier1b', 'fam131a', 'rpgra', 'tprb', 'henmt1', 'ripor1', 'lmod2b', 'si:ch211-214c7.4', 'LOC564731', 'spire2', 'si:ch211-235p24.2', 'si:dkeyp-30e7.2', 'grid2ipa', 'shcbp1', 'fam50a', 'dzip1', 'xpc', 'piezo2', 'calr', 'ccdc97', 'ust', 'chaf1a', 'vps13a', 'slc6a15', 'zgc:123010', 'morc2', 'qsox1', 'stard13a', 'hmga2', 'huwe1', 'npm1a', 'ip6k2a', 'ppp1r1b', 'dcaf10', 'E7F1W1', 'zgc:171740', 'gpatch1', 'camk1a', 'arih1l', 'mcm3ap', 'pknox1.2', 'senp3a', 'zbtb7b', 'myca', 'LOC553209', 'im:7151449', 'uqcrh', 'bcl11aa', 'setd1ba', 'si:dkeyp-80d11.4']"
THTHTHTHTH,40,0.001473,"['ift74', 'A0A0G2L6P0', 'ftr37', 'F1QTH1', 'fanca', 'E7F7S0', 'A0A0G2L9J9', 'A0A0G2KJY4', 'fstl5', 'rgs9a', 'fdx1l', 'myocd', 'dync1h1', 'A0A0G2KY41', 'pak6a', 'trip10b', 'A0A286YAW8', 'sik3', 'A0A0G2KUM5', 'A0A0G2KYW4', 'E7F5C1', 'A0A0G2KHE5', 'LOC100332787', 'chatb', 'A0A0G2L947', 'A0A0G2KTX1', 'A0A0G2KET2', 'A0A0G2L5P0', 'A0A0G2KWR0', 'E7F0W2', 'si:dkey-238g7.1', 'adcy7', 'E7EXC8', 'plxnb1a', 'ddx47', 'si:cabz01080295.1', 'zmp:0000000527', 'A0A0G2KD09', 'tbc1d13', 'atxn3']"
HTHTHTHTHT,39,0.001436,"['ift74', 'A0A0G2L6P0', 'ftr37', 'F1QTH1', 'fanca', 'E7F7S0', 'rgs9a', 'nedd4a', 'A0A0G2KJY4', 'A0A0G2KEV8', 'fstl5', 'A0A0G2L9J9', 'fdx1l', 'myocd', 'dync1h1', 'A0A0G2KY41', 'A0A0G2LAZ5', 'pak6a', 'A0A286YAW8', 'sik3', 'A0A0G2KYW4', 'E7F5C1', 'A0A0G2KHE5', 'LOC100332787', 'chatb', 'A0A0G2L947', 'ddx47', 'A0A0G2KET2', 'A0A0G2KWR0', 'E7F0W2', 'si:dkey-238g7.1', 'adcy7', 'E7EXC8', 'plxnb1a', 'si:cabz01080295.1', 'zmp:0000000527', 'A0A0G2KD09', 'tbc1d13', 'atxn3']"
VCVCVCVCVC,33,0.001215,"['A0A0G2KT66', 'fanca', 'A0A0G2L5U6', 'A0A0G2KXH3', 'A0A0G2KJ38', 'A0A0G2KXJ0', 'A0A0R4IF68', 'tfr2', 'lyl1', 'wwp1', 'ift74', 'A0A0G2L9J9', 'myocd', 'A0A0G2KUI9', 'si:zfos-932h1.2', 'A0A0G2KQ24', 'A0A286YAW8', 'A0A0G2L083', 'A0A0G2KET2', 'F1R9W5', 'A0A0G2KGN6', 'gucy2c', 'ldlrb', 'A0A0G2KWC8', 'zgc:154086', 'dlg4a', 'si:dkey-7f3.9', 'si:dkey-165b20.1', 'A0A0G2KD65', 'A0A0G2KPR1', 'A0A0G2KV14', 'A0A0G2KE55', 'ppp4r3b']"
QQQQQQQQQQ,31,0.001142,"['znf609a', 'clocka', 'chd9', 'cry1ba', 'crtc3', 'med15', 'slco2b1', 'baz2a', 'gigyf2', 'cited4b', 'paxip1', 'stox2a', 'si:ch211-79l17.1', 'kat6a', 'mn1a', 'ep300a', 'cwc15', 'smg7', 'notch1a', 'trim33', 'irf2bpl', 'nkrf', 'ep400', 'gtf2a1', 'jmjd1cb', 'usf3', 'prrc2c', 'med12', 'znf319b', 'tbkbp1', 'samd4a']"
CVCVCVCVCV,30,0.001105,"['A0A0G2KT66', 'A0A0G2KXJ0', 'A0A0G2L5U6', 'A0A0G2KXH3', 'A0A0G2KJ38', 'fanca', 'A0A0R4IF68', 'tbc1d8', 'tfr2', 'lyl1', 'wwp1', 'ift74', 'A0A0G2L9J9', 'A0A0G2KUI9', 'si:zfos-932h1.2', 'A0A0G2KQ24', 'A0A0G2L083', 'A0A0G2KE55', 'A0A0G2KET2', 'F1R9W5', 'A0A0G2KGN6', 'gucy2c', 'zgc:154086', 'si:dkey-7f3.9', 'si:dkey-165b20.1', 'A0A0G2KD65', 'A0A0G2KPR1', 'A0A0G2KV14', 'A0A0G2KRG4', 'ppp4r3b']"
PPPPPPPPPP,28,0.001031,"['fhdc4', 'apbb1ip', 'lmod2b', 'ctbp2l', 'nat6', 'pxk', 'wasla', 'wipf1b', 'mtfr2', 'shtn1', 'si:dkey-85n7.6', 'atn1', 'jmy', 'trim33', 'daam2', 'zfhx3', 'washc1', 'rnf6', 'srpk2', 'fhdc2', 'fhdc1', 'tulp4b', 'diaph2', 'fmnl3', 'fmn1', 'si:ch211-51e12.7', 'prr11', 'vaspa']"
DEEEEEEEEE,25,0.000921,"['mier1b', 'rpgrb', 'fam131a', 'spire2', 'grid2ipa', 'fam50a', 'calr', 'ccdc97', 'senp3a', 'ppp1r1b', 'stard13a', 'huwe1', 'npm1a', 'ip6k2a', 'znf462', 'nap1l4b', 'zgc:171740', 'srpk2', 'camk1a', 'arih1l', 'bptf', 'myca', 'trim63a', 'bcl11ab', 'ankrd11']"
XXXXXXXXXX,23,0.000847,"['E7FDQ7', 'E7F1W1', 'ccdc62', 'A0A0G2KXH3', 'A0A0G2KU45', 'A0A0G2KXJ0', 'lyl1', 'cytb', 'A0A0G2KY41', 'cltcl1', 'LOC100535713', 'A0A0G2KKG8', 'A0A0R4IN73', 'A0A0G2L6S2', 'A0A0G2KEV7', 'ecel1', 'A0A0G2KET2', 'E7F4K5', 'A0A0G2KNN1', 'utrn', 'A0A0G2KQA6', 'A0A0G2KZD9', 'A0A286Y9N3']"
PSSSSSSSSS,23,0.000847,"['irs4a', 'rad23b', 'A0A0G2L234', 'A0A0G2KKB2', 'mllt1b', 'ehmt2', 'zgc:91944', 'klf12b', 'fbxl17', 'sobpb', 'si:dkey-16p21.7', 'agbl5', 'dcaf5', 'twist3', 'ubap2a', 'elk3', 'ppp1r12a', 'phf8', 'rnf126', 'tcf7l1b', 'LOC553209', 'si:dkey-27p18.5', 'sugp1']"
GGGGGGGGGG,22,0.00081,"['pygo2', 'u2af1', 'dhx57', 'alyref', 'pou4f1', 'sipa1l1', 'wipf1a', 'dhx9', 'znf384l', 'strn3', 'vezf1b', 'kat6a', 'srsf1a', 'dnajb6a', 'otud5a', 'khsrp', 'DKEY-113G17.1-002', 'syndig1l', 'tjp1b', 'itpr1b', 'taf15', 'vaspa']"
QVKIWFQNRR,21,0.000773,"['hoxc1a', 'pnx', 'hmx3', 'cdx1b', 'nkx2.7', 'hoxa4a', 'hoxd9a', 'gsx2', 'nkx3.2', 'dlx2a', 'msxd', 'hoxb1b', 'dbx1a', 'hoxb8a', 'mnx2a', 'nkx3-1', 'hoxd12a', 'gbx2', 'hoxd11a', 'hoxd10a', 'nkx1.2la']"
HHHHHHHHHH,20,0.000736,"['zdhhc5a', 'tcf4', 'pou4f2', 'jhdm1db', 'sp5l', 'cacna1da', 'nyap2a', 'prrc2a', 'rnft2', 'plcl1', 'alx3', 'iqsec2b', 'rnf38', 'kcnh6b', 'maf', 'ccnt1', 'dot1l', 'onecut1', 'mecp2', 'casz1']"
DDDDDDDDDD,18,0.000663,"['zfyve19', 'ift46', 'chd7', 'zgc:113229', 'casq2', 'aspn', 'rangap1a', 'si:dkeyp-75h12.7', 'npm1b', 'gtf3c3', 'tjp1b', 'si:ch211-276c2.4', 'rbm28', 'LOC100000633', 'slc24a1', 'si:ch211-195b21.5', 'dido1', 'zmp:0000000662']"
EEEEEEEEED,18,0.000663,"['mier1b', 'morc2', 'ppp1r1b', 'shcbp1', 'fam50a', 'ripor1', 'calr', 'huwe1', 'ust', 'sinhcaf', 'dcaf10', 'E7F1W1', 'mcm3ap', 'si:dkeyp-80d11.4', 'ankrd11', 'senp3a', 'lmod2b', 'zgc:123010']"
AAAAAAAAAA,17,0.000626,"['bptf', 'foxo1a', 'siah2l', 'znf384l', 'tulp4b', 'specc1la', 'sox21b', 'pbx3b', 'chd3', 'evx2', 'tle2a', 'pou3f3a', 'sall2', 'mbnl1', 'usp25', 'nedd1', 'ptbp1a']"
TSSSSSSSSS,17,0.000626,"['naf1', 'tcf19l', 'fryl', 'bag6', 'LOC101882255', 'wnk1a', 'wacb', 'tnksa', 'si:ch211-251j10.3', 'dennd5b', 'vtg5', 'btbd2a', 'vtg2', 'rnf217', 'setx', 'zgc:163107', 'cwc15']"
SSSSSSSSSA,16,0.000589,"['npas4l', 'galnt16', 'ehmt2', 'rps6ka4', 'adgre8', 'rnf185', 'eef1db', 'ubap2a', 'plekhh1', 'fryl', 'fbxl17', 'btbd2a', 'prr12a', 'trip12', 'atrxl', 'pdzk1']"
KIWFQNRRMK,15,0.000552,"['hoxc1a', 'hoxa5a', 'hoxa4a', 'hoxd9a', 'hoxc3a', 'hoxb1b', 'dbx1a', 'hoxb8a', 'hoxa3a', 'mnx2a', 'hoxd12a', 'pdx1', 'hoxc6b', 'hoxd11a', 'hoxd10a']"
SSSSSSSSST,15,0.000552,"['irs4a', 'rad23b', 'gas2l3', 'tnksa', 'tnrc18', 'wacb', 'ube2e1', 'A0A0G2L234', 'col5a1', 'sobpa', 'dcaf5', 'baz2ba', 'dot1l', 'setx', 'cbx2']"
ERERERERER,15,0.000552,"['arhgap23a', 'pou6f2', 'ncor1', 'mmp14b', 'incenp', 'rereb', 'gse1', 'ik', 'si:ch211-255p10.4', 'ptchd1', 'bcl11aa', 'zc3h18', 'mast1a', 'ncor2', 'luc7l3']"
RERERERERE,15,0.000552,"['arhgap23a', 'pou6f2', 'mmp14b', 'incenp', 'rereb', 'gse1', 'ik', 'taok2b', 'ptchd1', 'zgc:158803', 'bcl11aa', 'zc3h18', 'mast1a', 'ncor2', 'ncor1']"
STSSSSSSSS,14,0.000516,"['naf1', 'tcf19l', 'si:ch211-251j10.3', 'tnksa', 'wnk1a', 'wacb', 'rgl3a', 'myocd', 'vtg2', 'kat6a', 'gpr37l1a', 'setx', 'zgc:163107', 'vtg5']"
DSCQGDSGGP,14,0.000516,"['tmprss13b', 'si:ch73-127m5.1', 'tmprss9', 'tmprss2', 'zgc:92313', 'tmprss3a', 'zgc:165423', 'prss1', 'si:dkey-16l2.17', 'hpn', 'habp2', 'zgc:163025', 'zgc:100868', 'A0A0G2L5F9']"
CQGDSGGPLV,14,0.000516,"['si:ch73-127m5.1', 'zgc:154142', 'tmprss13a', 'ctrl', 'tmprss2', 'tmprss4b', 'tmprss5', 'zmp:0000001114', 'A0A0G2L5F9', 'si:dkey-16l2.17', 'habp2', 'LOC558805', 'zgc:163025', 'plaua']"
ASSSSSSSSS,14,0.000516,"['galnt16', 'emsy', 'inpp4b', 'huwe1', 'ube2e1', 'zbtb1', 'cdc14ab', 'rnf219', 'znf827', 'tnrc6a', 'prr12a', 'trip12', 'A0A0G2KYP4', 'greb1l']"
EEEEEEEEDE,14,0.000516,"['mier1b', 'chic2', 'ppp1r1b', 'A0A0G2KFS3', 'fam50a', 'kif1b', 'ap3b1a', 'sinhcaf', 'calr', 'A0A0G2KTX1', 'ppip5k1b', 'ches1', 'kat6a', 'bcl11ab']"
QVWFQNRRAK,13,0.000479,"['lhx3', 'si:dkey-43p13.5', 'arx', 'alx1', 'drgx', 'uncx', 'phox2bb', 'shox2', 'vsx1', 'prop1', 'otpb', 'mixl1', 'rx2']"
EDEEEEEEEE,13,0.000479,"['trdn', 'fam50a', 'pde4d', 'calr', 'ccdc97', 'myca', 'zgc:171740', 'srpk2', 'znf462', 'lyn', 'bcl11ab', 'senp3a', 'ankrd11']"
SCQGDSGGPL,13,0.000479,"['tmprss13b', 'si:ch73-127m5.1', 'ctrl', 'tmprss9', 'tmprss2', 'zgc:92313', 'tmprss3a', 'A0A0G2L5F9', 'si:dkey-78l4.12', 'si:dkey-16l2.17', 'habp2', 'zgc:163025', 'LOC560023']"
HRDLAARNVL,13,0.000479,"['ephb3', 'pdgfra', 'csk', 'syk', 'fgfr1a', 'ptk6a', 'erbb4a', 'ret', 'jak1', 'tie2', 'tie1', 'flt3', 'csf1rb']"
WDTAGQERFR,12,0.000442,"['rab9a', 'rab34b', 'rab6a', 'A0A0G2KF88', 'rab22a', 'A0A0G2KIN3', 'rasef', 'rab42b', 'rab18b', 'zgc:101559', 'rabl2', 'A0A0G2KFN1']"
PPPPPPPLPP,12,0.000442,"['fhdc2', 'tulp4b', 'fam120c', 'enah', 'ccdc88c', 'r3hdm1', 'si:ch211-103b1.2', 'prr11', 'whrna', 'raph1b', 'grid2ip', 'si:ch211-266o15.1']"
SSSSSSSSSL,12,0.000442,"['ints12', 'zgc:91944', 'si:dkey-27p18.5', 'twist3', 'huwe1', 'si:dkey-23a13.2', 'si:ch73-52f15.5', 'elk3', 'ppp1r12a', 'A0A0G2KYP4', 'vtg5', 'ing3']"
DDDDDDDDDE,12,0.000442,"['ecd', 'zgc:66472', 'ddx24', 'si:dkeyp-75h12.7', 'npm1b', 'zfyve19', 'si:ch211-276c2.4', 'zgc:113229', 'rangap1a', 'slc24a1', 'spa17', 'setx']"
EEEEEEEEEG,12,0.000442,"['ythdc1', 'ak9', 'rpgra', 'stard13a', 'grm1a', 'paf1', 'mlec', 'spire2', 'bcl11aa', 'ip6k2a', 'nap1l4b', 'grid2ipa']"
DACQGDSGGP,12,0.000442,"['f9a', 'zgc:55888', 'LOC100331291', 'tmprss4b', 'ovch2', 'tmprss5', 'st14b', 'A0A1L1QZD1', 'zgc:112038', 'zgc:92590', 'f10', 'plaua']"
SASSSSSSSS,12,0.000442,"['galnt16', 'taok2a', 'zbtb1', 'A0A0G2KFS3', 'slx4', 'glcci1a', 'inpp4b', 'znf827', 'tnrc6a', 'prr12a', 'trip12', 'greb1l']"
EEEEEEEDEE,12,0.000442,"['ryr1a', 'ppp1r1b', 'ubxn2a', 'neurod4', 'ap3b1a', 'calr', 'prdm4', 'A0A0G2KXJ0', 'ches1', 'bcl11ab', 'si:dkey-188i13.7', 'mak16']"
TQVKIWFQNR,12,0.000442,"['hoxc1a', 'pnx', 'hmx3', 'nkx2.7', 'nkx1.2la', 'A0A0G2KJM4', 'nkx3.2', 'dlx2a', 'msxd', 'hoxb1b', 'mnx2a', 'nkx3-1']"
SSSSSSSSAS,11,0.000405,"['npas4l', 'rps6ka4', 'adgre8', 'pnisr', 'klhl7', 'fbxl17', 'btbd2a', 'prr12a', 'bglapl', 'atrxl', 'pdzk1']"
PPPPPPLPPP,11,0.000405,"['fhdc2', 'tulp4b', 'fam120c', 'fmn1', 'r3hdm1', 'palld', 'prr11', 'pcdh15b', 'whrna', 'grid2ip', 'si:ch211-266o15.1']"
VQVWFQNRRA,11,0.000405,"['lhx3', 'si:dkey-43p13.5', 'alx4b', 'arx', 'alx1', 'drgx', 'uncx', 'phox2bb', 'shox2', 'otpb', 'rx2']"
RGRGRGRGRG,11,0.000405,"['si:ch73-181d5.4', 'cnbpa', 'snrpd1', 'larp1b', 'mdc1', 'chtopa', 'si:dkey-17o15.2', 'si:zfos-905g2.1', 'rps2', 'prr12b', 'ilf3']"
HMRTHTGEKP,11,0.000405,"['si:dkey-20i20.8', 'znf536', 'klf17', 'zbtb7c', 'zbtb7b', 'si:ch211-120c15.3', 'egr4', 'znf711', 'prdm5', 'si:dkey-182i3.8', 'si:cabz01071907.1']"
HLRIHTGEKP,11,0.000405,"['si:dkey-20i20.8', 'znf536', 'si:ch211-253b8.2', 'si:dkey-57k17.1', 'zbtb39', 'si:dkeyp-84f3.9', 'si:dkey-154p10.3', 'bcl6b', 'znf513a', 'si:ch1073-224n8.1', 'znfl2a']"
RSRSRSRSRS,11,0.000405,"['dhx8', 'srsf2a', 'srsf1a', 'thrap3a', 'zranb2', 'si:ch211-195b21.5', 'rbbp6', 'sfswap', 'cherp', 'cwc22', 'si:ch211-212k18.4']"
QGDSGGPLVC,11,0.000405,"['si:ch73-127m5.1', 'zgc:154142', 'tmprss13a', 'ctrl', 'tmprss5', 'zmp:0000001114', 'A0A0G2L5F9', 'si:dkey-16l2.17', 'habp2', 'LOC558805', 'plaua']"
RDLAARNVLV,11,0.000405,"['ephb3', 'csk', 'fgfr1a', 'ptk6a', 'erbb4a', 'ret', 'jak1', 'tie2', 'tie1', 'flt3', 'csf1rb']"
EEEEEEEEEQ,11,0.000405,"['neflb', 'fam131a', 'gabpb1', 'tprb', 'zbtb7b', 'si:ch211-214c7.4', 'ccdc97', 'im:7142702', 'si:ch211-235p24.2', 'chaf1a', 'srpk2']"
APPPPPPPPP,11,0.000405,"['washc1', 'apbb1ip', 'shtn1', 'diaph2', 'fmnl3', 'lmod2b', 'zfhx3', 'wasla', 'prr12a', 'znf628', 'ubr4']"
RTHTHTHTHT,11,0.000405,"['F1R0N1', 'ift74', 'A0A0G2KYW4', 'E7F5C1', 'si:cabz01080295.1', 'si:dkey-3h2.2', 'zmp:0000000527', 'A0A0G2KD09', 'A0A0G2KJY4', 'E7F7S0', 'A0A0G2KWR0']"
GPPGPQGPPG,11,0.000405,"['col17a1a', 'eda', 'col18a1a', 'emid1', 'col4a5', 'si:ch1073-184j22.1', 'otol1a', 'prp', 'col15a1b', 'c1ql4a', 'c1qtnf12']"
RSSSSSSSSS,11,0.000405,"['nipblb', 'rps6ka4', 'rnps1', 'eef1db', 'arl6ip4', 'plekhh1', 'ppef1', 'taok2b', 'pnn', 'atrxl', 'pdzk1']"
SHTHTHTHTH,10,0.000368,"['F1QTH1', 'sik3', 'zgc:154086', 'si:dkey-3h2.2', 'A0A0G2L8Z8', 'A0A0G2KFT1', 'fdx1l', 'zmp:0000000527', 'A0A0G2KEV8', 'pak6a']"
QEEEEEEEEE,10,0.000368,"['si:ch211-214c7.4', 'gfra3', 'qsox1', 'hmga2', 'LOC564731', 'grm1a', 'mnx2b', 'sinhcaf', 'si:dkey-72l17.5', 'zgc:123010']"
PPPPPPPPPL,10,0.000368,"['fhdc2', 'fmnl2a', 'tulp4b', 'daam2', 'nat6', 'prr11', 'si:ch211-103b1.2', 'raph1b', 'nhsl1b', 'ubr4']"
SSSTSSSSSS,10,0.000368,"['naf1', 'tiam1a', 'si:ch211-251j10.3', 'tcf19l', 'si:dkey-106l3.6', 'pou6f2', 'ccnf', 'grin2da', 'gpr37l1a', 'si:dkey-40c11.1']"
QQQQQQQQQH,10,0.000368,"['trim33', 'paxip1', 'znf319b', 'crtc3', 'gli1', 'med15', 'slco2b1', 'baz2a', 'ep300a', 'tbkbp1']"
EDDDDDDDDD,10,0.000368,"['ecd', 'ift46', 'chd7', 'ddx24', 'casq2', 'si:ch211-276c2.4', 'rangap1a', 'nop2', 'setx', 'rbm28']"
SSTSSSSSSS,10,0.000368,"['naf1', 'tcf19l', 'si:ch211-251j10.3', 'wnk1a', 'wacb', 'rgl3a', 'grin2da', 'kat6a', 'gpr37l1a', 'setx']"
RVQVWFQNRR,10,0.000368,"['si:dkey-43p13.5', 'alx4b', 'arx', 'alx1', 'drgx', 'uncx', 'phox2bb', 'shox2', 'otpb', 'rx2']"
VKIWFQNRRM,10,0.000368,"['hoxc1a', 'hoxa4a', 'hoxd9a', 'hoxb1b', 'dbx1a', 'hoxb8a', 'mnx2a', 'hoxd12a', 'hoxd11a', 'hoxd10a']"
GPPGPPGPQG,10,0.000368,"['col17a1a', 'col5a3a', 'col18a1a', 'gldn', 'col4a5', 'eda', 'col6a1', 'c1ql4a', 'si:ch1073-184j22.1', 'c1qtnf12']"
GPPGPPGPPG,10,0.000368,"['si:dkeyp-44a8.4', 'col17a1a', 'col18a1a', 'gldn', 'emid1', 'c1ql3a', 'col1a1a', 'col15a1b', 'c1qtnf12', 'si:dkey-225n22.4']"
SPSSSSSSSS,10,0.000368,"['si:zfos-375h5.1', 'agbl5', 'A0A0G2L4Z1', 'klf12b', 'twist3', 'ehbp1', 'elk3', 'dcaf5', 'rnf126', 'mllt1b']"
PAPPPPPPPP,10,0.000368,"['fmnl2a', 'abi3a', 'znf628', 'shtn1', 'lmod2b', 'nat6', 'zfhx3', 'r3hdm1', 'raph1b', 'si:ch211-45c16.2']"
NSIRHNLSLN,10,0.000368,"['foxj2', 'foxj1a', 'foxk2', 'LOC100149117', 'foxg1b', 'foxd5', 'foxj3', 'foxc1a', 'foxl1', 'foxi1']"
TTTTTTTTTT,10,0.000368,"['adgrf8', 'tgfa', 'nfasca', 'si:dkey-162h11.2', 'kiaa1549la', 'ccdc80', 'zgc:56382', 'si:dkeyp-27e10.3', 'wu:fc34e06', 'si:dkeyp-82a1.3']"
ETQVKIWFQN,10,0.000368,"['hoxc1a', 'pnx', 'hmx3', 'nkx1.2la', 'A0A0G2KJM4', 'nkx3.2', 'msxd', 'hoxb1b', 'mnx2a', 'nkx3-1']"
THTHTHTHTL,10,0.000368,"['A0A0G2L8Z8', 'A0A1C3H8I1', 'ift74', 'si:ch211-196h24.2', 'rgs9a', 'F1R0N1', 'A0A0G2KD09', 'tbc1d13', 'A0A0G2KEV8', 'A0A0G2KCN0']"
DDEEEEEEEE,10,0.000368,"['rpgrb', 'neurod1', 'im:7142702', 'nt5c2b', 'zgc:113229', 'ip6k2a', 'trim63a', 'arih1l', 'kat6a', 'nap1l4b']"
GRGRGRGRGR,10,0.000368,"['si:ch73-181d5.4', 'cnbpa', 'snrpd1', 'larp1b', 'mdc1', 'chtopa', 'si:zfos-905g2.1', 'rps2', 'prr12b', 'ilf3']"
EEDEEEEEEE,10,0.000368,"['pde4d', 'calr', 'myca', 'prdm4', 'snapc5', 'si:dkeyp-68b7.12', 'bcl11ab', 'zgc:171740', 'mtfr1l', 'srpk2']"
PGPPGPPGPP,10,0.000368,"['col17a1a', 'col18a1a', 'gldn', 'si:ch211-160j14.3', 'emid1', 'c1ql3a', 'col15a1b', 'si:dkey-225n22.4', 'c1qtnf12', 'col1a1a']"
PPPPPPPPLP,10,0.000368,"['fhdc2', 'fmnl2a', 'tulp4b', 'si:ch211-103b1.2', 'r3hdm1', 'prr11', 'F1RER8', 'whrna', 'raph1b', 'nhsl1b']"
SSSSSSSSSG,9,0.000331,"['tcf7l1b', 'rnps1', 'arsb', 'otx1a', 'pnn', 'lrfn2b', 'golga7bb', 'mex3b', 'cbx2']"
SSSSSSSSSD,9,0.000331,"['nipblb', 'jmjd6', 'fam133', 'brd2a', 'prr13', 'mllt1b', 'rnf219', 'cwc22', 'E7F5W2']"
SSSSSSSSSP,9,0.000331,"['agbl5', 'klf12b', 'wnk1a', 'arl6ip4', 'phf8', 'rnf126', 'rnf217', 'vgll4l', 'greb1l']"
DEDDDDDDDD,9,0.000331,"['ecd', 'ift46', 'chd7', 'zranb2', 'si:ch211-276c2.4', 'si:ch211-288g17.3', 'washc2c', 'rangap1a', 'rbm28']"
AAAAAAAAAS,9,0.000331,"['bptf', 'tle2a', 'si:ch211-130m23.5', 'dmrta2', 'maco1b', 'pbx1b', 'sall2', 'usp25', 'magi1a']"
SSSSSSSSGS,9,0.000331,"['rsrp1', 'E7FFY5', 'rnps1', 'golga7bb', 'pnn', 'lrfn2b', 'nr1d1', 'otx1a', 'cbx2']"
LQQQQQQQQQ,9,0.000331,"['clocka', 'smg7', 'tnika', 'znf319b', 'si:dkey-217f16.6', 'paxip1', 'usf3', 'ep400', 'ep300a']"
SGGGGGGGGG,9,0.000331,"['znf384l', 'hnrnpa1a', 'DKEY-113G17.1-002', 'htr1d', 'tjp1b', 'wipf2a', 'sipa1l1', 'kat6a', 'vaspa']"
GKSATGNTIL,9,0.000331,"['E7EYK5', 'si:ch1073-322p19.1', 'zgc:172131', 'A0A0G2L2K9', 'si:ch1073-181h11.2', 'zgc:153642', 'F1QNH0', 'si:ch1073-185p12.2', 'A0A0G2KDR5']"
LPGPPGPPGP,9,0.000331,"['col17a1a', 'ccbe1', 'si:ch211-160j14.3', 'emid1', 'si:ch1073-184j22.1', 'col1a1a', 'col15a1b', 'c1qtnf12', 'prp']"
HLRSHTGEKP,9,0.000331,"['si:ch211-266d19.4', 'si:dkey-210j14.3', 'glis3', 'glis1b', 'si:ch211-155e24.3', 'si:ch211-119o8.6', 'si:dkey-4c15.12', 'gli2a', 'zgc:171422']"
PGPPGPQGPP,9,0.000331,"['col17a1a', 'eda', 'c1ql4a', 'col7a1', 'gldn', 'si:ch1073-184j22.1', 'otol1a', 'col15a1b', 'c1qtnf12']"
ACQGDSGGPL,9,0.000331,"['LOC558805', 'zgc:55888', 'tmprss4b', 'ovch2', 'zmp:0000001114', 'tmprss5', 'A0A1L1QZD1', 'plaua', 'zgc:112285']"
KKKKKKKKKK,9,0.000331,"['usp8', 'nipblb', 'metap2b', 'mphosph8', 'cubn', 'zgc:162025', 'raf1b', 'nkap', 'coil']"
EEEEEEEEEA,9,0.000331,"['bptf', 'rpgra', 'hmga2', 'LOC564731', 'si:ch211-211k8.4', 'rnf34b', 'vps13a', 'si:dkey-72l17.5', 'si:ch211-153f2.7']"
HHHHHHHHHQ,9,0.000331,"['tcf4', 'mecp2', 'pou4f2', 'foxf2b', 'iqsec2b', 'foxi1', 'mafa', 'olig3', 'trir']"
SRSSSSSSSS,9,0.000331,"['nipblb', 'rnps1', 'pnisr', 'ppef1', 'wipf2b', 'taok2b', 'pnn', 'vtg7', 'pdzk1']"
EEEDEEEEEE,9,0.000331,"['tprb', 'calr', 'myca', 'prdm4', 'jarid2a', 'hecw1b', 'si:dkeyp-68b7.12', 'bcl11ab', 'zgc:171740']"
SEEEEEEEEE,9,0.000331,"['morc2', 'tprb', 'dzip1', 'xpc', 'paf1', 'hmga1a', 'setd1ba', 'slc6a15', 'LOC100535713']"
AGGGGGGGGG,9,0.000331,"['derl1', 'u2af1', 'otud5a', 'rarab', 'pou4f1', 'alyref', 'ist1', 'eif4h', 'itpr1b']"
LDNQTGSLTI,8,0.000295,"['zgc:171497', 'LOC103909545', 'si:dkey-19a16.4', 'F1QW41', 'si:dkey-19a16.1', 'si:rp71-36a1.5', 'si:ch73-27e22.2', 'LOC103909535']"
SSSSSSSSPS,8,0.000295,"['agbl5', 'klf12b', 'wnk1a', 'arl6ip4', 'rgl3a', 'hdx', 'A0A0G2L4Z1', 'rnf126']"
LEEEEEEEEE,8,0.000295,"['trdn', 'ryr1a', 'pknox1.2', 'piezo2', 'ripor1', 'si:ch211-211k8.4', 'ust', 'si:ch211-258f14.2']"
SSASSSSSSS,8,0.000295,"['mphosph8', 'zbtb1', 'fmn2b', 'glcci1a', 'taok2a', 'prr12a', 'trip12', 'greb1l']"
SSSSSSSSDS,8,0.000295,"['ndufv3', 'nipblb', 'jmjd6', 'fam133', 'mllt1b', 'prr13', 'brdt', 'cwc22']"
HMRIHTGERP,8,0.000295,"['zgc:174703', 'si:dkeyp-2e4.6', 'znf628', 'si:ch73-299h12.4', 'znf1181', 'zgc:165515', 'si:dkey-30k6.5', 'LOC101884528']"
HLRTHTGEKP,8,0.000295,"['si:dkey-20i20.8', 'znf217', 'klf5b', 'klf11a', 'klf1', 'zgc:110821', 'prdm9', 'zbtb24']"
RTHTGEKPYK,8,0.000295,"['si:dkey-20i20.8', 'zgc:110249', 'znf217', 'klf5b', 'klf12a', 'znf513b', 'znf76', 'si:ch211-255f4.5']"
GLPGPPGPPG,8,0.000295,"['col17a1a', 'col12a1a', 'col7a1', 'emid1', 'A0A0G2KMC2', 'si:ch1073-184j22.1', 'col27a1b', 'col15a1b']"
LRIHTGEKPY,8,0.000295,"['si:dkey-20i20.8', 'znf536', 'znf513a', 'zbtb39', 'si:dkey-154p10.3', 'bcl6b', 'znf1012', 'si:ch1073-224n8.1']"
LADEMGLGKT,8,0.000295,"['srcap', 'hells', 'rad54b', 'chd8', 'smarcad1b', 'shprh', 'smarca5', 'LOC100535713']"
HRDLKPENLL,8,0.000295,"['brsk2b', 'camk1gb', 'melk', 'mapkapk2b', 'rps6ka5', 'mapkapk5', 'pskh1', 'camk2d2']"
SRSRSRSRSR,8,0.000295,"['srsf2a', 'srsf1a', 'zranb2', 'cwc22', 'rbbp6', 'sfswap', 'cherp', 'si:ch211-212k18.4']"
DDDEEEEEEE,8,0.000295,"['tsr1', 'tsr3', 'nt5c2b', 'zgc:113229', 'ip6k2a', 'trim63a', 'uso1', 'kat6a']"
EEEEEEEEES,8,0.000295,"['rpgra', 'dzip1', 'A0A1B2RW95', 'si:ch211-258f14.2', 'ercc6l', 'plekha6', 'brms1', 'rfx1a']"
LQIWDTAGQE,8,0.000295,"['rab9a', 'rab36', 'rab12', 'rab4b', 'rab44', 'zgc:112183', 'rasef', 'zgc:101559']"
CEGCKGFFRR,8,0.000295,"['vdrb', 'raraa', 'thrb', 'pparab', 'nr1h5', 'rorab', 'nr1d2a', 'nr1h3']"
EEEEEEEEDD,8,0.000295,"['ddx27', 'shcbp1', 'lmod2b', 'ust', 'E7F1W1', 'zgc:123010', 'senp3a', 'srpk2']"
WQNSIRHNLS,8,0.000295,"['foxj1a', 'foxk2', 'LOC100149117', 'foxg1b', 'foxd5', 'foxc1a', 'foxl1', 'foxi1']"
ILADEMGLGK,8,0.000295,"['srcap', 'hells', 'rad54b', 'chd8', 'smarcad1b', 'shprh', 'smarca5', 'LOC100535713']"
EEEEDEEEEE,8,0.000295,"['dlc1', 'myca', 'prdm4', 'clgn', 'A0A0G2KXJ0', 'bcl11ab', 'zgc:171740', 'srpk2']"
LPPPPPPPPP,8,0.000295,"['gbx2', 'scaf11', 'fmn1', 'si:dkey-85n7.6', 'zgc:77262', 'pxk', 'fhod3a', 'cap2']"
HQRIHTGEKP,8,0.000295,"['zgc:113343', 'LOC100148620', 'si:ch211-79k12.2', 'si:ch73-221f6.3', 'si:dkey-34m19.3', 'znf16l', 'si:dkey-182i3.9', 'prdm9']"
EEEEEDDDDD,8,0.000295,"['tprb', 'shcbp1', 'ip6k2a', 'si:ch73-221f6.4', 'hnrnpub', 'snapc5', 'setx', 'arhgap29a']"
THTGEKPYKC,8,0.000295,"['si:dkey-20i20.8', 'zgc:110249', 'znf217', 'klf5b', 'klf12a', 'znf513b', 'znf76', 'si:ch211-255f4.5']"
QNSIRHNLSL,8,0.000295,"['foxj1a', 'foxk2', 'LOC100149117', 'foxg1b', 'foxd5', 'foxc1a', 'foxl1', 'foxi1']"
PPSSSSSSSS,8,0.000295,"['irs4a', 'tcf7l1b', 'taok2a', 'si:ch211-114m9.1', 'phf8', 'sobpb', 'rad23b', 'si:dkey-16p21.7']"
SAAAAAAAAA,7,0.000258,"['siah2l', 'pbx3b', 'ptbp2a', 'evx2', 'tle2a', 'elmsan1b', 'mbnl1']"
GKSSSGNTIL,7,0.000258,"['LOC108179126', 'zgc:171452', 'LOC799889', 'si:dkey-30g5.1', 'si:dkey-88j15.3', 'si:dkey-125e8.4', 'si:ch73-308m11.1']"
KEEEEEEEEE,7,0.000258,"['neflb', 'gabpb1', 'zbtb7b', 'A0A1B2RW95', 'im:7151449', 'vps13a', 'rfx1a']"
LRSHTGEKPY,7,0.000258,"['si:ch211-266d19.4', 'si:dkey-210j14.3', 'glis3', 'glis1b', 'si:dkey-4c15.12', 'gli2a', 'zgc:171422']"
HRDIKPENLL,7,0.000258,"['A0A0G2KX11', 'cdkl5', 'pimr128', 'dclk3', 'aurkb', 'dclk2a', 'mapkapk3']"
VCVCVCVCVF,7,0.000258,"['A0A0G2KXJ0', 'A0A0G2L9J9', 'fanca', 'A0A0G2KUI9', 'igfbp1b', 'klhdc2', 'A0A0G2KGN6']"
VCVCVCVCVS,7,0.000258,"['tbc1d8', 'A0A0G2KKD5', 'wwp1', 'A0A0G2L9J9', 'A0A0G2KXX0', 'A0A0R4IF68', 'A0A0G2KQ24']"
RIHTGEKPYK,7,0.000258,"['znf1004', 'si:dkey-1b17.6', 'znf236', 'A0A0G2L1Z5', 'si:dkey-34m19.3', 'si:dkey-154p10.3', 'znf513a']"
IWFQNRRMKW,7,0.000258,"['hoxa5a', 'hoxa4a', 'dbx1a', 'hoxb8a', 'mnx2a', 'pdx1', 'hoxc6b']"
MRIHTGEKPY,7,0.000258,"['znf143', 'zgc:174224', 'si:ch73-144d13.4', 'znf408', 'F1R2M3', 'znf990', 'zgc:173693']"
VYKVETIGDA,7,0.000258,"['gucy2c', 'gucy2f', 'gucy2g', 'npr1b', 'npr1a', 'gucy1a1', 'gucy1b2']"
IWDTAGQERF,7,0.000258,"['rab44', 'zgc:154045', 'zgc:112183', 'zgc:91909', 'rasef', 'rab18b', 'zgc:101559']"
SDVWSFGVLL,7,0.000258,"['zgc:194282', 'fgfr1a', 'ret', 'map3k10', 'tie1', 'lck', 'kdr']"
AYGQTGSGKT,7,0.000258,"['kif25', 'kif7', 'kif4', 'kif16bb', 'stard9', 'si:ch211-257p13.3', 'kif21a']"
PPPPPPPPPA,7,0.000258,"['apbb1ip', 'fhdc4', 'fmnl3', 'tjp2b', 'zgc:77262', 'zfhx4', 'mtfr2']"
ISGESGAGKT,7,0.000258,"['myo3b', 'myo1eb', 'myo7aa', 'LOC556989', 'myo10l1', 'myo1c', 'myo1cb']"
KSSSGNTILG,7,0.000258,"['LOC108179126', 'zgc:171452', 'LOC799889', 'si:dkey-30g5.1', 'si:dkey-88j15.3', 'si:dkey-125e8.4', 'si:ch73-308m11.1']"
YTHTHTHTHT,7,0.000258,"['A0A0G2KQE3', 'A0A0G2KHE5', 'rgs9a', 'A0A0G2KY41', 'myocd', 'tbc1d13', 'E7F665']"
NTHTHTHTHT,7,0.000258,"['adcy7', 'A0A0G2KYW4', 'ddx47', 'A0A0G2L947', 'dync1h1', 'A0A0G2LAZ5', 'A0A0G2L5P0']"
DDDDEEEEEE,7,0.000258,"['rad21b', 'bms1', 'tsr1', 'tsr3', 'nop2', 'zgc:113229', 'ip6k2a']"
IHTGEKPYTC,7,0.000258,"['zgc:101130', 'si:ch73-144d13.4', 'drl', 'si:ch211-255f4.6', 'prdm9', 'znf990', 'A0A0G2KQY5']"
PPPPPLPPPP,7,0.000258,"['si:dkey-233h2.2', 'tulp4b', 'r3hdm1', 'zgc:77262', 'dvl2', 'palld', 'si:ch211-266o15.1']"
XXXXXXXXXH,7,0.000258,"['wu:fe17e08', 'cytb', 'A0A0G2KXH3', 'A0A0G2KQA6', 'A0A0G2KZD9', 'cltcl1', 'A0A0G2KET2']"
YKVETIGDAY,7,0.000258,"['gucy2c', 'gucy2f', 'gucy2g', 'npr1b', 'npr1a', 'gucy1a1', 'gucy1b2']"
EARVQVWFQN,7,0.000258,"['si:dkey-43p13.5', 'alx4b', 'arx', 'alx1', 'drgx', 'phox2bb', 'shox2']"
QIWDTAGQER,7,0.000258,"['rab12', 'rab4b', 'rab44', 'zgc:112183', 'zgc:91909', 'rasef', 'zgc:101559']"
KSATGNTILG,7,0.000258,"['si:ch1073-322p19.1', 'zgc:172091', 'si:ch1073-181h11.2', 'zgc:153642', 'F1QNH0', 'si:ch1073-185p12.2', 'A0A0G2KDR5']"
HQQQQQQQQQ,7,0.000258,"['trim33', 'cry1ba', 'crebbpa', 'paxip1', 'prrc2c', 'jmjd1cb', 'baz2a']"
EEEEEEDEEE,7,0.000258,"['daxx', 'calr', 'prdm4', 'A0A0G2KXJ0', 'bbx', 'bcl11ab', 'mak16']"
HERIHTGEKP,7,0.000258,"['znf1004', 'si:dkey-20i20.2', 'LOC101883151', 'zgc:113372', 'si:ch73-221f6.3', 'si:dkey-34m19.3', 'si:dkey-182i3.10']"
SSSSLSSSSS,7,0.000258,"['phactr1', 'F1RA94', 'si:dkey-23a13.2', 'si:ch211-127n13.2', 'cnot3b', 'wu:fi04e12', 'si:ch211-276i12.4']"
DEMGLGKTIQ,7,0.000258,"['srcap', 'hells', 'zranb3', 'chd8', 'ercc6', 'smarcad1b', 'LOC100535713']"
MRTHTGEKPF,7,0.000258,"['si:ch211-120c15.3', 'znf536', 'zbtb7b', 'znf711', 'egr4', 'si:cabz01071907.1', 'prdm5']"
HTHTHTHTHI,7,0.000258,"['si:dkey-28i19.3', 'A0A286YAW8', 'A0A0G2KIZ3', 'plxnb1a', 'A0A0G2KNQ8', 'F1QTH1', 'E7F0W2']"
DDDDDDEEEE,7,0.000258,"['bms1', 'ncbp3', 'tsr3', 'zgc:113229', 'si:dkeyp-75h12.7', 'arhgap29a', 'si:ch73-185c24.2']"
GTPYWMAPEV,7,0.000258,"['tnikb', 'map4k6', 'stk10', 'taok2b', 'map3k19', 'pak7', 'pak1']"
IHRDLAARNV,7,0.000258,"['fgfr1a', 'ptk6a', 'jak1', 'tie2', 'tie1', 'flt3', 'csf1rb']"
THTHTHTHTR,7,0.000258,"['E7FDQ7', 'atxn3', 'E7F5C1', 'si:cabz01080295.1', 'zmp:0000000527', 'myocd', 'A0A0G2L1P5']"
THTHTHTHTQ,7,0.000258,"['adcy7', 'A0A0G2KYW4', 'fdx1l', 'fanca', 'A0A0G2LAZ5', 'A0A0G2KJY4', 'trip10b']"
PPGPPGPQGP,7,0.000258,"['eda', 'col18a1a', 'gldn', 'col9a2', 'si:ch1073-184j22.1', 'c1ql4a', 'c1qtnf12']"
QQQLQQQQQQ,7,0.000258,"['clocka', 'gigyf2', 'znf865', 'zfhx3', 'stox2a', 'ep400', 'grid2ipa']"
FAYGQTGSGK,7,0.000258,"['kif14', 'kif16bb', 'stard9', 'kif17', 'si:ch211-257p13.3', 'kif13bb', 'kif21a']"
WFQNRRMKWK,7,0.000258,"['hoxa5a', 'hoxa4a', 'hoxb8a', 'mnx2a', 'pdx1', 'hoxc6b', 'meox1']"
EEEEEDEEEE,7,0.000258,"['LOC101886435', 'calr', 'wbp11', 'prdm4', 'A0A0G2KXJ0', 'bcl11ab', 'srpk2']"
QVKVWFQNRR,7,0.000258,"['nkx6.3', 'vax2', 'emx1', 'hoxa2b', 'hlx1', 'noto', 'meox1']"
QQLQQQQQQQ,7,0.000258,"['clocka', 'zgc:103670', 'znf865', 'gigyf1a', 'ep400', 'med15', 'grid2ipa']"
VHCSAGVGRT,7,0.000258,"['ptpreb', 'ptpn21', 'ptprjb.2', 'ptprf', 'ptprc', 'ptprb', 'ptprz1a']"
SVMEGDSVTL,7,0.000258,"['si:dkey-19a16.12', 'LOC100005456', 'LOC108181196', 'F1R900', 'si:ch73-27e22.6', 'si:ch73-44m9.1', 'si:ch73-256j6.6']"
SSSSTSSSSS,7,0.000258,"['naf1', 'asxl1', 'tnrc18', 'pou6f2', 'ccnf', 'grin2da', 'tiam1a']"
HCSAGVGRTG,7,0.000258,"['ptpreb', 'ptpn21', 'ptprjb.2', 'ptprf', 'ptprc', 'ptprb', 'ptprz1a']"
SSRSSSSSSS,7,0.000258,"['nipblb', 'rnps1', 'pnisr', 'wipf2b', 'taok2b', 'vtg2', 'vtg7']"
PGPPGPPGPQ,7,0.000258,"['eda', 'col18a1a', 'gldn', 'col9a2', 'si:ch1073-184j22.1', 'col6a1', 'c1qtnf12']"
YTKSSHLKAH,7,0.000258,"['klf5l', 'klf15', 'klf12a', 'klf4', 'klf2b', 'klf1', 'klf6a']"
QRIHTGEKPY,7,0.000258,"['zgc:113343', 'LOC100148620', 'si:ch211-79k12.2', 'si:ch73-221f6.3', 'si:dkey-34m19.3', 'si:dkey-182i3.9', 'prdm9']"
HIRTHTGEKP,7,0.000258,"['znf1048', 'zbtb7a', 'mtf1', 'znf143a', 'egr1', 'znf648', 'snai3']"
IHTGEKPYKC,7,0.000258,"['znf1004', 'znf1169', 'znf236', 'A0A0G2L1Z5', 'si:dkey-34m19.3', 'si:dkey-154p10.3', 'znf513a']"
RERERERERD,7,0.000258,"['rereb', 'ik', 'si:ch211-255p10.4', 'bcl11aa', 'zc3h18', 'ncor2', 'luc7l3']"
RHNLSLNKCF,7,0.000258,"['foxj2', 'foxj3', 'foxg1b', 'foxj1a', 'foxn4', 'foxn1', 'foxn3']"
VWFQNRRAKW,7,0.000258,"['arx', 'alx1', 'drgx', 'uncx', 'vsx1', 'otpb', 'rx2']"
DTAGQERFRS,7,0.000258,"['rab9a', 'rab4b', 'rab6a', 'LOC101885697', 'rasef', 'rab42b', 'rabl2']"
ARVQVWFQNR,7,0.000258,"['si:dkey-43p13.5', 'alx4b', 'arx', 'alx1', 'drgx', 'phox2bb', 'shox2']"
WFQNRRAKWR,7,0.000258,"['hhex', 'arx', 'alx1', 'drgx', 'uncx', 'vsx1', 'rx2']"
DEEEEEEEED,7,0.000258,"['neurod1', 'kif1b', 'ap3b1a', 'kat6a', 'bcl11ab', 'lyn', 'srpk2']"
DSSSSSSSSS,7,0.000258,"['jmjd6', 'dnajb6a', 'brd2a', 'vapa', 'zgc:158376', 'golga7bb', 'cwc22']"
SSPSSSSSSS,6,0.000221,"['E7FFY2', 'dcaf5', 'twist3', 'ehbp1', 'A0A0G2L4Z1', 'mllt1b']"
HTGEKPFKCP,6,0.000221,"['helios', 'znf143', 'znf319a', 'znf536', 'si:dkey-20i20.7', 'si:dkey-40j3.3']"
KNNEAAKRSR,6,0.000221,"['nfil3-6', 'nfil3-4', 'nfil3-5', 'dbpb', 'si:dkey-172o19.2', 'nfil3']"
PPGPPGPPGP,6,0.000221,"['col18a1a', 'gldn', 'col9a2', 'emid1', 'col15a1b', 'c1qtnf12']"
SSSSSTSSSS,6,0.000221,"['asxl1', 'tnrc18', 'pou6f2', 'grin2da', 'baz2ba', 'tiam1a']"
DDDDDEEEEE,6,0.000221,"['bms1', 'tsr3', 'nop2', 'zgc:113229', 'ip6k2a', 'si:ch73-185c24.2']"
RSDELTRHFR,6,0.000221,"['klf5b', 'CH211-208M1.2-001', 'klf2b', 'klf1', 'klf6a', 'klf9']"
SSSSSLSSSS,6,0.000221,"['phactr1', 'F1RA94', 'si:dkey-23a13.2', 'si:ch211-127n13.2', 'cnot3b', 'wu:fi04e12']"
SSSSSSSLSS,6,0.000221,"['F1RA94', 'si:dkey-23a13.2', 'si:ch211-127n13.2', 'wu:fi04e12', 'vtg5', 'ing3']"
SVCVCVCVCV,6,0.000221,"['tfr2', 'si:dkey-7f3.9', 'A0A0G2KKD5', 'A0A0G2L9J9', 'A0A0G2KET2', 'ppp4r3b']"
RIHTGEKPYR,6,0.000221,"['znf536', 'znf142', 'LOC100148620', 'zgc:113343', 'znf408', 'A0A0G2L2G9']"
RIHTGEKPYQ,6,0.000221,"['si:dkey-20i20.8', 'zgc:113343', 'zgc:174224', 'CH211-208M1.2-001', 'A0A0G2KUW5', 'zbtb39']"
EGCKGFFRRS,6,0.000221,"['vdrb', 'raraa', 'nr1h5', 'rorab', 'nr1d2a', 'nr1h3']"
IKIWFQNRRM,6,0.000221,"['hoxa5a', 'hoxc3a', 'hoxa3a', 'pdx1', 'hoxc6b', 'hoxc4a']"
GGKDSCQGDS,6,0.000221,"['tmprss13b', 'zgc:92313', 'zgc:165423', 'prss1', 'si:dkey-16l2.17', 'zgc:100868']"
HAHTHTHTHT,6,0.000221,"['si:dkey-238g7.1', 'F1QTH1', 'plxnb1a', 'F1QV36', 'fanca', 'A0A0G2KN43']"
LTETQVKIWF,6,0.000221,"['hmx3', 'nkx1.2la', 'msxd', 'nkx3.2', 'mnx2a', 'nkx3-1']"
GKTGVGKSAT,6,0.000221,"['zgc:152658', 'si:ch1073-181h11.2', 'A0A0G2L901', 'zgc:153642', 'F1QNH0', 'si:ch73-308m11.1']"
YCLFGDTVNT,6,0.000221,"['npr2', 'gucy2c', 'gucy2f', 'gucy2g', 'npr1b', 'gucy1b2']"
VETIGDAYMV,6,0.000221,"['gucy2c', 'gucy2f', 'gucy2g', 'npr1b', 'npr1a', 'gucy1b2']"
QVKTWFQNRR,6,0.000221,"['vent', 'hhex', 'nanog', 'hmx2', 'LOC100008066', 'bsx']"
GPPGPAGPPG,6,0.000221,"['scara3', 'col18a1a', 'col5a2b', 'colq', 'F1R0N1', 'prp']"
PPAPPPPPPP,6,0.000221,"['abi3a', 'lmod2b', 'r3hdm1', 'nat6', 'raph1a', 'si:ch211-45c16.2']"
PPPPPPPPPM,6,0.000221,"['washc1', 'fmn1', 'si:ch211-51e12.7', 'cap2', 'jmy', 'zgc:66455']"
GDSGGPLVCE,6,0.000221,"['zmp:0000001088', 'si:dkey-78l4.5', 'zgc:171592', 'prss12', 'corin', 'plaua']"
AHTHTHTHTH,6,0.000221,"['si:dkey-238g7.1', 'F1QTH1', 'plxnb1a', 'F1QV36', 'fanca', 'A0A0G2KN43']"
SYTANLAAFL,6,0.000221,"['gria2a', 'si:ch211-264f5.8', 'grid2', 'grik1a', 'grin1b', 'grin1a']"
FGDTVNTASR,6,0.000221,"['npr2', 'gucy2c', 'gucy2f', 'gucy2g', 'si:dkey-37g12.1', 'gucy1b2']"
SSSSSSSSSE,6,0.000221,"['naf1', 'tcf19l', 'tnrc18', 'zgc:158376', 'talpid3', 'brd2a']"
HVRTHTGEKP,6,0.000221,"['si:dkey-20i20.8', 'znf143', 'mtf1', 'zgc:101130', 'znf989', 'znf513b']"
VHRDLAARNV,6,0.000221,"['ephb3', 'pdgfra', 'csk', 'syk', 'erbb4a', 'ret']"
CLFGDTVNTA,6,0.000221,"['npr2', 'gucy2c', 'gucy2f', 'gucy2g', 'si:dkey-37g12.1', 'gucy1b2']"
PPPPPPPPAP,6,0.000221,"['apbb1ip', 'fhdc4', 'fmn2b', 'fmnl3', 'rbm14a', 'zfhx4']"
SSSSSSSSTS,6,0.000221,"['sh3bp5b', 'irs4a', 'hipk1a', 'hspb7', 'tnksa', 'col5a1']"
HTGEKPYKCS,6,0.000221,"['si:dkey-20i20.8', 'si:dkey-40n15.1', 'zgc:113372', 'LOC101885450', 'klf7b', 'si:ch211-255f4.5']"
QLQQQQQQQQ,6,0.000221,"['clocka', 'smg7', 'gigyf1a', 'si:dkeyp-69b9.6', 'ep400', 'paxip1']"
KPPYSYIALI,6,0.000221,"['foxq1a', 'foxd5', 'foxe3', 'foxf1', 'foxc1a', 'foxl1']"
SSSSSSSSES,6,0.000221,"['myo18ab', 'brd2a', 'tnrc18', 'zgc:158376', 'talpid3', 'scpp1']"
HQRTHTGEKP,6,0.000221,"['zgc:174890', 'zgc:162971', 'klf6b', 'znf76', 'zbtb24', 'si:ch211-255f4.5']"
SDVWSYGVLL,6,0.000221,"['fgfr3', 'tie2', 'csf1rb', 'map3k21', 'matk', 'flt1']"
SSSSSSSSSR,6,0.000221,"['emsy', 'si:dkey-93h22.8', 'vapa', 'kdm6ba', 'si:dkey-16p21.7', 'si:ch211-22i13.2']"
MCVCVCVCVC,6,0.000221,"['tbc1d8', 'A0A0G2L083', 'A0A0G2LAG7', 'A0A0G2KJ38', 'A0A0G2L7V8', 'A0A0G2KE55']"
IHTGEKPYSC,6,0.000221,"['si:ch73-144d13.4', 'si:dkey-182i3.10', 'bcl6b', 'si:dkey-182i3.9', 'si:ch1073-224n8.1', 'zgc:171220']"
LQLWDTAGQE,6,0.000221,"['rab27b', 'si:ch211-247i17.1', 'rab6a', 'cracr2ab', 'rab42a', 'rab34a']"
ITMNPGYAGR,6,0.000221,"['dnah2', 'dnah3', 'dnah1', 'dnah11', 'si:dkeyp-86b9.1', 'dync1h1']"
YGPPGTGKTL,6,0.000221,"['A0A0G2KCK6', 'pex6', 'atad3', 'atad2', 'vcp', 'psmc5']"
GGGGGGGGGM,6,0.000221,"['strn3', 'dnajb6a', 'supt5h', 'dbpa', 'hnrnpm', 'eif4h']"
RQVKIWFQNR,6,0.000221,"['cdx1b', 'hoxa4a', 'hoxd9a', 'hoxb8a', 'hoxd11a', 'hoxd10a']"
QLWDTAGQER,6,0.000221,"['cracr2ab', 'rab33ba', 'si:ch211-247i17.1', 'rab6a', 'A0A0G2KF88', 'rab34a']"
DVYKVETIGD,6,0.000221,"['gucy2c', 'gucy2f', 'gucy2g', 'npr1b', 'npr1a', 'gucy1a1']"
CVCVCVCVCL,6,0.000221,"['tfr2', 'dlg4a', 'A0A0G2KXH3', 'A0A0G2LAG7', 'A0A0G2KV14', 'si:zfos-932h1.2']"
IHTGEKPYRC,6,0.000221,"['znf536', 'znf142', 'LOC100148620', 'LOC100330167', 'zgc:113343', 'znf408']"
LFGDTVNTAS,6,0.000221,"['npr2', 'gucy2c', 'gucy2f', 'gucy2g', 'si:dkey-37g12.1', 'gucy1b2']"
HSSSSSSSSS,6,0.000221,"['tshz3b', 'arsb', 'fam133', 'tnrc18', 'mark4a', 'vgll4l']"
SSGSSSSSSS,6,0.000221,"['bahcc1a', 'nfil3-2', 'cnot3a', 'col5a1', 'pnn', 'cbx2']"
IHTGEKPYQC,6,0.000221,"['si:dkey-20i20.8', 'zgc:113343', 'znf1155', 'CH211-208M1.2-001', 'A0A0G2KUW5', 'zbtb39']"
NDNSSRFGKY,6,0.000221,"['myo3b', 'myo1c', 'myo7aa', 'LOC556989', 'myo15aa', 'myo5c']"
DRDRDRDRDR,6,0.000221,"['dhx8', 'cacna1ab', 'prrc2c', 'prpf38b', 'LOC101885998', 'sfswap']"
LWDTAGQERF,6,0.000221,"['rab33ba', 'si:ch211-247i17.1', 'rab6a', 'A0A0G2KF88', 'rab34a', 'LOC100330257']"
HTGERPYTCS,6,0.000221,"['si:dkey-262g12.14', 'znf1170', 'LOC100332847', 'si:ch211-79k12.2', 'si:ch211-284e13.5', 'si:dkeyp-113d7.1']"
SSDSSSSSSS,6,0.000221,"['jmjd6', 'asxl1', 'fam133', 'brd2a', 'ttc14', 'cwc22']"
IHTGERPYTC,6,0.000221,"['zgc:173705', 'znf1170', 'si:ch211-79k12.2', 'si:ch211-284e13.5', 'drl', 'si:dkeyp-113d7.1']"
YIYIYIYIYI,6,0.000221,"['F1QTH1', 'A0A0G2KIZ3', 'pald1a', 'A0A0G2KSU2', 'A0A0G2L2L7', 'F1R5N5']"
SGESGAGKTE,6,0.000221,"['myo3b', 'myo1c', 'myo7aa', 'LOC556989', 'myo10l1', 'myo6b']"
SPPPPPPPPP,6,0.000221,"['jmy', 'tulp4b', 'virma', 'prr11', 'raph1b', 'nhsl1b']"
MPRYCLFGDT,6,0.000221,"['npr2', 'gucy2c', 'gucy2f', 'gucy2g', 'npr1b', 'gucy1b2']"
ADEMGLGKTI,6,0.000221,"['srcap', 'hells', 'zranb3', 'chd8', 'smarcad1b', 'LOC100535713']"
GPPGLPGPPG,6,0.000221,"['col17a1a', 'col27a1a', 'F1R0N1', 'c1ql3b', 'col15a1b', 'si:dkey-61l1.4']"
HTGERPYKCS,6,0.000221,"['LOC101883087', 'zgc:174890', 'zgc:113518', 'zgc:162948', 'znf236', 'si:ch211-255f4.6']"
EEEEEEDDDD,6,0.000221,"['tprb', 'shcbp1', 'nop2', 'ip6k2a', 'si:ch73-221f6.4', 'snapc5']"
QQQHQQQQQQ,6,0.000221,"['clocka', 'hlfb', 'prrc2c', 'cry1ba', 'usf3', 'prr12a']"
HIRSHTGERP,6,0.000221,"['si:cabz01054394.6', 'hivep2a', 'prdm5', 'hivep3b', 'hivep1', 'ctcf']"
GWQNSIRHNL,6,0.000221,"['foxk2', 'LOC100149117', 'foxg1b', 'foxc1a', 'foxl1', 'foxi1']"
NSVRHNLSLN,6,0.000221,"['foxq2', 'foxq1a', 'foxf1', 'foxn4', 'foxn1', 'foxn3']"
EGDSVTLHTG,6,0.000221,"['si:dkey-19a16.4', 'si:dkey-19a16.16', 'si:ch211-213a13.1', 'LOC108181196', 'si:ch73-27e22.6', 'si:ch73-213k20.5']"
TETQVKIWFQ,6,0.000221,"['hmx3', 'nkx1.2la', 'msxd', 'nkx3.2', 'mnx2a', 'nkx3-1']"
LTEARVQVWF,6,0.000221,"['pax7a', 'alx4b', 'arx', 'alx1', 'drgx', 'phox2bb']"
KDSCQGDSGG,6,0.000221,"['tmprss13b', 'zgc:92313', 'zgc:165423', 'prss1', 'si:dkey-16l2.17', 'zgc:100868']"
HRDLAARNIL,6,0.000221,"['kita', 'zgc:194282', 'tnk2a', 'epha3', 'jak3', 'kdr']"
MEGDSVTLHT,6,0.000221,"['LOC100005456', 'si:dkey-19a16.4', 'LOC108181196', 'zmp:0000000652', 'F1R900', 'zgc:171699']"
FITMNPGYAG,6,0.000221,"['dnah2', 'dnah3', 'dnah1', 'dnah11', 'si:dkeyp-86b9.1', 'dync1h1']"
APAPPPPPPP,6,0.000221,"['fmnl2a', 'shtn1', 'baiap2l2a', 'zfhx3', 'iqsec2a', 'raph1b']"
DVWSYGVLLW,6,0.000221,"['fgfr3', 'tie2', 'csf1rb', 'map3k21', 'matk', 'flt1']"
VHTGEKPYRC,6,0.000221,"['zgc:174890', 'bcl6ab', 'wu:fc30c06', 'znf407', 'si:dkey-182i3.8', 'drl']"
SSSSSSSSLS,6,0.000221,"['F1RA94', 'si:dkey-23a13.2', 'si:ch211-127n13.2', 'nploc4', 'vtg5', 'ing3']"
ERIHTGEKPY,6,0.000221,"['znf1004', 'si:dkey-20i20.2', 'LOC101883151', 'zgc:113372', 'si:ch73-221f6.3', 'si:dkey-34m19.3']"
HHHHHHHHHP,6,0.000221,"['kcnh6b', 'alx3', 'prrc2a', 'rnf38', 'maf', 'onecut1']"
EEEEDDDDDD,6,0.000221,"['zgc:174890', 'hnrnpub', 'shcbp1', 'tsr3', 'setx', 'arhgap29a']"
DDDDDDDEEE,6,0.000221,"['casz1', 'ncbp3', 'zgc:113229', 'si:dkeyp-75h12.7', 'mybbp1a', 'klhdc2']"
RLVITPLTDR,6,0.000221,"['dnah2', 'dnah3', 'dnah1', 'dnah11', 'dnah5l', 'si:dkeyp-86b9.1']"
GDTVNTASRM,6,0.000221,"['npr2', 'gucy2c', 'gucy2f', 'gucy2g', 'si:dkey-37g12.1', 'gucy1b2']"
KVETIGDAYM,6,0.000221,"['gucy2c', 'gucy2f', 'gucy2g', 'npr1b', 'npr1a', 'gucy1b2']"
LLGKTGVGKS,6,0.000221,"['si:ch1073-181h11.2', 'si:dkey-30g5.1', 'A0A0G2L901', 'si:dkey-73p2.2', 'si:dkey-88j15.3', 'si:ch73-308m11.1']"
MAFIKEESED,6,0.000221,"['zgc:174703', 'si:dkey-7i4.15', 'si:dkey-57c22.1', 'si:dkey-172k15.5', 'znf1121', 'znf1033']"
LKLDHQTGSL,6,0.000221,"['sc:d191', 'LOC103909548', 'LOC103909545', 'fgfr1bl', 'si:ch211-274k16.2', 'LOC100329818']"
GSGGGGGGGG,6,0.000221,"['hnrnpa1a', 'htr1d', 'zzef1', 'sipa1l1', 'kat6a', 'purba']"
VWSYGVLLWE,6,0.000221,"['fgfr3', 'tie2', 'csf1rb', 'map3k21', 'matk', 'flt1']"
IYIYIYIYIY,6,0.000221,"['F1QTH1', 'A0A0G2KIZ3', 'pald1a', 'A0A0G2KSU2', 'A0A0G2L2L7', 'F1R5N5']"
GKDSCQGDSG,6,0.000221,"['tmprss13b', 'zgc:92313', 'zgc:165423', 'prss1', 'si:dkey-16l2.17', 'zgc:100868']"
RYCLFGDTVN,6,0.000221,"['npr2', 'gucy2c', 'gucy2f', 'gucy2g', 'npr1b', 'gucy1b2']"
EDEDDDDDDD,6,0.000221,"['si:ch211-248l17.3', 'ecd', 'ift46', 'si:ch211-276c2.4', 'si:ch211-288g17.3', 'rbm28']"
GILADEMGLG,6,0.000221,"['srcap', 'hells', 'smarcad1b', 'shprh', 'smarca5', 'LOC100535713']"
PRYCLFGDTV,6,0.000221,"['npr2', 'gucy2c', 'gucy2f', 'gucy2g', 'npr1b', 'gucy1b2']"
PPPPPPPPPS,6,0.000221,"['shtn1', 'trim33', 'fmnl1a', 'ctbp2l', 'wasb', 'vaspa']"
SATGNTILGR,5,0.000184,"['F1QNH0', 'LOC562362', 'si:ch1073-181h11.2', 'si:ch1073-322p19.1', 'A0A0G2KDR5']"
GPQGPPGPPG,5,0.000184,"['si:ch1073-184j22.1', 'col5a1', 'col18a1a', 'col7a1', 'col10a1b']"
IHTGEKPYHC,5,0.000184,"['zgc:113090', 'bcl6ab', 'A0A0G2KZE6', 'zgc:174224', 'si:dkey-20i20.8']"
ETIGDAYMVV,5,0.000184,"['npr1b', 'npr1a', 'si:ch73-139e5.4', 'gucy1b2', 'si:ch211-215j19.12']"
RRSRSRERRR,5,0.000184,"['scaf4a', 'prpf38b', 'snrnp70', 'acin1b', 'ddx46']"
VKLIDFGCGD,5,0.000184,"['pimr106', 'pimr161', 'pimr197', 'pimr194', 'pimr131']"
KMPRYCLFGD,5,0.000184,"['npr1b', 'npr2', 'gucy2c', 'gucy2d', 'gucy1b2']"
VTQRITKYPV,5,0.000184,"['arhgef28', 'arhgef1a', 'arhgef18b', 'si:ch211-272b8.6', 'si:dkey-187e18.1']"
RIHTGEKPYS,5,0.000184,"['si:dkey-182i3.9', 'bcl6b', 'zgc:171220', 'si:ch1073-224n8.1', 'si:ch73-144d13.4']"
TVNTASRMES,5,0.000184,"['gucy2c', 'si:dkey-37g12.1', 'gucy2f', 'gucy1b2', 'gucy2g']"
DEDDEEEEEE,5,0.000184,"['baz2ba', 'neurod1', 'mapk8ip2', 'znf652', 'trim16']"
VIDTPGLFDT,5,0.000184,"['A0A0G2L901', 'si:dkey-73p2.2', 'si:dkeyp-67a8.4', 'si:dkey-88j15.3', 'si:ch1073-181h11.2']"
EEEDDDDDDD,5,0.000184,"['chd4b', 'zgc:174890', 'setx', 'shcbp1', 'zgc:113229']"
RIKILGDCYY,5,0.000184,"['adcy3b', 'adcy7', 'adcy8', 'si:dkey-206f10.1', 'adcy1a']"
PGPAGPPGPP,5,0.000184,"['col15a1b', 'si:dkeyp-44a8.4', 'col12a1a', 'col5a3a', 'scara3']"
DVWSFGVLLW,5,0.000184,"['map3k10', 'fgfr1a', 'tie1', 'ret', 'kdr']"
FGGGGGGGGG,5,0.000184,"['wipf1b', 'srsf1a', 'hnrnpm', 'pygo2', 'dnajb6a']"
PPGTGKTLLA,5,0.000184,"['katna1', 'afg3l2', 'psmc5', 'yme1l1b', 'pex6']"
GPPGTGKTLL,5,0.000184,"['katna1', 'afg3l2', 'psmc5', 'yme1l1b', 'pex6']"
GAWGCFDEFN,5,0.000184,"['dnah2', 'si:dkeyp-86b9.1', 'dnah5l', 'dnah11', 'dync1h1']"
GRGGGGGGGG,5,0.000184,"['dhx57', 'prrc2a', 'ccdc9', 'hnrnpa1a', 'taf15']"
NEAAKRSREK,5,0.000184,"['nfil3-6', 'nfil3-4', 'nfil3-5', 'si:dkey-172o19.2', 'nfil3']"
SSSSSSSDSD,5,0.000184,"['ndufv3', 'nipblb', 'cactin', 'mllt1b', 'jmjd6']"
GPAGPPGPPG,5,0.000184,"['col15a1b', 'si:dkeyp-44a8.4', 'col12a1a', 'col5a3a', 'scara3']"
PPPPPPPPPQ,5,0.000184,"['virma', 'prr12a', 'fhdc1', 'znf628', 'zfhx3']"
PPPPLPPPPP,5,0.000184,"['si:dkey-233h2.2', 'palld', 'zgc:77262', 'tulp4b', 'si:ch211-266o15.1']"
REKERERERE,5,0.000184,"['gse1', 'prr12b', 'atn1', 'ncor1', 'luc7l3']"
GDSGGPLVCQ,5,0.000184,"['si:ch73-127m5.1', 'zgc:154142', 'zgc:112160', 'tmprss5', 'plat']"
SSSSSSTSSS,5,0.000184,"['asxl1', 'tnksa', 'LOC101885998', 'plce1', 'grin2da']"
WFANARRRLK,5,0.000184,"['irx4b', 'irx5a', 'mkxb', 'irx1a', 'irx2a']"
LDHQTGSLTI,5,0.000184,"['LOC103909548', 'E7F3K2', 'LOC103909545', 'si:ch73-213k20.5', 'F1R0F0']"
LTRHFRKHTG,5,0.000184,"['klf6a', 'klf2b', 'klf5b', 'klf1', 'CH211-208M1.2-001']"
ERDRDRDRDR,5,0.000184,"['prrc2c', 'rerea', 'sfswap', 'luc7l3', 'dhx15']"
EEDDDDDDDD,5,0.000184,"['setx', 'kat6a', 'zgc:174890', 'ncl', 'shcbp1']"
FARSDELTRH,5,0.000184,"['klf6a', 'klf12a', 'klf2b', 'klf1', 'klf5l']"
HTGEKPYQCS,5,0.000184,"['si:dkey-20i20.8', 'A0A0G2KUW5', 'zgc:113343', 'znf1155', 'si:ch211-266d19.4']"
TGVGKSATGN,5,0.000184,"['F1QNH0', 'A0A0G2L901', 'zgc:153642', 'zgc:152658', 'si:ch1073-181h11.2']"
CEGCKGFFKR,5,0.000184,"['nr4a2a', 'rxrga', 'nr2c1', 'nr6a1b', 'O42535']"
SVSVMEGDSV,5,0.000184,"['zgc:171887', 'si:dkey-19a16.12', 'LOC100005456', 'zgc:171686', 'zmp:0000001043']"
EREREKERER,5,0.000184,"['gse1', 'carmil2', 'prr12b', 'atn1', 'luc7l3']"
HQRIHTGERP,5,0.000184,"['znf1164', 'zgc:112998', 'si:ch211-284e13.5', 'si:ch1073-224n8.1', 'si:dkeyp-121d2.7']"
EEEEEEEEMD,5,0.000184,"['trdn', 'uqcrh', 'shank1', 'mynn', 'rad54l2']"
RERERERDRD,5,0.000184,"['dvl3b', 'bcl11aa', 'ik', 'si:ch211-255p10.4', 'luc7l3']"
HRHHHHHHHH,5,0.000184,"['per3', 'cacna1da', 'jhdm1db', 'rp1l1b', 'trir']"
RQIKIWFQNR,5,0.000184,"['hoxc6b', 'hoxa5a', 'hoxa3a', 'hoxc3a', 'hoxc4a']"
TQRITKYPVL,5,0.000184,"['arhgef28', 'arhgef1a', 'arhgef18b', 'si:ch211-272b8.6', 'si:dkey-187e18.1']"
RDRDRDRDRD,5,0.000184,"['prrc2c', 'dhx8', 'sfswap', 'LOC101885998', 'cacna1ab']"
HKRTHTGEKP,5,0.000184,"['znf1164', 'si:ch211-120c15.3', 'LOC103911361', 'ctcf', 'zic2b']"
LLYGPPGTGK,5,0.000184,"['vcp', 'A0A0G2KCK6', 'psmc5', 'katnal2', 'pex6']"
TRTHTHTHTH,5,0.000184,"['E7F7S0', 'F1QV36', 'A0A0G2KWR0', 'zmp:0000000527', 'E7F5C1']"
CVCVCVCVCA,5,0.000184,"['A0A0G2KWC8', 'gucy2c', 'A0A0G2KE70', 'A0A0G2LAG7', 'fanca']"
XXXXXXXXXV,5,0.000184,"['A0A0G2L6S2', 'A0A0R4IN73', 'lyl1', 'E7F1W1', 'A0A0G2KXJ0']"
EKKKKKKKKK,5,0.000184,"['eno3', 'nkap', 'nop56', 'LOC100535713', 'coil']"
GDSVTLHTGV,5,0.000184,"['si:ch211-213a13.1', 'LOC108181196', 'si:dkey-19a16.4', 'si:ch73-213k20.5', 'si:ch73-27e22.6']"
VMEGDSVTLH,5,0.000184,"['LOC100005456', 'LOC108181196', 'si:dkey-19a16.4', 'F1R900', 'si:ch73-27e22.6']"
RIHTGEKPYT,5,0.000184,"['zgc:174703', 'si:ch211-255f4.6', 'prdm9', 'znf990', 'A0A0G2KQY5']"
VLLGKTGVGK,5,0.000184,"['si:dkey-30g5.1', 'A0A0G2L901', 'si:dkey-175d9.2', 'si:dkey-88j15.3', 'si:ch73-308m11.1']"
KSDVWSFGVL,5,0.000184,"['syk', 'zgc:194282', 'tie1', 'txk', 'lck']"
VVHRDLKPEN,5,0.000184,"['pnck', 'prkaa1', 'camk2d1', 'rps6ka5', 'snrka']"
DDDDDDDDEE,5,0.000184,"['zfyve19', 'npm1b', 'zgc:113229', 'si:dkeyp-75h12.7', 'mybbp1a']"
SSSSSSSDSS,5,0.000184,"['brdt', 'fam133', 'LOC553421', 'cwc22', 'ttc14']"
SSSSSSPSSS,5,0.000184,"['arhgap31', 'agbl5', 'A0A0G2L4Z1', 'dcaf5', 'hdx']"
RIHTGERPYT,5,0.000184,"['zgc:174703', 'si:ch211-79k12.2', 'znf1170', 'si:ch211-284e13.5', 'si:dkeyp-113d7.1']"
CIHRDLAARN,5,0.000184,"['fgfr1a', 'fer', 'flt3', 'kdr', 'kita']"
SSSSSSSSSV,5,0.000184,"['zgc:163107', 'si:ch211-251j10.3', 'cdc14ab', 'zbtb1', 'znf827']"
QGDSGGPLAC,5,0.000184,"['tmprss13b', 'tmprss9', 'A0A1L1QZD1', 'zgc:92313', 'si:dkey-22n8.2']"
NLVDLAGSER,5,0.000184,"['si:dkey-86l18.8', 'kif14', 'stard9', 'si:ch211-257p13.3', 'kif3ca']"
RPMNAFMVWA,5,0.000184,"['sox18', 'sox9a', 'sox17', 'sox8a', 'sox5']"
RTHTGEKPYH,5,0.000184,"['si:dkey-20i20.8', 'zgc:110821', 'znf143a', 'klf2b', 'klf1']"
SRSRSRSRER,5,0.000184,"['rbm15b', 'rbm26', 'cactin', 'nkap', 'si:dkeyp-121d4.3']"
GAPPPPPPPP,5,0.000184,"['waslb', 'daam1a', 'apbb1ip', 'fmnl1a', 'diaph2']"
DTVNTASRME,5,0.000184,"['gucy2c', 'si:dkey-37g12.1', 'gucy2f', 'gucy1b2', 'gucy2g']"
FVHRDLAARN,5,0.000184,"['syk', 'igf1ra', 'mst1ra', 'ephb4b', 'csk']"
SSSPSSSSSS,5,0.000184,"['E7FFY2', 'pimr71', 'klf12a', 'A0A0G2L4Z1', 'dcaf5']"
DNQTGSLTIM,5,0.000184,"['si:ch73-27e22.2', 'LOC103909535', 'zgc:171497', 'si:rp71-36a1.5', 'si:ch211-209l18.4']"
GPPGPRGPPG,5,0.000184,"['prp', 'c1ql2', 'col27a1b', 'mpx', 'col28a1a']"
IMCHIPVFCW,5,0.000184,"['A8DY17', 'si:ch73-289h5.4', 'si:dkey-156m2.3', 'si:ch211-156p11.1', 'si:ch211-149a19.3']"
AAAAAAAAAV,5,0.000184,"['nedd1', 'chd3', 'evx2', 'specc1la', 'pou3f3b']"
GGGSGGGGGG,5,0.000184,"['htr1d', 'kat6a', 'purba', 'tox2', 'hnrnpa1a']"
SSSSSSSPSS,5,0.000184,"['en1b', 'wnk1a', 'agbl5', 'A0A0G2L4Z1', 'hdx']"
LGKTGVGKSA,5,0.000184,"['A0A0G2L901', 'si:ch1073-181h11.2', 'si:ch211-254c8.3', 'si:dkey-88j15.3', 'si:ch73-308m11.1']"
AWGCFDEFNR,5,0.000184,"['dnah2', 'si:dkeyp-86b9.1', 'dnah5l', 'dnah11', 'dync1h1']"
VATRWYRAPE,5,0.000184,"['mapk15', 'cdk20', 'cdkl1', 'mapk7', 'mapk14b']"
THTGEKPYRC,5,0.000184,"['gtf3aa', 'klf6b', 'znf143', 'si:dkey-1b17.5', 'si:ch211-120c15.3']"
LLVTQRITKY,5,0.000184,"['arhgef28', 'arhgef1a', 'arhgef18b', 'si:ch211-272b8.6', 'si:dkey-187e18.1']"
TEARVQVWFQ,5,0.000184,"['arx', 'alx1', 'drgx', 'phox2bb', 'alx4b']"
CQGDSGGPLA,5,0.000184,"['tmprss13b', 'tmprss9', 'A0A1L1QZD1', 'zgc:92313', 'si:dkey-22n8.2']"
CSAGVGRTGT,5,0.000184,"['ptpreb', 'ptprjb.2', 'ptprc', 'ptprz1a', 'ptprb']"
IYTHTHTHTH,5,0.000184,"['A0A0G2KFT1', 'A0A0G2KY41', 'A0A0G2KTX1', 'A0A0G2KHE5', 'rgs9a']"
SSSSSPSSSS,5,0.000184,"['agbl5', 'A0A0G2L4Z1', 'ppargc1a', 'dcaf5', 'hdx']"
IKEESEDVKI,5,0.000184,"['zgc:174703', 'znf1121', 'si:dkey-57c22.1', 'znf1033', 'im:7141269']"
IRSHTGERPY,5,0.000184,"['A0A0G2L8J5', 'prdm5', 'hivep3b', 'hivep2a', 'hivep1']"
QQQQQQQQQP,5,0.000184,"['znf609a', 'ep400', 'jmjd1cb', 'gigyf2', 'ccar1']"
LRIVLLGKTG,5,0.000184,"['LOC100334176', 'A0A0G2L901', 'LOC100148249', 'si:dkey-175d9.2', 'si:dkey-88j15.3']"
CGTPEYLAPE,5,0.000184,"['si:ch211-27e6.1', 'akt2l', 'prkacba', 'sgk1', 'camkv']"
LVITPLTDRC,5,0.000184,"['dnah2', 'dnah3', 'dnah1', 'dnah5l', 'dnah11']"
HMRVHTGEKP,5,0.000184,"['si:ch73-299h12.3', 'zgc:193790', 'drl', 'si:dkey-66i24.9', 'si:ch73-144d13.4']"
PSHLRELDLS,5,0.000184,"['si:dkey-159n16.2', 'si:ch211-76m11.5', 'si:ch211-114l13.3', 'si:dkey-23k10.3', 'si:ch211-156p11.1']"
TPYWMAPEVI,5,0.000184,"['pak7', 'map3k19', 'si:dkey-81j8.6', 'taok2b', 'tnikb']"
SDDDDDDDDD,5,0.000184,"['slc24a1', 'shq1', 'F1Q9X3', 'npm1b', 'dzip1']"
LDSQTGSLTI,5,0.000184,"['si:dkey-19a16.12', 'F1QRJ9', 'LOC100329818', 'F1QU07', 'fgfr1bl']"
SNPSHLRELD,5,0.000184,"['si:dkey-159n16.2', 'si:ch211-76m11.5', 'si:ch211-114l13.3', 'si:dkey-23k10.3', 'si:ch211-156p11.1']"
SSSRSSSSSS,5,0.000184,"['vtg2', 'vtg7', 'rnps1', 'pnisr', 'zranb2']"
DDEDDDDDDD,5,0.000184,"['si:dkeyp-68b7.12', 'rangap1a', 'chd7', 'rbm28', 'zranb2']"
VGKSATGNTI,5,0.000184,"['F1QNH0', 'A0A0G2L901', 'zgc:153642', 'zgc:152658', 'si:ch1073-181h11.2']"
GHLDLFLRFL,5,0.000184,"['si:ch211-149a19.3', 'si:ch73-289h5.4', 'si:ch211-214c20.1', 'si:ch211-156p11.1', 'si:ch211-214b16.4']"
MRTHTGEKPY,5,0.000184,"['LOC563292', 'si:dkey-20i20.8', 'klf17', 'zbtb7c', 'si:dkey-262g12.9']"
LRTHTGEKPY,5,0.000184,"['si:dkey-20i20.8', 'zgc:110821', 'znf217', 'klf5b', 'klf1']"
IQVWFQNRRA,5,0.000184,"['mixl1', 'sebox', 'vsx1', 'mxtx1', 'prop1']"
KNSIRHNLSL,5,0.000184,"['foxo1b', 'foxj2', 'foxj3', 'foxm1', 'foxo6a']"
DLRIVLLGKT,5,0.000184,"['A0A0G2L901', 'LOC103910189', 'F1QJF8', 'si:dkey-88j15.3', 'si:ch1073-181h11.2']"
FIKEESEDVK,5,0.000184,"['zgc:174703', 'znf1121', 'si:dkey-57c22.1', 'znf1033', 'im:7141269']"
QPPPPPPPPP,5,0.000184,"['raph1b', 'si:dkey-280e21.3', 'naf1', 'atn1', 'zfhx4']"
RTHTGEKPFS,5,0.000184,"['LOC108182424', 'egr2a', 'klf11a', 'snai2', 'egr4']"
RLKLDHQTGS,5,0.000184,"['sc:d191', 'LOC103909545', 'fgfr1bl', 'LOC100329818', 'LOC103909548']"
KKAYRKLALK,5,0.000184,"['dnajb12b', 'dnajc5gb', 'dnaja1', 'dnajb6b', 'dnajc21']"
YRDSKLTRLL,5,0.000184,"['kif21a', 'kif4', 'kif3ca', 'si:dkey-26i13.8', 'kif22']"
IHTGERPFSC,5,0.000184,"['znf1061', 'E7FFA3', 'si:dkey-182i3.9', 'si:dkey-66i24.8', 'zgc:165515']"
SSSSSRSSSS,5,0.000184,"['vtg2', 'vtg7', 'rnps1', 'pnisr', 'rtn4rl2a']"
CVCVCVCVSV,5,0.000184,"['A0A0R4INF8', 'A0A0G2KKD5', 'A0A0G2KQ24', 'rgrb', 'wwp1']"
CKGDSGGPLV,5,0.000184,"['zmp:0000001088', 'plaub', 'f7', 'plat', 'si:dkey-21e2.13']"
HTHTHTHTHA,5,0.000184,"['A0A0G2KUM5', 'F1QTH1', 'myocd', 'A0A0G2L436', 'dync1h1']"
NHMRIHTGEK,5,0.000184,"['LOC100536030', 'znf143', 'zgc:113119', 'zgc:174653', 'zgc:112977']"
FIHRDLAARN,5,0.000184,"['tie2', 'tie1', 'tnk2a', 'btk', 'abl2']"
PLPPPPPPPP,5,0.000184,"['pxk', 'palld', 'rnf44', 'si:dkey-85n7.6', 'espn']"
KTGVGKSATG,5,0.000184,"['F1QNH0', 'A0A0G2L901', 'zgc:153642', 'zgc:152658', 'si:ch1073-181h11.2']"
RGGGGGGGGG,5,0.000184,"['dhx57', 'supt5h', 'hnrnpa1a', 'taf15', 'dhx9']"
HRRTHTGEKP,5,0.000184,"['klf12a', 'znf410', 'si:ch1073-224n8.1', 'si:dkey-262g12.12', 'znf652']"
AAKRSREKRR,5,0.000184,"['nfil3-6', 'nfil3-4', 'nfil3-5', 'si:dkey-172o19.2', 'nfil3']"
THTGEKPFSC,5,0.000184,"['LOC108182424', 'egr2a', 'klf11a', 'snai2', 'egr4']"
LLPPPPPPPP,5,0.000184,"['daam1b', 'shroom1', 'cap2', 'taok2a', 'zgc:77262']"
ELTRHFRKHT,5,0.000184,"['klf6a', 'klf2b', 'klf5b', 'klf1', 'CH211-208M1.2-001']"
RNDNSSRFGK,5,0.000184,"['myhb', 'myo5c', 'myo7aa', 'myo1c', 'myo15ab']"
TEEEEEEEEE,5,0.000184,"['rpgra', 'plekha6', 'ercc6l', 'chaf1a', 'lmod2b']"
NLGNTCFMNS,5,0.000184,"['usp30', 'usp32', 'usp19', 'usp4', 'usp2b']"
ARSDELTRHF,5,0.000184,"['klf6a', 'klf2b', 'klf5b', 'klf1', 'CH211-208M1.2-001']"
SSSSSSSGSS,5,0.000184,"['rsrp1', 'golga7bb', 'cbx2', 'rnps1', 'pnn']"
DELTRHFRKH,5,0.000184,"['klf6a', 'klf2b', 'klf5b', 'klf1', 'CH211-208M1.2-001']"
THTHTHTHTP,5,0.000184,"['E7F665', 'A0A0G2KFT1', 'nedd4a', 'A0A0G2LAZ5', 'LOC100332787']"
DRERERERER,5,0.000184,"['mmp14b', 'ppig', 'ik', 'jarid2b', 'taok2b']"
RVHTGEKPYR,5,0.000184,"['wu:fc30c06', 'si:dkey-182i3.8', 'zgc:174890', 'drl', 'znf407']"
VDACQGDSGG,5,0.000184,"['A0A1L1QZD1', 'tmprss4b', 'LOC100331291', 'st14b', 'tmprss5']"
SSSSGSSSSS,5,0.000184,"['lgr4', 'bahcc1a', 'pnn', 'cbx2', 'rsrp1']"
VDSCQGDSGG,5,0.000184,"['tmprss9', 'tmprss2', 'A0A0G2L5F9', 'si:ch211-51a6.2', 'LOC563048']"
KRPMNAFMVW,5,0.000184,"['sox1a', 'sox4a', 'sox5', 'sox8a', 'sox9a']"
DRDRDRERDR,5,0.000184,"['prrc2c', 'dhx8', 'prpf38b', 'luc7l3', 'nelfe']"
TGERPYKCSH,5,0.000184,"['zgc:113518', 'zgc:174890', 'si:ch211-255f4.6', 'zgc:162948', 'znf236']"
YIHRVGRTAR,5,0.000184,"['ddx49', 'ddx51', 'ddx56', 'ddx47', 'ddx18']"
RDRDRDRDRE,5,0.000184,"['prrc2c', 'dhx8', 'prpf38b', 'rerea', 'luc7l3']"
ITVIDTPGLF,5,0.000184,"['A0A0G2L901', 'si:dkey-73p2.2', 'si:dkeyp-67a8.4', 'si:dkey-88j15.3', 'si:ch1073-181h11.2']"
GEEEEEEEEE,5,0.000184,"['bcl11aa', 'ythdc1', 'rpgra', 'shcbp1', 'mcm3ap']"
EEEEEEEEEV,5,0.000184,"['piezo2', 'LOC553209', 'zgc:171740', 'cdk11b', 'gpatch1']"
EEEEEEEEEK,5,0.000184,"['ryr1a', 'xpc', 'znf462', 'rpgrb', 'rangap1a']"
CGLCGNFNGD,5,0.000184,"['tecta', 'muc5a', 'LOC101887000', 'A0A0G2KJN6', 'muc2.2']"
FQNRRAKWRK,5,0.000184,"['arx', 'vsx1', 'alx1', 'drgx', 'uncx']"
KIEETFTVKQ,5,0.000184,"['zgc:174703', 'znf1121', 'si:dkey-7i4.15', 'znf1033', 'si:ch211-234c11.3']"
DRERDRDRDR,5,0.000184,"['prrc2c', 'dhx8', 'srsf11', 'rbm26', 'nelfe']"
SSSSSSLSSS,5,0.000184,"['F1RA94', 'si:ch211-127n13.2', 'si:dkey-23a13.2', 'vtg5', 'wu:fi04e12']"
RTHTGEKPFA,5,0.000184,"['sall4', 'si:ch211-120c15.3', 'egr1', 'zgc:101130', 'si:cabz01071907.1']"
TVIDTPGLFD,5,0.000184,"['A0A0G2L901', 'si:dkey-73p2.2', 'si:dkeyp-67a8.4', 'si:dkey-88j15.3', 'si:ch1073-181h11.2']"
VVHCSAGVGR,5,0.000184,"['ptprf', 'ptprjb.2', 'ptprc', 'ptprz1a', 'ptprb']"
GWKNSIRHNL,5,0.000184,"['foxo1b', 'foxj2', 'foxj3', 'foxm1', 'foxo6a']"
VITPLTDRCY,5,0.000184,"['dnah2', 'dnah3', 'dnah1', 'dnah5l', 'dnah11']"
EAAKRSREKR,5,0.000184,"['nfil3-6', 'nfil3-4', 'nfil3-5', 'si:dkey-172o19.2', 'nfil3']"
THTGEKPFAC,5,0.000184,"['sall4', 'si:ch211-120c15.3', 'egr1', 'zgc:101130', 'si:cabz01071907.1']"
KSSHLKAHLR,5,0.000184,"['klf13', 'klf11a', 'klf1', 'klf15', 'klf5b']"
GVGKSATGNT,5,0.000184,"['F1QNH0', 'A0A0G2L901', 'zgc:153642', 'zgc:152658', 'si:ch1073-181h11.2']"
QQQQQQQLQQ,5,0.000184,"['clocka', 'evpla', 'grid2ipa', 'gigyf2', 'stox2a']"
TTSTTTTTTT,5,0.000184,"['tgfa', 'matn3b', 'nfasca', 'si:dkey-162h11.3', 'kiaa1549la']"
WKNSIRHNLS,5,0.000184,"['foxo1b', 'foxj2', 'foxj3', 'foxm1', 'foxo6a']"
LYGPPGTGKT,5,0.000184,"['vcp', 'A0A0G2KCK6', 'psmc5', 'katnal2', 'pex6']"
HTHTHTHTLT,5,0.000184,"['F1R0N1', 'tbc1d13', 'A0A0G2KEV8', 'A0A0G2KD09', 'A0A0G2KKL9']"
HTGEKPYSCS,5,0.000184,"['si:dkey-210j14.3', 'si:dkey-182i3.10', 'si:ch1073-224n8.1', 'zgc:162971', 'si:ch73-144d13.4']"
VWSFGVLLWE,5,0.000184,"['map3k10', 'fgfr1a', 'tie1', 'ret', 'kdr']"
GKTLLAKAVA,5,0.000184,"['katna1', 'psmc1a', 'spg7', 'nvl', 'pex6']"
PGLPGPPGPP,5,0.000184,"['A0A0G2KI03', 'col15a1a', 'col7a1', 'col27a1b', 'zgc:112265']"
LVTQRITKYP,5,0.000184,"['arhgef28', 'arhgef1a', 'arhgef18b', 'si:ch211-272b8.6', 'si:dkey-187e18.1']"
HMRIHTGEKP,5,0.000184,"['znf408', 'znf143', 'zgc:174224', 'mynn', 'znf1126']"
ERERERDRER,5,0.000184,"['atn1', 'znf609b', 'auts2a', 'ncor2', 'zgc:158803']"
FYAPWCGHCK,5,0.000184,"['pdia6', 'pdia5', 'pdia4', 'txndc5', 'p4hb']"
RDRDRDRERD,5,0.000184,"['prrc2c', 'dhx8', 'prpf38b', 'luc7l3', 'nelfe']"
SDELTRHFRK,5,0.000184,"['klf6a', 'klf2b', 'klf5b', 'klf1', 'CH211-208M1.2-001']"
EEEEEEEDGE,5,0.000184,"['si:ch1073-441p17.1', 'ripor1', 'atad2', 'zbtb47a', 'ncbp3']"
EQEEEEEEEE,5,0.000184,"['LOC564731', 'sinhcaf', 'gfra3', 'mnx2b', 'zgc:123010']"
GERPYKCSHC,5,0.000184,"['zgc:113518', 'zgc:174890', 'si:ch211-255f4.6', 'zgc:162948', 'znf236']"
RDLKPENILL,5,0.000184,"['grk4', 'pdpk1a', 'sgk1', 'rps6ka6', 'phkg2']"
IEETFTVKQE,5,0.000184,"['zgc:174703', 'znf1121', 'si:dkey-7i4.15', 'znf1033', 'si:ch211-234c11.3']"
DDDDDDDEDD,5,0.000184,"['si:ch211-248l17.3', 'spa17', 'themis2', 'kcnh8', 'zranb2']"
SDSSSSSSSS,5,0.000184,"['brdt', 'cwc22', 'asxl1', 'jmjd6', 'hectd4']"
GGGGGGGGGS,5,0.000184,"['htr1d', 'kat6a', 'wipf2a', 'znf384l', 'itpr1b']"
GGGGGGGGGF,5,0.000184,"['ist1', 'wipf1a', 'pygo2', 'taf15', 'saraf']"
WSFGVLLWEI,5,0.000184,"['ltk', 'fgfr1a', 'tie1', 'ret', 'kdr']"
ERERERERDR,5,0.000184,"['bcl11aa', 'ik', 'si:ch211-255p10.4', 'ncor2', 'luc7l3']"
NPSHLRELDL,5,0.000184,"['si:dkey-159n16.2', 'si:ch211-76m11.5', 'si:ch211-114l13.3', 'si:dkey-23k10.3', 'si:ch211-156p11.1']"
DSDDDDDDDD,5,0.000184,"['iws1', 'cebpz', 'shq1', 'F1Q9X3', 'npm1b']"
HIRIHTGEKP,5,0.000184,"['ikzf5', 'znf236', 'znf142', 'zgc:171422', 'znf1111']"
RDRDRERDRD,5,0.000184,"['prrc2c', 'dhx8', 'rbm26', 'cdkl5', 'luc7l3']"
EEEEEVEEEE,5,0.000184,"['LOC100536777', 'lbh', 'si:cabz01080528.1', 'skap1', 'cdk11b']"
THTGEKPYHC,5,0.000184,"['si:dkey-20i20.8', 'zgc:110821', 'znf143a', 'klf2b', 'klf1']"
IKILGDCYYC,5,0.000184,"['adcy3b', 'adcy7', 'adcy8', 'si:dkey-206f10.1', 'adcy1a']"
HLRIHSGEKP,5,0.000184,"['si:dkey-14k9.3', 'zbtb41', 'LOC100007471', 'zeb2b', 'si:dkeyp-84f3.9']"
THTHTHTHIH,5,0.000184,"['A0A286YAW8', 'F1QTH1', 'A0A0G2KJY4', 'A0A0G2L4R8', 'A0A0G2KTX1']"
HHRHHHHHHH,5,0.000184,"['per3', 'cacna1da', 'jhdm1db', 'rp1l1b', 'trir']"
LVDLAGSERA,5,0.000184,"['kif16bb', 'kif13bb', 'stard9', 'A0A0B5CMF1', 'kif1b']"
QHQQQQQQQQ,5,0.000184,"['trim33', 'baz2a', 'prrc2c', 'cry1ba', 'paxip1']"
QIKIWFQNRR,5,0.000184,"['hoxc6b', 'hoxa5a', 'hoxa3a', 'hoxc3a', 'hoxc4a']"
RVCVCVCVCV,5,0.000184,"['A0A0G2KNZ8', 'A0A0G2L5U6', 'A0A0G2L8Z8', 'A0A0G2KWC8', 'A0A0G2KV14']"
CVCVCACVCV,5,0.000184,"['slc6a3', 'A0A0G2KZD9', 'A0A0G2KE70', 'tbk1', 'A0A0G2KGN6']"
NNEAAKRSRE,5,0.000184,"['nfil3-6', 'nfil3-4', 'nfil3-5', 'si:dkey-172o19.2', 'nfil3']"
GPAGTGKTET,5,0.000184,"['dnah2', 'dnah3', 'dnah1', 'dnah5l', 'dnah11']"
QQQQQQHQQQ,5,0.000184,"['trim33', 'usf3', 'prr12a', 'med15', 'hlfb']"
FQNRRMKWKK,5,0.000184,"['hoxb8a', 'hoxa5a', 'hoxc6b', 'hoxa4a', 'pdx1']"
GGAPPPPPPP,5,0.000184,"['waslb', 'daam1a', 'apbb1ip', 'fmnl1a', 'diaph2']"
MCHIPVFCWI,5,0.000184,"['A8DY17', 'si:ch73-289h5.4', 'si:dkey-156m2.3', 'si:ch211-156p11.1', 'si:ch211-149a19.3']"
GGGGGSGGGG,5,0.000184,"['htr1d', 'jph3', 'kat6a', 'purba', 'fam98a']"
