k-mer,number of proteins,percentage,all,(Out of 37753 proteins in total)
XXXXXXXXXX,261,0.006913,"['EGK_11038', 'EGK_13751', 'EGK_09435', 'EGK_18340', 'EGK_09389', 'EGK_00996', 'EGK_14319', 'EGK_12626', 'EGK_16054', 'EGK_15337', 'EGK_13910', 'EGK_10732', 'EGK_15060', 'EGK_15883', 'EGK_13614', 'EGK_10320', 'EGK_18872', 'EGK_20902', 'EGK_01022', 'EGK_04705', 'EGK_19281', 'EGK_04497', 'EGK_19913', 'EGK_16188', 'EGK_15623', 'EGK_15782', 'EGK_07801', 'EGK_14495', 'EGK_03362', 'EGK_02177', 'EGK_03476', 'EGK_19209', 'EGK_17195', 'EGK_09063', 'EGK_18686', 'EGK_21101', 'EGK_09449', 'EGK_03934', 'EGK_08356', 'EGK_10338', 'EGK_10339', 'EGK_09159', 'EGK_16517', 'EGK_05807', 'EGK_10331', 'EGK_16781', 'EGK_02367', 'EGK_01012', 'EGK_00908', 'EGK_05292', 'EGK_18868', 'EGK_15847', 'MUC17', 'EGK_21405', 'F6VHV6', 'EGK_00143', 'EGK_11285', 'EGK_15435', 'EGK_01594', 'EGK_05211', 'EGK_01992', 'EGK_01824', 'EGK_19637', 'EGK_18994', 'EGK_14934', 'EGK_19742', 'EGK_01987', 'EGK_08717', 'EGK_19191', 'EGK_04608', 'EGK_20487', 'EGK_13004', 'EGK_14029', 'EGK_09641', 'EGK_18208', 'EGK_17338', 'EGK_09825', 'EGK_04233', 'EGK_13528', 'EGK_12315', 'EGK_00673', 'EGK_01643', 'EGK_20693', 'EGK_06781', 'EGK_19504', 'EGK_05208', 'EGK_15990', 'EGK_14585', 'EGK_04575', 'EGK_19349', 'EGK_11445', 'EGK_12015', 'EGK_16203', 'EGK_19341', 'EGK_21258', 'EGK_06703', 'EGK_08033', 'B6CJY1', 'EGK_18442', 'EGK_06151', 'EGK_19067', 'EGK_01990', 'EGK_06154', 'EGK_08605', 'EGK_16148', 'EGK_17088', 'EGK_15874', 'EGK_14088', 'EGK_07123', 'EGK_01934', 'EGK_04590', 'EGK_16144', 'EGK_21141', 'EGK_05374', 'EGK_12776', 'EGK_14342', 'EGK_01831', 'EGK_13929', 'EGK_05068', 'EGK_15055', 'EGK_16727', 'EGK_02788', 'EGK_13729', 'EGK_15620', 'EGK_12368', 'EGK_16231', 'EGK_10806', 'EGK_19379', 'EGK_07859', 'EGK_04053', 'EGK_20716', 'EGK_12591', 'EGK_19766', 'EGK_18571', 'EGK_09556', 'EGK_10198', 'EGK_05183', 'EGK_09000', 'EGK_17237', 'EGK_17146', 'EGK_07356', 'EGK_02331', 'EGK_16083', 'EGK_15100', 'EGK_07436', 'EGK_13413', 'EGK_15581', 'EGK_13892', 'EGK_13893', 'EGK_18143', 'EGK_17662', 'EGK_05914', 'EGK_06721', 'EGK_16679', 'EGK_15274', 'EGK_07153', 'EGK_00528', 'EGK_15273', 'EGK_11215', 'EGK_01821', 'EGK_06832', 'EGK_12173', 'EGK_19715', 'EGK_16227', 'EGK_10286', 'EGK_19363', 'EGK_07729', 'EGK_07643', 'EGK_02732', 'EGK_03976', 'EGK_10935', 'EGK_10680', 'EGK_20319', 'EGK_04061', 'EGK_01094', 'EGK_19896', 'EGK_00659', 'EGK_18319', 'EGK_11165', 'EGK_16823', 'A0A1D5R8R4', 'EGK_04940', 'EGK_03339', 'MUC5AC', 'EGK_14760', 'EGK_15470', 'EGK_13117', 'EGK_05308', 'EGK_10696', 'EGK_12109', 'EGK_00558', 'EGK_13867', 'EGK_00104', 'EGK_18703', 'EGK_15383', 'EGK_04501', 'EGK_08538', 'EGK_07760', 'EGK_11482', 'EGK_19030', 'EGK_14894', 'EGK_08736', 'EGK_20486', 'EGK_07218', 'EGK_14141', 'EGK_20187', 'EGK_05835', 'EGK_04648', 'EGK_09624', 'EGK_06863', 'EGK_10855', 'EGK_19494', 'EGK_14068', 'EGK_10013', 'EGK_18921', 'EGK_11982', 'EGK_09594', 'EGK_15682', 'EGK_06512', 'EGK_01645', 'EGK_19936', 'EGK_05223', 'EGK_09192', 'EGK_04409', 'EGK_10387', 'EGK_08353', 'EGK_07458', 'EGK_01896', 'EGK_16245', 'EGK_19633', 'EGK_09434', 'EGK_08626', 'EGK_09460', 'EGK_16728', 'EGK_15711', 'EGK_09914', 'EGK_12443', 'EGK_18234', 'EGK_04658', 'EGK_11535', 'EGK_16962', 'EGK_10315', 'EGK_13512', 'EGK_03521', 'EGK_11538', 'EGK_16882', 'EGK_05678', 'EGK_03457', 'EGK_00128', 'EGK_04486', 'EGK_16379', 'EGK_12281', 'EGK_06467', 'EGK_03632', 'EGK_09323', 'EGK_04242', 'EGK_06417', 'EGK_12684', 'EGK_03922', 'EGK_13164', 'EGK_10861']"
EEEEEEEEEE,89,0.002357,"['NCBP3', 'NISCH', 'SETD1A', 'IL27', 'APLP2', 'FKBP8', 'EGK_01140', 'CERS3', 'SUPT5H', 'EIF3D', 'CACNA1F', 'EGK_14929', 'HDGF', 'EGK_11807', 'EGK_07149', 'EGK_04909', 'EGK_15325', 'TRIM26', 'ACIN1', 'RANGAP1', 'BAZ1B', 'SNAPC5', 'FAM193A', 'EGK_06367', 'EGK_02161', 'LOC711281', 'LOC709331', 'EGK_05608', 'EGK_08770', 'GTF3C3', 'EP400', 'TSPOAP1', 'DAXX', 'EGK_14735', 'TIMELESS', 'PPARGC1B', 'CSRNP3', 'PIK3R5', 'EGK_12952', 'CCER1', 'PLPPR3', 'SMYD5', 'PHF23', 'CCDC136', 'RRP12', 'EGK_00207', 'EPHA6', 'PELP1', 'PRKCSH', 'SLC4A3', 'SHROOM4', 'EGK_05352', 'PODN', 'EGK_00119', 'SKIDA1', 'HNRNPU', 'CNKSR2', 'A0A1D5QTR4', 'EGK_19569', 'PODXL2', 'CELSR2', 'SCAF1', 'TAOK2', 'YTHDC1', 'EGK_04225', 'EGK_03941', 'PIAS4', 'EGK_17603', 'EGK_14374', 'PEX19', 'AEBP1', 'LEPREL2', 'SMARCA2', 'SMARCA4', 'EGK_11757', 'CFAP44', 'GZF1', 'EGK_20338', 'EGK_05946', 'EGK_12835', 'STAC3', 'RTN4', 'CENPB', 'KAT6B', 'TTBK1', 'PLEKHG5', 'SCRIB', 'WDR70', 'SLC4A1AP']"
AAAAAAAAAA,57,0.00151,"['KDM1A', 'HMX3', 'ZFR', 'EGK_04602', 'FOXE1', 'JUND', 'IRX1', 'A0A1D5QWK7', 'TBX1', 'HAND2', 'ZFP91', 'SOX3', 'LOC706619', 'EGK_14498', 'CHD3', 'EGR2', 'SKIDA1', 'ASXL2', 'ATP6AP1', 'PRPF40A', 'GUCY1A2', 'FOXF2', 'SLC12A2', 'PTBP2', 'NLK', 'EGK_12952', 'CLASRP', 'SP8', 'ARID1A', 'A0A1D5QAY9', 'SH3RF1', 'LHX2', 'IRF2BPL', 'SP5', 'EGK_11120', 'HOXA13', 'GATA6', 'OLIG2', 'FOXB2', 'MIDN', 'HDGFL1', 'TBL1XR1', 'RBM47', 'IRS4', 'ZNF358', 'ID4', 'EGK_00512', 'CCDC177', 'RUNX2', 'FBRS', 'RBM23', 'BHLHE41', 'STC1', 'ALKBH5', 'PRDM8', 'EGK_04118', 'C14orf4']"
QQQQQQQQQQ,56,0.001483,"['FOXP2', 'LIN7A', 'SIK3', 'EGK_10632', 'CELF3', 'EGK_10861', 'ARGFX', 'EP400', 'TNRC6A', 'SHROOM4', 'EGK_11300', 'PHLDA1', 'MAMLD1', 'NCOA3', 'EGK_12132', 'NCOA6', 'ABCF1', 'KMT2D', 'MED12', 'D2CTI5', 'RAI1', 'BSN', 'PHC1', 'MED15', 'MAGI1', 'EGK_04907', 'Thap11', 'EGK_12952', 'EGK_11927', 'VEZF1', 'TFEB', 'EGK_14374', 'ASCL1', 'EGK_16109', 'IRF2BPL', 'SCAF4', 'AAK1', 'EGK_06811', 'ATN1', 'R3HDM2', 'FRMPD3', 'EGK_12993', 'ST6GALNAC5', 'EGK_14091', 'NFAT5', 'MGA', 'ARID3B', 'FAM171B', 'TBP', 'IRS1', 'RUNX2', 'TFCP2', 'TOX3', 'EGK_04781', 'ATXN2', 'CHERP']"
PPPPPPPPPP,49,0.001298,"['SMN1', 'BAG6', 'TRERF1', 'FNBP4', 'FBXO11', 'SF3B2', 'SETD1A', 'C11orf95', 'KIAA1429', 'PEG10', 'F6TIC9', 'EGK_14499', 'JMY', 'WASF2', 'SIK2', 'FMNL1', 'MAP3K4', 'D2CTI5', 'AHDC1', 'EGK_07458', 'PRR11', 'VIRMA', 'EGK_12952', 'ATOH8', 'ORAI1', 'EGK_14934', 'A0A1D5QAY9', 'SLC25A41', 'EGK_17976', 'WASH1', 'DAB2IP', 'R3HDM1', 'SP5', 'RNF215', 'ZNF827', 'MTFR1', 'FHOD1', 'FHDC1', 'IRS4', 'ZC3H4', 'USP51', 'PRR12', 'EGK_21391', 'EGK_14088', 'WIPF3', 'PPP3CB', 'LMOD2', 'EGK_02496', 'AMOT']"
SSSSSSSSSS,49,0.001298,"['EGK_21054', 'CIR1', 'PPRC1', 'EGK_04870', 'EGK_16203', 'SETD1A', 'DACH1', 'EDC4', 'RANBP10', 'NR1D1', 'EGK_17976', 'BHMG1', 'JMJD6', 'CSNKA2IP', 'CHD8', 'TNRC18', 'KCNMA1', 'POU6F2', 'EGK_21538', 'LZTS2', 'TMEM40', 'JCAD', 'HEG1', 'EGK_09815', 'EGK_12403', 'SALL1', 'TSHZ3', 'NOLC1', 'ARL6IP4', 'GTF2IRD1', 'EGK_15322', 'ATN1', 'SHE', 'PHLPP2', 'SERTAD4', 'FAM193B', 'E2F4', 'MBTPS2', 'EGK_10805', 'EGK_17759', 'RLIM', 'EGK_08470', 'DCAF5', 'PRR13', 'PRDM2', 'PNN', 'PPIG', 'ATXN7', 'MLLT6']"
GGGGGGGGGG,33,0.000874,"['PI4KA', 'FUBP1', 'A0A1D5QKD0', 'SOX1', 'EGK_00731', 'DHX36', 'EGK_13853', 'FEZF2', 'U2AF1', 'NPAS3', 'A0A1D5R4N8', 'EGK_11961', 'CNOT3', 'SP8', 'HOXD9', 'ARIH1', 'HOXB3', 'KRT10', 'XYLT1', 'POU4F2', 'AR', 'A0A1D5RCH2', 'EGK_00874', 'EGK_12717', 'DACH1', 'EMC10', 'GSK3A', 'UNC80', 'PURA', 'CXXC4', 'EGK_02493', 'ILF3', 'FBL']"
EEEEEEEEED,32,0.000848,"['KCTD1', 'EGK_05608', 'NCBP3', 'HMGB3', 'EPHA6', 'NISCH', 'PELP1', 'APLP2', 'FKBP8', 'C11orf95', 'EGK_01140', 'EGK_06367', 'CERS3', 'CSRNP3', 'EGK_19714', 'PIK3R5', 'GZF1', 'KDM2A', 'EGK_12952', 'PLPPR3', 'RTN4', 'ZBTB9', 'ACIN1', 'BAZ1B', 'TTBK1', 'EGK_03521', 'EGK_14735', 'NEUROD1', 'EGK_17446', 'EGK_03941', 'EGK_02161', 'PIAS4']"
XXXXXXXXXL,31,0.000821,"['EGK_17146', 'EGK_11038', 'EGK_07333', 'EGK_13893', 'EGK_03362', 'EGK_06863', 'EGK_15273', 'EGK_13614', 'EGK_12315', 'EGK_06832', 'EGK_05223', 'EGK_03364', 'EGK_09192', 'EGK_07645', 'EGK_02177', 'EGK_19896', 'EGK_08033', 'EGK_19895', 'EGK_10339', 'EGK_18319', 'EGK_16517', 'EGK_14585', 'EGK_01934', 'EGK_09914', 'EGK_16823', 'EGK_02367', 'EGK_01831', 'EGK_02788', 'EGK_04053', 'EGK_04242', 'EGK_13164']"
PXXXXXXXXX,30,0.000795,"['EGK_07356', 'EGK_13004', 'EGK_09624', 'EGK_09641', 'EGK_17338', 'EGK_15883', 'EGK_11299', 'EGK_01821', 'EGK_10855', 'EGK_00673', 'EGK_12173', 'EGK_01645', 'EGK_03364', 'EGK_14495', 'EGK_10387', 'EGK_07458', 'EGK_10680', 'EGK_15581', 'EGK_01012', 'EGK_10861', 'EGK_05068', 'EGK_10315', 'EGK_19098', 'EGK_00558', 'EGK_06326', 'EGK_20187', 'EGK_16562', 'EGK_09556', 'EGK_05183', 'EGK_13164']"
XXXXXXXXXS,29,0.000768,"['EGK_04608', 'EGK_07153', 'EGK_14029', 'EGK_14068', 'EGK_12173', 'EGK_07729', 'EGK_19209', 'EGK_07760', 'EGK_19633', 'EGK_21101', 'EGK_19067', 'EGK_09449', 'EGK_07143', 'EGK_04658', 'EGK_14342', 'EGK_16962', 'EGK_05068', 'EGK_10315', 'MUC17', 'EGK_13729', 'EGK_16882', 'EGK_17524', 'EGK_12281', 'EGK_20716', 'EGK_16728', 'EGK_19191', 'EGK_12684', 'EGK_12015', 'EGK_10861']"
GXXXXXXXXX,29,0.000768,"['EGK_10338', 'EGK_10732', 'EGK_15273', 'EGK_05076', 'EGK_03632', 'EGK_13910', 'EGK_06417', 'EGK_07801', 'EGK_10935', 'B6CJY1', 'EGK_19896', 'EGK_08626', 'EGK_08605', 'EGK_07123', 'EGK_07143', 'A0A1D5R8R4', 'EGK_11535', 'EGK_05223', 'EGK_02203', 'EGK_04658', 'EGK_13512', 'EGK_00104', 'EGK_16379', 'EGK_18994', 'EGK_07859', 'EGK_18703', 'EGK_06467', 'EGK_21543', 'EGK_16727']"
XXXXXXXXXA,28,0.000742,"['EGK_11215', 'EGK_02331', 'EGK_20486', 'EGK_09389', 'CROCC2', 'EGK_09825', 'EGK_05914', 'EGK_18921', 'EGK_09985', 'EGK_04495', 'EGK_10286', 'EGK_07436', 'EGK_08356', 'EGK_10931', 'EGK_18442', 'EGK_08605', 'EGK_09079', 'LONP1', 'EGK_06012', 'EGK_04940', 'EGK_10732', 'EGK_12368', 'EGK_08717', 'EGK_07859', 'EGK_15883', 'EGK_21405', 'EGK_14934', 'EGK_09000']"
DEEEEEEEEE,28,0.000742,"['HMGB3', 'BCL11B', 'GTF3C3', 'ZNF830', 'SLC4A3', 'DAXX', 'EIF3D', 'HNRNPU', 'PPARGC1B', 'CSRNP3', 'PIK3R5', 'VGLL3', 'EGK_15911', 'EGK_19569', 'EGK_12835', 'EGK_11757', 'RTN4', 'MIER1', 'TRIM26', 'BAZ1B', 'TTBK1', 'EGK_03521', 'MAPK8IP2', 'EGK_18022', 'EGK_02161', 'NCL', 'PIAS4', 'KAT6B']"
EEEEEEEEEG,28,0.000742,"['NADK', 'EGK_17603', 'SETD1A', 'ZNF830', 'SLC4A3', 'BCORL1', 'EGK_11757', 'EGK_00119', 'SKIDA1', 'HNRNPU', 'CACNA1F', 'CNKSR2', 'A0A1D5QTR4', 'MAPK8IP2', 'EGK_11807', 'BEND4', 'EGK_07149', 'MIER1', 'CENPB', 'EGK_12502', 'SMYD5', 'EGK_01220', 'TAOK2', 'PLEKHG2', 'PLEKHG5', 'EIF4G1', 'KAT6B', 'ZNF428']"
AXXXXXXXXX,27,0.000715,"['EGK_02331', 'EGK_20486', 'EGK_07218', 'EGK_17662', 'EGK_12479', 'EGK_17088', 'EGK_10320', 'EGK_14068', 'EGK_04233', 'EGK_02177', 'EGK_06151', 'LONP1', 'EGK_06012', 'EGK_04613', 'EGK_11165', 'EGK_18234', 'EGK_16144', 'EGK_10198', 'EGK_13729', 'EGK_15470', 'EGK_16882', 'EGK_07855', 'EGK_01094', 'EGK_14934', 'EGK_18571', 'EGK_08717', 'EGK_11482']"
EEEEEEEEDE,27,0.000715,"['KCTD1', 'EGK_05608', 'NISCH', 'EGK_15583', 'ANP32E', 'TSPOAP1', 'C11orf95', 'APLP2', 'EGK_14735', 'CLIP3', 'GZF1', 'EGK_12952', 'PLPPR3', 'RTN4', 'ACIN1', 'KAT6B', 'EGK_11557', 'ATRX', 'TTBK1', 'EGK_17938', 'EGK_06367', 'EGK_16239', 'EGK_02161', 'PRDM2', 'A0A1D5Q789', 'ZNF777', 'EGK_03941']"
TXXXXXXXXX,25,0.000662,"['EGK_17146', 'EGK_11038', 'EGK_02331', 'EGK_15337', 'MUC5AC', 'EGK_18872', 'EGK_11445', 'EGK_19504', 'EGK_03976', 'EGK_04497', 'EGK_05374', 'EGK_06721', 'EGK_08353', 'EGK_10931', 'EGK_09460', 'EGK_16517', 'EGK_12443', 'EGK_10509', 'EGK_03339', 'MUC17', 'EGK_02788', 'EGK_19820', 'EGK_12281', 'EGK_01990', 'EGK_19742']"
XXXXXXXXXP,25,0.000662,"['EGK_14894', 'EGK_02331', 'EGK_09624', 'EGK_13413', 'EGK_17338', 'EGK_16781', 'EGK_15337', 'EGK_00673', 'EGK_06781', 'EGK_15620', 'EGK_09641', 'EGK_07458', 'EGK_06151', 'EGK_15874', 'EGK_05807', 'EGK_10331', 'EGK_12443', 'EGK_21141', 'EGK_15682', 'EGK_11028', 'EGK_01594', 'EGK_16562', 'EGK_10696', 'EGK_18686', 'EGK_17237']"
KXXXXXXXXX,25,0.000662,"['EGK_04608', 'EGK_19494', 'EGK_07153', 'EGK_04705', 'EGK_16781', 'EGK_15273', 'EGK_01022', 'EGK_14029', 'EGK_16227', 'EGK_15620', 'EGK_19936', 'EGK_07645', 'EGK_04061', 'EGK_16245', 'EGK_15383', 'EGK_09079', 'EGK_18319', 'EGK_12776', 'EGK_15990', 'F6VHV6', 'EGK_15435', 'EGK_01594', 'EGK_16728', 'EGK_14088', 'EGK_03922']"
LXXXXXXXXX,24,0.000636,"['EGK_19030', 'EGK_14894', 'EGK_20487', 'EGK_15100', 'EGK_13413', 'EGK_09063', 'EGK_00528', 'EGK_15273', 'EGK_20902', 'EGK_10013', 'EGK_09985', 'EGK_04495', 'EGK_15623', 'EGK_04080', 'EGK_12015', 'EGK_03362', 'EGK_19341', 'EGK_13117', 'EGK_12381', 'EGK_05308', 'EGK_05678', 'CROCC2', 'EGK_21405', 'EGK_17237']"
EDEEEEEEEE,24,0.000636,"['KCTD1', 'HMGB3', 'BCL11B', 'ZNF830', 'GTF3C5', 'DAXX', 'IFNLR1', 'EIF3D', 'PPARGC1B', 'TMED8', 'MAPK8IP2', 'VGLL3', 'EGK_12835', 'RTN4', 'MIER1', 'TTBK1', 'EGK_03521', 'HRC', 'EGK_02161', 'NCL', 'PIAS4', 'EGK_07442', 'KAT6B', 'Q0MSE5']"
RXXXXXXXXX,24,0.000636,"['EGK_08736', 'EGK_09435', 'EGK_13893', 'EGK_06863', 'EGK_15060', 'EGK_10033', 'EGK_01643', 'EGK_19281', 'EGK_21001', 'EGK_17195', 'EGK_06703', 'EGK_19896', 'EGK_09449', 'EGK_19895', 'EGK_10339', 'EGK_09159', 'EGK_02367', 'EGK_00128', 'EGK_16962', 'EGK_15055', 'EGK_14760', 'EGK_11081', 'EGK_09323', 'EGK_10696']"
SAAAAAAAAA,23,0.000609,"['HMX3', 'RCOR1', 'LOC706619', 'EGK_14498', 'ZNF703', 'BHLHE22', 'GUCY1A2', 'ZIC2', 'FBXL17', 'NLK', 'SP8', 'EGK_08607', 'FOXF2', 'SP5', 'IRF2BPL', 'FOXD3', 'GATA6', 'PBX3', 'RBM47', 'ID4', 'FOXB2', 'EGR2', 'PRDM8']"
XXXXXXXXXG,23,0.000609,"['EGK_19030', 'EGK_20487', 'EGK_09435', 'EGK_15581', 'EGK_14141', 'EGK_00528', 'EGK_11299', 'EGK_10320', 'EGK_15100', 'EGK_01022', 'EGK_19715', 'EGK_16188', 'EGK_05374', 'EGK_19341', 'EGK_08353', 'EGK_10405', 'EGK_10338', 'EGK_11165', 'EGK_13929', 'EGK_04409', 'EGK_19766', 'EGK_09556', 'EGK_11482']"
XXXXXXXXXV,22,0.000583,"['EGK_07356', 'EGK_09434', 'EGK_07218', 'EGK_01645', 'EGK_10033', 'EGK_04497', 'EGK_07801', 'EGK_21001', 'EGK_06703', 'EGK_01896', 'EGK_12776', 'EGK_03339', 'EGK_14760', 'EGK_15470', 'EGK_11285', 'EGK_00558', 'EGK_03457', 'EGK_04486', 'EGK_08538', 'EGK_01094', 'EGK_19742', 'EGK_19098']"
IHTGEKPYKC,19,0.000503,"['ZNF721', 'ZNF197', 'EGK_09788', 'EGK_06515', 'ZNF691', 'ZNF319', 'ZFP14', 'ZNF80', 'ZNF75D', 'EGK_12433', 'EGK_20557', 'ZNF138', 'ZNF83', 'EGK_17423', 'ZNF18', 'ZNF768', 'EGK_10414', 'EGK_12699', 'EGK_10066']"
EEEDEEEEEE,19,0.000503,"['DAXX', 'EGK_00954', 'HMGB3', 'EGK_02161', 'EGK_05217', 'PPARGC1B', 'BCL11B', 'PELP1', 'DIEXF', 'PTMS', 'PPP4R2', 'GTF3C5', 'VGLL3', 'EGK_07442', 'KAT6B', 'TTBK1', 'HNRNPUL2', 'ZNF428', 'PAK3']"
HQRIHTGEKP,19,0.000503,"['ZNF324', 'EGK_08070', 'ZNF223', 'ZNF445', 'ZNF691', 'ZNF75D', 'ZNF643', 'EGK_12418', 'ZNF620', 'ZSCAN32', 'F7GGV3', 'ZNF205', 'ZNF853', 'ZNF768', 'ZSCAN25', 'ZNF835', 'ZNF662', 'F6XKJ0', 'EGK_10977']"
QVKIWFQNRR,19,0.000503,"['F6X730', 'EGK_04565', 'HMX3', 'DBX1', 'NKX2-3', 'HOXD9', 'HOXC12', 'EGK_15582', 'HOXB1', 'GBX1', 'EGK_15883', 'CDX4', 'HMX1', 'HOXC10', 'HOXA4', 'NKX3-1', 'EGK_03721', 'EGK_08510', 'MSX1']"
SXXXXXXXXX,19,0.000503,"['EGK_17524', 'EGK_06512', 'EGK_03457', 'EGK_07153', 'EGK_14319', 'EGK_05211', 'EGK_12626', 'EGK_00659', 'EGK_21087', 'EGK_16203', 'EGK_14342', 'EGK_01831', 'EGK_19766', 'EGK_10320', 'EGK_13528', 'EGK_10013', 'EGK_12684', 'EGK_03476', 'EGK_06781']"
XXXXXXXXXE,18,0.000477,"['EGK_07855', 'EGK_13751', 'EGK_04497', 'EGK_19363', 'EGK_15782', 'EGK_16227', 'EGK_03544', 'EGK_03114', 'EGK_18703', 'EGK_06467', 'EGK_05211', 'EGK_19209', 'EGK_09159', 'EGK_18829', 'EGK_10013', 'EGK_05076', 'EGK_01992', 'EGK_01990']"
AAAAAAAAAS,18,0.000477,"['SP9', 'TMEM121B', 'TBL1XR1', 'IRS4', 'ARID1A', 'ASXL2', 'PBX3', 'MKRN1', 'ZNF703', 'RCOR1', 'TOX4', 'HAND2', 'GATA6', 'SOX3', 'FOXB2', 'IRX1', 'CLASRP', 'FBXL17']"
EXXXXXXXXX,18,0.000477,"['EGK_12109', 'EGK_15682', 'EGK_10286', 'EGK_14585', 'EGK_04575', 'EGK_05807', 'EGK_01992', 'EGK_07729', 'EGK_16054', 'EGK_15711', 'EGK_16679', 'EGK_09434', 'EGK_13614', 'EGK_01987', 'EGK_20693', 'EGK_03521', 'EGK_14141', 'EGK_11028']"
EEEEDEEEEE,18,0.000477,"['DAXX', 'EGK_17976', 'TAF1', 'EGK_00954', 'RBM10', 'EGK_02161', 'PPARGC1B', 'PELP1', 'DIEXF', 'MICAL3', 'HNRNPUL2', 'EGK_05217', 'PPP6R1', 'EGK_07442', 'KAT6B', 'TTBK1', 'ITGAE', 'ZNF428']"
XXXXXXXXXR,17,0.00045,"['EGK_19504', 'EGK_06512', 'EGK_04575', 'EGK_19349', 'EGK_16245', 'EGK_06721', 'EGK_10509', 'EGK_17662', 'POU4F1', 'EGK_10935', 'EGK_06326', 'EGK_01821', 'EGK_10855', 'EGK_10013', 'EGK_11445', 'EGK_19637', 'EGK_03476']"
GGGGGGGGGS,17,0.00045,"['SP8', 'ZNF384', 'PI4KA', 'CXXC4', 'HOXB3', 'EGR1', 'BHLHE22', 'EMC10', 'DACH1', 'PURA', 'ILF3', 'CCDC85A', 'CNOT3', 'EGK_12717', 'EGK_12952', 'SHANK1', 'KRT10']"
CQGDSGGPLV,17,0.00045,"['PRSS55', 'TMPRSS9', 'LOC713144', 'KLK12', 'EGK_12398', 'TMPRSS2', 'CTRL', 'TMPRSS5', 'OVCH1', 'TMPRSS6', 'PLAT', 'PLG', 'PRSS36', 'TPSD1', 'F12', 'TMPRSS11E', 'EGK_06941']"
GEEEEEEEEE,17,0.00045,"['EGK_01140', 'KCTD1', 'EGK_05946', 'EGK_17446', 'IRF5', 'SKIDA1', 'NISCH', 'TEX2', 'CENPB', 'PELP1', 'SETD1A', 'CHIC1', 'PODXL2', 'EGK_08171', 'EGK_12502', 'FKBP8', 'EGK_11807']"
HHHHHHHHHH,17,0.00045,"['EGK_05373', 'EGK_16293', 'FAM76B', 'SKIDA1', 'ONECUT1', 'POU4F2', 'SYNGAP1', 'DLGAP3', 'EGK_09576', 'ZIC3', 'HOXA1', 'NR4A3', 'EGK_11195', 'EGK_13250', 'USP34', 'EGK_09060', 'MEOX2']"
EEDEEEEEEE,17,0.00045,"['DAXX', 'KCTD1', 'HMGB3', 'MIER1', 'EGK_02161', 'PPARGC1B', 'BCL11B', 'HRC', 'GTF3C5', 'VGLL3', 'EGK_07442', 'KAT6B', 'TTBK1', 'CWC22', 'EGK_05217', 'ZNF428', 'PAK3']"
EEEEEEEDEE,17,0.00045,"['HUWE1', 'EGK_14735', 'EGK_05608', 'PLPPR3', 'NISCH', 'ACIN1', 'EGK_05217', 'PELP1', 'EGK_02161', 'GZF1', 'PRDM2', 'TSPOAP1', 'KAT6B', 'APLP2', 'TTBK1', 'C11orf95', 'EGK_03941']"
QQQQQQQQQP,16,0.000424,"['EGK_06811', 'NCOA6', 'EGK_04907', 'ATXN2', 'EGK_16109', 'IRS1', 'D2CTI5', 'SCAF4', 'MAMLD1', 'PHC1', 'TNRC6A', 'PALM2-AKAP2', 'EGK_12993', 'TNS1', 'Thap11', 'PHLDA1']"
XXXXXXXXXD,16,0.000424,"['EGK_12109', 'EGK_12381', 'EGK_18340', 'EGK_04080', 'EGK_04590', 'EGK_19820', 'EGK_16203', 'EGK_16231', 'EGK_20187', 'EGK_10680', 'EGK_04061', 'EGK_01682', 'EGK_01831', 'EGK_11982', 'EGK_03934', 'EGK_06154']"
QGDSGGPLVC,16,0.000424,"['PRSS55', 'TMPRSS9', 'LOC713144', 'KLK12', 'TMPRSS5', 'CTRL', 'EGK_12398', 'OVCH1', 'TMPRSS6', 'PLAT', 'PLG', 'EGK_13212', 'PRSS36', 'TPSD1', 'F12', 'EGK_06941']"
EEEEEDEEEE,16,0.000424,"['DAXX', 'EGK_02161', 'EGK_17976', 'EGK_07906', 'ACIN1', 'EGK_05217', 'PELP1', 'RIPPLY1', 'DIEXF', 'ZMYND15', 'EGK_07442', 'VIRMA', 'KAT6B', 'TTBK1', 'ITGAE', 'EGK_08578']"
EEEEGEEEEE,16,0.000424,"['EGK_19165', 'EGK_12502', 'DBX1', 'ABCF1', 'SKIDA1', 'TRIM26', 'RANGAP1', 'PPARGC1B', 'CENPB', 'SETD1A', 'EGK_10772', 'CHIC1', 'DCAF8L1', 'EGK_18744', 'KAT6B', 'PELP1']"
LPPPPPPPPP,16,0.000424,"['EGK_14499', 'PRR11', 'TRERF1', 'FMNL1', 'SP5', 'EGK_00782', 'PELP1', 'EGK_21391', 'LMOD2', 'WHAMM', 'EGK_14934', 'MTFR1', 'SRSF2IP', 'GGN', 'C11orf95', 'F6TIC9']"
APPPPPPPPP,15,0.000397,"['SLC25A41', 'ORAI1', 'BAG6', 'MLL5', 'WASF2', 'A0A1D5R2A2', 'EGK_17976', 'WASH1', 'SF1', 'EGK_14088', 'PCDH15', 'WIPF3', 'PPP3CB', 'UBR4', 'AMOT']"
AAAAAAAAAG,15,0.000397,"['KDM1A', 'EGK_08607', 'SH3RF1', 'SKIDA1', 'EGK_04602', 'HOXA13', 'JUND', 'SOWAHA', 'ZNF358', 'SLC12A2', 'PTBP2', 'FOXB2', 'SOX1', 'PRDM8', 'CDH5']"
HRRIHTGEKP,15,0.000397,"['ZBTB39', 'ZNF692', 'EGK_11178', 'ZNF160', 'ZNF410', 'EGK_21069', 'ZNF8', 'EGK_20557', 'ZNF468', 'ZNF835', 'ZKSCAN4', 'EGK_12433', 'ZSCAN30', 'ZNF562', 'REPIN1']"
XXXXXXXXXT,15,0.000397,"['EGK_19281', 'EGK_10806', 'EGK_10320', 'EGK_06417', 'EGK_15055', 'EGK_05835', 'EGK_05208', 'EGK_15383', 'EGK_15711', 'EGK_15274', 'EGK_04501', 'EGK_15273', 'B6CJY1', 'EGK_20902', 'EGK_13867']"
PPPPPPPPPL,15,0.000397,"['JMY', 'EGK_09624', 'SHTN1', 'TSPYL2', 'CDK12', 'EGK_02496', 'FBXO11', 'R3HDM1', 'D2CTI5', 'PRR11', 'FASLG', 'MTFR1', 'LMOD2', 'EGK_12952', 'UBR4']"
IXXXXXXXXX,14,0.000371,"['EGK_12368', 'EGK_05208', 'EGK_04497', 'EGK_16188', 'EGK_01934', 'EGK_21141', 'EGK_00908', 'EGK_04242', 'EGK_01896', 'EGK_19191', 'EGK_09000', 'EGK_19637', 'EGK_11285', 'EGK_18340']"
DSCQGDSGGP,14,0.000371,"['PRSS1', 'TMPRSS9', 'PRSS56', 'LOC713144', 'EGK_19719', 'TMPRSS2', 'PRSS12', 'EGK_12398', 'PLG', 'ST14', 'EGK_06941', 'EGK_20999', 'TPSD1', 'EGK_13366']"
QXXXXXXXXX,14,0.000371,"['EGK_16148', 'EGK_09825', 'EGK_00996', 'EGK_18208', 'EGK_04590', 'EGK_19379', 'EGK_19363', 'EGK_03114', 'EGK_01824', 'EGK_07436', 'EGK_04940', 'EGK_10331', 'EGK_07760', 'EGK_00143']"
EEEEEEDEEE,14,0.000371,"['EGK_02161', 'EGK_17976', 'PLPPR3', 'ACIN1', 'EGK_05217', 'PELP1', 'ZMYND15', 'PRDM2', 'BBX', 'KAT6B', 'APLP2', 'TTBK1', 'C11orf95', 'EGK_08578']"
SGGGGGGGGG,14,0.000371,"['SP8', 'Q8WMQ1', 'HOXD9', 'HOXB3', 'EGR1', 'A0A1D5R4N8', 'PURA', 'AFG3L2', 'A0A1D5RCH2', 'EGK_12717', 'EGK_02493', 'EGK_12952', 'DHX36', 'KRT10']"
SCQGDSGGPL,14,0.000371,"['KLK11', 'TMPRSS9', 'PRSS56', 'LOC713144', 'CTRL', 'EGK_19719', 'TMPRSS2', 'PRSS12', 'EGK_12398', 'PLG', 'ST14', 'EGK_06941', 'TPSD1', 'EGK_13366']"
EEEEEEEEDD,14,0.000371,"['PPM1F', 'NEUROD1', 'HINFP', 'FKBP8', 'ZBTB9', 'ERCC6', 'SEC63', 'EGK_18022', 'PIAS4', 'KDM2A', 'IGSF3', 'EGK_03521', 'CSRNP3', 'EGK_18744']"
ASSSSSSSSS,14,0.000371,"['KMT2A', 'EGK_17976', 'CSNKA2IP', 'NOLC1', 'PPRC1', 'SP4', 'KCNMA1', 'POU6F2', 'ERF', 'ATN1', 'EGK_12772', 'LZTS2', 'TNRC18', 'MLLT6']"
PPPPPPPPLP,14,0.000371,"['JMY', 'EGK_09624', 'SHTN1', 'LMOD2', 'EGK_02496', 'FBXO11', 'R3HDM1', 'D2CTI5', 'YLPM1', 'PRR11', 'FASLG', 'FHDC1', 'EGK_12952', 'WASF1']"
RIHTGEKPYK,13,0.000344,"['ZNF677', 'ZNF311', 'EGK_09788', 'EGK_10524', 'ZNF691', 'ZNF319', 'EGK_12433', 'EGK_20557', 'ZNF768', 'ZNF420', 'EGK_10414', 'ZNF564', 'ZSCAN29']"
PPPPPPLPPP,13,0.000344,"['ARHGEF11', 'EGK_09624', 'WASF1', 'EGK_14736', 'DTX3', 'EGK_19003', 'YLPM1', 'PRR11', 'FASLG', 'WIPF3', 'GRID2IP', 'EGK_02496', 'SHTN1']"
PPPPPPPPPS,13,0.000344,"['SLC25A41', 'FHDC1', 'EGK_03044', 'EGK_00782', 'USP51', 'EGK_07458', 'MLL5', 'RNF215', 'SRSF2IP', 'EGK_19059', 'WAS', 'PEG10', 'LMOD2']"
XXXXXXXXXK,13,0.000344,"['EGK_16379', 'EGK_18208', 'EGK_19379', 'EGK_07643', 'EGK_14495', 'EGK_10387', 'EGK_01824', 'EGK_10198', 'EGK_15273', 'MUC5AC', 'EGK_13117', 'EGK_03521', 'EGK_16083']"
LQQQQQQQQQ,13,0.000344,"['FOXP2', 'ARID3B', 'NCOA6', 'WDR46', 'KMT2D', 'PALM2-AKAP2', 'EGK_14374', 'TBC1D5', 'MAMLD1', 'TOX3', 'MED15', 'EGK_04907', 'EGK_12993']"
GPPGPPGPPG,13,0.000344,"['COL8A2', 'EDA', 'COL11A1', 'GLDN', 'COL18A1', 'C1QTNF3', 'F6XQX7', 'EGK_19299', 'EGK_09457', 'CPSF6', 'EMID2', 'EGK_07504', 'COL17A1']"
EEEEEEEDED,13,0.000344,"['EGK_06367', 'PHACTR1', 'ARIH2', 'RTN4', 'NAP1L2', 'TULP1', 'GSE1', 'EGK_03456', 'ANP32E', 'ABCC9', 'KANK1', 'EGK_16239', 'EGK_17938']"
QPPPPPPPPP,13,0.000344,"['PRR12', 'SIK2', 'FIGN', 'FBXO11', 'DAB2IP', 'SF3B2', 'SETD1A', 'EGK_07458', 'CCDC6', 'FOXB2', 'D2CTI5', 'EGK_02496', 'PEG10']"
EEEGEEEEEE,13,0.000344,"['C9orf131', 'CHIC1', 'EGK_03220', 'ABCF1', 'SKIDA1', 'TRIM26', 'CENPB', 'PELP1', 'SETD1A', 'EGK_18744', 'KAT6B', 'EGK_12502', 'USP34']"
FXXXXXXXXX,13,0.000344,"['EGK_13867', 'EGK_10806', 'EGK_15782', 'EGK_02732', 'EGK_15847', 'EGK_04053', 'EGK_15274', 'EGK_05292', 'EGK_18868', 'EGK_12315', 'EGK_19633', 'EGK_19067', 'EGK_19209']"
PPPPPPPLPP,13,0.000344,"['EGK_09624', 'WASF1', 'R3HDM1', 'EGK_19059', 'YLPM1', 'PRR11', 'FASLG', 'EGK_14870', 'WIPF3', 'GRID2IP', 'SEMA4G', 'EGK_02496', 'SHTN1']"
GGGGGGGGSG,13,0.000344,"['RALY', 'PI4KA', 'HOXB3', 'NPAS3', 'SRP68', 'EMC10', 'DACH1', 'PURA', 'CNOT3', 'EGK_12952', 'SNX27', 'CCDC85A', 'EGK_16757']"
EEEEEGEEEE,13,0.000344,"['EGK_12502', 'DBX1', 'EGK_20254', 'SKIDA1', 'RANGAP1', 'PPARGC1B', 'CENPB', 'SETD1A', 'EGK_10772', 'KCNH8', 'EGK_18744', 'KAT6B', 'PELP1']"
QRIHTGEKPY,13,0.000344,"['F7GGV3', 'ZNF205', 'ZNF354B', 'ZNF691', 'ZNF643', 'ZNF571', 'ZNF835', 'ZNF768', 'ZNF853', 'ZNF662', 'F6XKJ0', 'EGK_10977', 'ZSCAN30']"
HQRTHTGERP,13,0.000344,"['ZNF853', 'ZNF628', 'ZNF671', 'EGK_14143', 'EGK_11106', 'LOC713120', 'ZNF835', 'ZNF768', 'EGK_00618', 'ZNF274', 'ZNF777', 'EGK_10977', 'EGK_12458']"
EGEEEEEEEE,12,0.000318,"['CHIC1', 'EGK_17446', 'SKIDA1', 'CCDC88B', 'CENPB', 'PELP1', 'SETD1A', 'EGK_18744', 'EGK_08171', 'EGK_12502', 'FKBP8', 'TRIM26']"
RIHTGEKPYE,12,0.000318,"['ZNF181', 'ZBTB16', 'ZNF354B', 'EGK_10070', 'ZNF8', 'ZNF643', 'ZKSCAN3', 'ZNF835', 'F7GGV3', 'F6XKJ0', 'ZNF563', 'EGK_10977']"
QQQQQQQQPP,12,0.000318,"['EGK_21356', 'FOXJ2', 'NCOA6', 'PALM2-AKAP2', 'EGK_16109', 'IER5L', 'D2CTI5', 'SCAF4', 'AAK1', 'EGK_04907', 'D2CTC8', 'ATXN2']"
IHTGEKPYEC,12,0.000318,"['ZFP28', 'ZBTB16', 'ZNF354B', 'ZNF80', 'ZNF844', 'ZNF8', 'ZNF643', 'ZKSCAN3', 'EGK_02327', 'ZNF114', 'A0A1D5Q8U2', 'EGK_07955']"
HQRTHTGEKP,12,0.000318,"['ZNF677', 'ZNF689', 'ZNF180', 'ZNF200', 'EGK_16386', 'EGK_12683', 'KLF6', 'ZKSCAN3', 'ZKSCAN2', 'ZNF18', 'EGK_11677', 'EGK_10977']"
VXXXXXXXXX,12,0.000318,"['EGK_20716', 'EGK_04486', 'EGK_09389', 'EGK_19349', 'EGK_04648', 'EGK_16823', 'EGK_04501', 'EGK_08033', 'EGK_00616', 'EGK_11982', 'EGK_18921', 'EGK_11538']"
RRIHTGEKPY,12,0.000318,"['ZBTB39', 'ZNF160', 'EGK_21069', 'ZNF8', 'EGK_20557', 'ZNF468', 'ZNF835', 'ZKSCAN4', 'EGK_12433', 'ZSCAN30', 'ZNF562', 'REPIN1']"
EEEEEEEEEA,12,0.000318,"['DAXX', 'TTBK1', 'CHIC1', 'EGK_04290', 'RGL2', 'CELSR2', 'PRKCSH', 'SHROOM4', 'EGK_14929', 'EGK_02161', 'HDGF', 'EGK_19569']"
PGPPGPPGPP,12,0.000318,"['COL8A2', 'EGK_02910', 'COL11A1', 'GLDN', 'COL18A1', 'F6XQX7', 'EGK_19299', 'EGK_12120', 'EGK_09457', 'CPSF6', 'EGK_07504', 'COL17A1']"
THTGEKPYKC,12,0.000318,"['KLF12', 'ZNF217', 'PIBF1', 'ZNF202', 'ZNF441', 'ZNF41', 'ZSCAN32', 'EGK_21514', 'ZKSCAN7', 'MYNN', 'ZNF76', 'EGK_12683']"
SEEEEEEEEE,12,0.000318,"['PLEKHG2', 'EGK_14735', 'EGK_00119', 'EGK_04964', 'CELSR2', 'PEX19', 'SMYD5', 'LEPREL2', 'PHF23', 'SMARCA4', 'EGK_00207', 'EGK_17819']"
EEEEEEEEGE,12,0.000318,"['NADK', 'PLEKHG5', 'MIER1', 'EIF4G1', 'CENPB', 'PELP1', 'SETD1A', 'SMYD5', 'SLC4A3', 'EGK_20319', 'KAT6B', 'EGK_12502']"
KIWFQNRRMK,11,0.000291,"['F6X730', 'DBX1', 'HOXD8', 'HOXD9', 'EGK_09198', 'HOXB3', 'HOXB1', 'HOXA7', 'HOXC10', 'HOXC12', 'EGK_03721']"
LYRDVMLENY,11,0.000291,"['ZNF141', 'ZNF445', 'A0A1D5QFW9', 'ZNF673', 'ZNF333', 'LOC700344', 'EGK_10070', 'ZNF845', 'EGK_13924', 'ZNF662', 'EGK_11749']"
QVWFQNRRAK,11,0.000291,"['LHX3', 'EGK_02742', 'UNCX', 'EGK_01958', 'PROP1', 'EGK_11961', 'OTP', 'MIXL1', 'EGK_03979', 'EGK_20785', 'EGK_19626']"
PPPPPPPPPA,11,0.000291,"['HMX3', 'A0A1D5R2A2', 'IRS4', 'WASH1', 'DAB2IP', 'FNBP4', 'AHDC1', 'FIGN', 'EGK_21391', 'SCX', 'F6TIC9']"
PPPPPPPPPG,11,0.000291,"['EGK_14499', 'EGK_17976', 'WASF2', 'FMNL1', 'ZC3H4', 'SF1', 'EGK_14088', 'PCDH15', 'MED19', 'PPP3CB', 'SF3B2']"
NXXXXXXXXX,11,0.000291,"['EGK_04494', 'EGK_15990', 'EGK_18829', 'EGK_07643', 'EGK_18143', 'EGK_19715', 'EGK_04409', 'EGK_13929', 'EGK_18442', 'EGK_03934', 'EGK_08356']"
SSSSSSSSSG,11,0.000291,"['HEG1', 'EGK_17759', 'EGK_12403', 'MLLT6', 'EGK_11870', 'CSRNP1', 'CAMTA2', 'SNAPC4', 'SALL1', 'TMEM40', 'EGK_17976']"
XXXXXXXXXI,11,0.000291,"['EGK_16148', 'EGK_19936', 'EGK_09063', 'EGK_12015', 'EGK_16054', 'EGK_18143', 'EGK_16679', 'EGK_13892', 'EGK_01643', 'EGK_09460', 'EGK_05678']"
XXXXXXXXXY,11,0.000291,"['EGK_19494', 'EGK_08736', 'EGK_12626', 'EGK_04648', 'EGK_01012', 'EGK_15990', 'EGK_18868', 'EGK_14088', 'EGK_15060', 'EGK_00616', 'EGK_18872']"
HLRTHTGEKP,11,0.000291,"['ZNF217', 'PIBF1', 'ZNF202', 'EGK_10538', 'EGK_10070', 'KLF11', 'ZNF571', 'KLF2', 'ZBTB48', 'EGK_09887', 'ZBTB24']"
AQQQQQQQQQ,11,0.000291,"['MGA', 'EGK_06811', 'KMT2D', 'ASCL1', 'R3HDM2', 'RUNX2', 'BSN', 'PHC1', 'IRF2BPL', 'EGK_10632', 'CHERP']"
AAAAAAAAAV,11,0.000291,"['CHD3', 'RBM47', 'ZFP91', 'IRF2BPL', 'RUNX2', 'O77639', 'EGK_21138', 'SRP14', 'FOXB2', 'OLIG2', 'EGK_19963']"
LADEMGLGKT,11,0.000291,"['SRCAP', 'EGK_15924', 'CHD2', 'EGK_20912', 'RAD54B', 'CHD6', 'SHPRH', 'INO80', 'EGK_19919', 'EGK_00158', 'SMARCA4']"
HRDLKPENLL,11,0.000291,"['ICK', 'BRSK1', 'CAMK1G', 'EGK_11808', 'CAMK2G', 'CAMK4', 'MELK', 'PRKACG', 'MAPKAPK5', 'PSKH1', 'RPS6KA5']"
DACQGDSGGP,11,0.000291,"['PRSS55', 'KLK12', 'TMPRSS5', 'TMPRSS6', 'PLAT', 'PRSS33', 'A0N065', 'HPN', 'HGFAC', 'F12', 'TMPRSS11E']"
GSGGGGGGGG,11,0.000291,"['SP8', 'EGK_17210', 'HOXD9', 'HOXB3', 'KRT1', 'EGK_07702', 'PURA', 'FBXL17', 'EGK_02493', 'EGK_12952', 'DHX36']"
XXXXXXXXXN,11,0.000291,"['EGK_03632', 'EGK_04705', 'EGK_00996', 'EGK_18994', 'EGK_04233', 'EGK_02732', 'EGK_13910', 'EGK_00908', 'EGK_21258', 'EGK_00143', 'EGK_15435']"
EEEEEEGEEE,11,0.000291,"['EGK_20254', 'RSPH4A', 'SKIDA1', 'CENPB', 'PPARGC1B', 'PELP1', 'SETD1A', 'KCNH8', 'EGK_18744', 'KAT6B', 'EGK_12502']"
FAYGQTGSGK,11,0.000291,"['EGK_07821', 'F6X213', 'KIF16B', 'EGK_14869', 'KIF14', 'KIF13A', 'STARD9', 'EGK_08544', 'KIF17', 'KIF15', 'KIFC1']"
EEGEEEEEEE,11,0.000291,"['CHIC1', 'EGK_03220', 'EGK_01220', 'SKIDA1', 'TRIM26', 'EGK_12502', 'SETD1A', 'EGK_19714', 'EGK_18744', 'PELP1', 'USP34']"
ILADEMGLGK,11,0.000291,"['SRCAP', 'EGK_15924', 'CHD2', 'EGK_20912', 'RAD54B', 'CHD6', 'SHPRH', 'INO80', 'EGK_19919', 'EGK_00158', 'SMARCA4']"
GGGGGGGSGG,11,0.000291,"['KIAA0913', 'RAD23B', 'SLITRK3', 'RALY', 'HOXB3', 'NPAS3', 'PURA', 'CCDC85A', 'DACH1', 'EGK_12952', 'SRCIN1']"
QRTHTGEKPY,11,0.000291,"['ZNF677', 'ZNF689', 'ZNF180', 'ZNF200', 'EGK_16386', 'EGK_12683', 'KLF6', 'ZKSCAN3', 'ZKSCAN2', 'EGK_11677', 'EGK_10977']"
LLLLLLLLLL,11,0.000291,"['EGK_04468', 'OLFML2A', 'TMED3', 'OTOF', 'GHDC', 'EGK_09255', 'RDH11', 'GFRA3', 'EGK_01902', 'EGK_17019', 'DPEP2']"
PPGPPGPPGP,10,0.000265,"['COL8A2', 'EDA', 'GLDN', 'COL18A1', 'EMID2', 'F6XQX7', 'COL1A2', 'CPSF6', 'EGK_07504', 'COL17A1']"
KEEEEEEEEE,10,0.000265,"['PODN', 'EGK_04359', 'EGK_17603', 'EGK_15325', 'NACAD', 'RAB43', 'EGK_09707', 'APLP2', 'TTBK1', 'HRC']"
HVRTHTGEKP,10,0.000265,"['ZNF143', 'ZNF333', 'EGK_05446', 'EGK_10066', 'EGK_09889', 'MYNN', 'ZBTB49', 'SNAI3', 'ZNF101', 'EGK_12690']"
HQRIHTGERP,10,0.000265,"['ZNF775', 'ZNF212', 'EGK_14319', 'ZNF783', 'EGK_01881', 'ZNF837', 'ZNF662', 'ZNF502', 'ZNF282', 'ZSCAN30']"
QQQQQQQQQH,10,0.000265,"['FOXP2', 'EGK_15529', 'KMT2D', 'SPRR4', 'EGK_16109', 'MED12', 'ATN1', 'VEZF1', 'ATXN1', 'AMOT']"
XXXXXXXXXF,10,0.000265,"['EGK_04494', 'EGK_00128', 'EGK_17088', 'EGK_16144', 'EGK_15847', 'EGK_11535', 'EGK_20319', 'EGK_05308', 'EGK_08626', 'EGK_20693']"
RTHTGEKPYK,10,0.000265,"['ZNF677', 'KLF12', 'ZNF217', 'PIBF1', 'ZNF202', 'ZNF572', 'MYNN', 'ZNF14', 'ZNF76', 'EGK_12683']"
QQQQQQQQQA,10,0.000265,"['EGK_12132', 'TBP', 'ASCL1', 'RAI1', 'MAMLD1', 'MED15', 'EGK_18363', 'ST6GALNAC5', 'EGK_12952', 'EGK_11300']"
QQQQQQQQQL,10,0.000265,"['FOXP2', 'TFEB', 'EGK_14374', 'KMT2D', 'IRF2BPL', 'R3HDM2', 'EGK_11927', 'AAK1', 'CHERP', 'EGK_02479']"
QRTHTGERPY,10,0.000265,"['ZNF628', 'ZNF671', 'EGK_11106', 'ZNF835', 'ZNF768', 'EGK_00618', 'ZNF274', 'ZNF853', 'EGK_10977', 'EGK_12458']"
WLTPVIPALW,10,0.000265,"['A0A1D5QJP2', 'EGK_11395', 'EGK_00416', 'C1orf127', 'CCDC88A', 'F7HCY9', 'PTGIR', 'A0A1D5QBK3', 'A0A1D5RDD0', 'EGK_09850']"
LTPVIPALWE,10,0.000265,"['A0A1D5QJP2', 'EGK_11395', 'EGK_00416', 'C1orf127', 'CCDC88A', 'F7HCY9', 'PTGIR', 'A0A1D5QBK3', 'A0A1D5RDD0', 'EGK_09850']"
EEEEEEEEEV,10,0.000265,"['CCDC136', 'EGK_12835', 'CCND1', 'TRIM26', 'EGK_14374', 'EGK_07320', 'NACAD', 'LOC709331', 'CCER1', 'EGK_20338']"
PSSSSSSSSS,10,0.000265,"['NDUFV3', 'EGK_21054', 'MYEOV', 'SALL1', 'CHD8', 'CAMTA2', 'SHE', 'KLHL1', 'NR1D1', 'RANBP10']"
HQRVHTGEKP,10,0.000265,"['ZNF445', 'EGK_11178', 'EGK_12418', 'ZNF621', 'ZNF749', 'ZKSCAN3', 'ZNF18', 'ZNF513', 'ZNF112', 'ZSCAN22']"
TPVIPALWEA,10,0.000265,"['A0A1D5QJP2', 'EGK_11395', 'EGK_00416', 'CCDC88A', 'F7HCY9', 'CHADL', 'A0A1D5QBK3', 'A0A1D5RDD0', 'EGK_09850', 'PTGIR']"
AGGGGGGGGG,10,0.000265,"['CXXC4', 'FEZF2', 'FUBP1', 'POU4F2', 'ILF3', 'A0A1D5QKD0', 'EGK_11961', 'SOX1', 'EGK_00731', 'SHANK1']"
QRIHTGERPY,9,0.000238,"['ZNF775', 'ZNF212', 'EGK_14319', 'ZNF783', 'ZNF837', 'ZNF662', 'ZNF502', 'ZNF282', 'ZSCAN30']"
PPPPLPPPPP,9,0.000238,"['SHTN1', 'EGK_19003', 'YLPM1', 'MAMLD1', 'PRR11', 'FASLG', 'WIPF3', 'EGK_02496', 'F6TIC9']"
PQQQQQQQQQ,9,0.000238,"['EGK_12132', 'EGK_14374', 'CELF3', 'SCAF4', 'brm', 'TNRC6A', 'EGK_18363', 'ST6GALNAC5', 'ATXN2']"
LLLLLLLLPP,9,0.000238,"['PTPRN2', 'ACP4', 'MESDC2', 'PLOD3', 'CELSR2', 'EGK_08729', 'LRRC24', 'GFRA3', 'A0A1D5RAF6']"
SSSSSSSSSD,9,0.000238,"['NDUFV3', 'JMJD6', 'HDGFL2', 'NOLC1', 'ARL6IP4', 'EGK_04870', 'PHLPP2', 'PRR13', 'PPIG']"
QRVHTGEKPY,9,0.000238,"['ZNF445', 'EGK_12418', 'ZNF621', 'ZNF749', 'ZKSCAN3', 'ZNF18', 'ZNF513', 'ZNF112', 'ZSCAN22']"
GLPGPPGPPG,9,0.000238,"['SCARA3', 'COL11A1', 'COL18A1', 'ERFE', 'EGK_13908', 'C1QTNF7', 'COL4A5', 'EGK_07504', 'COL17A1']"
PPPPPLPPPP,9,0.000238,"['LMTK3', 'SHTN1', 'EGK_19003', 'YLPM1', 'MAMLD1', 'PRR11', 'FASLG', 'WIPF3', 'EGK_02496']"
HTGEKPYKCE,9,0.000238,"['ZNF420', 'ZNF217', 'ZNF224', 'ZNF441', 'EGK_14623', 'ZNF782', 'ZNF768', 'MYNN', 'IKZF5']"
AEEEEEEEEE,9,0.000238,"['A0A1D5R871', 'PLPPR3', 'CCND1', 'RANGAP1', 'SCAF1', 'LOC709331', 'WDR70', 'C11orf95', 'EGK_12952']"
VKIWFQNRRM,9,0.000238,"['F6X730', 'EGK_04565', 'DBX1', 'HOXD9', 'HOXC12', 'HOXB1', 'HOXC10', 'HOXA4', 'EGK_03721']"
VHTGEKPYKC,9,0.000238,"['ZNF445', 'ZNF224', 'ZNF441', 'ZNF319', 'EGK_11177', 'ZNF24', 'EGK_01824', 'ZNF513', 'ZSCAN22']"
RHQRIHTGEK,9,0.000238,"['EGK_12418', 'ZNF880', 'ZSCAN32', 'EGK_10977', 'EGK_12699', 'ZSCAN25', 'ZNF662', 'ZNF394', 'ZNF473']"
GAAAAAAAAA,9,0.000238,"['A0A1D5QWK7', 'SH3RF1', 'EGK_12952', 'ARID1A', 'HOXA13', 'JUND', 'MKRN1', 'SOX1', 'ZNF358']"
RNDNSSRFGK,9,0.000238,"['MYH3', 'EGK_05776', 'MYO1D', 'MYO1C', 'MYO1B', 'MYO5C', 'MYO5A', 'MYO7A', 'MYO15A']"
QHQRIHTGEK,9,0.000238,"['EGK_13674', 'EGK_08070', 'ZNF205', 'ZNF620', 'ZNF787', 'ZNF768', 'ZNF655', 'ZNF662', 'ZNF473']"
HRDLAARNVL,9,0.000238,"['PDGFRA', 'EGK_17676', 'EPHA8', 'SYK', 'EGFR', 'FRK', 'TYK2', 'FLT3', 'FGFR1']"
HLRTHTGERP,9,0.000238,"['EGK_11178', 'ZNF182', 'EGK_11174', 'ZSCAN32', 'KLF16', 'ZNF263', 'ZNF358', 'ZNF467', 'ZNF526']"
HTGEKPYKCS,9,0.000238,"['ZNF677', 'EGK_04728', 'ZNF691', 'ZNF167', 'ZSCAN32', 'ZNF18', 'EGK_12699', 'ZNF112', 'EGK_10977']"
ACQGDSGGPL,9,0.000238,"['PRSS55', 'KLK12', 'TMPRSS5', 'TMPRSS6', 'PLAT', 'PRSS33', 'HGFAC', 'F12', 'TMPRSS11E']"
HERIHTGEKP,9,0.000238,"['ZNF677', 'ZNF200', 'ZNF619', 'ZNF319', 'ZNF235', 'EGK_10070', 'ZNF167', 'ZSCAN4', 'ZNF667']"
EQQQQQQQQQ,9,0.000238,"['FOXP2', 'NFAT5', 'ABCF1', 'IRS1', 'TFCP2', 'MAGI1', 'ATXN1', 'EGK_11927', 'MED12']"
HCSAGVGRTG,9,0.000238,"['PTPN21', 'PTPRQ', 'EGK_03428', 'EGK_01817', 'PTPRZ1', 'PTPRF', 'EGK_03966', 'PTPRB', 'PTPRH']"
GPPGPQGPPG,9,0.000238,"['EDA', 'EMID2', 'F6XQX7', 'EGK_15420', 'ERFE', 'COL13A1', 'MARCO', 'EGK_12120', 'COL17A1']"
RQQQQQQQQQ,9,0.000238,"['SIK3', 'TBP', 'EGK_06657', 'EGK_14091', 'MED12', 'DENND4B', 'EGK_04907', 'Thap11', 'EGK_12952']"
EEEEEEEDDD,8,0.000212,"['PPM1F', 'NEUROD1', 'CLEC17A', 'ZBTB9', 'DMTN', 'EGK_18022', 'IGSF3', 'CSRNP3']"
VAAAAAAAAA,8,0.000212,"['CHD3', 'EGK_00512', 'HOXA13', 'LHX2', 'PRPF40A', 'FOXB2', 'ALKBH5', 'EGK_08717']"
SSSSSSSSAS,8,0.000212,"['KMT2A', 'ZCCHC10', 'EGK_08470', 'EGK_08431', 'ATN1', 'SHE', 'FOXF2', 'CLASRP']"
REEEEEEEEE,8,0.000212,"['EGK_04290', 'EGK_03941', 'EGK_07320', 'SCRIB', 'A0A1D5QTR4', 'TMEM132A', 'FAM193A', 'ZNF428']"
PPGTGKTLLA,8,0.000212,"['PEX1', 'EGK_13141', 'PEX6', 'YME1L1', 'KATNA1', 'PSMC6', 'PSMC1', 'F7HUG4']"
THTGEKPFKC,8,0.000212,"['EGK_16789', 'EGK_11168', 'EGK_10066', 'ZIC5', 'ZIC3', 'EGK_10414', 'ZNF510', 'ZNF74']"
GPPGTGKTLL,8,0.000212,"['PEX1', 'EGK_13141', 'PEX6', 'YME1L1', 'KATNA1', 'A0A1D5QW02', 'F6ZWQ4', 'PSMC3']"
HIRTHTGEKP,8,0.000212,"['EGK_16789', 'ZNF121', 'CTCFL', 'MTF1', 'EGR1', 'ZNF786', 'SNAI2', 'EGK_01881']"
SDVWSFGVLL,8,0.000212,"['EGK_11621', 'EGK_02187', 'RET', 'MAP3K10', 'MET', 'MATK', 'KDR', 'FGFR1']"
AYGQTGSGKT,8,0.000212,"['EGK_07821', 'F6X213', 'EGK_14869', 'KIF4B', 'KIF15', 'STARD9', 'EGK_08544', 'KIFC1']"
QQQQQQQQPQ,8,0.000212,"['brm', 'EGK_08529', 'SCAF4', 'SUSD4', 'PHC1', 'TNRC6A', 'EGK_12993', 'TNS1']"
RSRSRSRSRS,8,0.000212,"['SRSF1', 'ZRANB2', 'ACIN1', 'SRSF2', 'CHERP', 'C1orf63', 'CLASRP', 'EGK_04244']"
LELLVLEQFL,8,0.000212,"['EGK_11165', 'EGK_12418', 'EGK_11103', 'EGK_14627', 'EGK_02047', 'TIGD7', 'ZNF274', 'ZSCAN30']"
SSSSSSSSSA,8,0.000212,"['KMT2A', 'BICRA', 'EGK_08470', 'POU6F2', 'ATN1', 'SHE', 'LZTS2', 'CLASRP']"
EDEEEEEEED,8,0.000212,"['TULP1', 'IL28RA', 'EGK_14307', 'EGK_02161', 'EGK_05217', 'EGK_03456', 'ABCC9', 'PAK3']"
DEMGLGKTIQ,8,0.000212,"['SRCAP', 'CHD3', 'CHD2', 'CHD6', 'SMARCA4', 'EGK_15924', 'EGK_05722', 'EGK_19625']"
EEEEEEEGEE,8,0.000212,"['PLEKHG5', 'EGK_15451', 'EGK_12502', 'SETD1A', 'EGK_18744', 'KAT6B', 'PELP1', 'CWC22']"
ASAAAAAAAA,8,0.000212,"['HMX3', 'TMEM64', 'TBL1X', 'RBM47', 'FOXD3', 'ZFP36L2', 'SP5', 'RCOR1']"
IHTGEKPYTC,8,0.000212,"['EGK_11108', 'ZNF205', 'ZNF678', 'EGK_00083', 'ZNF787', 'ZNF263', 'ZSCAN4', 'ZNF662']"
PEEEEEEEEE,8,0.000212,"['BEND4', 'EGK_05608', 'EGK_04909', 'SUPT5H', 'GZF1', 'IL27', 'KAT6B', 'EGK_07378']"
HKRTHTGEKP,8,0.000212,"['ZNF441', 'ZNF625', 'EGK_16054', 'ZNF8', 'ZIC5', 'ZIC3', 'CTCF', 'ZNF559']"
EEEEEKEEEE,8,0.000212,"['H9H5N0', 'EGK_16110', 'CLSPN', 'PPARGC1B', 'WDR87', 'POLR3GL', 'WDR66', 'EGK_20886']"
HTGEKPYKCP,8,0.000212,"['EGK_10414', 'ZNF319', 'EGK_19262', 'ZNF18', 'ZNF263', 'ZNF513', 'ZNF516', 'ZNF76']"
SRSRSRSRSR,8,0.000212,"['SRSF1', 'ZRANB2', 'ACIN1', 'SRSF2', 'CHERP', 'C1orf63', 'CLASRP', 'EGK_04244']"
AAAAAAVAAA,8,0.000212,"['EGK_09624', 'MLLT6', 'EGK_20439', 'C1orf95', 'EGK_00158', 'SRP14', 'ZMIZ2', 'ALKBH5']"
VQVWFQNRRA,8,0.000212,"['LHX3', 'UNCX', 'EGK_01958', 'EGK_11961', 'OTP', 'EGK_03979', 'EGK_20785', 'EGK_19626']"
YGPPGTGKTL,8,0.000212,"['PEX1', 'F7HUG4', 'LOC702125', 'KATNAL2', 'VCP', 'PSMC1', 'ATAD2B', 'PSMC6']"
QLWDTAGQER,8,0.000212,"['RAB27B', 'RAB34', 'RAB33B', 'EGK_03247', 'RAB6A', 'EGK_07816', 'RAB44', 'EGK_06859']"
HRDLAARNIL,8,0.000212,"['EGK_02187', 'EGK_07642', 'RET', 'KIT', 'JAK3', 'MATK', 'KDR', 'EGK_13543']"
SSSSSSSSDS,8,0.000212,"['NDUFV3', 'JMJD6', 'HDGFL2', 'FAM133B', 'AFF3', 'F6UGN6', 'PRR13', 'PPIG']"
VHCSAGVGRT,8,0.000212,"['PTPN21', 'PTPRQ', 'EGK_01817', 'PTPRZ1', 'PTPRF', 'EGK_03966', 'PTPRB', 'PTPRH']"
NDNSSRFGKY,8,0.000212,"['MYO3B', 'EGK_05776', 'MYO1D', 'MYO1C', 'MYO1B', 'MYO5C', 'MYO5A', 'MYO7A']"
PPXXXXXXXX,8,0.000212,"['KMT2B', 'EGK_13004', 'EGK_09624', 'EGK_09641', 'EGK_09429', 'EGK_07458', 'EGK_01645', 'EGK_08578']"
VRTHTGEKPY,8,0.000212,"['ZNF143', 'EGK_10066', 'EGK_09889', 'MYNN', 'ZBTB49', 'SNAI3', 'ZNF101', 'EGK_12690']"
PPPLPPPPPP,8,0.000212,"['LOC100429227', 'EGK_19003', 'MAMLD1', 'PRR11', 'WIPF3', 'DBN1', 'EGK_02496', 'F6TIC9']"
LRTHTGEKPY,8,0.000212,"['ZNF217', 'PIBF1', 'ZNF202', 'ZNF57', 'EGK_10538', 'ZNF571', 'KLF2', 'EGK_09887']"
SHTGEKPYKC,8,0.000212,"['EGK_11108', 'EGK_09788', 'BCL11B', 'EGK_09888', 'IKZF5', 'ZSCAN25', 'ZNF114', 'EGK_12699']"
HTGEKPYECN,8,0.000212,"['ZNF248', 'ZBTB16', 'ZNF354B', 'ZNF749', 'ZFP69', 'ZSCAN30', 'A0A1D5Q8U2', 'ZNF559']"
GPPGLPGPPG,8,0.000212,"['SCARA3', 'EGK_07220', 'F6XQX7', 'EGK_19299', 'COL13A1', 'COL4A2', 'COL16A1', 'EGK_07504']"
GTPYWMAPEV,8,0.000212,"['MAP4K4', 'EGK_06043', 'EGK_17130', 'EGK_04242', 'EGK_20788', 'PAK5', 'MAP3K19', 'PAK2']"
AAVAAAAAAA,8,0.000212,"['CHD3', 'EGK_00512', 'mamu-MICA', 'MED14', 'TH', 'FOXB2', 'ALKBH5', 'EGK_08717']"
QQQQQQPPPP,8,0.000212,"['SOCS7', 'PHLPP1', 'NONO', 'EGK_16109', 'MEF2A', 'D2CTI5', 'AAK1', 'SF1']"
RSHTGEKPYK,8,0.000212,"['EGK_11108', 'EGK_09788', 'BCL11B', 'EGK_09888', 'IKZF5', 'ZSCAN25', 'ZNF114', 'EGK_12699']"
KQQQQQQQQQ,8,0.000212,"['KMT2D', 'EGK_16109', 'ARGFX', 'VEZF1', 'SHROOM4', 'EGK_11300', 'EGK_15396', 'EGK_10861']"
THTGEKPYEC,8,0.000212,"['ZNF337', 'ZNF613', 'ZNF181', 'ZNF441', 'ZKSCAN3', 'EGK_12699', 'ZNF805', 'EGK_09887']"
PVIPALWEAE,8,0.000212,"['ZCCHC11', 'EGK_11395', 'EGK_00416', 'CCDC88A', 'F7HCY9', 'PTGIR', 'A0A1D5RDD0', 'EGK_09850']"
CEGCKGFFRR,8,0.000212,"['EGK_03703', 'THRB', 'RORC', 'NR1I3', 'PPARG', 'NR1H4', 'NR1D2', 'NR1H2']"
QQQQQQQPPP,8,0.000212,"['POU6F2', 'SOCS7', 'ZNF384', 'EGK_16109', 'MEF2A', 'D2CTI5', 'SCAF4', 'AAK1']"
RERERERERE,8,0.000212,"['RERE', 'EGK_11878', 'EGK_09059', 'GSE1', 'ZC3H13', 'RBM25', 'ZC3H18', 'NCOR1']"
EAAAAAAAAA,8,0.000212,"['HDGFL1', 'IRF2BPL', 'RUNX2', 'FBRS', 'EGK_11120', 'O77639', 'CLASRP', 'C14orf4']"
GGGGGGGGGR,8,0.000212,"['U2AF1', 'XYLT1', 'POU4F2', 'CXXC4', 'EGK_02493', 'EGK_13853', 'DHX36', 'FBL']"
QQQQQPPPPP,8,0.000212,"['SOCS7', 'SLITRK5', 'NONO', 'PHLPP1', 'FBXO11', 'D2CTI5', 'MEF2A', 'SF1']"
GSSSSSSSSS,8,0.000212,"['EGK_17759', 'TSHZ3', 'EGK_08470', 'NBEA', 'EGK_15322', 'EDC4', 'DACH1', 'RLIM']"
TQVKIWFQNR,8,0.000212,"['HMX1', 'HMX3', 'EGK_15582', 'HOXB1', 'EGK_08510', 'NKX3-1', 'NKX2-3', 'MSX1']"
CLSLPSSWDY,7,0.000185,"['ECD', 'EGK_05928', 'A0A1D5Q395', 'A0A1D5QV15', 'EGK_07915', 'ZXDC', 'F6X356']"
RIHTGEKPYQ,7,0.000185,"['ZNF445', 'ZFX', 'ZNF605', 'EGK_17423', 'ZBTB39', 'ZKSCAN3', 'ZNF420']"
RSSSSSSSSS,7,0.000185,"['ARL6IP4', 'EGK_12403', 'HOXD4', 'ACIN1', 'EGK_12776', 'PNN', 'CLASRP']"
DVWSFGVLLW,7,0.000185,"['EGK_11621', 'RET', 'MAP3K10', 'MET', 'MATK', 'KDR', 'FGFR1']"
GDSGGPLVCE,7,0.000185,"['TMPRSS9', 'EGK_01580', 'LOC713144', 'CORIN', 'EGK_06941', 'F12', 'PRSS36']"
HQQQQQQQQQ,7,0.000185,"['EGK_01267', 'BMP2K', 'RAI1', 'EP400', 'DCP1B', 'ATN1', 'PHLDA1']"
SSSSSSSSSC,7,0.000185,"['HOXD4', 'TSHZ3', 'EGK_16203', 'EGK_12776', 'EGK_21054', 'DACH1', 'FAM193B']"
SSSSSSSSSP,7,0.000185,"['SERTAD4', 'EGK_09815', 'EGK_20888', 'ERF', 'KLHL1', 'RANBP10', 'RLIM']"
NLYRDVMLEN,7,0.000185,"['ZNF141', 'ZNF445', 'ZNF354A', 'EGK_10831', 'EGK_13924', 'ZNF673', 'ZNF559']"
DEDEEEEEEE,7,0.000185,"['IFNLR1', 'EGK_03456', 'EIF3D', 'TMED8', 'NCL', 'ABCC9', 'MAPK8IP2']"
QQQQQQQQQK,7,0.000185,"['ARID3B', 'ABCF1', 'WDR46', 'FAM171B', 'EGK_04907', 'TFCP2', 'SHROOM4']"
WQNSIRHNLS,7,0.000185,"['FOXJ1', 'EGK_13435', 'EGK_18084', 'FOXS1', 'EGK_07754', 'FOXI1', 'EGK_13085']"
VHRDLAARNV,7,0.000185,"['PDGFRA', 'EGK_17676', 'EPHA8', 'SYK', 'EGFR', 'JAK1', 'FLT3']"
AVAAAAAAAA,7,0.000185,"['CHD3', 'SNTB1', 'EGK_00512', 'MED14', 'FOXB2', 'ALKBH5', 'EGK_08717']"
PPPPPPPPAP,7,0.000185,"['HMX3', 'FNBP4', 'WASH1', 'DAB2IP', 'MLL5', 'PPP1R9B', 'F6TIC9']"
GEEEEEEEED,7,0.000185,"['HINFP', 'IGSF3', 'CLIP3', 'EGK_18744', 'PRDM2', 'A0A1D5Q789', 'EGK_11557']"
RVQVWFQNRR,7,0.000185,"['EGK_20785', 'UNCX', 'EGK_01958', 'EGK_11961', 'OTP', 'EGK_03979', 'EGK_19626']"
LQLWDTAGQE,7,0.000185,"['RAB27B', 'RAB34', 'EGK_03247', 'RAB6A', 'EGK_07816', 'RAB44', 'EGK_06859']"
NLVDLAGSER,7,0.000185,"['EGK_12833', 'KIF9', 'CENPE', 'F7EDN5', 'KIF15', 'STARD9', 'KIF3C']"
KRPMNAFMVW,7,0.000185,"['EGK_17074', 'F7AGX3', 'SOX11', 'SOX9', 'EGK_21005', 'SOX1', 'SOX5']"
QLQQQQQQQQ,7,0.000185,"['NCOA6', 'KMT2D', 'PALM2-AKAP2', 'EGK_14374', 'TOX3', 'MED15', 'EGK_12993']"
RTHTGEKPYE,7,0.000185,"['ZNF337', 'ZNF613', 'ZNF441', 'ZKSCAN3', 'EGK_12699', 'ZNF416', 'ZNF559']"
SSSSSGSSSS,7,0.000185,"['EGK_12403', 'TNRC18', 'F6UGN6', 'PKHD1L1', 'EDC4', 'PNN', 'SOX4']"
PLLLLLLLLL,7,0.000185,"['PTPRN2', 'ACP4', 'OLFML2A', 'TMUB1', 'CELSR2', 'GHDC', 'DPEP2']"
AHCKLRLPGS,7,0.000185,"['ADRA1A', 'EGK_05928', 'EGK_16214', 'EGK_17563', 'EGK_17090', 'EGK_05279', 'EGK_11463']"
NSIRHNLSLN,7,0.000185,"['FOXJ1', 'FOXJ2', 'EGK_13435', 'FOXS1', 'EGK_18084', 'FOXI1', 'EGK_13085']"
IHTGEKPYQC,7,0.000185,"['ZNF445', 'ZFX', 'ZNF605', 'EGK_17423', 'ZBTB39', 'ZKSCAN3', 'ZNF420']"
XXXXXXXPPP,7,0.000185,"['KMT2B', 'EGK_09624', 'EGK_13413', 'FMNL2', 'EGK_21141', 'EGK_02564', 'EGK_06781']"
RGRGRGRGRG,7,0.000185,"['KMT2B', 'SNRPD1', 'LARP1B', 'F7HSX1', 'CHTOP', 'RBM26', 'ZNF579']"
EEEEEEEEAA,7,0.000185,"['DAXX', 'TTBK1', 'EGK_02161', 'CELSR2', 'LMNB1', 'IQSEC3', 'HDGF']"
EEEEEEEEAE,7,0.000185,"['EGK_12786', 'CHGA', 'PRKCSH', 'SHROOM4', 'EGK_14929', 'EGK_19569', 'EGK_12952']"
LYREVMLENY,7,0.000185,"['ZNF619', 'EGK_11167', 'A0A1D5R0K5', 'ZNF808', 'ZFP69', 'EGK_09887', 'EGK_07955']"
KGDSGGPLVC,7,0.000185,"['GZMB', 'A0A1D5QLJ1', 'EGK_12331', 'CFD', 'PRSS41', 'A0A1D5QIG8', 'EGK_16010']"
AAAAAAAASG,7,0.000185,"['TMEM64', 'EGK_04559', 'IRS4', 'ARID1A', 'EGK_01337', 'PBX3', 'CLASRP']"
ADEMGLGKTI,7,0.000185,"['SRCAP', 'CHD3', 'CHD2', 'CHD6', 'EGK_15924', 'EGK_05722', 'SMARCA4']"
HIRSHTGERP,7,0.000185,"['EGK_00512', 'EGK_16054', 'ZNF831', 'HIVEP2', 'HIVEP1', 'CTCF', 'EGK_00631']"
RDLAARNVLV,7,0.000185,"['EGK_17676', 'EPHA8', 'FRK', 'EGFR', 'JAK1', 'FLT3', 'FGFR1']"
PGPPGPQGPP,7,0.000185,"['EDA', 'EGK_00491', 'EMID2', 'EGK_12120', 'ERFE', 'COL20A1', 'COL17A1']"
LPGSSDSPAS,7,0.000185,"['TEP1', 'A0A1D5R9M7', 'EGK_13768', 'EGK_07776', 'EGK_19747', 'FAHD1', 'EGK_02484']"
GGSGGGGGGG,7,0.000185,"['SP8', 'SYNGAP1', 'RALY', 'HOXB3', 'EGK_07702', 'LOR', 'EGK_12952']"
DEEEEEEEED,7,0.000185,"['IFNLR1', 'EGK_18022', 'EGK_15583', 'GTF3C5', 'ZNF777', 'KAT6B', 'EGK_16239']"
XXXXXXXXXM,7,0.000185,"['EGK_07123', 'EGK_15623', 'EGK_11081', 'EGK_03976', 'EGK_09323', 'EGK_11538', 'EGK_09594']"
RVHTGEKPYK,7,0.000185,"['ZNF445', 'ZNF224', 'ZNF441', 'ZNF319', 'ZNF24', 'ZNF513', 'ZSCAN22']"
ERERERERER,7,0.000185,"['RERE', 'EGK_11878', 'EGK_09059', 'ZC3H13', 'RBM25', 'ZC3H18', 'NCOR1']"
HTKEQILELL,7,0.000185,"['ZNF187', 'ZNF174', 'ZNF483', 'EGK_14627', 'EGK_02047', 'ZKSCAN7', 'ZNF396']"
QVKVWFQNRR,7,0.000185,"['EGK_01634', 'VAX2', 'EGK_08475', 'EMX1', 'NKX6-3', 'MEOX2', 'NKX6-1']"
GGGGGGGGSS,7,0.000185,"['SP8', 'KRT10', 'BHLHE22', 'YEATS2', 'ILF3', 'EGK_12717', 'SHANK1']"
IQHQRIHTGE,7,0.000185,"['ZNF205', 'ZNF619', 'ZNF96', 'ZNF768', 'ZNF23', 'ZNF655', 'EGK_13493']"
KKKKKKKKKK,7,0.000185,"['EGK_09647', 'A0A1D5Q0L5', 'SLU7', 'A0A1D5R697', 'A0A1D5QAZ2', 'F7B945', 'EGK_19150']"
EEEEEEEEEL,7,0.000185,"['EGK_08770', 'EGK_18022', 'TIMELESS', 'BCL11B', 'EGK_07378', 'EGK_17819', 'TSPOAP1']"
AAAAAAAAVA,7,0.000185,"['CHD3', 'MLLT6', 'ZNF385D', 'O77639', 'SRP14', 'ALKBH5', 'EGK_19697']"
SPASASRVAG,7,0.000185,"['EGK_09283', 'EGK_16111', 'EGK_17090', 'BFSP1', 'FAHD1', 'EGK_17546', 'EGK_11005']"
AHCNLCLPGS,7,0.000185,"['EGK_19921', 'EGK_03837', 'EGK_19747', 'FAHD1', 'EGK_03041', 'EGK_00446', 'AGO2']"
FSCLSLPSSW,7,0.000185,"['ECD', 'A0A1D5QV15', 'EGK_07915', 'ZXDC', 'F6X356', 'EGK_13618', 'EGK_02450']"
RHQRIHTGER,7,0.000185,"['ZNF212', 'EGK_14319', 'ZNF783', 'EGK_01881', 'ZNF662', 'ZSCAN30', 'EGK_19338']"
PVIPALWEAK,7,0.000185,"['A0A1D5QJP2', 'EGK_20926', 'F7G821', 'EGK_05777', 'CHADL', 'EGK_08289', 'A0A1D5QBK3']"
RTHTGEKPFK,7,0.000185,"['EGK_16789', 'EGK_11168', 'EGK_10066', 'ZIC5', 'ZIC3', 'EGK_10414', 'ZNF74']"
ERIHTGEKPY,7,0.000185,"['ZNF677', 'ZNF200', 'ZNF619', 'ZNF319', 'EGK_10154', 'ZSCAN4', 'ZNF71']"
GILADEMGLG,7,0.000185,"['SRCAP', 'EGK_15924', 'EGK_20912', 'SHPRH', 'INO80', 'EGK_19919', 'SMARCA4']"
IRTHTGEKPF,7,0.000185,"['EGK_16789', 'CTCFL', 'MTF1', 'EGR1', 'ZNF426', 'ZNF786', 'SNAI2']"
LYGPPGTGKT,7,0.000185,"['PEX1', 'RFC5', 'KATNAL2', 'VCP', 'PSMC6', 'PSMC1', 'SPATA5']"
XXXXXXXXPP,7,0.000185,"['KMT2B', 'EGK_09624', 'EGK_13413', 'EGK_21141', 'EGK_07458', 'EGK_02564', 'EGK_06781']"
VWSFGVLLWE,7,0.000185,"['EGK_11621', 'RET', 'MAP3K10', 'MET', 'MATK', 'KDR', 'FGFR1']"
QRIHTGEKPF,7,0.000185,"['EGK_08070', 'ZNF224', 'ZNF672', 'ZNF620', 'ZNF75D', 'ZKSCAN2', 'ZNF662']"
EEEEEEEEVE,7,0.000185,"['BCAN', 'CCDC136', 'AMER1', 'EGK_14374', 'EGK_07320', 'LOC709331', 'C19H19orf66']"
LLLLLLLLLP,7,0.000185,"['PTPRN2', 'ACP4', 'CELSR2', 'RDH11', 'GFRA3', 'EGK_01902', 'GHDC']"
VWFQNRRAKW,7,0.000185,"['EGK_20785', 'EGK_02742', 'UNCX', 'EGK_14298', 'OTP', 'EGK_03979', 'EGK_19626']"
GGGGGGGGGA,7,0.000185,"['SRSF1', 'FEZF2', 'BICRA', 'AR', 'HNRNPL', 'SOX1', 'EGK_00731']"
DTAGQERFRS,7,0.000185,"['RAB9A', 'RAB27B', 'RAB4B', 'RAB26', 'RAB6A', 'EGK_07816', 'EGK_06859']"
SCLSLPSSWD,7,0.000185,"['ECD', 'A0A1D5QGR9', 'EGK_05928', 'A0A1D5QV15', 'EGK_07915', 'ZXDC', 'F6X356']"
HRRIHTGERP,7,0.000185,"['MZF1', 'ZNF749', 'GZF1', 'ZSCAN29', 'ZNF777', 'REPIN1', 'ZNF574']"
SSAAAAAAAA,7,0.000185,"['SP8', 'EGR2', 'BHLHE22', 'FBXL17', 'CXXC4', 'NLK', 'PRDM8']"
GPGPGPGPGP,6,0.000159,"['RFX5', 'RBM12', 'BSN', 'POU4F3', 'EGK_19854', 'SMARCA4']"
SSSSSSSSPS,6,0.000159,"['A0A1D5R2G2', 'EGK_09815', 'PRDM2', 'KLHL1', 'RANBP10', 'RLIM']"
RNLYRDVMLE,6,0.000159,"['ZNF445', 'ZNF354A', 'EGK_10831', 'ZNF92', 'EGK_13924', 'ZNF559']"
RIHTGEKPYA,6,0.000159,"['EGK_21069', 'ZNF835', 'EGK_11112', 'ZFP69', 'ZNF853', 'ZNF71']"
RIHTGEKPYT,6,0.000159,"['EGK_11108', 'EGK_00083', 'ZNF787', 'ZNF263', 'ZSCAN4', 'ZNF662']"
EEEEEEAEEE,6,0.000159,"['PCM1', 'PRKCSH', 'SHROOM4', 'EGK_19569', 'EGK_12952', 'EGK_08578']"
EGCKGFFRRS,6,0.000159,"['EGK_03703', 'VDR', 'RORC', 'NR1H4', 'NR1D2', 'NR1H2']"
WDTAGQERFR,6,0.000159,"['RAB9A', 'EGK_02255', 'RAB27B', 'RAB6A', 'EGK_07816', 'F7E770']"
ILELLVLEQF,6,0.000159,"['EGK_12418', 'EGK_14627', 'EGK_02047', 'TIGD7', 'ZNF274', 'ZSCAN30']"
QGPPGPPGPP,6,0.000159,"['GLDN', 'C1QTNF3', 'EMID2', 'COL9A1', 'COL13A1', 'COL17A1']"
QEEEEEEEEE,6,0.000159,"['RGL2', 'PLEKHG5', 'CFAP44', 'TSPOAP1', 'SHROOM4', 'HDGF']"
GRHYWEVEVG,6,0.000159,"['LOC100426750', 'BTN1A1', 'A0A1D5Q2Y0', 'TRIM68', 'EGK_16306', 'TRIM60']"
AYGQTGSGKS,6,0.000159,"['KIF16B', 'KIF25', 'F7EDN5', 'KIF14', 'KIF13A', 'KIF17']"
PPPPPPPPPQ,6,0.000159,"['BAG6', 'TRERF1', 'ZNF827', 'VIRMA', 'KIAA1429', 'ATOH8']"
VVHCSAGIGR,6,0.000159,"['PTPN20', 'PTPN11', 'PTPN9', 'PTPN1', 'PTPN7', 'PTPN4']"
SSASSSSSSS,6,0.000159,"['KMT2A', 'CSNKA2IP', 'EGK_12776', 'RAI1', 'ERF', 'TCF20']"
VSSSSSSSSS,6,0.000159,"['BHMG1', 'SERTAD4', 'EGK_10805', 'EGK_11870', 'CSRNP1', 'GTF2IRD1']"
GRPGPPGPPG,6,0.000159,"['C1QL4', 'EMID2', 'EGK_19299', 'EGK_12120', 'COL27A1', 'COL4A2']"
QQQQPPPPPP,6,0.000159,"['SOCS7', 'SIK2', 'FBXO11', 'D2CTI5', 'KAT6A', 'SF1']"
EEEEAEEEEE,6,0.000159,"['RANGAP1', 'PRKCSH', 'SHROOM4', 'WDR70', 'EGK_12952', 'EGK_08578']"
SSSSSSSSSN,6,0.000159,"['EGK_09268', 'E2F4', 'SIMC1', 'SP4', 'GTF2IRD1', 'EGK_15322']"
SSSSSSSSSL,6,0.000159,"['MBTPS2', 'MYEOV', 'EGK_10805', 'EDC4', 'SH3PXD2A', 'ING3']"
SSSSSSSSSE,6,0.000159,"['EGK_12776', 'JCAD', 'BHMG1', 'EGK_00962', 'SETD1A', 'DCAF5']"
RDLAARNILV,6,0.000159,"['EGK_02187', 'EGK_07642', 'RET', 'JAK3', 'MATK', 'EGK_13543']"
HQRSHTGEKP,6,0.000159,"['EGK_10538', 'EGK_12418', 'ZNF583', 'EGK_12699', 'ZNF836', 'ZSCAN25']"
QQQQQQQQQG,6,0.000159,"['AMOTL1', 'NFAT5', 'MGA', 'BSN', 'EGK_10861', 'NUCB1']"
EDDDDDDDDD,6,0.000159,"['A0A1D5RKI9', 'CASQ1', 'LOC716425', 'SOX11', 'F6WRE5', 'HRC']"
DDDDDDDDDD,6,0.000159,"['A0A1D5RKI9', 'LOC716425', 'C1orf174', 'GPALPP1', 'HRC', 'EGK_11807']"
RWLTPVIPAL,6,0.000159,"['EGK_11395', 'EGK_00416', 'CCDC88A', 'PTGIR', 'A0A1D5RDD0', 'A0A1D5RAF3']"
LLYGPPGTGK,6,0.000159,"['PEX1', 'RFC5', 'KATNAL2', 'VCP', 'PSMC5', 'SPATA5']"
AAAAAAAAAL,6,0.000159,"['SP8', 'BHLHE22', 'FOXD3', 'SP5', 'ZIC2', 'FOXF2']"
THTGEKPYTC,6,0.000159,"['EGK_01161', 'ZNF8', 'EGK_13120', 'ZSCAN25', 'ZBTB49', 'ZNF394']"
HTGEKPYKCK,6,0.000159,"['EGK_11108', 'ZNF709', 'EGK_09788', 'ZNF85', 'ZNF114', 'ZSCAN21']"
KSDVWSFGVL,6,0.000159,"['EGK_11621', 'EGK_02187', 'SYK', 'TEC', 'MET', 'MATK']"
YXXXXXXXXX,6,0.000159,"['EGK_11215', 'EGK_03544', 'EGK_20319', 'EGK_18686', 'EGK_02564', 'EGK_06832']"
HTGEKPYECG,6,0.000159,"['EGK_13674', 'EGK_02327', 'ZNF239', 'ZNF556', 'ZNF114', 'ZSCAN30']"
AAAAAAAVAA,6,0.000159,"['MLLT6', 'GLI2', 'EGK_00158', 'SRP14', 'ALKBH5', 'EGK_19697']"
SSRSHAIFTI,6,0.000159,"['EGK_07821', 'EGK_16839', 'KIF16B', 'STARD9', 'KIF21B', 'EGK_20613']"
EEDDEEEEEE,6,0.000159,"['EGK_20044', 'PPP1R1B', 'FGD1', 'EGK_11757', 'EGK_05167', 'EGK_05352']"
THTGERPYAC,6,0.000159,"['EGK_11174', 'EGK_11106', 'ZNF835', 'ZNF274', 'ZNF853', 'A0A1D5R6D4']"
RTHTGEKPYA,6,0.000159,"['ZNF205', 'ZNF835', 'KLF1', 'SNAI3', 'EGK_09887', 'CTCF']"
RTHTGEKPYT,6,0.000159,"['EGK_01161', 'ZNF8', 'EGK_13120', 'ZSCAN25', 'ZBTB49', 'ZNF394']"
RTHTGEKPYR,6,0.000159,"['ZNF143', 'ZNF329', 'KLF6', 'ZNF513', 'EGK_09887', 'EGK_10977']"
IHTGEKPFKC,6,0.000159,"['ZNF215', 'ZNF721', 'ZNF75D', 'ZKSCAN2', 'ZNF501', 'EGK_13493']"
GPPGPPGPQG,6,0.000159,"['EDA', 'COL25A1', 'EMID2', 'ERFE', 'EGK_01022', 'COL17A1']"
RQVKIWFQNR,6,0.000159,"['EGK_04565', 'HOXD9', 'EGK_03721', 'CDX4', 'HOXC10', 'HOXA4']"
AAAAAAAAAE,6,0.000159,"['A0A1D5QWK7', 'ATP6AP1', 'SGCB', 'ZIC2', 'STC1', 'ALKBH5']"
THTGEKPYRC,6,0.000159,"['ZNF143', 'ZNF329', 'KLF6', 'ZNF513', 'EGK_09887', 'EGK_10977']"
AAAAAAAAGA,6,0.000159,"['EFHD2', 'SKIDA1', 'HOXA13', 'STRN', 'SLC12A2', 'CDH5']"
QRQQQQQQQQ,6,0.000159,"['EGK_02318', 'SIK3', 'TBP', 'EGK_16109', 'EGK_09452', 'EGK_04907']"
RDRERERERE,6,0.000159,"['EGK_13403', 'EGK_09059', 'ACIN1', 'ZC3H13', 'RBM25', 'UBR5']"
PFSCLSLPSS,6,0.000159,"['ECD', 'EGK_08789', 'A0A1D5QV15', 'ZXDC', 'F6X356', 'EGK_13618']"
QILELLVLEQ,6,0.000159,"['EGK_12418', 'EGK_14627', 'EGK_02047', 'TIGD7', 'ZNF274', 'ZSCAN30']"
SPSSSSSSSS,6,0.000159,"['NDUFV3', 'A0A1D5QSW2', 'CHD8', 'EGK_14020', 'CAMTA2', 'NR1D1']"
MXXXXXXXXX,6,0.000159,"['EGK_16231', 'EGK_12591', 'POU4F1', 'F6PMG0', 'EGK_12888', 'EGK_21101']"
EDDEEEEEEE,6,0.000159,"['PPM1G', 'DAXX', 'PPP1R1B', 'EGK_11757', 'GTF3C3', 'EGK_05352']"
RTHTGERPYK,6,0.000159,"['ZNF628', 'ZNF322', 'REST', 'ZNF669', 'ZNF263', 'ZFP69B']"
EEEEEEDEDD,6,0.000159,"['EGK_06367', 'PHACTR1', 'TULP1', 'EGK_03456', 'ABCC9', 'BRD2']"
TVLTIAHRLN,6,0.000159,"['EGK_14935', 'ABCC4', 'ABCC12', 'ABCC1', 'ABCC10', 'ABCC3']"
LWDTAGQERF,6,0.000159,"['RAB27B', 'RAB34', 'RAB33B', 'RAB6A', 'EGK_07816', 'EGK_06859']"
IHTGEKPYAC,6,0.000159,"['EGK_21069', 'ZNF835', 'EGK_11112', 'ZFP69', 'ZNF853', 'ZNF71']"
SGESGAGKTE,6,0.000159,"['MYO3A', 'MYO1G', 'MYO6', 'EGK_05776', 'MYO7A', 'MYO10']"
YRDSKLTRLL,6,0.000159,"['KIF3C', 'KIF22', 'EGK_20613', 'KIF18B', 'KIF19', 'KIF21B']"
THTGEKPYAC,6,0.000159,"['ZNF205', 'ZNF835', 'KLF1', 'SNAI3', 'EGK_09887', 'CTCF']"
THQRIHTGEK,6,0.000159,"['ZNF605', 'ZNF691', 'ZNF75D', 'ZNF853', 'ZFP69', 'ZSCAN20']"
SPPPPPPPPP,6,0.000159,"['FNBP4', 'RNF215', 'ZNF827', 'VIRMA', 'KIAA1429', 'SCX']"
WFQNRRAKWR,6,0.000159,"['HHEX', 'EGK_02742', 'UNCX', 'EGK_14298', 'EGK_03979', 'EGK_19626']"
PGFKRFSCLS,6,0.000159,"['F6WT31', 'EGK_07262', 'LOC709083', 'EGK_21369', 'EGK_20313', 'EGK_03078']"
CKGDSGGPLV,6,0.000159,"['A0A1D5QLJ1', 'PRSS41', 'CFD', 'EGK_15845', 'A0A1D5QIG8', 'EGK_16010']"
LRTHTGERPY,6,0.000159,"['EGK_11178', 'EGK_11174', 'ZNF467', 'ZNF263', 'ZNF358', 'ZSCAN32']"
FIHRDLAARN,6,0.000159,"['TNK2', 'EGK_07642', 'EGK_15405', 'BMX', 'ABL2', 'TYRO3']"
EEEEEEEEEK,6,0.000159,"['A0A1D5RIN2', 'ALMS1', 'PPARGC1B', 'EP400', 'VGLL3', 'SLC4A1AP']"
RGGGGGGGGG,6,0.000159,"['SRSF1', 'PI4KA', 'U2AF1', 'XYLT1', 'A0A1D5QEG7', 'FBL']"
HRRTHTGEKP,6,0.000159,"['KLF12', 'ZNF205', 'EGK_13685', 'ZNF133', 'ZSCAN21', 'ZNF652']"
RRTHTGEKPY,6,0.000159,"['KLF12', 'ZNF205', 'EGK_13685', 'ZNF133', 'ZSCAN21', 'ZNF652']"
QQPPPPPPPP,6,0.000159,"['SOCS7', 'SIK2', 'FBXO11', 'D2CTI5', 'SETD1A', 'TANC2']"
DLGSLQPLPP,6,0.000159,"['EGK_07072', 'EGK_07262', 'PCDHA8', 'ITGB3BP', 'EGK_11270', 'EGK_20313']"
KPYECKECGK,6,0.000159,"['ZNF620', 'ZFP14', 'ZNF80', 'ZNF844', 'EGK_20572', 'ZNF850']"
ETQVKIWFQN,6,0.000159,"['HMX1', 'HMX3', 'EGK_15582', 'HOXB1', 'NKX3-1', 'MSX1']"
PPGPPGPQGP,6,0.000159,"['EDA', 'EMID2', 'ERFE', 'COL4A4', 'EGK_01022', 'COL17A1']"
TCQGDSGGPL,6,0.000159,"['TMPRSS4', 'ACR', 'PRSS36', 'HABP2', 'KLK8', 'F7CC75']"
PAAAAAAAAA,6,0.000159,"['SKIDA1', 'FOXD3', 'CCDC177', 'TBX1', 'BHLHE41', 'OLIG2']"
TAAAAAAAAA,6,0.000159,"['EGK_14498', 'EGK_09365', 'RBM23', 'STC1', 'SOX3', 'EGK_04118']"
PPPPPPPPGP,6,0.000159,"['EGK_14499', 'SOCS7', 'WASF2', 'ZC3H4', 'EGK_14088', 'WIPF2']"
NGILADEMGL,6,0.000159,"['SRCAP', 'EGK_15924', 'EGK_20912', 'INO80', 'EGK_19919', 'SMARCA4']"
AAAVAAAAAA,6,0.000159,"['CHD3', 'EGK_00512', 'mamu-MICA', 'FOXB2', 'ALKBH5', 'EGK_08717']"
RVHTGEKPYE,6,0.000159,"['ZNF154', 'ZNF844', 'ZNF621', 'ZNF749', 'ZKSCAN3', 'ZNF559']"
DXXXXXXXXX,6,0.000159,"['EGK_13751', 'EGK_15874', 'EGK_05250', 'EGK_05914', 'EGK_01831', 'EGK_01682']"
ELLVLEQFLT,6,0.000159,"['EGK_14627', 'EGK_14620', 'EGK_17423', 'ZNF449', 'ZKSCAN3', 'TIGD7']"
IVHRDLKPEN,6,0.000159,"['EGK_13668', 'CAMK1G', 'CAMK2G', 'CAMK4', 'EGK_11808', 'CDK4']"
EEEAEEEEEE,6,0.000159,"['RANGAP1', 'PRKCSH', 'SHROOM4', 'WDR70', 'EGK_12952', 'EGK_08578']"
HXXXXXXXXX,6,0.000159,"['EGK_19913', 'EGK_16083', 'EGK_09914', 'EGK_19209', 'EGK_21258', 'EGK_13892']"
DEEEEEEEDE,6,0.000159,"['HUWE1', 'TULP1', 'EGK_02161', 'EGK_05217', 'EGK_03456', 'ABCC9']"
VEEEEEEEEE,6,0.000159,"['EPHA6', 'ZBTB9', 'SLC4A1AP', 'LOC711281', 'CNKSR2', 'CCER1']"
EEEEEEEKEE,6,0.000159,"['EGK_16110', 'ALMS1', 'PPARGC1B', 'FAM177B', 'WDR66', 'EGK_20886']"
HHHHHHHHHR,6,0.000159,"['FAM76B', 'PRICKLE3', 'EGK_16293', 'SKIDA1', 'ERC2', 'SYNGAP1']"
HHHHHHHHHQ,6,0.000159,"['EGK_05373', 'DLGAP3', 'ONECUT2', 'POU4F1', 'NR4A3', 'MEOX2']"
PGSSDSPASA,6,0.000159,"['TEP1', 'A0A1D5R9M7', 'EGK_16111', 'EGK_19747', 'FAHD1', 'EGK_02484']"
EEEEEEEEEP,6,0.000159,"['STAC3', 'EGK_04909', 'CFAP44', 'RANGAP1', 'NCL', 'RRP12']"
EEEEEEEEER,6,0.000159,"['PODXL2', 'LOC711281', 'EGK_09707', 'IL27', 'FAM193A', 'HRC']"
EEEEEEEEEM,6,0.000159,"['IRF5', 'CLSPN', 'EGK_04964', 'LEPREL2', 'TMEM132A', 'PHF23']"
FTSGRHYWEV,6,0.000159,"['LOC100426750', 'F7AD65', 'BTN1A1', 'EGK_11095', 'EGK_16306', 'TRIML2']"
CSAGVGRTGT,6,0.000159,"['EGK_03428', 'EGK_01817', 'PTPRZ1', 'PTPRE', 'PTPRB', 'PTPRH']"
AHACNPSTLG,6,0.000159,"['KIF1C', 'LOC693665', 'EGK_03115', 'TTF1', 'A0A1D5QKZ0', 'A0A1D5QQX2']"
LALSPRLECS,6,0.000159,"['EGK_14822', 'R3HDM4', 'EGK_17090', 'F6VN73', 'EGK_17374', 'MCM8']"
RTHTGEKPFA,6,0.000159,"['EGK_05446', 'ZBTB7B', 'EGR1', 'SALL1', 'GLI4', 'ZNF33B']"
DDEEEEEEEE,6,0.000159,"['DAXX', 'EGK_11757', 'AMER1', 'GTF3C3', 'PIK3R5', 'EGK_05352']"
LGXXXXXXXX,6,0.000159,"['EGK_08605', 'EGK_03632', 'EGK_18994', 'A0A1D5R8R4', 'EGK_21543', 'EGK_10732']"
THTGEKPFAC,6,0.000159,"['EGK_05446', 'ZBTB7B', 'EGR1', 'SALL1', 'GLI4', 'ZNF33B']"
GRGRGRGRGR,6,0.000159,"['SNRPD1', 'LARP1B', 'F7HSX1', 'CHTOP', 'RBM26', 'ZNF579']"
HTGEKPFECK,6,0.000159,"['ZBTB16', 'ZNF620', 'EGK_11106', 'ZNF662', 'ZNF460', 'ZNF136']"
HRRVHTGEKP,6,0.000159,"['EGK_11174', 'ZNF234', 'F7GGV3', 'EGK_11111', 'ZNF319', 'ZNF835']"
HHHHHHHHHP,6,0.000159,"['CACNA1A', 'ONECUT1', 'EGK_09576', 'ZIC2', 'HOXA1', 'EGK_11195']"
LAAAAAAAAA,6,0.000159,"['MIDN', 'A0A1D5QAY9', 'CDH5', 'ATP6AP1', 'SOWAHA', 'IRX1']"
HACNPSTLGG,6,0.000159,"['KIF1C', 'LOC693665', 'EGK_03115', 'A0A1D5R5N9', 'TTF1', 'A0A1D5QQX2']"
EHQRIHTGEK,6,0.000159,"['ZNF224', 'EGK_10524', 'ZSCAN30', 'ZNF619', 'EGK_09887', 'ZNF382']"
QRNLYRDVML,6,0.000159,"['ZNF445', 'ZNF354A', 'EGK_10831', 'ZNF92', 'EGK_13924', 'ZNF559']"
RHNLSLNKCF,6,0.000159,"['FOXJ1', 'FOXJ2', 'FOXJ3', 'FOXG1', 'FOXN1', 'FOXN3']"
VLEQFLTILP,6,0.000159,"['EGK_08070', 'EGK_14620', 'EGK_14627', 'TIGD7', 'ZSCAN26', 'ZSCAN32']"
ISGESGAGKT,6,0.000159,"['MYO3A', 'EGK_17536', 'MYO1G', 'EGK_05776', 'MYO7A', 'MYO10']"
FYAPWCGHCK,6,0.000159,"['PDIA6', 'EGK_14307', 'PDIA3', 'PDIA2', 'EGK_14453', 'TMX3']"
IPALWEAEAG,6,0.000159,"['ZCCHC11', 'CCDC88A', 'NANOGNB', 'F7HCY9', 'A0A1D5RDD0', 'EGK_09850']"
SGSSSSSSSS,6,0.000159,"['EGK_17759', 'SRRM1', 'EGK_12776', 'NBEA', 'EDC4', 'RLIM']"
PGSRHSPASA,6,0.000159,"['A0A1D5Q471', 'EGK_12385', 'EGK_16214', 'EGK_17563', 'EGK_17090', 'EGK_14945']"
DTCQGDSGGP,6,0.000159,"['TMPRSS4', 'ACR', 'PRSS36', 'HABP2', 'KLK8', 'F7CC75']"
GGGGGGGGGP,6,0.000159,"['HOXD9', 'ARIH1', 'NPAS3', 'GSK3A', 'UNC80', 'EGK_20593']"
QNSIRHNLSL,6,0.000159,"['FOXJ1', 'EGK_13435', 'EGK_18084', 'FOXS1', 'FOXI1', 'EGK_13085']"
VLTIAHRLNT,6,0.000159,"['EGK_14935', 'ABCC4', 'ABCC12', 'ABCC1', 'ABCC10', 'ABCC3']"
XXXXXXXXAL,6,0.000159,"['EGK_09079', 'EGK_04468', 'CROCC2', 'EGK_15883', 'EGK_04940', 'EGK_01848']"
PASASQSAGI,6,0.000159,"['EGK_00512', 'CHEK2', 'F7ARW1', 'EGK_13646', 'A0A1D5QYS9', 'A0A1D5RAA2']"
LPGSRHSPAS,6,0.000159,"['A0A1D5Q471', 'EGK_12385', 'EGK_16214', 'EGK_17563', 'EGK_17090', 'EGK_14945']"
PGPGPGPGPG,6,0.000159,"['RFX5', 'RBM12', 'BSN', 'POU4F3', 'EGK_19854', 'SMARCA4']"
RRVHTGEKPY,6,0.000159,"['EGK_11174', 'ZNF234', 'F7GGV3', 'EGK_11111', 'ZNF319', 'ZNF835']"
EEEEKEEEEE,6,0.000159,"['CLSPN', 'PPARGC1B', 'RTL5', 'POLR3GL', 'WDR66', 'EGK_20886']"
HLRIHSGEKP,6,0.000159,"['EGK_10521', 'EGK_11171', 'EGK_00273', 'EGK_01824', 'ZEB1', 'EGK_04404']"
THTGERPYKC,6,0.000159,"['ZNF628', 'ZNF322', 'REST', 'ZNF669', 'ZNF263', 'ZFP69B']"
GPAGTGKTET,6,0.000159,"['F7HBY3', 'DNAH17', 'DNAH7', 'DNAH8', 'EGK_04332', 'EGK_11539']"
RLVITPLTDR,6,0.000159,"['F7HBY3', 'DNAH17', 'DNAH7', 'DNAH8', 'EGK_04332', 'EGK_11539']"
PPASASQSAG,6,0.000159,"['EGK_00512', 'CHEK2', 'F7ARW1', 'EGK_13646', 'C14orf178', 'A0A1D5QYS9']"
PGPPGLPGPP,6,0.000159,"['EGK_07220', 'F6XQX7', 'EGK_19299', 'COL13A1', 'COL4A2', 'COL16A1']"
EEEEEAEEEE,6,0.000159,"['RANGAP1', 'PRKCSH', 'SHROOM4', 'EGK_19569', 'EGK_12952', 'EGK_08578']"
ERDRERERER,6,0.000159,"['EGK_13403', 'EGK_09059', 'ACIN1', 'IK', 'ZC3H13', 'UBR5']"
VHTGEKPYEC,6,0.000159,"['ZNF154', 'ZNF844', 'ZNF621', 'ZNF749', 'ZKSCAN3', 'ZNF559']"
LVLEQFLTIL,6,0.000159,"['EGK_08070', 'EGK_14620', 'EGK_14627', 'TIGD7', 'ZSCAN26', 'ZSCAN32']"
GGGGGSGGGG,6,0.000159,"['SLITRK3', 'RALY', 'FOXA1', 'PURA', 'DACH1', 'KIF3C']"
SQSAGITGVS,5,0.000132,"['A0A1D5RFL6', 'NXN', 'EGK_13646', 'C18orf25', 'EGK_05279']"
HTGEKPFKCE,5,0.000132,"['EGK_16789', 'ZNF223', 'ZIC5', 'ZIC3', 'LOC716072']"
GPQGPPGPPG,5,0.000132,"['EGK_19299', 'EMID2', 'F6XQX7', 'COL11A1', 'COL17A1']"
IHTGEKPYHC,5,0.000132,"['ZSCAN25', 'EGK_10530', 'ZNF142', 'ZNF568', 'BCL6']"
SHTGERPYPC,5,0.000132,"['HIVEP1', 'EGK_00512', 'ZBTB46', 'HIVEP2', 'EGK_00631']"
EEEEEEEDDE,5,0.000132,"['EGK_14307', 'EGK_18744', 'ERCC6', 'PIAS4', 'ARID4B']"
XXXXXXXXXQ,5,0.000132,"['EGK_13528', 'EGK_05183', 'EGK_03922', 'EGK_18571', 'EGK_14319']"
DRYVAICHPL,5,0.000132,"['EGK_02022', 'EGK_06685', 'EGK_10258', 'OR2A5', 'EGK_06563']"
EEEEEEVEEE,5,0.000132,"['BRPF3', 'ERICH6', 'CCDC136', 'EGK_17109', 'LOC709331']"
LIQHQRIHTG,5,0.000132,"['EGK_10518', 'ZNF655', 'ZNF96', 'ZNF205', 'ZNF768']"
RIHTGEKPYV,5,0.000132,"['EGK_10521', 'ZNF143', 'ZFP82', 'ZNF205', 'REPIN1']"
GFHHVGQAGL,5,0.000132,"['NXN', 'DCAF1', 'EGK_13646', 'EGK_05279', 'EGK_07776']"
GTGKTETTKD,5,0.000132,"['DNAH8', 'DNAH17', 'EGK_11539', 'DNAH7', 'EGK_04332']"
AAAAVAAAAA,5,0.000132,"['MIC3', 'ZMIZ2', 'ALKBH5', 'EGK_08717', 'SRP14']"
LILDEATSAL,5,0.000132,"['TAP2', 'ABCB9', 'ABCB8', 'EGK_13868', 'ABCB5']"
SGRHYWEVEV,5,0.000132,"['TRIM68', 'EGK_16306', 'LOC100426750', 'BTN1A1', 'TRIM60']"
LEXXXXXXXX,5,0.000132,"['EGK_15711', 'EGK_16054', 'EGK_03521', 'EGK_13614', 'EGK_14585']"
LLPLLLLLLL,5,0.000132,"['HTRA1', 'TMUB1', 'CNPY3', 'NRXN2', 'EGK_12661']"
PAGTGKTETT,5,0.000132,"['DNAH8', 'DNAH17', 'EGK_11539', 'DNAH7', 'EGK_04332']"
LTETQVKIWF,5,0.000132,"['HMX1', 'MSX1', 'EGK_15582', 'HMX3', 'NKX3-1']"
EQILELLVLE,5,0.000132,"['EGK_02047', 'ZNF274', 'EGK_14627', 'TIGD7', 'ZSCAN30']"
GFKRFSCLSL,5,0.000132,"['LOC709083', 'F6WT31', 'EGK_07262', 'EGK_21369', 'EGK_03078']"
SSEEEEEEEE,5,0.000132,"['PLEKHG2', 'KAT6B', 'IBSP', 'EGK_04964', 'EGK_00207']"
ATXXXXXXXX,5,0.000132,"['EGK_17146', 'EGK_19504', 'EGK_12443', 'EGK_09460', 'EGK_01990']"
VQKKTFTKWV,5,0.000132,"['DMD', 'SPTBN4', 'PLEC', 'SPTBN1', 'MACF1']"
EAEEEEEEEE,5,0.000132,"['WDR70', 'PRKCSH', 'EGK_12952', 'RANGAP1', 'DCAF8L2']"
HCKLRLPGSR,5,0.000132,"['EGK_16214', 'EGK_05279', 'EGK_17563', 'EGK_17090', 'EGK_05928']"
TGKTETTKDL,5,0.000132,"['DNAH17', 'EGK_05506', 'EGK_11539', 'DNAH7', 'EGK_04332']"
IHTGEKPYVC,5,0.000132,"['EGK_10521', 'ZNF143', 'ZFP82', 'ZNF205', 'REPIN1']"
QVKTWFQNRR,5,0.000132,"['EGK_19994', 'HHEX', 'EGK_20148', 'EGK_17125', 'EGK_07010']"
RIHTGEKPFK,5,0.000132,"['ZNF501', 'ZNF721', 'ZKSCAN2', 'ZNF75D', 'EGK_13493']"
PPPPPGPPPP,5,0.000132,"['VASP', 'WIPF2', 'A0A1D5QSI3', 'WASF2', 'EGK_14088']"
SSSSSSSDSD,5,0.000132,"['PPIG', 'JMJD6', 'AFF3', 'F6UGN6', 'HDGFL2']"
GDEEEEEEEE,5,0.000132,"['EGK_18022', 'GNL1', 'EGK_19569', 'TRIM26', 'HNRNPU']"
THTGEKPYVC,5,0.000132,"['EGK_10538', 'ZNF71', 'EGK_13120', 'ZSCAN21', 'ZFP69']"
YVAICNPLRY,5,0.000132,"['OR4Q3', 'OR52D1', 'EGK_07546', 'A0A1D5Q128', 'OR10J1']"
PPPPPPPPPR,5,0.000132,"['C11orf95', 'GGN', 'MLLT1', 'A0A1D5QAY9', 'SIK2']"
YGQTGSGKTY,5,0.000132,"['EGK_07821', 'STARD9', 'F6X213', 'KIF4B', 'EGK_08544']"
SDEEEEEEEE,5,0.000132,"['EGK_15583', 'EGK_15911', 'BAZ1B', 'CSRNP3', 'PELP1']"
GPPPPPPPPP,5,0.000132,"['CDK12', 'SMN1', 'MLLT1', 'ZC3H4', 'EGK_06134']"
GITTVLTMTT,5,0.000132,"['GABRG3', 'GLRA2', 'GABRB2', 'EGK_15160', 'EGK_00127']"
LASQSAGITG,5,0.000132,"['GDPD2', 'A0A1D5RFL6', 'EGK_03041', 'C18orf25', 'EGK_06697']"
ISAHCKLRLP,5,0.000132,"['ADRA1A', 'EGK_16214', 'EGK_17563', 'EGK_17090', 'EGK_05928']"
HTGEKPYQCK,5,0.000132,"['ZBTB39', 'ZBTB38', 'ZNF23', 'ZNF420', 'ZNF559']"
GGGGSGGGGG,5,0.000132,"['DACH1', 'PURA', 'EGK_12952', 'KIF3C', 'RALY']"
SSSSSSSSST,5,0.000132,"['HSPB7', 'CHD8', 'TNRC18', 'CIR1', 'PNN']"
LIRHQRIHTG,5,0.000132,"['EGK_14319', 'ZNF662', 'ZNF568', 'ZNF320', 'ZSCAN30']"
ETTKDLAKAL,5,0.000132,"['EGK_05506', 'EGK_11539', 'EGK_12575', 'DNAH12', 'EGK_04332']"
ILEAFGNAKT,5,0.000132,"['EGK_05776', 'EGK_12535', 'EGK_11263', 'MYH14', 'MYO7A']"
QQQQQQQQQT,5,0.000132,"['LIN7A', 'NCOA3', 'EP400', 'MAGI1', 'EGK_10632']"
QQQQQQQQQE,5,0.000132,"['RUNX2', 'EGK_06657', 'DCP1B', 'SIK3', 'EGK_11509']"
SAHCKLRLPG,5,0.000132,"['ADRA1A', 'EGK_16214', 'EGK_17563', 'EGK_17090', 'EGK_05928']"
AGTGKTETTK,5,0.000132,"['DNAH8', 'DNAH17', 'EGK_11539', 'DNAH7', 'EGK_04332']"
EDEDEEEEEE,5,0.000132,"['F7GLH2', 'IFNLR1', 'EGK_03456', 'A0A1D5QVV5', 'ABCC9']"
LRIHTGEKPY,5,0.000132,"['ZNF501', 'EGK_10414', 'ZFP14', 'BCL6', 'ZNF449']"
RLLLLLLLLL,5,0.000132,"['SHBG', 'EGK_09255', 'F7G7Q0', 'EGK_12916', 'EGK_01709']"
LELLTSGDPP,5,0.000132,"['Q4G219', 'EGK_02500', 'EGK_02411', 'REL', 'EGK_13415']"
YEEEEEEEEE,5,0.000132,"['A0A1D5RIN2', 'CCDC136', 'EGK_14374', 'CERS3', 'STAC3']"
CNPSTLGGRG,5,0.000132,"['LOC693665', 'A0A1D5R131', 'EGK_03115', 'A0A1D5R2F2', 'KIF1C']"
LLLPLLLLLL,5,0.000132,"['TMUB1', 'CNPY3', 'EGK_17598', 'LOC722639', 'NAPSA']"
VKRPMNAFMV,5,0.000132,"['F7AGX3', 'SOX9', 'SOX1', 'EGK_17074', 'EGK_21005']"
XXXXXXXXXC,5,0.000132,"['EGK_16727', 'EGK_05292', 'EGK_17195', 'EGK_18117', 'EGK_00104']"
XXXXXXXXXH,5,0.000132,"['EGK_21543', 'EGK_12479', 'EGK_01987', 'EGK_13512', 'EGK_19913']"
HTGEKPYKCG,5,0.000132,"['ZNF215', 'ZNF80', 'ZSCAN20', 'EGK_12683', 'ZNF322']"
SSSSGSSSSS,5,0.000132,"['TNRC18', 'EGK_05061', 'EDC4', 'F6UGN6', 'PNN']"
GSRHSPASAS,5,0.000132,"['EGK_17563', 'EGK_17090', 'A0A1D5Q471', 'EGK_12385', 'EGK_14945']"
GLELLTSGDP,5,0.000132,"['Q4G219', 'EGK_02500', 'EGK_02411', 'REL', 'EGK_13415']"
PYRDSKLTRL,5,0.000132,"['EGK_20613', 'KIF22', 'KIF3C', 'KIF18B', 'KIF21B']"
ASASQSAGIT,5,0.000132,"['A0A1D5RAA2', 'F7ARW1', 'EGK_13646', 'A0A1D5QYS9', 'EGK_00512']"
SSSSSSSASS,5,0.000132,"['KMT2A', 'ZCCHC10', 'EGK_08470', 'EGK_10798', 'SHE']"
YTKSSHLKAH,5,0.000132,"['KLF6', 'PIBF1', 'KLF3', 'KLF2', 'KLF15']"
RIHTGERPYA,5,0.000132,"['ZNF479', 'ZNF358', 'REPIN1', 'ZNF775', 'ZSCAN30']"
RIHTGERPYE,5,0.000132,"['ZNF311', 'ZNF583', 'ZSCAN9', 'ZNF837', 'ZNF749']"
RPMNAFMVWA,5,0.000132,"['F7AGX3', 'SOX9', 'EGK_18956', 'EGK_17074', 'SOX5']"
ITMNPGYAGR,5,0.000132,"['F7HBY3', 'DNAH17', 'EGK_04332', 'DNAH7', 'DYNC1H1']"
PPPPPPPGPP,5,0.000132,"['EGK_14499', 'WIPF2', 'WASF2', 'EGK_14088', 'ZC3H4']"
RTHTGEKPYV,5,0.000132,"['EGK_10538', 'ZNF71', 'EGK_13120', 'ZSCAN21', 'ZFP69']"
RTHTGEKPYQ,5,0.000132,"['EGK_12690', 'ZNF823', 'ZNF33B', 'ZSCAN29', 'ZNF711']"
HRRSHTGEKP,5,0.000132,"['ZNF841', 'ZFP28', 'EGK_11106', 'ZSCAN31', 'BCL11B']"
RDRERDRDRD,5,0.000132,"['RDBP', 'FIP1L1', 'ZC3H13', 'RBM25', 'IK']"
PVLEAFGNAK,5,0.000132,"['F6QVJ1', 'MYO1A', 'MYO1C', 'MYO1B', 'MYO9A']"
QIWDTAGQER,5,0.000132,"['RAB37', 'F6S443', 'RAB7A', 'RAB12', 'RAB4A']"
PPPPPPPPSS,5,0.000132,"['EGK_19059', 'WAS', 'EGK_00782', 'MLL5', 'LMOD2']"
TGEKPYKCGE,5,0.000132,"['ZNF215', 'EGK_12699', 'ZNF80', 'ZSCAN20', 'EGK_10717']"
KVWFQNRRMK,5,0.000132,"['EGK_01634', 'EGK_04559', 'MEOX1', 'MEOX2', 'EGK_08475']"
HSGEKPYKCS,5,0.000132,"['ZNF264', 'EGK_08070', 'EGK_02496', 'ZNF473', 'EGK_11107']"
FVHRDLAARN,5,0.000132,"['EGK_11621', 'MET', 'IGF1R', 'SYK', 'EGK_17676']"
PGGGGGGGGG,5,0.000132,"['CNOT3', 'BICRA', 'GSK3A', 'EGK_00874', 'ARIH1']"
LLVLEQFLTI,5,0.000132,"['EGK_14620', 'ZKSCAN3', 'ZNF449', 'TIGD7', 'EGK_14627']"
EPPPPPPPPP,5,0.000132,"['AHDC1', 'HMX3', 'EGK_12952', 'MAP3K4', 'FNBP4']"
AAAAAAAAAQ,5,0.000132,"['EGK_11120', 'IRX3', 'EGK_04118', 'IRF2BPL', 'FOXD3']"
GGGSGGGGGG,5,0.000132,"['SYNGAP1', 'PURA', 'EGK_12952', 'KIF3C', 'RALY']"
PALWEAEAGG,5,0.000132,"['EGK_04072', 'ZCCHC11', 'A0A1D5RDD0', 'F7HCY9', 'EGK_09850']"
ALSPRLECSG,5,0.000132,"['F6VN73', 'EGK_17374', 'EGK_17090', 'EGK_14822', 'MCM8']"
SSSSSSSPSS,5,0.000132,"['A0A1D5R2G2', 'RANBP10', 'EGK_21538', 'RLIM', 'KLHL1']"
AWGCFDEFNR,5,0.000132,"['EGK_08209', 'F7HBY3', 'DNAH17', 'EGK_04332', 'DYNC1H1']"
REREREREKE,5,0.000132,"['ZC3H13', 'RBM25', 'ATN1', 'RNF20', 'NCOR1']"
LECSGAISAH,5,0.000132,"['EGK_16111', 'EGK_16214', 'EGK_17563', 'MCM8', 'EGK_05928']"
HQRVHTGERP,5,0.000132,"['EGK_11171', 'ZNF628', 'ZSCAN22', 'ZNF749', 'ZSCAN5B']"
SSSSSSSTSS,5,0.000132,"['EGK_12776', 'HSPB7', 'CRTC2', 'CBX2', 'PNN']"
HERTHTGEKP,5,0.000132,"['ZNF823', 'SALL4', 'EGK_11178', 'EGK_20425', 'ZNF441']"
ACNPSTLGGR,5,0.000132,"['LOC693665', 'EGK_02395', 'KIF1C', 'EGK_03115', 'SH3BGRL2']"
HCSAGIGRTG,5,0.000132,"['PTPN9', 'PTPN11', 'PTPN7', 'PTPN20', 'PTPN4']"
IHSGEKPYEC,5,0.000132,"['EGK_10518', 'EGK_08070', 'ZEB1', 'HIC1', 'EGK_04404']"
TKEQILELLV,5,0.000132,"['EGK_14623', 'ZNF202', 'EGK_14627', 'TIGD7', 'EGK_02047']"
HLRVHTGEKP,5,0.000132,"['ZSCAN31', 'EGK_12690', 'EGK_12683', 'ZNF239', 'EGK_01161']"
KKXXXXXXXX,5,0.000132,"['EGK_19494', 'EGK_16227', 'EGK_15435', 'EGK_16245', 'EGK_15383']"
SPRLECSGAI,5,0.000132,"['F6VN73', 'EGK_17374', 'EGK_03041', 'MCM8', 'EGK_05928']"
GPIVVHCSAG,5,0.000132,"['EGK_01817', 'PTPRK', 'PTPRE', 'PTPN7', 'PTPRS']"
EKPYKCSDCG,5,0.000132,"['EGK_12699', 'EGK_08070', 'ZNF880', 'EGK_10977', 'EGK_10007']"
THTGEKPFVC,5,0.000132,"['ZNF567', 'SALL4', 'EGK_10070', 'EGK_09192', 'EGK_11178']"
LRIHSGEKPY,5,0.000132,"['EGK_10521', 'EGK_11171', 'EGK_00273', 'ZEB1', 'EGK_04404']"
ARWLTPVIPA,5,0.000132,"['A0A1D5RAF3', 'EGK_11395', 'A0A1D5RDD0', 'EGK_00416', 'RBP7']"
TPXXXXXXXX,5,0.000132,"['EGK_09556', 'EGK_20187', 'EGK_14495', 'EGK_05068', 'EGK_10315']"
GGGGGGAGGG,5,0.000132,"['POU3F3', 'EGK_09197', 'ARID1A', 'A0A1D5QDJ8', 'HOXA10']"
QRTHTGERPF,5,0.000132,"['EGK_14143', 'LOC713120', 'EGK_17834', 'ZNF793', 'ZNF777']"
LVRHQRIHTG,5,0.000132,"['ZSCAN25', 'EGK_01881', 'ZSCAN32', 'ZNF3', 'ZNF212']"
LVITPLTDRC,5,0.000132,"['F7HBY3', 'DNAH8', 'DNAH17', 'EGK_11539', 'DNAH7']"
DRERDRDRDR,5,0.000132,"['DDX23', 'FIP1L1', 'IK', 'RDBP', 'RBM25']"
LEAFGNAKTV,5,0.000132,"['MYH3', 'MYO6', 'MYH14', 'MYO1B', 'EGK_17536']"
RTHTGERPYA,5,0.000132,"['EGK_11174', 'ZNF835', 'ZNF853', 'EGK_11106', 'ZNF274']"
TPYWMAPEVI,5,0.000132,"['MAP3K19', 'EGK_04242', 'MAP4K4', 'EGK_20788', 'PAK5']"
HTGEKPYTCP,5,0.000132,"['EGK_13493', 'ZSCAN4', 'ZNF205', 'ZNF787', 'EGK_06514']"
DRDRDRERDR,5,0.000132,"['RDBP', 'CPSF6', 'ACIN1', 'EGK_09059', 'RBM25']"
LPGPPGPPGP,5,0.000132,"['COL18A1', 'COL4A5', 'EGK_07504', 'COL11A1', 'ERFE']"
HQRLHTGEKP,5,0.000132,"['EGK_19326', 'ZNF167', 'EGK_10977', 'ZNF367', 'ZSCAN21']"
SGGSGGGGGG,5,0.000132,"['LOR', 'HOXB3', 'EGK_10320', 'SYNGAP1', 'SP8']"
LRTHTGEKPF,5,0.000132,"['ZBTB48', 'KLF11', 'EGK_10070', 'ZNF561', 'ZBTB24']"
PPQQQQQQQQ,5,0.000132,"['SCAF4', 'EGK_14374', 'ST6GALNAC5', 'CELF3', 'FOXJ2']"
KNSIRHNLSL,5,0.000132,"['FOXJ2', 'FOXJ3', 'FOXM1', 'EGK_15466', 'FOXO6']"
QQRQQQQQQQ,5,0.000132,"['TBP', 'EGK_11633', 'EGK_04907', 'SIK3', 'EGK_09452']"
IWDTAGQERF,5,0.000132,"['RAB37', 'EGK_02255', 'RAB7A', 'RAB12', 'RAB4A']"
HLRIHTGEKP,5,0.000132,"['ZNF501', 'EGK_10414', 'ZFP14', 'BCL6', 'ZNF449']"
IWFQNRRMKW,5,0.000132,"['HOXA7', 'F6X730', 'DBX1', 'HOXD8', 'EGK_09198']"
KEQILELLVL,5,0.000132,"['EGK_02047', 'ZNF274', 'EGK_14627', 'TIGD7', 'ZSCAN30']"
LLXXXXXXXX,5,0.000132,"['EGK_20902', 'EGK_19341', 'EGK_20487', 'EGK_15623', 'EGK_05678']"
ESSSSSSSSS,5,0.000132,"['SETD1A', 'EGK_20888', 'JCAD', 'DCAF5', 'EGK_00962']"
KRTHTGEKPY,5,0.000132,"['ZNF625', 'ZNF559', 'ZNF441', 'ZNF8', 'CTCF']"
WIDLIFGYKQ,5,0.000132,"['NBEA', 'WDFY4', 'WDFY3', 'NSMAF', 'EGK_11695']"
HVRIHTGEKP,5,0.000132,"['ZNF143', 'EGK_09788', 'BCL6B', 'ZNF121', 'EGK_00273']"
MEEEEEEEEE,5,0.000132,"['EGK_08770', 'EIF4G1', 'EGK_06367', 'EGK_04225', 'CACNA1F']"
HTGEKPYECK,5,0.000132,"['ZNF662', 'ZNF620', 'ZNF441', 'ZSCAN31', 'ZNF333']"
HTGEKPYECS,5,0.000132,"['ZNF80', 'ZNF394', 'ZNF594', 'ZFP28', 'EGK_07955']"
GPPGPMGPPG,5,0.000132,"['EGK_02910', 'C1QL3', 'COL11A1', 'EGK_00855', 'SFTPA1']"
THTGERPYEC,5,0.000132,"['ZNF691', 'EGK_12684', 'ZNF77', 'EGK_11178', 'ZNF135']"
XXXXXXPPPP,5,0.000132,"['FMNL2', 'KMT2B', 'EGK_09624', 'EGK_21141', 'EGK_13413']"
PLPPPPPPPP,5,0.000132,"['GGN', 'ZBTB7B', 'F6TIC9', 'TRERF1', 'PELP1']"
ASQSAGITGV,5,0.000132,"['A0A1D5RFL6', 'NXN', 'EGK_13646', 'C18orf25', 'EGK_05279']"
THTGEKPYQC,5,0.000132,"['EGK_12690', 'ZNF823', 'ZNF33B', 'ZSCAN29', 'ZNF711']"
LGITTVLTMT,5,0.000132,"['GABRG3', 'GLRA2', 'GABRB2', 'EGK_15160', 'EGK_00127']"
MAYDRYVAIC,5,0.000132,"['EGK_06272', 'EGK_06685', 'EGK_07034', 'EGK_06601', 'OR10AD1']"
QQPPPPPPPQ,5,0.000132,"['CRTC1', 'EGK_15184', 'WASF3', 'EGK_13952', 'EGK_18885']"
YNGTIFAYGQ,5,0.000132,"['KIF15', 'KIF5B', 'EGK_14869', 'CENPE', 'KIF3A']"
IHRDLAARNC,5,0.000132,"['EGK_15405', 'BMX', 'ABL2', 'FER', 'TYRO3']"
SSSGSSSSSS,5,0.000132,"['PHLDB1', 'TNRC18', 'RLIM', 'EDC4', 'F6UGN6']"
IHTGERPYEC,5,0.000132,"['ZNF311', 'ZNF583', 'ZSCAN9', 'ZNF837', 'ZNF749']"
IRSHTGERPY,5,0.000132,"['EGK_16054', 'EGK_00512', 'EGK_00631', 'HIVEP2', 'HIVEP1']"
LQIWDTAGQE,5,0.000132,"['RAB37', 'RAB36', 'RAB12', 'RAB9B', 'RAB4A']"
QPPPPGFKRF,5,0.000132,"['EGK_14898', 'F6WT31', 'EGK_13646', 'A0A1D5R3D6', 'EGK_17240']"
EDEEEEDEEE,5,0.000132,"['RIPPLY1', 'KAT6B', 'RBM10', 'C14orf37', 'PPP6R1']"
TRAGGLGINL,5,0.000132,"['CHD1', 'EGK_20912', 'EGK_00158', 'EGK_19919', 'CHD6']"
SSDSPASASQ,5,0.000132,"['EGK_04085', 'ARGFX', 'EGK_10087', 'EGK_02484', 'EGK_19747']"
VHCSAGIGRT,5,0.000132,"['PTPN9', 'PTPN11', 'PTPN7', 'PTPN20', 'PTPN4']"
TEEEEEEEEE,5,0.000132,"['RRP12', 'ACIN1', 'TIMELESS', 'SNAPC5', 'PRKCSH']"
NLGNTCFMNS,5,0.000132,"['USP30', 'USP32', 'EGK_11647', 'USP2', 'USP15']"
EEAEEEEEEE,5,0.000132,"['WDR70', 'PRKCSH', 'EGK_12952', 'RANGAP1', 'DCAF8L2']"
IHSGEKPYKC,5,0.000132,"['ZNF197', 'BCL6', 'EGK_02496', 'ZNF543', 'A0A1D5QJJ8']"
SASSSSSSSS,5,0.000132,"['RAI1', 'CSNKA2IP', 'ERF', 'KMT2A', 'MLLT6']"
PPGLPGPPGP,5,0.000132,"['EGK_07504', 'EGK_07220', 'COL13A1', 'COL4A2', 'SCARA3']"
GGGGGGGGRG,5,0.000132,"['EGK_02493', 'KRT1', 'FBL', 'DHX36', 'XYLT1']"
PPGFKRFSCL,5,0.000132,"['MYB', 'EGK_20313', 'EGK_13646', 'EGK_07262', 'F6WT31']"
RRIHTGERPY,5,0.000132,"['ZNF777', 'ZNF574', 'MZF1', 'ZNF749', 'REPIN1']"
WFQNRRMKWK,5,0.000132,"['HOXA7', 'HOXD8', 'MEOX2', 'EGK_09198', 'MEOX1']"
GQTGSGKTYT,5,0.000132,"['EGK_07821', 'EGK_07398', 'STARD9', 'F6X213', 'EGK_08544']"
RAAAAAAAAA,5,0.000132,"['IRS4', 'SP9', 'ASXL2', 'ZFP91', 'SLC12A2']"
DRERERERER,5,0.000132,"['EGK_13403', 'ZC3H13', 'ACIN1', 'EGK_09059', 'RBM25']"
SLQPPPPGFK,5,0.000132,"['F6WT31', 'EGK_13646', 'A0A1D5R3D6', 'EGK_15555', 'EGK_14898']"
HTGEKPYKCD,5,0.000132,"['EGK_13685', 'EGK_11171', 'EGK_09788', 'ZNF224', 'ZSCAN22']"
HTGEKPYKCQ,5,0.000132,"['ZNF75D', 'EGK_01824', 'EGK_13493', 'EGK_21514', 'BCL11B']"
HTGEKPYKCT,5,0.000132,"['ZNF501', 'KLF12', 'PIBF1', 'ZNF449', 'ZNF319']"
IFAYGQTGSG,5,0.000132,"['KIF13A', 'KIFC1', 'KIF17', 'EGK_14869', 'KIF15']"
ELLVLEQFLS,5,0.000132,"['ZNF444', 'ZNF197', 'ZNF445', 'ZSCAN10', 'ZNF397']"
CGSPPYAAPE,5,0.000132,"['MARK4', 'NIM1K', 'EGK_06929', 'SIK1', 'MARK1']"
VDSCQGDSGG,5,0.000132,"['TMPRSS9', 'TMPRSS2', 'PRSS12', 'ST14', 'PRSS56']"
LIEHQRIHTG,5,0.000132,"['ZNF619', 'EGK_10524', 'ZNF835', 'ZNF382', 'ZSCAN30']"
HTGEKPYVCD,5,0.000132,"['ZNF205', 'ZNF71', 'MYNN', 'ZFP69', 'ZFP62']"
SPSSGYSSQS,5,0.000132,"['EGK_20628', 'KIAA1522', 'NHSL1', 'NHS', 'EGK_15303']"
SHTGERPYKC,5,0.000132,"['EGK_12732', 'EGK_17976', 'RREB1', 'EGK_18966', 'BCL11B']"
VIPALWEAEA,5,0.000132,"['CCDC88A', 'ZCCHC11', 'A0A1D5RDD0', 'F7HCY9', 'EGK_09850']"
VLEAFGNAKT,5,0.000132,"['F6QVJ1', 'MYO1A', 'MYO1C', 'MYO1B', 'MYO9A']"
QQQLQQQQQQ,5,0.000132,"['PALM2-AKAP2', 'C6orf174', 'EGK_15367', 'MED15', 'KMT2D']"
FITMNPGYAG,5,0.000132,"['F7HBY3', 'DNAH17', 'EGK_04332', 'DNAH7', 'DYNC1H1']"
EEEEEEEEES,5,0.000132,"['SCRIB', 'EGK_04225', 'SMARCA2', 'EGK_00207', 'SNAPC5']"
EEEEEEEEEN,5,0.000132,"['EGK_05021', 'KAT6B', 'EGK_15911', 'EGK_05946', 'WDR70']"
RNNNSSRFGK,5,0.000132,"['MYO1A', 'F6QVJ1', 'EGK_17536', 'MYO19', 'MYO6']"
THTGEKPFQC,5,0.000132,"['ZBTB48', 'EGK_09429', 'EGK_16054', 'ZNF786', 'ZNF641']"
QQQPPPPPPP,5,0.000132,"['D2CTI5', 'SOCS7', 'FBXO11', 'SIK2', 'SF1']"
FQNRRAKWRK,5,0.000132,"['EGK_14298', 'EGK_02742', 'EGK_19626', 'UNCX', 'EGK_03979']"
LNLVDLAGSE,5,0.000132,"['EGK_12833', 'KIF15', 'CENPE', 'KIF3C', 'KIF11']"
HVRTHTGERP,5,0.000132,"['MTF1', 'ZNF143', 'ZBTB11', 'ZNF77', 'REST']"
LGSLQPLPPG,5,0.000132,"['EGK_07072', 'ITGB3BP', 'EGK_20313', 'EGK_07262', 'PCDHA8']"
NNNSSRFGKF,5,0.000132,"['MYO6', 'F6QVJ1', 'MYO19', 'MYO9A', 'MYO10']"
RIHSGEKPYE,5,0.000132,"['EGK_10518', 'EGK_08070', 'ZEB1', 'HIC1', 'EGK_04404']"
IRHQRIHTGE,5,0.000132,"['EGK_14319', 'ZNF662', 'EGK_19338', 'ZNF568', 'ZSCAN30']"
RRQQQQQQQQ,5,0.000132,"['EGK_06657', 'Thap11', 'EGK_14091', 'DENND4B', 'IER5L']"
RSHTGERPYP,5,0.000132,"['HIVEP1', 'EGK_00512', 'ZBTB46', 'HIVEP2', 'EGK_00631']"
VMLENYSNLV,5,0.000132,"['ZNF283', 'EGK_11124', 'EGK_10977', 'ZFP69', 'ZNF33A']"
YKVETIGDAY,5,0.000132,"['EGK_20818', 'A0A1D5QAT3', 'EGK_01336', 'EGK_06850', 'EGK_03416']"
IHTGEKPFEC,5,0.000132,"['ZNF662', 'ZNF620', 'EGK_08070', 'ZNF136', 'ZNF740']"
LSPRLECSGT,5,0.000132,"['EGK_01981', 'F7HUC6', 'EGK_03002', 'F7HPQ9', 'A0A1D5QE47']"
LSPRLECSGA,5,0.000132,"['F6VN73', 'EGK_17374', 'MCM8', 'EGK_05347', 'EGK_05928']"
RTHTGERPYE,5,0.000132,"['ZNF691', 'EGK_12684', 'ZNF77', 'EGK_11178', 'ZNF135']"
QSAGITGVSH,5,0.000132,"['A0A1D5RFL6', 'NXN', 'EGK_13646', 'C18orf25', 'EGK_05279']"
SVAAAAAAAA,5,0.000132,"['EGK_00748', 'EGK_04545', 'FOXB2', 'SOX1', 'HOXA13']"
GAWGCFDEFN,5,0.000132,"['EGK_08209', 'F7HBY3', 'DNAH17', 'EGK_04332', 'DYNC1H1']"
GGGGGGSGGG,5,0.000132,"['DACH1', 'PURA', 'CCDC85A', 'RALY', 'SLITRK3']"
VITPLTDRCY,5,0.000132,"['F7HBY3', 'DNAH8', 'DNAH17', 'EGK_11539', 'DNAH7']"
GWQNSIRHNL,5,0.000132,"['FOXI1', 'EGK_13085', 'EGK_13435', 'EGK_18084', 'FOXS1']"
DLKPENILLD,5,0.000132,"['GRK5', 'RPS6KA1', 'EGK_13668', 'PRKX', 'SGK1']"
TETQVKIWFQ,5,0.000132,"['HMX1', 'MSX1', 'EGK_15582', 'HMX3', 'NKX3-1']"
WKNSIRHNLS,5,0.000132,"['FOXJ2', 'FOXJ3', 'FOXM1', 'EGK_15466', 'FOXO6']"
LLLTGTPLQN,5,0.000132,"['SRCAP', 'SMARCA4', 'EGK_00158', 'EGK_19919', 'EGK_20912']"
EEDEEEEEED,5,0.000132,"['DIEXF', 'TTBK1', 'PTMS', 'HNRNPUL2', 'FAM43B']"
GSAAAAAAAA,5,0.000132,"['ZNF703', 'ID4', 'FOXB2', 'ZIC2', 'PBX3']"
GKTLLAKAVA,5,0.000132,"['EGK_13124', 'PSMC1', 'KATNA1', 'NVL', 'PEX6']"
PGLPGPPGPP,5,0.000132,"['COL18A1', 'SCARA3', 'COL4A5', 'EGK_07504', 'C1QTNF7']"
GSSDSPASAS,5,0.000132,"['A0A1D5R5H0', 'EGK_01319', 'EGK_19747', 'EGK_02484', 'FAHD1']"
IEHQRIHTGE,5,0.000132,"['ZNF619', 'EGK_10524', 'ZNF835', 'ZNF382', 'ZSCAN30']"
VRHQRIHTGE,5,0.000132,"['ZSCAN25', 'EGK_01881', 'ZSCAN32', 'ZNF3', 'ZNF212']"
RHLRTHTGEK,5,0.000132,"['SP8', 'EGK_10538', 'ZNF202', 'ZNF554', 'SP5']"
EEEEEEEEGS,5,0.000132,"['EGK_00119', 'SCRIB', 'LMTK3', 'EGK_11807', 'EGK_07149']"
WGCFDEFNRI,5,0.000132,"['EGK_08209', 'F7HBY3', 'DNAH8', 'DNAH17', 'EGK_04332']"
RDRDRDRERD,5,0.000132,"['RDBP', 'CPSF6', 'RBM25', 'A0A1D5QZA8', 'EGK_09059']"
IHTGERPYAC,5,0.000132,"['ZNF479', 'ZNF358', 'REPIN1', 'ZNF775', 'ZSCAN30']"
NGTIFAYGQT,5,0.000132,"['KIF15', 'KIF5B', 'EGK_14869', 'CENPE', 'KIF3A']"
VHRDLKPENL,5,0.000132,"['EGK_11808', 'CAMK2G', 'CAMK4', 'CAMK1G', 'RPS6KA5']"
EEEEEEKEEE,5,0.000132,"['EGK_16110', 'WDR66', 'ALMS1', 'PPARGC1B', 'EGK_20886']"
LQPPPPGFKR,5,0.000132,"['EGK_14898', 'F6WT31', 'EGK_13646', 'A0A1D5R3D6', 'EGK_17240']"
RDLKPENILL,5,0.000132,"['GRK5', 'RPS6KA1', 'EGK_13668', 'PRKX', 'SGK1']"
GEKPYKCSEC,5,0.000132,"['ZNF691', 'ZNF677', 'ZNF473', 'ZNF167', 'ZNF112']"
AQRNLYRDVM,5,0.000132,"['EGK_13924', 'ZNF445', 'EGK_13654', 'EGK_10831', 'ZNF92']"
GWKNSIRHNL,5,0.000132,"['FOXJ2', 'FOXJ3', 'FOXM1', 'EGK_15466', 'FOXO6']"
EEEKEEEEEE,5,0.000132,"['BCAN', 'RTL5', 'CLSPN', 'POLR3GL', 'EGK_20886']"
HQIIHTGEKP,5,0.000132,"['ZNF215', 'ZSCAN4', 'ZNF205', 'EGK_19386', 'ZNF836']"
QKKTFTKWVN,5,0.000132,"['DMD', 'SPTBN4', 'PLEC', 'SPTBN1', 'MACF1']"
LTIAHRLNTI,5,0.000132,"['ABCC4', 'EGK_14935', 'ABCC1', 'ABCC10', 'ABCC3']"
ECKECGKAFS,5,0.000132,"['ZNF805', 'ZNF780B', 'EGK_20572', 'EGK_11171', 'ZNF441']"
VPPPPPPPPP,5,0.000132,"['FHOD1', 'FHDC1', 'ENO4', 'SHTN1', 'LOXL1']"
EDDDEEEEEE,5,0.000132,"['SUPT6H', 'EGK_08824', 'F6R8H0', 'NT5C2', 'EGK_01353']"
HRRSHTGERP,5,0.000132,"['EGK_12732', 'ZSCAN10', 'ZNF296', 'EGK_11105', 'BCL11B']"
GEKPYKCSDC,5,0.000132,"['EGK_12699', 'EGK_08070', 'ZNF880', 'EGK_10977', 'EGK_10007']"
HIRIHTGEKP,5,0.000132,"['IKZF5', 'EGK_10070', 'ZBTB17', 'ZFP69', 'ZFP3']"
PPPPPPGPPP,5,0.000132,"['WIPF2', 'EGK_09456', 'CAP1', 'EGK_14088', 'WASF2']"
ECSGAISAHC,5,0.000132,"['EGK_16111', 'EGK_16214', 'EGK_17563', 'MCM8', 'EGK_05928']"
GGGGGGGSGS,5,0.000132,"['CNOT3', 'KCTD12', 'SRP68', 'PI4KA', 'RALY']"
LVDLAGSERA,5,0.000132,"['KIF16B', 'CENPE', 'STARD9', 'KIF13B', 'KIF1A']"
YGQTGSGKSY,5,0.000132,"['KIF25', 'KIF16B', 'KIF13B', 'F7EDN5', 'KIF14']"
VAHACNPSTL,5,0.000132,"['LOC693665', 'A0A1D5QQX2', 'KIF1C', 'A0A1D5QKZ0', 'TTF1']"
HMRIHTGEKP,5,0.000132,"['ZNF680', 'ZFX', 'GZF1', 'ZNF643', 'ZFP69']"
GYNGTIFAYG,5,0.000132,"['KIF15', 'KIF5B', 'EGK_14869', 'CENPE', 'KIF3A']"
ILDEATSALD,5,0.000132,"['TAP2', 'ABCB9', 'ABCB8', 'EGK_13868', 'ABCB5']"
EDEEEEEDEE,5,0.000132,"['EGK_09826', 'A0A1D5QN55', 'ITGAE', 'EGK_07906', 'PPP6R1']"
SDSSSSSSSS,5,0.000132,"['A0A1D5R2G2', 'ZCCHC10', 'JMJD6', 'EGK_16203', 'HECTD4']"
KLSRALRYYY,5,0.000132,"['GABPA', 'ERF', 'ELK1', 'EGK_06359', 'EGK_13243']"
