k-mer,number of proteins,percentage,all,(Out of 22694 proteins in total)
XXXXXXXXXX,200,0.008813,"['LOC100086748', 'F7GAW8', 'PLK2', 'F7EWD7', 'LOC100092226', 'F7G977', 'K7EEP4', 'F6Y7Y6', 'K7EGT7', 'F7GBJ3', 'K7EI00', 'F7E0Z4', 'SPINT1', 'K7EHP7', 'F6UZ45', 'DENND2D', 'LOC100084835', 'F6SRD7', 'K7E831', 'C11H16orf87', 'K7EAW7', 'NOB1', 'K7E8D5', 'F6ZJ15', 'F7E7X3', 'F6WY89', 'LOC100082829', 'HOXD8', 'K7EDH2', 'F6Z6T8', 'F6YQC1', 'LOC100092729', 'K7E8K0', 'K7EC48', 'K7EGL6', 'K7EHL2', 'MORN5', 'K7E9X3', 'K7EGD3', 'K7EG15', 'LOC100087783', 'F7AUC0', 'K7EFL4', 'K7EAH4', 'F7A728', 'K7EBG4', 'K7EI85', 'MCM9', 'TMEM43', 'K7EHW9', 'K7EAZ4', 'F6TEW2', 'K7EI22', 'EMB', 'K7EBV6', 'F6RZA2', 'adra2b', 'K7EFG3', 'LOC100087203', 'SPRYD4', 'RAG1', 'K7E9J0', 'K7EH67', 'NPRL2', 'F7AXF7', 'F6TB79', 'K7EAI1', 'F6WY26', 'K7EHV2', 'K7EBF7', 'K7EB83', 'RCN3', 'K7EHE6', 'KIAA0368', 'K7EBQ3', 'K7EBQ5', 'K7EAJ4', 'SET', 'POLR2A', 'K7EES9', 'K7EFN4', 'LOC100084843', 'DDX39B', 'F6X1I6', 'F7FVK9', 'ZEB1', 'LOC103166617', 'F6ZTZ0', 'ASMTL', 'K7EE76', 'K7E8Z8', 'USP54', 'TUBB', 'OSGIN2', 'LOC100085972', 'F6PFZ1', 'K7EHN9', 'F7EVS1', 'K7E9S0', 'K7EGZ9', 'K7EBA4', 'K7E7L8', 'ARL9', 'K7E6U0', 'K7E6U7', 'F6ZHY5', 'TMEM82', 'K7E7D7', 'K7ECL6', 'K7EFX9', 'K7EH24', 'CCDC103', 'K7EBY1', 'K7E7W2', 'K7EE87', 'K7E973', 'K7EEC1', 'ZNF436', 'K7E9D3', 'CASR', 'F7BRS9', 'LOC100093513', 'K7EAU9', 'CLIC3', 'LOC103168300', 'K7EEL8', 'TMPPE', 'K7E9U9', 'K7EIA4', 'F7DF32', 'K7EB20', 'CS', 'FZD3', 'NOL7', 'F7GCU1', 'LOC103166572', 'F6XM54', 'K7E9M8', 'F6VV45', 'K7EI71', 'MTMR3', 'K7EED1', 'K7E8M0', 'F6ZKW0', 'K7E9E1', 'CD274', 'F6TDD8', 'K7EF99', 'K7EEM1', 'K7EEM0', 'K7EC94', 'K7E999', 'FLAD1', 'F6SFS9', 'K7EBJ0', 'F6SEP0', 'SEMA6A', 'K7E851', 'K7E852', 'LPGAT1', 'K7EF07', 'K7E7U4', 'K7E7U2', 'F6Y0E1', 'F6U8U3', 'K7EGZ1', 'F7E9G9', 'K7E6G0', 'K7ECB8', 'F6PIH9', 'K7E9W9', 'F6WG07', 'F7F4Y7', 'LOC100087644', 'K7EEN3', 'E4F1', 'K7E6I7', 'POU4F2', 'K7EDQ3', 'K7EFV2', 'F7G4V4', 'K7EAF6', 'K7E6I9', 'K7EGF7', 'K7EDB7', 'K7EBR8', 'K7E847', 'K7EC63', 'K7EBZ1', 'F7BGJ3', 'K7EF35', 'F6SV47', 'K7ECC4', 'NFAM1', 'K7EFR4', 'SRA1', 'F6ZSP9', 'K7ED31', 'F6YFN2', 'K7EE32']"
EEEEEEEEEE,66,0.002908,"['K7EEM0', 'LOC103166078', 'F6YPP2', 'LOC103168642', 'RSPH4A', 'NCBP3', 'F6UUN0', 'F6RVQ3', 'ZFHX3', 'F7A937', 'MAP2', 'K7E7F7', 'SETD1B', 'F7EKS6', 'F6YGE6', 'K7E6Q6', 'K7EDP6', 'F6PMH4', 'CLSTN1', 'UBN1', 'K7EA68', 'LOC100081081', 'F7CE79', 'RNF19B', 'K7EHP9', 'F6U064', 'F6YP48', 'F6S6D4', 'K7ED25', 'F7ADF7', 'F6VS63', 'CREBRF', 'LOC100680621', 'F7GBB4', 'MYT1', 'F7A8Q3', 'F7FVS8', 'F7AWF6', 'F7EVC3', 'LOC103166165', 'PLPPR3', 'EVX1', 'RANGAP1', 'PAXIP1', 'F7G0I8', 'K7EB23', 'F6UYY9', 'F7B9C8', 'F7E871', 'LOC100088734', 'BCL11B', 'F7BZ36', 'ANAPC4', 'K7ED57', 'F6RTL0', 'F7EFZ4', 'K7EF30', 'F6SFE3', 'RNF168', 'F6Q019', 'K7EE11', 'F7G8A0', 'LOC100089998', 'F7B3Y4', 'F7B429', 'LMOD2']"
PPPPPPPPPP,39,0.001719,"['BPTF', 'BAG6', 'K7E8V3', 'F7EPY5', 'ZFHX3', 'HELZ', 'F7EKS6', 'WASL', 'NR1D2', 'K7EI06', 'KIAA1429', 'FOXK1', 'INF2', 'ZNF341', 'NAV2', 'K7EF81', 'RBM33', 'F7DHB0', 'K7EBW3', 'LOC100087747', 'F6REB3', 'F6S9X0', 'DAB2IP', 'LOC100089541', 'K7E8K6', 'BRD4', 'MTFR1', 'SRPK2', 'FHDC1', 'TAB3', 'CCDC6', 'K7EFJ5', 'F6R4Y2', 'F6S2F5', 'F6PG56', 'LOC103164997', 'K7EG79', 'ZNF395', 'LMOD2']"
QQQQQQQQQQ,37,0.00163,"['FOXP2', 'FGFRL1', 'ZFHX3', 'SOX9', 'F6YSK3', 'TNRC6B', 'F7G0T8', 'F6U214', 'QRICH1', 'NCOR1', 'F7AAA9', 'NCOA3', 'HOXA10', 'SUSD4', 'F6W3P2', 'NACC1', 'ADGRB1', 'F7DVF0', 'KMT2C', 'SLITRK5', 'K7E9Q3', 'F7EHE8', 'F6PQQ3', 'K7EA10', 'TELO2', 'TANC2', 'LOC100079882', 'NFAT5', 'BARHL2', 'F6TWH1', 'MEF2A', 'F7BZN9', 'RBM20', 'ZNF462', 'KAT6A', 'CREBBP', 'GTF2A1']"
SSSSSSSSSS,37,0.00163,"['CIR1', 'ADNP', 'PPRC1', 'LOC100088528', 'F7EKS6', 'CCNT2', 'F6S6D4', 'SNX6', 'JMJD6', 'F6VF87', 'CHD9', 'NT5DC2', 'CAMK4', 'UBN2', 'F6U8U3', 'Cdsn', 'F7E7X8', 'F6RLM2', 'K7EH16', 'HOMEZ', 'TSHZ3', 'ARL6IP4', 'K7EES9', 'SERTAD4', 'NUFIP2', 'BRINP2', 'TAF4', 'ZNRF3', 'MTF1', 'K7EF31', 'F7C7G6', 'F7C4X2', 'TTC14', 'F6R4E9', 'NKTR', 'PRDM2', 'RNF126']"
EEEEEEEEED,32,0.00141,"['LOC103166078', 'F6U064', 'ZFHX3', 'K7E6Z2', 'K7EEP5', 'K7EDP6', 'UBN1', 'K7EA68', 'LOC100081081', 'K7EHP9', 'RAD21', 'F6YP48', 'CREBRF', 'F7ADF7', 'F7FVS8', 'KRI1', 'PLPPR3', 'F6PYT3', 'F6UYY9', 'F7E871', 'LOC100088734', 'F7A937', 'F6U1A7', 'K7ED57', 'PSIP1', 'F7EFZ4', 'K7EF30', 'AFDN', 'F6RP45', 'PIAS4', 'F6VV21', 'MYT1']"
GXXXXXXXXX,29,0.001278,"['K7EEM1', 'HINFP', 'F7GAW8', 'FLAD1', 'K7EF35', 'K7EEP4', 'F6Y7Y6', 'SPRYD4', 'K7E7D7', 'K7EBJ0', 'F7AXF7', 'CCDC103', 'K7EBY1', 'F6TB79', 'F6UZ45', 'LOC100084835', 'K7EE87', 'CASR', 'K7EI98', 'K7E853', 'K7ECS7', 'K7EDH2', 'K7EBQ3', 'K7E9U9', 'F7DF32', 'F6PFZ1', 'K7EHL2', 'LRRN2', 'K7E7V9']"
DEEEEEEEEE,22,0.000969,"['F6U064', 'F7ERU9', 'F7A937', 'DIEXF', 'F6YGE6', 'K7EBJ7', 'F6S6D4', 'LOC100081081', 'C12orf50', 'F6ZII5', 'F6W4X2', 'MYT1', 'F7FVS8', 'PRDM2', 'F7AYF4', 'F6U1A7', 'F6RTL0', 'F6SFE3', 'AFDN', 'PIAS4', 'ARID1B', 'F7B429']"
EDEEEEEEEE,20,0.000881,"['ARID1B', 'PRDM2', 'C12orf50', 'F6X935', 'F6SFE3', 'K7EBZ1', 'F7ERU9', 'ECM2', 'F7A937', 'F6W4X2', 'SETD1B', 'K7E8K6', 'PIAS4', 'MBD3', 'F6YGE6', 'KIAA1429', 'F7GDQ2', 'F7AYF4', 'F6S6D4', 'MYT1']"
GGGGGGGGGG,20,0.000881,"['F7F219', 'K7E7Z0', 'F6R483', 'F7G0C1', 'K7EDW3', 'F7ENM7', 'HNRNPA0', 'ASPH', 'K7EFL4', 'K7EDV7', 'HOXA10', 'EOMES', 'WDR26', 'ELFN2', 'FBXO33', 'TNRC6B', 'K7E6Z0', 'KIF3C', 'LOC100091876', 'F6W8X0']"
PXXXXXXXXX,19,0.000837,"['ASMTL', 'K7E852', 'DDX39B', 'K7EH13', 'K7E998', 'K7E973', 'K7EB04', 'LOC100092226', 'F6Y0E1', 'K7EBG2', 'F6SV47', 'F6ZTZ0', 'K7EI85', 'adra2b', 'F6X1I6', 'F7GCU1', 'LOC103166617', 'TMEM43', 'NPRL2']"
XXXXXXXXXP,18,0.000793,"['K7E9J0', 'F7E0Z4', 'F6ZHY5', 'LOC100086397', 'K7EFX9', 'K7EF07', 'K7E831', 'LOC100087644', 'K7E7U2', 'K7EAH4', 'LOC100087203', 'K7E9D3', 'K7EFN4', 'K7EBF7', 'K7EFV2', 'K7EC48', 'adra2b', 'F7DJ71']"
AAAAAAAAAA,17,0.000749,"['NEUROD1', 'HOXD8', 'TBL1XR1', 'LOC103169669', 'K7EAB4', 'ZFR', 'F7E7X8', 'HOXA13', 'PRPF40A', 'TLE4', 'K7E9S1', 'F6U1L4', 'ZFHX3', 'PITX3', 'PTBP2', 'UNCX', 'K7EHC3']"
EEEEEEEDEE,17,0.000749,"['F6ZII5', 'K7EBC2', 'F7DF32', 'PLPPR3', 'HUWE1', 'F6TTG2', 'F6PS92', 'RREB1Y', 'K7E8K6', 'PRDM2', 'LOC100088734', 'F7E871', 'PDE4A', 'KRI1', 'F6PMH4', 'LOC103165982', 'MYT1']"
QVKIWFQNRR,17,0.000749,"['F6PLT2', 'GBX2', 'GSX1', 'HOXD8', 'F6XHM4', 'HOXB1', 'HOXD12', 'HOXA11', 'F6XHV7', 'HOXC10', 'HOXA4', 'F7GDM9', 'F7AP78', 'NKX3-1', 'F7EBW2', 'F7FLV8', 'DLX2']"
APPPPPPPPP,15,0.000661,"['BPTF', 'F7C0M5', 'TAF4', 'BAG6', 'FOXK1', 'LOC100087747', 'F6R4Y2', 'INF2', 'LOC100089541', 'SRPK2', 'LMOD2', 'CBLL1', 'DYRK1B', 'LZTS1', 'WASL']"
QQQQQQQQQP,14,0.000617,"['NCOA3', 'K7EE61', 'TANC2', 'ZFHX3', 'ADGRB1', 'MEF2A', 'SOX9', 'F7BZN9', 'TNRC6B', 'ZNF462', 'KAT6A', 'NACC1', 'LOC100079882', 'F7AAA9']"
CQGDSGGPLV,13,0.000573,"['F7CJL1', 'CTRL', 'LOC100092426', 'F6SW42', 'F6SXY3', 'PLAU', 'PLAT', 'PRSS33', 'F7FVG5', 'TMPRSS15', 'TMPRSS11D', 'TMPRSS2', 'F6XB42']"
EXXXXXXXXX,13,0.000573,"['FZD3', 'LOC100087783', 'K7E999', 'MTMR3', 'USP54', 'F7AUC0', 'F6UJT0', 'F6TDD8', 'K7EI00', 'K7EGZ9', 'K7E6G0', 'K7EAF6', 'LIG1']"
AXXXXXXXXX,13,0.000573,"['K7EC94', 'F6U8U3', 'K7EE32', 'K7E6I7', 'K7EB46', 'K7EFA0', 'LOC103166572', 'K7ED31', 'F6YFN2', 'K7EFG3', 'K7EH24', 'LOC100093513', 'K7E6I9']"
EEEEEEEEEG,13,0.000573,"['RNF168', 'F7EVC3', 'F6UUN0', 'F6ZII5', 'F7ERU9', 'F6SKH5', 'F7AYF4', 'MAP2', 'SETD1B', 'F6YGE6', 'F6S2S8', 'F7B3Y4', 'F7B429']"
EEDEEEEEEE,13,0.000573,"['F7DGT6', 'PRDM2', 'C12orf50', 'F6X935', 'ARID1B', 'F7ERU9', 'ECM2', 'F7AYF4', 'MBD3', 'KRI1', 'KIAA1429', 'F7GDQ2', 'MYT1']"
KIWFQNRRMK,12,0.000529,"['F6PLT2', 'HOXD8', 'HOXD4', 'HOXD3', 'HOXB1', 'HOXD12', 'HOXA11', 'HOXC6', 'HOXC10', 'PDX1', 'F6XHV7', 'F7EBW2']"
PPPPPPPPPL,12,0.000529,"['F7C0M5', 'F7DHB0', 'FHDC1', 'SHTN1', 'K7E8V3', 'F7EPY5', 'ZFHX3', 'HELZ', 'ZNF341', 'PPARGC1B', 'INF2', 'SRPK2']"
HHHHHHHHHH,12,0.000529,"['F6U1A7', 'FAM76B', 'F6ZX34', 'ONECUT2', 'SELENOP', 'DYRK1A', 'POU4F2', 'CCNT1', 'USP34', 'OLIG3', 'DLX2', 'ZNF281']"
SEEEEEEEEE,12,0.000529,"['K7EA68', 'PSIP1', 'LOC103166165', 'K7E8R5', 'F6RP45', 'SETD1B', 'LOC100089998', 'RRP12', 'F6VV21', 'CLSTN1', 'UBN1', 'K7E987']"
EEEEEEDEEE,11,0.000485,"['KRI1', 'F7DF32', 'F6ZII5', 'RREB1Y', 'K7E8K6', 'PRDM2', 'F7E871', 'NCL', 'F6PMH4', 'LOC103165982', 'MYT1']"
TXXXXXXXXX,11,0.000485,"['K7EA11', 'LOC100082829', 'F7FVK9', 'CLIC3', 'K7EHE6', 'K7EAI1', 'K7EEC1', 'E4F1', 'POLR2A', 'F7GBJ3', 'K7EBR8']"
WDTAGQERFR,11,0.000485,"['RAB37', 'RAB9A', 'RAB27B', 'K7EEG5', 'RAB33B', 'F7EPX9', 'F6S3V9', 'RAB18', 'RAB22A', 'RASEF', 'F6R6C6']"
EEEEEDEEEE,11,0.000485,"['F7DGT6', 'F6WUR8', 'PRDM2', 'F7DJR9', 'F6X935', 'F7DF32', 'K7E8K6', 'MBD3', 'KRI1', 'F6PMH4', 'MYT1']"
EEEEEEEEDE,11,0.000485,"['F7EFZ4', 'PSIP1', 'KRI1', 'PLPPR3', 'F6Y6H5', 'ZFHX3', 'K7E8K6', 'F6VV21', 'F7E871', 'LOC100088734', 'MYT1']"
HCSAGVGRTG,11,0.000485,"['F6WMM5', 'PTPRQ', 'LOC100074271', 'PTPRF', 'F7A969', 'K7EDX2', 'PTPRA', 'F7DIA5', 'F7E3D6', 'PTPRJ', 'PTPRB']"
PSSSSSSSSS,11,0.000485,"['K7ED43', 'TGFBR2', 'SERTAD4', 'HOMEZ', 'CAMK4', 'F7ETH4', 'F6VF87', 'NKTR', 'K7EDR1', 'K7EES9', 'NUFIP2']"
DSCQGDSGGP,11,0.000485,"['PRSS12', 'LOC100091356', 'F7CJL1', 'LOC100092426', 'F9', 'F7GCM9', 'F6Y703', 'TMPRSS3', 'F6SXY3', 'TMPRSS15', 'F6XB42']"
SAAAAAAAAA,10,0.000441,"['LOC100092074', 'K7EAB4', 'UNCX', 'HOXA13', 'TLE4', 'F6U1L4', 'F7E7X8', 'PITX3', 'LOC100088601', 'PBX1']"
DEVTEAQRSE,10,0.000441,"['F7EPQ3', 'F7AJ13', 'SLC16A2', 'F6QLN7', 'K7EG76', 'K7EDJ9', 'F6VN61', 'F7ET35', 'F6PLC8', 'K7EFV4']"
KEEEEEEEEE,10,0.000441,"['F7A8Q3', 'F6YPP2', 'RAD21', 'F7G0I8', 'F6Q019', 'K7EEP5', 'F6V181', 'K7EDP6', 'F7BZ36', 'LMOD3']"
QEEEEEEEEE,10,0.000441,"['F7CE79', 'F7EVC3', 'K7ED94', 'RNF168', 'EVX1', 'F6SKH5', 'K7ED25', 'F7G8A0', 'K7EDP6', 'F7B3Y4']"
EEEEDEEEEE,10,0.000441,"['F7DGT6', 'F6WUR8', 'MBD3', 'F7DF32', 'F6X935', 'ARID1B', 'K7E8K6', 'PRDM2', 'KRI1', 'MYT1']"
EEEDEEEEEE,10,0.000441,"['F7DGT6', 'F7GDQ2', 'MBD3', 'F6X935', 'ARID1B', 'CLSPN', 'PRDM2', 'KRI1', 'FBXW7', 'MYT1']"
VHCSAGVGRT,10,0.000441,"['F6WMM5', 'LOC100074271', 'PTPRF', 'F7A969', 'K7EDX2', 'PTPRA', 'F7DIA5', 'F7E3D6', 'PTPRJ', 'PTPRB']"
HRDLKPENLL,10,0.000441,"['CAMK1G', 'LOC100091639', 'K7EDF0', 'CAMK2G', 'CAMK4', 'DCLK3', 'MELK', 'PDZD4', 'F7B9C0', 'PSKH1']"
GPPGPPGPPG,10,0.000441,"['COL15A1', 'LOC100093364', 'COL7A1', 'K7EI23', 'LOC100086423', 'F7FXD5', 'K7EE00', 'COL1A1', 'CPSF6', 'COL17A1']"
QQQQQQQQQL,10,0.000441,"['FOXP2', 'FGFRL1', 'BARHL2', 'QRICH1', 'ZFHX3', 'K7EA10', 'CREBBP', 'RBM20', 'NCOR1', 'SUPT20H']"
QGDSGGPLVC,10,0.000441,"['F7CJL1', 'LOC100092426', 'F6SW42', 'PLAU', 'PLAT', 'PRSS33', 'F7FVG5', 'F6SXY3', 'F7B7H4', 'F6XB42']"
SCQGDSGGPL,10,0.000441,"['PRSS12', 'LOC100091356', 'F7CJL1', 'CTRL', 'LOC100092426', 'TMPRSS3', 'TMPRSS15', 'F6SXY3', 'F7GCM9', 'F6XB42']"
EKEEEEEEEE,10,0.000441,"['F7A8Q3', 'F6YPP2', 'RAD21', 'LOC103164730', 'F7G0I8', 'K7EEP5', 'K7ED81', 'F6V181', 'K7EDP6', 'LMOD3']"
VXXXXXXXXX,10,0.000441,"['K7EG15', 'K7EEL8', 'TMPPE', 'TUBB', 'K7EFU1', 'F6ZSP9', 'F6RZA2', 'LOC100084843', 'K7E6G6', 'F7E7X3']"
HRDLAARNVL,10,0.000441,"['F6ZPK1', 'PDGFRB', 'PDGFRA', 'K7ECE4', 'EGFR', 'LOC100080924', 'F7GCS2', 'F7BPR6', 'TIE1', 'FGFR3']"
EEEEEEEEEA,10,0.000441,"['K7ED94', 'CLSPN', 'K7EBJ7', 'F6RVQ3', 'EVX1', 'PAXIP1', 'K7E7F7', 'ARID1B', 'K7E6Q6', 'RNF19B']"
GGGGGGGGGS,10,0.000441,"['F7F219', 'TMEM170A', 'PPP1R3D', 'F7ENM7', 'HNRNPA0', 'K7E6Z0', 'TNRC6B', 'F6RW18', 'LOC100091876', 'DLX2']"
AEEEEEEEEE,10,0.000441,"['LOC103168642', 'CLSPN', 'F6PYT3', 'F6RVQ3', 'TIMELESS', 'F7G0I8', 'K7EB23', 'ZGPAT', 'CREBRF', 'MYT1']"
RXXXXXXXXX,10,0.000441,"['MORN5', 'K7EAZ4', 'F6PIH9', 'K7EGD3', 'K7E9M8', 'F6WG07', 'K7EBZ1', 'K7E7U4', 'F7F4Y7', 'K7E9S0']"
SXXXXXXXXX,10,0.000441,"['K7EB83', 'F7E0Z4', 'K7EH67', 'F6YQC1', 'F7G977', 'POU4F2', 'ZNF436', 'K7EBG4', 'ZEB1', 'MCM9']"
HXXXXXXXXX,10,0.000441,"['K7EI22', 'K7E7W2', 'F6ZKW0', 'K7E884', 'LOC100085972', 'K7EGZ1', 'K7ECL6', 'K7E9Q4', 'K7EGL6', 'SEMA6A']"
LXXXXXXXXX,9,0.000397,"['K7E6U7', 'K7EE76', 'F6Z6T8', 'F6VV45', 'K7EF36', 'K7EGT7', 'CS', 'K7EAX7', 'F6WY89']"
PHFTDEVTEA,9,0.000397,"['F6VUJ4', 'F7AJ13', 'MECP2', 'F6QLN7', 'K7EG76', 'F6PME8', 'F6QXN8', 'F7ET35', 'F6PZY5']"
PPPPPPPPPG,9,0.000397,"['FNBP4', 'F6REB3', 'DAB2IP', 'LOC100089541', 'LATS1', 'F7EKS6', 'WASL', 'MTFR1', 'K7EI06']"
QQQQQQQQPQ,9,0.000397,"['NCOA3', 'F6R2I1', 'F6TWH1', 'ZFHX3', 'HOXA10', 'MEF2A', 'KAT6A', 'NACC1', 'F7AAA9']"
LCAEHCSKRW,9,0.000397,"['F7EVG8', 'F6VFD5', 'F6ZVU6', 'F6VWQ8', 'F6U882', 'F6YL78', 'F6QYR0', 'F6QXN8', 'F6REV9']"
VKIWFQNRRM,9,0.000397,"['F6PLT2', 'HOXD8', 'HOXB1', 'HOXD12', 'HOXA11', 'F6XHV7', 'HOXC10', 'HOXA4', 'F7EBW2']"
HRDLAARNIL,9,0.000397,"['LOC100093102', 'EPHB4', 'F6UTL2', 'PTK6', 'KIT', 'K7EDQ0', 'F6U5B0', 'FLT3', 'KDR']"
DACQGDSGGP,9,0.000397,"['F6SW42', 'PLAU', 'PLAT', 'PRSS33', 'ST14', 'PRSS8', 'F10', 'F7DD53', 'TMPRSS11D']"
QPPPPPPPPP,9,0.000397,"['FNBP4', 'TAB3', 'DAB2IP', 'ZNF341', 'LOC103164997', 'RBM33', 'CCDC6', 'K7EI06', 'F7DHB0']"
FTDEVTEAQR,9,0.000397,"['F7AJ13', 'MECP2', 'F6XP74', 'F6QLN7', 'K7EG76', 'K7EDJ9', 'F6QXN8', 'F7ET35', 'F6PZY5']"
RLLCAEHCSK,9,0.000397,"['F7EZQ3', 'F6VFD5', 'F6ZVU6', 'F6VWQ8', 'F6U882', 'F6REV9', 'K7EFX3', 'F6QXN8', 'F6QYR0']"
PGPPGPPGPP,9,0.000397,"['COL15A1', 'LOC100093364', 'F6XQ66', 'K7EI23', 'LOC100086423', 'F7FXD5', 'COL1A1', 'CPSF6', 'COL17A1']"
PPPPPPPPLP,9,0.000397,"['FHDC1', 'SHTN1', 'K7E8V3', 'ZFHX3', 'F7DHB0', 'ZNF341', 'SETD1B', 'INF2', 'SRPK2']"
EEEEEEEEDD,9,0.000397,"['LOC100081081', 'K7ED57', 'K7EBU2', 'F6U064', 'K7EHP9', 'K7E6Z2', 'PIAS4', 'LOC100092801', 'UBN1']"
PPPPPPPPPA,9,0.000397,"['BAG6', 'LOC100087747', 'TAB3', 'F6S9X0', 'DAZAP1Y', 'BRD4', 'DYRK1B', 'ZNF395', 'LMOD2']"
DSEEEEEEEE,8,0.000353,"['K7EA68', 'PSIP1', 'F6RP45', 'GSE1', 'SETD1B', 'RRP12', 'F6VV21', 'LOC100092801']"
GETGSGKTTQ,8,0.000353,"['K7EA11', 'DHX40', 'F7CUX7', 'K7EEG2', 'DHX15', 'F6VUG8', 'F7DG38', 'DHX37']"
THTGEKPYKC,8,0.000353,"['ZNF217', 'K7EC70', 'F6Z7X9', 'KLF7', 'LOC103171105', 'MYNN', 'F6QWR9', 'F6USF2']"
ESTTXXXXXX,8,0.000353,"['F7FVK9', 'CLIC3', 'K7EHE6', 'K7EDG4', 'POLR2A', 'LOC100090491', 'K7EBR8', 'LOC100081475']"
EVTEAQRSEV,8,0.000353,"['F7DKN7', 'F7EPQ3', 'SLC16A2', 'F7CCU6', 'K7EDJ9', 'K7EEJ1', 'F6QZL9', 'K7EFV4']"
PQQQQQQQQQ,8,0.000353,"['F6TWH1', 'ZFHX3', 'HOXA10', 'K7EA10', 'MEF2A', 'SOX9', 'ZNF462', 'LOC100079882']"
VTEAQRSEVT,8,0.000353,"['F7DKN7', 'F7EPQ3', 'SLC16A2', 'F7CCU6', 'K7EDJ9', 'K7EEJ1', 'F6QZL9', 'K7EFV4']"
QQQQQQQQPP,8,0.000353,"['K7EE61', 'F7EHE8', 'SOX9', 'TNRC6B', 'ZNF462', 'KAT6A', 'K7EI06', 'ADGRB1']"
RQVKIWFQNR,8,0.000353,"['HOXD8', 'F7FLV8', 'HOXA11', 'F6XHV7', 'HOXC10', 'HOXA4', 'F7GDM9', 'F7EBW2']"
SSSSSSSSSG,8,0.000353,"['K7ED43', 'FAM76A', 'Cdsn', 'ZNRF3', 'K7EF31', 'F7C4X2', 'TTC14', 'K7EES9']"
PEEEEEEEEE,8,0.000353,"['COL15A1', 'F7AWF6', 'ANO8', 'F7EFZ4', 'K7EHP9', 'F6UYY9', 'F7E871', 'F6S2S8']"
XXXXXXXXXA,8,0.000353,"['K7E9X3', 'K7EBY1', 'HOXD8', 'EMB', 'K7E847', 'F7GAW8', 'F7BGJ3', 'K7EF99']"
XXXXXXXXXL,8,0.000353,"['K7EDL9', 'F7E9G9', 'K7EED1', 'F6WY26', 'K7EBQ5', 'F7EVS1', 'F7BRS9', 'ZEB1']"
HLRTHTGEKP,8,0.000353,"['F7DC39', 'F6QFH6', 'ZNF217', 'F6XAK9', 'KLF11', 'KLF4', 'ZBTB48', 'F6U4V9']"
KRPMNAFMVW,8,0.000353,"['F6Z3C6', 'SOX10', 'SOX11', 'SOX13', 'F7EAG9', 'SOX9', 'SOX2', 'SOX4']"
RTHTGEKPYK,8,0.000353,"['ZNF217', 'K7EC70', 'F6Z7X9', 'KLF7', 'LOC103171105', 'MYNN', 'F6QWR9', 'F6USF2']"
LADEMGLGKT,8,0.000353,"['HELLS', 'RAD54B', 'CHD7', 'K7E9Z0', 'SMARCAD1', 'SMARCA1', 'LOC100091640', 'F7C8T9']"
NSIRHNLSLN,8,0.000353,"['LOC100081080', 'F7D8Z4', 'FOXJ2', 'FOXJ3', 'FOXK1', 'FOXJ1', 'FOXG1', 'F6U1A7']"
SPPPPPPPPP,8,0.000353,"['APBB1IP', 'FNBP4', 'K7EFJ5', 'PPARGC1B', 'K7E8K6', 'ZNF462', 'KIAA1429', 'NR1D2']"
CEGCKGFFRR,8,0.000353,"['RARB', 'THRB', 'RORA', 'F6VPM6', 'LOC100080852', 'NR1H4', 'NR1D2', 'NR1H3']"
LLCAEHCSKR,8,0.000353,"['F6VFD5', 'F6ZVU6', 'F6VWQ8', 'F6U882', 'F6YL78', 'F6QYR0', 'F6QXN8', 'F6REV9']"
FAYGQTGSGK,8,0.000353,"['KIF16B', 'KIF13A', 'KIF7', 'LOC103166878', 'F7EUI9', 'KIF15', 'LOC100682206', 'F6S6B0']"
EEEEEEEEDG,8,0.000353,"['F7FVS8', 'F6PYT3', 'F7A937', 'GSE1', 'F7ADF7', 'KIAA1429', 'F6U1A7', 'LOC103167580']"
GEEEEEEEEE,8,0.000353,"['K7EEM0', 'F7EVC3', 'K7EF30', 'K7E6Z2', 'ZFHX3', 'MAP2', 'K7EE11', 'F6PMH4']"
EEEEEEEEES,8,0.000353,"['LOC103168642', 'RSPH4A', 'TIMELESS', 'DIEXF', 'F6V181', 'F6PMH4', 'CLSTN1', 'LMOD2']"
CSAGVGRTGT,8,0.000353,"['LOC100074271', 'F7A969', 'K7EDX2', 'PTPRA', 'F7DIA5', 'F7E3D6', 'PTPRJ', 'PTPRB']"
DDEEEEEEEE,8,0.000353,"['PHACTR4', 'F6U064', 'AFDN', 'F7FRM4', 'DIEXF', 'K7EBJ7', 'LOC103167580', 'F7B429']"
ASSSSSSSSS,8,0.000353,"['MTF1', 'K7EH16', 'SNX6', 'CHD9', 'PPRC1', 'LOC100088528', 'TTC14', 'F7E7X8']"
ILADEMGLGK,8,0.000353,"['HELLS', 'RAD54B', 'CHD7', 'K7E9Z0', 'SMARCAD1', 'SMARCA1', 'LOC100091640', 'F7C8T9']"
XXXXXXXXPP,8,0.000353,"['K7EH01', 'K7EF07', 'K7E831', 'adra2b', 'LOC100087203', 'K7E9D3', 'K7EBF7', 'K7EFV2']"
GPPGPQGPPG,8,0.000353,"['F7C2Y6', 'LOC100093364', 'F7FFK7', 'F7FX88', 'ERFE', 'F7FXD5', 'COLEC12', 'COL17A1']"
RLVITPLTDR,8,0.000353,"['F7E198', 'K7EGG1', 'F6R102', 'LOC100075568', 'F7F2H3', 'F7FQI7', 'DNAH10', 'F6PPH7']"
PGPGPGPGPG,8,0.000353,"['CDAN1', 'F6WKH8', 'F7DIL7', 'CCDC3', 'F7CNQ8', 'LOC107547159', 'TTC9B', 'NOA1']"
STTXXXXXXX,7,0.000308,"['F7FVK9', 'CLIC3', 'K7EHE6', 'POLR2A', 'LOC100090491', 'K7EBR8', 'LOC100081475']"
PPGPPGPPGP,7,0.000308,"['COL15A1', 'LOC100093364', 'COL4A1', 'K7EI23', 'K7EE00', 'CPSF6', 'COL17A1']"
RIHTGEKPYK,7,0.000308,"['ZNF536', 'F6S8Y3', 'F7BUI7', 'F6XTN3', 'KLF8', 'F7DRA3', 'F7GAH0']"
VYKVETIGDA,7,0.000308,"['GUCY2C', 'F6QZ97', 'LOC100078016', 'GUCY1A3', 'F6W653', 'F6WLZ7', 'F7F1F1']"
PPGTGKTLLA,7,0.000308,"['YME1L1', 'F6PJR4', 'KATNAL2', 'K7EG65', 'F6ZIN1', 'F6SMT7', 'PSMC6']"
GPPGTGKTLL,7,0.000308,"['YME1L1', 'F6PJR4', 'KATNAL2', 'K7EG65', 'F6ZIN1', 'F6SMT7', 'PSMC6']"
PPPPPPPPPS,7,0.000308,"['K7EBW3', 'APBB1IP', 'FNBP4', 'NAV2', 'F6PG56', 'F7EVW1', 'NR1D2']"
VHRDLAARNV,7,0.000308,"['F6ZPK1', 'PDGFRB', 'PDGFRA', 'K7ECE4', 'EGFR', 'F7GCS2', 'F7BPR6']"
XXXXXXXXXR,7,0.000308,"['SPINT1', 'K7EFL4', 'F7A728', 'K7E8K0', 'K7EHN9', 'LPGAT1', 'K7EFA0']"
HFTDEVTEAQ,7,0.000308,"['F7AJ13', 'MECP2', 'F6QLN7', 'K7EG76', 'F7ET35', 'F6QXN8', 'F6PZY5']"
TPPPPPPPPP,7,0.000308,"['FHDC1', 'LNPK', 'F7EPY5', 'HELZ', 'NAV2', 'BRD4', 'LMOD2']"
EEKEEEEEEE,7,0.000308,"['F7A8Q3', 'F6YPP2', 'LOC103164730', 'F7G0I8', 'HOXB7', 'F6V181', 'LMOD3']"
HQRTHTGEKP,7,0.000308,"['F7DC39', 'F6Z7X9', 'KLF7', 'LOC103171105', 'F6XAM1', 'LOC100087107', 'F6U4V9']"
SSSSSSSSSP,7,0.000308,"['TGFBR2', 'TAF4', 'SNX6', 'MTF1', 'F7ETH4', 'F7EKS6', 'RNF126']"
LQLWDTAGQE,7,0.000308,"['RAB27B', 'RAB34', 'K7E8Y5', 'F6S3V9', 'RASEF', 'F6ZEL0', 'F7C6L6']"
TDEVTEAQRS,7,0.000308,"['F7EPQ3', 'F7AJ13', 'MECP2', 'F6QLN7', 'K7EG76', 'K7EDJ9', 'F7ET35']"
QLWDTAGQER,7,0.000308,"['RAB27B', 'RAB34', 'RAB33B', 'F6S3V9', 'RASEF', 'F6ZEL0', 'F7C6L6']"
DVYKVETIGD,7,0.000308,"['GUCY2C', 'F6QZ97', 'LOC100078016', 'GUCY1A3', 'F6W653', 'F6WLZ7', 'F7F1F1']"
GLPGPPGPPG,7,0.000308,"['COL10A1', 'COL15A1', 'COL4A5', 'F7F6K2', 'ERFE', 'F7G1V2', 'COL17A1']"
EEEEEEDEED,7,0.000308,"['HOMEZ', 'HUWE1', 'CSRNP3', 'F6PS92', 'LOC100088734', 'PDE4A', 'F7EDM5']"
LVITPLTDRC,7,0.000308,"['F7E198', 'K7EGG1', 'F6R102', 'LOC100075568', 'F7F2H3', 'F7FQI7', 'F6PPH7']"
DTAGQERFRS,7,0.000308,"['RAB37', 'RAB9A', 'RAB27B', 'RASEF', 'F7EPX9', 'F6S3V9', 'F6VHJ8']"
IWDTAGQERF,7,0.000308,"['RAB37', 'RAB21', 'RAB9B', 'F6R6C6', 'RAB18', 'RAB22A', 'K7EEG5']"
KQRGSVERAR,7,0.000308,"['F6VFD5', 'F6YT79', 'F7CQS1', 'F7ET35', 'F6ZGB4', 'F7CA61', 'F6YT93']"
EEEGEEEEEE,7,0.000308,"['F7EVC3', 'RSPH4A', 'TIMELESS', 'MAP2', 'K7EE11', 'F6WKB5', 'USP34']"
GTPYWMAPEV,7,0.000308,"['LOC100088453', 'MAP4K5', 'F6T2D5', 'F7A937', 'PAK5', 'F6SI92', 'PAK3']"
HRRTHTGEKP,7,0.000308,"['F7DC39', 'F6SND9', 'F6QWR9', 'F7AMF4', 'KLF3', 'F6RTI6', 'F7ENJ1']"
RDLAARNVLV,7,0.000308,"['F6ZPK1', 'EGFR', 'LOC100080924', 'F7GCS2', 'F7BPR6', 'TIE1', 'FGFR3']"
LQIWDTAGQE,7,0.000308,"['RAB36', 'RAB9B', 'F6VHJ8', 'RAB26', 'LOC100079468', 'K7EEG5', 'F6QZD8']"
RNDNSSRFGK,7,0.000308,"['F6Z496', 'F7BC13', 'LOC100680899', 'F7D6U3', 'F7A350', 'LOC107547359', 'F6UU44']"
ACQGDSGGPL,7,0.000308,"['F6SW42', 'PLAU', 'PLAT', 'PRSS33', 'ST14', 'PRSS8', 'TMPRSS11D']"
EEEEEEEEEQ,7,0.000308,"['ANO8', 'LOC103166165', 'NCBP3', 'F6SFE3', 'RANGAP1', 'F7G0I8', 'RRP12']"
EEEEEEEEEP,7,0.000308,"['K7EEM0', 'F6RTL0', 'K7EE11', 'F7G8A0', 'KIF21B', 'LMOD3', 'MYT1']"
NPPXXXXXXX,7,0.000308,"['SLC41A1', 'K7EHE3', 'DDX39B', 'K7EB04', 'LOC100092226', 'K7E7K3', 'NPRL2']"
YKVETIGDAY,7,0.000308,"['GUCY2C', 'F6QZ97', 'LOC100078016', 'GUCY1A2', 'F6W653', 'F6WLZ7', 'F7F1F1']"
RHNLSLNKCF,7,0.000308,"['FOXJ1', 'FOXJ2', 'FOXJ3', 'F7C7P5', 'FOXG1', 'LOC100093265', 'FOXN4']"
TEAQRSEVTC,7,0.000308,"['F7DKN7', 'F7EPQ3', 'SLC16A2', 'F7CCU6', 'K7EDJ9', 'PTPRA', 'F6RWH3']"
RGXXXXXXXX,7,0.000308,"['K7EEM1', 'F7AXF7', 'HINFP', 'K7EBQ3', 'SPRYD4', 'K7E7D7', 'K7EI98']"
QNSIRHNLSL,7,0.000308,"['LOC100081080', 'FOXJ1', 'FOXK1', 'F7D8Z4', 'FOXG1', 'FOXO3', 'F6U1A7']"
CAEHCSKRWG,7,0.000308,"['F6VFD5', 'F6ZVU6', 'F6VWQ8', 'F6U882', 'F6YL78', 'F6QXN8', 'F6REV9']"
IHTGEKPYKC,7,0.000308,"['ZNF536', 'F6S8Y3', 'F7BUI7', 'F6XTN3', 'KLF8', 'F7DRA3', 'F7GAH0']"
AGGGGGGGGG,7,0.000308,"['WDR26', 'TMEM170A', 'F7ENM7', 'K7E9N4', 'F6XEA6', 'EOMES', 'FBXO33']"
GPAGTGKTET,7,0.000308,"['F7E198', 'K7EGG1', 'F6R102', 'F7F2H3', 'F7FQI7', 'DNAH10', 'F6PPH7']"
ICSDKTGTLT,6,0.000264,"['ATP2A2', 'ATP12A', 'K7E6H1', 'ATP2C2', 'ATP2B4', 'F6SZ14']"
LPQRLEQCSA,6,0.000264,"['PRRC2C', 'K7EC72', 'F7ECR9', 'F7E0G8', 'F6WNS1', 'K7E7E0']"
GTGKTETTKD,6,0.000264,"['F7E198', 'K7EGG1', 'F6R102', 'F7FQI7', 'DNAH10', 'F6PPH7']"
QIWDTAGQER,6,0.000264,"['RAB37', 'RAB9B', 'F6R6C6', 'F6Z216', 'LOC100079468', 'K7EEG5']"
PAGTGKTETT,6,0.000264,"['F7E198', 'K7EGG1', 'F6R102', 'F7FQI7', 'DNAH10', 'F6PPH7']"
TRTMAINRVK,6,0.000264,"['F7F8T9', 'F7DB67', 'F6S392', 'F6RJQ3', 'ABCD2', 'F7A0K7']"
PQRLEQCSAH,6,0.000264,"['F7FSC1', 'PRRC2C', 'K7EC72', 'F7ECR9', 'F7E0G8', 'F6WNS1']"
RERERERERE,6,0.000264,"['HDAC9', 'GSE1', 'ZC3H13', 'RBM25', 'ZC3H18', 'NCOR1']"
VETIGDAYMV,6,0.000264,"['GUCY2C', 'F6QZ97', 'LOC100078016', 'F6W653', 'F6WLZ7', 'F7F1F1']"
EEVEEEEEEE,6,0.000264,"['F7ELK1', 'PSEN2', 'RANGAP1', 'F7EKS6', 'PRDM2', 'F6X9U3']"
QRGSVERARA,6,0.000264,"['F6YT93', 'F7CQS1', 'F7ET35', 'F6ZGB4', 'F7CA61', 'F6YT79']"
VKRLLCAEHC,6,0.000264,"['F7EZQ3', 'F6VFD5', 'F6ZVU6', 'F6QYR0', 'F6QXN8', 'F6REV9']"
GPPGPPGPQG,6,0.000264,"['F7C2Y6', 'LOC100093364', 'F7F872', 'COLQ', 'ERFE', 'COL17A1']"
AQRSEVTCPR,6,0.000264,"['F7DKN7', 'F7EPQ3', 'F7CCU6', 'F6R0H5', 'K7EDJ9', 'F6RWH3']"
KICDFGLARD,6,0.000264,"['PDGFRB', 'PDGFRA', 'LOC100093102', 'KIT', 'FLT3', 'KDR']"
QRTHTGEKPY,6,0.000264,"['F7DC39', 'F6Z7X9', 'KLF7', 'LOC103171105', 'LOC100087107', 'F6U4V9']"
EAEEEEEEEE,6,0.000264,"['PPM1G', 'F6PYT3', 'F6Y6H5', 'TIMELESS', 'ZGPAT', 'K7EE11']"
SSSSSSSSSC,6,0.000264,"['SERTAD4', 'CHD9', 'TSHZ3', 'F6RLM2', 'NT5DC2', 'BRINP2']"
DDDDEEEEEE,6,0.000264,"['UVSSA', 'K7EBC2', 'F6U064', 'DIEXF', 'DEK', 'LOC103167580']"
QQQQQQQQQA,6,0.000264,"['NFAT5', 'ZFHX3', 'HOXA10', 'F6U214', 'LOC100079882', 'F7DVF0']"
AGTGKTETTK,6,0.000264,"['F7E198', 'K7EGG1', 'F6R102', 'F7FQI7', 'DNAH10', 'F6PPH7']"
PPPPPPPPAP,6,0.000264,"['BAG6', 'LOC100087747', 'K7EF42', 'BRD4', 'DYRK1B', 'LMOD2']"
XXXXXXXXXC,6,0.000264,"['RCN3', 'PLK2', 'K7EIA4', 'LOC100092729', 'K7EAU9', 'K7EBR8']"
XXXXXXXXXE,6,0.000264,"['K7EDB7', 'LOC103168300', 'USP54', 'K7EEN3', 'K7EES9', 'K7EBJ2']"
HTGEKPYKCP,6,0.000264,"['ZNF536', 'ZNF319', 'F7F378', 'F6U4V9', 'F7C2C9', 'F6USF2']"
VAQWKEPGLG,6,0.000264,"['K7ECE8', 'PRRC2C', 'F6SS47', 'F7BUA1', 'F7ETI0', 'K7E8P9']"
SSSSSSSSSA,6,0.000264,"['PPRC1', 'CAMK4', 'F6U8U3', 'Cdsn', 'F7E7X8', 'F6S6D4']"
NLVDLAGSER,6,0.000264,"['F6ZL66', 'F6VFD5', 'KIF3C', 'KIF15', 'K7E7P2', 'KIFC3']"
YGPPGTGKTL,6,0.000264,"['F6WIB1', 'F6PJR4', 'KATNAL2', 'VCP', 'F6ZIN1', 'PSMC6']"
QRSEVTCPRS,6,0.000264,"['F7DKN7', 'F7EPQ3', 'F7CCU6', 'F6R0H5', 'K7EDJ9', 'F6RWH3']"
AGPAGTGKTE,6,0.000264,"['F7E198', 'K7EGG1', 'F7FUV5', 'F7F2H3', 'DNAH10', 'F6PPH7']"
LQQQQQQQQQ,6,0.000264,"['FOXP2', 'SLITRK5', 'SUPT20H', 'F7BZN9', 'NCOR1', 'CREBBP']"
IVHRDLKPEN,6,0.000264,"['CAMK1G', 'CAMK2G', 'CAMK4', 'DCLK3', 'PDZD4', 'PHKG2']"
NDNSSRFGKY,6,0.000264,"['F6Z496', 'LOC100680899', 'F7D6U3', 'LOC107547359', 'MYO3B', 'F6UU44']"
PPXXXXXXXX,6,0.000264,"['K7EHE3', 'DDX39B', 'K7EB04', 'LOC100092226', 'K7E7K3', 'NPRL2']"
HMRTHTGEKP,6,0.000264,"['ZNF536', 'KLF10', 'F6XPB1', 'ZBTB7C', 'F6VIP9', 'LOC100681146']"
IAIVLVCPSP,6,0.000264,"['F7F3I4', 'F7EXT3', 'F7CQW7', 'F6R583', 'F7CJ35', 'ABCC11']"
DNLITLYLPQ,6,0.000264,"['FAM131B', 'F7EVG8', 'F7G1I8', 'PRRC2C', 'F6WNS1', 'F7EWC0']"
EAQRSEVTCP,6,0.000264,"['F7DKN7', 'F7EPQ3', 'SLC16A2', 'F7CCU6', 'K7EDJ9', 'F6RWH3']"
YRDSKLTRLL,6,0.000264,"['F6U7E5', 'KIF3C', 'F6VFD5', 'KIF19', 'KIF21A', 'F7EHG4']"
MPRYCLFGDT,6,0.000264,"['GUCY2C', 'F6QZ97', 'LOC100078016', 'F6W653', 'F6WLZ7', 'F7F1F1']"
ICDFGLARDI,6,0.000264,"['PDGFRB', 'PDGFRA', 'LOC100093102', 'KIT', 'FLT3', 'KDR']"
HSLNPHFTDE,6,0.000264,"['F6WS48', 'F6SJQ0', 'F6PME8', 'K7EBK2', 'F7EB41', 'F7GCT7']"
FIHRDLAARN,6,0.000264,"['F6WYI4', 'F6UTL2', 'F7FW59', 'ABL1', 'F7FU24', 'TIE1']"
RRTHTGEKPY,6,0.000264,"['F6SND9', 'F6QWR9', 'F7AMF4', 'KLF3', 'F6RTI6', 'F7ENJ1']"
NPHFTDEVTE,6,0.000264,"['F6VUJ4', 'MECP2', 'F6QLN7', 'K7EG76', 'F7ET35', 'F6PME8']"
PPPPPPPLPP,6,0.000264,"['FHDC1', 'SHTN1', 'DAAM1', 'ZNF341', 'SETD1B', 'PRR11']"
GLGNVWRFPY,6,0.000264,"['SLC6A7', 'SLC6A18', 'F7DFU3', 'SLC6A13', 'LOC100087388', 'F6Y840']"
WQNSIRHNLS,6,0.000264,"['LOC100081080', 'F7D8Z4', 'FOXK1', 'FOXJ1', 'FOXG1', 'F6U1A7']"
VEEEEEEEEE,6,0.000264,"['RANGAP1', 'ZFHX3', 'K7E7F7', 'F7EKS6', 'LOC100680621', 'ANAPC4']"
HHHHHHHHHQ,6,0.000264,"['F6U1A7', 'ONECUT2', 'POU4F2', 'F7DBQ9', 'USP34', 'OLIG3']"
VITPLTDRCY,6,0.000264,"['F7E198', 'K7EGG1', 'F6R102', 'LOC100075568', 'F7FQI7', 'F6PPH7']"
EEEEGEEEEE,6,0.000264,"['F7EVC3', 'F7GBH3', 'TIMELESS', 'AXDND1', 'K7EE11', 'F6WKB5']"
EEEEEGEEEE,6,0.000264,"['F6S2S8', 'F7GBH3', 'TIMELESS', 'AXDND1', 'K7EE11', 'F7EVC3']"
QQQQQQQPPP,6,0.000264,"['F7EHE8', 'SOX9', 'KAT6A', 'NACC1', 'K7EI06', 'ADGRB1']"
GKTLLAKAVA,6,0.000264,"['SPG7', 'F6PJR4', 'KATNAL2', 'K7EG65', 'PSMC1', 'NVL']"
KVETIGDAYM,6,0.000264,"['GUCY2C', 'F6QZ97', 'LOC100078016', 'F6W653', 'F6WLZ7', 'F7F1F1']"
EEEEEEEEGE,6,0.000264,"['F6S2S8', 'F7ERU9', 'SETD1B', 'K7EE11', 'F6YGE6', 'F7EVC3']"
FYAPWCGHCK,6,0.000264,"['PDIA6', 'P4HB', 'PDIA4', 'K7EFT7', 'TXNDC5', 'F7EBZ3']"
VHRDLKPENL,6,0.000264,"['CAMK1G', 'CAMK2G', 'CAMK4', 'DCLK3', 'PDZD4', 'F7B9C0']"
RDLKPENILL,6,0.000264,"['RPS6KA3', 'GRK6', 'LOC100079213', 'PDPK1', 'PRKX', 'PHKG2']"
KRLLCAEHCS,6,0.000264,"['F7EZQ3', 'F6VFD5', 'F6ZVU6', 'F6QYR0', 'F6QXN8', 'F6REV9']"
PAGPAGTGKT,6,0.000264,"['F7E198', 'K7EGG1', 'F7FUV5', 'F7F2H3', 'DNAH10', 'F6PPH7']"
GGGGGGGGGE,6,0.000264,"['K7E7Z0', 'K7E6V3', 'K7EDW3', 'TMEM189', 'KIF3C', 'K7EDV7']"
WDNLITLYLP,6,0.000264,"['FAM131B', 'F7EVG8', 'F7G1I8', 'PRRC2C', 'F6WNS1', 'F7EWC0']"
WFQNRRAKWR,6,0.000264,"['ALX1', 'DRGX', 'F7BZS8', 'F7DHB0', 'RAX', 'F6PFX3']"
RYCLFGDTVN,6,0.000264,"['GUCY2C', 'F6QZ97', 'LOC100078016', 'F6W653', 'F6WLZ7', 'F7F1F1']"
TQVKIWFQNR,6,0.000264,"['F6PLT2', 'F6XHM4', 'HOXB1', 'F7AP78', 'NKX3-1', 'DLX2']"
PRYCLFGDTV,6,0.000264,"['GUCY2C', 'F6QZ97', 'LOC100078016', 'F6W653', 'F6WLZ7', 'F7F1F1']"
AHSLNPHFTD,5,0.00022,"['F6WS48', 'F6SJQ0', 'F6PME8', 'K7EBK2', 'F7EB41']"
CHCFYEMFFP,5,0.00022,"['F7DCJ1', 'F6QVC5', 'F7DPE0', 'F7EN17', 'ABCC11']"
QQQQQQPQQQ,5,0.00022,"['F6TWH1', 'MEF2A', 'NACC1', 'ZFHX3', 'HOXA10']"
SSVAQWKEPG,5,0.00022,"['PRRC2C', 'F6SS47', 'F7ETI0', 'K7ECE8', 'K7E8P9']"
EEEEEEEDDD,5,0.00022,"['K7ED57', 'SEC63', 'LOC100092801', 'UBN1', 'F6U064']"
SPATVSRCGM,5,0.00022,"['F6RWD6', 'K7EDE6', 'F7FQI7', 'DNAH10', 'F6R102']"
GPGPGPGPGP,5,0.00022,"['TTC9B', 'LOC107547159', 'F7CNQ8', 'F6WKH8', 'NOA1']"
HHXXXXXXXX,5,0.00022,"['K7EGD0', 'K7E990', 'F6ZKW0', 'K7EGZ1', 'K7E9Q4']"
WIENMNTVLD,5,0.00022,"['F6RWD6', 'K7EDE6', 'F7FUV5', 'LOC100091933', 'F6R102']"
VVHRDLKPEN,5,0.00022,"['F6YST6', 'SNRK', 'F7B9C0', 'F7DV25', 'CAMK2A']"
FVKRLLCAEH,5,0.00022,"['F7EZQ3', 'F6QXN8', 'F6REV9', 'F6QYR0', 'F6VFD5']"
TVNTASRMES,5,0.00022,"['GUCY2C', 'F6QZ97', 'F6W653', 'F6WLZ7', 'LOC100078016']"
HCSAGIGRTG,5,0.00022,"['PTPN3', 'PTPN9', 'F7AVI5', 'PTPRR', 'LOC100075525']"
GAPAGPAGTG,5,0.00022,"['DNAH10', 'F7FUV5', 'K7EGG1', 'F6PPH7', 'DNAH5']"
LGNVWRFPYL,5,0.00022,"['SLC6A13', 'LOC100087388', 'SLC6A18', 'F7DFU3', 'F6Y840']"
IWFQNRRMKW,5,0.00022,"['HOXD4', 'F6PLT2', 'PDX1', 'HOXD8', 'HOXC6']"
ELLVLEQFLT,5,0.00022,"['F7BWC6', 'LOC103171105', 'F7AML9', 'F7DRA3', 'F6UXF4']"
HRRTHTGERP,5,0.00022,"['F7AMF4', 'F6XV38', 'F6VQC6', 'ZNF436', 'F7AD91']"
GTGKTLLAKA,5,0.00022,"['PSMC1', 'F6PJR4', 'K7EG65', 'F6SMT7', 'KATNAL2']"
ILELLVLEQF,5,0.00022,"['F7BWC6', 'LOC103171105', 'F7AML9', 'F7DRA3', 'F6UXF4']"
DVWSFGVLLW,5,0.00022,"['F6ZPK1', 'MET', 'LOC100093102', 'FGFR3', 'KDR']"
ENMNTVLDDN,5,0.00022,"['F6RWD6', 'K7EDE6', 'F7FUV5', 'LOC100091933', 'F6R102']"
YCLFGDTVNT,5,0.00022,"['GUCY2C', 'F6QZ97', 'F6W653', 'F6WLZ7', 'LOC100078016']"
DLKPENILLD,5,0.00022,"['GRK6', 'LOC100079213', 'RPS6KA3', 'PRKX', 'PHKG2']"
TTXXXXXXXX,5,0.00022,"['F7FVK9', 'K7EBR8', 'POLR2A', 'CLIC3', 'K7EHE6']"
TGKTETTKDL,5,0.00022,"['K7EGG1', 'F7FQI7', 'F6PPH7', 'DNAH10', 'F6R102']"
GAWGCFDEFN,5,0.00022,"['DNAH10', 'F7E198', 'DYNC2H1', 'F6PPH7', 'DYNC1H1']"
HIRTHTGEKP,5,0.00022,"['MTF1', 'SNAI3', 'ZBTB7A', 'F7D244', 'F6PMN6']"
SVAQWKEPGL,5,0.00022,"['PRRC2C', 'F6SS47', 'F7ETI0', 'K7ECE8', 'K7E8P9']"
QVWFQNRRAK,5,0.00022,"['F7EUM2', 'ALX1', 'SHOX2', 'DRGX', 'RAX']"
KLQIWDTAGQ,5,0.00022,"['LOC100079468', 'F6VHJ8', 'RAB26', 'K7EEG5', 'F6QZD8']"
EEEEVEEEEE,5,0.00022,"['F6X9U3', 'F7ELK1', 'F7GCU1', 'F6RJ77', 'RANGAP1']"
AYGQTGSGKT,5,0.00022,"['LOC100682206', 'KIF15', 'LOC103166878', 'F6S6B0', 'KIF7']"
VVHCSAGIGR,5,0.00022,"['PTPN1', 'PTPN9', 'LOC100081506', 'PTPRR', 'F7FW16']"
EVEEEEEEEE,5,0.00022,"['LOC100680621', 'PSEN2', 'F7EKS6', 'ANAPC4', 'RANGAP1']"
NXXXXXXXXX,5,0.00022,"['K7EBV6', 'K7EC63', 'LOC100086748', 'F6SEP0', 'KIAA0368']"
GTPEYLAPEV,5,0.00022,"['F7EC83', 'LOC100079213', 'PRKX', 'LOC100083124', 'F6W6W1']"
AEHCSKRWGR,5,0.00022,"['F6VWQ8', 'F6U882', 'F6ZVU6', 'F6YL78', 'F6VFD5']"
HCFYEMFFPL,5,0.00022,"['F7DCJ1', 'F6QVC5', 'F7DPE0', 'F7EN17', 'ABCC11']"
LELLVLEQFL,5,0.00022,"['F7BWC6', 'LOC103171105', 'F7AML9', 'F7DRA3', 'F6UXF4']"
FIAIVLVCPS,5,0.00022,"['F7CJ35', 'F7CQW7', 'F6R583', 'ABCC11', 'F7EXT3']"
EEEEEEEEAA,5,0.00022,"['K7E6Q6', 'RNF19B', 'EVX1', 'F6QF20', 'ARID1B']"
QTRTMAINRV,5,0.00022,"['F7F8T9', 'ABCD2', 'F7DB67', 'F6RJQ3', 'F7A0K7']"
HIKRPMNAFM,5,0.00022,"['SOX11', 'SOX13', 'SOX14', 'SOX4', 'F7EAG9']"
YLLDDPLSAV,5,0.00022,"['ABCC4', 'F7CFY7', 'ABCC6', 'ABCC12', 'F7E739']"
SSSSSSSSSF,5,0.00022,"['LOC100088528', 'K7EA80', 'F6S6D4', 'PRDM2', 'NBEA']"
LNPLIYSLRN,5,0.00022,"['F7DTW1', 'F6VLC6', 'F6Q2K7', 'F6YYQ9', 'LOC100086156']"
QQQQQQQQQS,5,0.00022,"['ZNF462', 'F7G0T8', 'SLITRK5', 'LOC100079882', 'F6PQQ3']"
QQQQQQQQQH,5,0.00022,"['FOXP2', 'ARID2', 'SUSD4', 'GTF2A1', 'F6W3P2']"
EEEEEEEEME,5,0.00022,"['F7A8Q3', 'K7EDP6', 'F7AWF6', 'F7CE79', 'PRDM2']"
DEMGLGKTIQ,5,0.00022,"['SMARCAD1', 'K7E9Z0', 'ZRANB3', 'CHD7', 'F7C8T9']"
VDSCQGDSGG,5,0.00022,"['TMPRSS3', 'F7GCM9', 'F6Y703', 'PRSS12', 'TMPRSS15']"
EEEEEEEGEE,5,0.00022,"['K7EE11', 'F6S2S8', 'SETD1B', 'F7EVC3', 'F6QAC6']"
ALLVGVGGSG,5,0.00022,"['F6ZMP1', 'F6SCH9', 'F7E198', 'DNAH10', 'F6PPH7']"
VHRDLAARNI,5,0.00022,"['K7EDQ0', 'F6U5B0', 'SRMS', 'FLT3', 'EPHB4']"
CLFGDTVNTA,5,0.00022,"['GUCY2C', 'F6QZ97', 'F6W653', 'F6WLZ7', 'LOC100078016']"
IENMNTVLDD,5,0.00022,"['F6RWD6', 'K7EDE6', 'F7FUV5', 'LOC100091933', 'F6R102']"
XXXXXXXXXK,5,0.00022,"['RAG1', 'SET', 'K7E6U7', 'F6SEP0', 'C11H16orf87']"
ADEMGLGKTI,5,0.00022,"['SMARCAD1', 'K7E9Z0', 'ZRANB3', 'CHD7', 'F7C8T9']"
PYRDSKLTRL,5,0.00022,"['F6U7E5', 'F7EHG4', 'KIF21A', 'KIF3C', 'F6VFD5']"
VKICDFGLAR,5,0.00022,"['PDGFRB', 'PDGFRA', 'LOC100093102', 'FLT3', 'KDR']"
CIHRDLAARN,5,0.00022,"['LOC100093102', 'FER', 'FGFR3', 'KDR', 'KIT']"
AQQQQQQQQQ,5,0.00022,"['CREBBP', 'F7AAA9', 'LOC100079882', 'F6W3P2', 'F6PQQ3']"
RPMNAFMVWA,5,0.00022,"['F6Z3C6', 'F7EAG9', 'SOX9', 'SOX13', 'SOX10']"
ITMNPGYAGR,5,0.00022,"['F6UP62', 'F7FQI7', 'F6PPH7', 'DNAH10', 'DYNC1H1']"
NIVNLLGACT,5,0.00022,"['K7EHW7', 'PDGFRA', 'PDGFRB', 'FLT3', 'KIT']"
RDLAARNILV,5,0.00022,"['K7EDQ0', 'F6UTL2', 'FLT3', 'EPHB4', 'PTK6']"
RTHTGEKPYP,5,0.00022,"['F6SND9', 'F7ENJ1', 'F7GB28', 'F7AMF4', 'F6RTI6']"
VHTGEKPYKC,5,0.00022,"['ZNF319', 'F7GD00', 'F7F378', 'F7C2C9', 'F6SSW6']"
DTVNTASRME,5,0.00022,"['GUCY2C', 'F6QZ97', 'F6W653', 'F6WLZ7', 'LOC100078016']"
FVHRDLAARN,5,0.00022,"['MET', 'F6SXU2', 'F7DQY6', 'K7ECE4', 'K7EI96']"
GAGGGGGGGG,5,0.00022,"['WDR26', 'NCOA3', 'F7ENM7', 'F6UYP1', 'F6XEA6']"
LRIHTGEKPY,5,0.00022,"['F7BUI7', 'ZNF536', 'BCL6', 'F7AML9', 'F7GAH0']"
AAAAAAAAAG,5,0.00022,"['K7EAB4', 'PTBP2', 'LOC103164671', 'HOXD8', 'F6ZEX9']"
AWGCFDEFNR,5,0.00022,"['DNAH10', 'F7E198', 'DYNC2H1', 'F6PPH7', 'DYNC1H1']"
LFGDTVNTAS,5,0.00022,"['GUCY2C', 'F6QZ97', 'F6W653', 'F6WLZ7', 'LOC100078016']"
VLEQFLTVLP,5,0.00022,"['F7BWC6', 'F6W347', 'F7AML9', 'F7DRA3', 'F6UXF4']"
TDVAARGLDI,5,0.00022,"['LOC103169507', 'DDX27', 'K7EA05', 'F6Y175', 'DDX24']"
PPSPPPPPPP,5,0.00022,"['F6RT27', 'PRR11', 'F6PG56', 'KCNV2', 'K7EI38']"
QILELLVLEQ,5,0.00022,"['F7BWC6', 'LOC103171105', 'F7DRA3', 'F6XAJ7', 'F6UXF4']"
SPSSSSSSSS,5,0.00022,"['SERTAD4', 'NKTR', 'NUFIP2', 'CAMK4', 'F6SXY3']"
ERQVKIWFQN,5,0.00022,"['HOXD8', 'HOXA4', 'F7GDM9', 'F7EBW2', 'F6XHV7']"
LVLEQFLTVL,5,0.00022,"['F7BWC6', 'F6W347', 'F7AML9', 'F7DRA3', 'F6UXF4']"
GDGQTRTMAI,5,0.00022,"['F7AYQ6', 'ABCD2', 'F7DB67', 'F6RJQ3', 'F7A0K7']"
NSFEQFCINY,5,0.00022,"['F6UU44', 'F6QAX1', 'F6Q091', 'F7D6U3', 'MYO6']"
EEEEEEEEPE,5,0.00022,"['PHACTR4', 'PLIN1', 'F7B9P5', 'LMOD3', 'F7G8A2']"
PAPPPPPPPP,5,0.00022,"['DYRK1B', 'TAF4', 'LMOD2', 'FOXK1', 'LZTS1']"
ASPATVSRCG,5,0.00022,"['F6RWD6', 'K7EDE6', 'F7FQI7', 'DNAH10', 'F6R102']"
EEEKEEEEEE,5,0.00022,"['F6V181', 'F6SUE3', 'F6YPP2', 'HOXB7', 'F7G0I8']"
SAGVGRTGTF,5,0.00022,"['F7DIA5', 'F7A969', 'PTPRJ', 'PTPRA', 'PTPRB']"
SGESGAGKTE,5,0.00022,"['LOC100680899', 'MYO3B', 'F7D6U3', 'MYO6', 'MYO10']"
LRTHTGEKPY,5,0.00022,"['F7DC39', 'ZNF217', 'KLF4', 'F6XAK9', 'F6U4V9']"
HLRIHTGEKP,5,0.00022,"['F7BUI7', 'ZNF536', 'BCL6', 'F7AML9', 'F7GAH0']"
QQQQQQQPQP,5,0.00022,"['F6VGA1', 'KAT6A', 'F6R2I1', 'TRERF1', 'F7AAA9']"
GGGGGGGGPG,5,0.00022,"['ASPH', 'BAG6', 'K7EE80', 'F6XEA6', 'F7DI30']"
DDDEEEEEEE,5,0.00022,"['DIEXF', 'VGLL3', 'LOC103167580', 'F7B429', 'F6U064']"
VVHCSAGVGR,5,0.00022,"['F6WMM5', 'PTPRF', 'LOC100074271', 'F7A969', 'PTPRA']"
TWDNLITLYL,5,0.00022,"['F6Z435', 'PRRC2C', 'FAM131B', 'F7EVG8', 'F7EWC0']"
LLLLLLLLLL,5,0.00022,"['PRSS33', 'CDH1', 'SYNE3', 'TMX1', 'AGPAT1']"
WIDLIFGYKQ,5,0.00022,"['F6R3N7', 'F6UKN6', 'WDFY3', 'NBEAL1', 'NSMAF']"
GPIVVHCSAG,5,0.00022,"['F7CJK5', 'F7A962', 'LOC100074271', 'PTPN1', 'PTPRR']"
CKGDSGGPLV,5,0.00022,"['F7E6G2', 'F6W0D1', 'LOC100086873', 'F7G885', 'F6XB54']"
GPPGLPGPPG,5,0.00022,"['SCARA3', 'K7ECU7', 'COL15A1', 'F7FJA4', 'F7C2Y6']"
TRAGGLGINL,5,0.00022,"['HELLS', 'SMARCA1', 'F7ENN8', 'CHD7', 'F7C8T9']"
YNGTIFAYGQ,5,0.00022,"['KIF15', 'KIF5B', 'KIF3A', 'K7EGQ6', 'F6S6B0']"
ETQVKIWFQN,5,0.00022,"['F6PLT2', 'F6XHM4', 'HOXB1', 'F7AP78', 'NKX3-1']"
IHRDLAARNC,5,0.00022,"['ABL1', 'F6WYI4', 'FER', 'F7FW59', 'F7FU24']"
IHRDLAARNI,5,0.00022,"['F6UTL2', 'PTK6', 'LOC100093102', 'KDR', 'KIT']"
GDGANDVSMI,5,0.00022,"['K7EE15', 'ATP10B', 'ATP8A1', 'F7DQ04', 'F7AS80']"
WVLIPAPPLV,5,0.00022,"['K7EBS0', 'K7E8P9', 'F7FHV0', 'K7EDY4', 'K7EAQ6']"
PGPPGPQGPP,5,0.00022,"['F7C2Y6', 'ERFE', 'LOC100093364', 'F7FFK7', 'COL17A1']"
LLDDPLSAVD,5,0.00022,"['ABCC4', 'F7CFY7', 'ABCC6', 'ABCC12', 'F7E739']"
VFVKRLLCAE,5,0.00022,"['F7EZQ3', 'F6QXN8', 'F6REV9', 'F6QYR0', 'F6VFD5']"
APAGPAGTGK,5,0.00022,"['DNAH10', 'F7FUV5', 'K7EGG1', 'F6PPH7', 'DNAH5']"
ERERERERDR,5,0.00022,"['ZC3H18', 'ZC3H13', 'F6UK85', 'K7E8H7', 'RBM25']"
EEAEEEEEEE,5,0.00022,"['PPM1G', 'ZGPAT', 'F6PYT3', 'TIMELESS', 'K7EE11']"
PPPPPPPPGP,5,0.00022,"['F6REB3', 'LOC100089541', 'K7EI06', 'WASL', 'CAP2']"
SDKTGTLTQN,5,0.00022,"['ATP8B1', 'ATP12A', 'F6SZ14', 'F7EF08', 'F7AS80']"
EEEEEEEESE,5,0.00022,"['F6TLP2', 'TIMELESS', 'CLSTN1', 'RSPH4A', 'LOC103168642']"
WFQNRRMKWK,5,0.00022,"['HOXD4', 'F6PLT2', 'PDX1', 'HOXD8', 'HOXC6']"
XXXXXXXXXG,5,0.00022,"['K7E861', 'F7G4V4', 'K7EB62', 'F6ZSP9', 'K7ED31']"
TVSPTWDNLI,5,0.00022,"['F6YKV0', 'F6Z435', 'K7EC72', 'IPO11', 'F6RX23']"
QVKVWFQNRR,5,0.00022,"['F6ZDX1', 'F7GDU7', 'F7BML3', 'EMX2', 'HOXA2']"
FGDTVNTASR,5,0.00022,"['GUCY2C', 'F6QZ97', 'F6W653', 'F6WLZ7', 'LOC100078016']"
ERERERERER,5,0.00022,"['HDAC9', 'ZC3H18', 'ZC3H13', 'RBM25', 'NCOR1']"
GHIKLTDFGL,5,0.00022,"['MASTL', 'LATS1', 'RPS6KA3', 'F6QTM9', 'F6PZ10']"
FITMNPGYAG,5,0.00022,"['F7FUV5', 'DNAH10', 'F6PPH7', 'LOC100091933', 'DYNC1H1']"
EEEEEDEEDE,5,0.00022,"['K7E8Z9', 'PDE4A', 'F7EDM5', 'HOMEZ', 'CSRNP3']"
EEEEEEEEEM,5,0.00022,"['F7A8Q3', 'K7EDP6', 'F7AWF6', 'F7CE79', 'PRDM2']"
PLLLLLLLLL,5,0.00022,"['M6p/Igf2r', 'VASN', 'AGPAT1', 'HSPA5', 'K7EAT9']"
LNLVDLAGSE,5,0.00022,"['KIF15', 'KIFC3', 'KIF3C', 'K7E7P2', 'F6VFD5']"
EEGEEEEEEE,5,0.00022,"['MAP2', 'USP34', 'F7EVC3', 'K7EE11', 'F6WKB5']"
PRLVITPLTD,5,0.00022,"['F7FQI7', 'F7BYL9', 'LOC100075568', 'F6PPH7', 'F6R102']"
LPGPPGPPGP,5,0.00022,"['F7F6K2', 'COL15A1', 'ERFE', 'F7G1V2', 'COL1A1']"
NNNSSRFGKF,5,0.00022,"['LOC100081497', 'F7EZY9', 'F6QAX1', 'MYO6', 'MYO10']"
QQQQQQQPQQ,5,0.00022,"['F6TWH1', 'MEF2A', 'NACC1', 'ZFHX3', 'HOXA10']"
EKQRGSVERA,5,0.00022,"['F7CQS1', 'F7ET35', 'F6ZGB4', 'F6U4K2', 'F6VFD5']"
WGTVCDDGWD,5,0.00022,"['F7ECS3', 'F7EE32', 'F7DHB9', 'F7EXR3', 'SCARA5']"
VWSFGVLLWE,5,0.00022,"['F6ZPK1', 'MET', 'LOC100093102', 'FGFR3', 'KDR']"
LPPPPPPPPP,5,0.00022,"['FHDC1', 'F7EVW1', 'DAZAP1Y', 'F6PG56', 'K7EG79']"
NMNTVLDDNK,5,0.00022,"['F6RWD6', 'K7EDE6', 'F7FUV5', 'LOC100091933', 'F6R102']"
PGTGKTLLAK,5,0.00022,"['PSMC1', 'F6PJR4', 'K7EG65', 'F6SMT7', 'KATNAL2']"
CFYEMFFPLT,5,0.00022,"['F7DCJ1', 'F6QVC5', 'F7DPE0', 'F7EN17', 'ABCC11']"
GDTVNTASRM,5,0.00022,"['GUCY2C', 'F6QZ97', 'F6W653', 'F6WLZ7', 'LOC100078016']"
GGGGGGGSGG,5,0.00022,"['LOC100083819', 'F6RW18', 'ANO8', 'HNRNPU', 'ZFP91']"
NGTIFAYGQT,5,0.00022,"['KIF15', 'KIF5B', 'KIF3A', 'K7EGQ6', 'F6S6B0']"
EEEEEEKEEE,5,0.00022,"['F6V181', 'F7ET07', 'F7GDQ2', 'F7G0I8', 'F7CBW7']"
VWFQNRRAKW,5,0.00022,"['ALX1', 'DRGX', 'F7DHB0', 'RAX', 'F6PFX3']"
LWDTAGQERF,5,0.00022,"['RAB27B', 'F6S3V9', 'RAB34', 'RASEF', 'RAB33B']"
IHHXXXXXXX,5,0.00022,"['K7EGD0', 'K7E990', 'F6ZKW0', 'K7EGZ1', 'K7E9Q4']"
GGGGGGGGGP,5,0.00022,"['LOC100091950', 'F7EHE8', 'ASPH', 'F6XEA6', 'FBXO33']"
GGGGGGGGGA,5,0.00022,"['EOMES', 'KLHDC10', 'F6WY26', 'ELFN2', 'DLX2']"
GILGILCLGL,5,0.00022,"['F6RRR1', 'F6T2B0', 'F6SRT6', 'F7G8A9', 'F6QZQ7']"
LLVLEQFLTV,5,0.00022,"['F7BWC6', 'F6W347', 'F7AML9', 'F7DRA3', 'F6UXF4']"
IKRPMNAFMV,5,0.00022,"['SOX11', 'SOX13', 'SOX14', 'SOX4', 'F7EAG9']"
WSFGVLLWEI,5,0.00022,"['F6ZPK1', 'F6X759', 'LOC100093102', 'FGFR3', 'KDR']"
SDVWSFGVLL,5,0.00022,"['F6ZPK1', 'MET', 'LOC100093102', 'FGFR3', 'KDR']"
THTGEKPYPC,5,0.00022,"['F6SND9', 'F7ENJ1', 'F7GB28', 'F7AMF4', 'F6RTI6']"
HQRIHTGEKP,5,0.00022,"['F6XAM1', 'LOC103171105', 'F6SSW6', 'F6V1Y0', 'F6S8Y3']"
QRIHTGEKPY,5,0.00022,"['F6XAM1', 'LOC103171105', 'F6SSW6', 'F6V1Y0', 'F6S8Y3']"
GYNGTIFAYG,5,0.00022,"['KIF15', 'KIF5B', 'KIF3A', 'K7EGQ6', 'F6S6B0']"
EGCKGFFRRS,5,0.00022,"['NR1H4', 'NR1D2', 'RARB', 'RORA', 'NR1H3']"
HRDLAARNCM,5,0.00022,"['MET', 'F6SXU2', 'F7DQY6', 'F7FW59', 'K7EI96']"
RQQQQQQQQQ,5,0.00022,"['ARID2', 'NACC1', 'F6U214', 'LOC100079882', 'ZFHX3']"
