k-mer,number of proteins,percentage,all,(Out of 6729 proteins in total)
QQQQQQQQQQ,50,0.007431,"['VTS1', 'HRK1', 'CBK1', 'CKS1', 'BMH2', 'ANP1', 'YKR045C', 'RSF2', 'CCR4', 'PGD1', 'GAL11', 'SLT2', 'YPL229W', 'DAL81', 'MSS11', 'PAN1', 'PCF11', 'PUB1', 'TAF12', 'YAK1', 'SLM1', 'FLO8', 'EPL1', 'NGR1', 'IOC2', 'PUF3', 'YLR177W', 'AIM3', 'OPI1', 'ATG13', 'CRZ1', 'MCM1', 'SNF5', 'CLA4', 'NDD1', 'IXR1', 'CYC8', 'SSN2', 'HAP2', 'DAT1', 'YPR022C', 'POP2', 'FAR7', 'ENT2', 'JJJ2', 'SKS1', 'SGF73', 'YAP1801', 'NAB3', 'NAB2']"
NNNNNNNNNN,27,0.004012,"['MRN1', 'FPS1', 'MED2', 'NFI1', 'RIM15', 'CCR4', 'PHO81', 'MSS11', 'SAP30', 'SIZ1', 'YLR278C', 'GRR1', 'FAB1', 'PUF4', 'PUF2', 'SCH9', 'ASG1', 'AZF1', 'RLM1', 'NUD1', 'PDR1', 'GPR1', 'VAR1', 'CDC27', 'MIT1', 'YML053C', 'MOT3']"
LQQQQQQQQQ,17,0.002526,"['PCF11', 'DEF1', 'SLM1', 'IXR1', 'VTS1', 'EPL1', 'SLT2', 'YCK1', 'ENT1', 'POP2', 'KOG1', 'CRZ1', 'MCM1', 'YAP1801', 'SNF5', 'YPL229W', 'CLA4']"
DDDDDDDDDD,15,0.002229,"['VID30', 'NMD2', 'TBS1', 'SEG2', 'RAD6', 'SFP1', 'SRC1', 'SND1', 'VPS41', 'RTT103', 'SIS2', 'YHR131C', 'RTC1', 'NAB3', 'ZRG8']"
SSSSSSSSSS,14,0.002081,"['SED4', 'SIM1', 'GAS5', 'MTL1', 'YML012C-A', 'YGR130C', 'UTR2', 'LAM6', 'WSC2', 'YPR142C', 'FIT2', 'OPY2', 'YLR278C', 'PLB3']"
NNNNNNNNNS,13,0.001932,"['MSS11', 'GRR1', 'GPR1', 'FAB1', 'RLM1', 'FPS1', 'PUF4', 'PUF2', 'ASG1', 'YLR278C', 'SAP30', 'YBL081W', 'NUD1']"
NNNNNNNNSN,11,0.001635,"['MSS11', 'RIM4', 'GPR1', 'PTP3', 'SAP30', 'NUP49', 'FPS1', 'PUF4', 'PUF2', 'YBL081W', 'YLR278C']"
DDDDDDDDDE,11,0.001635,"['VID30', 'ZRG8', 'KEX1', 'SEG2', 'RAD6', 'SND1', 'TFA1', 'YHR131C', 'VPS41', 'NAB3', 'SIS2']"
QQQQQQQQQP,11,0.001635,"['PAN1', 'PGD1', 'IOC2', 'DEF1', 'AIM3', 'POP2', 'MCM1', 'YAP1801', 'SLT2', 'NAB3', 'NAB2']"
EEEEEEEEEE,10,0.001486,"['BFR2', 'TAF7', 'YFR016C', 'SCT1', 'EBP2', 'RQC2', 'SEC7', 'TFA1', 'MTC1', 'NAB3']"
QQQQQQQQQL,10,0.001486,"['ANP1', 'GTS1', 'HAP2', 'DAT1', 'YCK1', 'YPR022C', 'ENT1', 'MCM1', 'OPI1', 'CYC8']"
SNNNNNNNNN,9,0.001337,"['MSS11', 'GPR1', 'SAP30', 'NFI1', 'MIT1', 'ASG1', 'AZF1', 'MOT3', 'YBL081W']"
HQQQQQQQQQ,9,0.001337,"['HAP1', 'HAP2', 'NGR1', 'LCL2', 'SCD5', 'ENT2', 'SNF5', 'YAK1', 'DAL81']"
PQQQQQQQQQ,9,0.001337,"['MSS11', 'IXR1', 'HRK1', 'IOC2', 'PUF3', 'ATG13', 'CCR4', 'MCM1', 'NAB3']"
QQQQQQQQQH,9,0.001337,"['MSS11', 'IXR1', 'HRK1', 'CBK1', 'JJJ2', 'GAL11', 'CCR4', 'CKS1', 'SGF73']"
NNNNNNNSNN,8,0.001189,"['MSS11', 'GPR1', 'SAP30', 'NUP49', 'FPS1', 'PUF2', 'YBL081W', 'YLR278C']"
AQAQAQAQAQ,8,0.001189,"['GTS1', 'SIN3', 'YCK2', 'HOG1', 'SVL3', 'PGD1', 'GAL11', 'CYC8']"
QLQQQQQQQQ,7,0.00104,"['DEF1', 'YCK1', 'ENT1', 'KOG1', 'CRZ1', 'MCM1', 'SLT2']"
DNNNNNNNNN,7,0.00104,"['GRR1', 'FAB1', 'PUF2', 'TBS1', 'ASG1', 'CCR4', 'YLR278C']"
HRDIKPENIL,7,0.00104,"['FMP48', 'KSP1', 'CHK1', 'SSK22', 'IPL1', 'DUN1', 'PKH2']"
QAQAQAQAQA,6,0.000892,"['CYC8', 'SIN3', 'YCK2', 'PGD1', 'GAL11', 'GTS1']"
ILADEMGLGK,6,0.000892,"['CHD1', 'INO80', 'STH1', 'IRC5', 'ISW2', 'SWR1']"
DDDDDDDDED,6,0.000892,"['YHR131C', 'VPS41', 'KEX1', 'KAP104', 'SPT5', 'SIS2']"
QPQQQQQQQQ,6,0.000892,"['MSS11', 'IXR1', 'IOC2', 'ATG13', 'MCM1', 'SWI1']"
NDDDDDDDDD,6,0.000892,"['VID30', 'TBS1', 'SRC1', 'RTT103', 'HRD1', 'SIS2']"
TSSSSSSSSS,6,0.000892,"['SIM1', 'YGR130C', 'WSC2', 'FIT2', 'GAS5', 'YLR278C']"
LADEMGLGKT,6,0.000892,"['CHD1', 'INO80', 'STH1', 'IRC5', 'ISW2', 'SWR1']"
NSNNNNNNNN,6,0.000892,"['MSS11', 'RIM4', 'GPR1', 'CTK1', 'MIT1', 'YBL081W']"
GILADEMGLG,6,0.000892,"['CHD1', 'INO80', 'STH1', 'IRC5', 'ISW2', 'SWR1']"
QQQQQQQQQS,6,0.000892,"['YLR177W', 'SLM1', 'CBK1', 'AZF1', 'LCL2', 'DAL81']"
QQQQQQQQQA,6,0.000892,"['IXR1', 'CYC8', 'VTS1', 'BMH2', 'EPL1', 'NDD1']"
QQQQQQQQQN,6,0.000892,"['SSN2', 'YAK1', 'RSF2', 'NUP188', 'YKR045C', 'YPL229W']"
SSSSSSSSAS,5,0.000743,"['GAS1', 'FIT2', 'YML012C-A', 'YPR142C', 'PMA1']"
YGPPGTGKTL,5,0.000743,"['SEC18', 'RPT4', 'RPT5', 'CDC48', 'PEX6']"
NDNNNNNNNN,5,0.000743,"['ASG1', 'PTP3', 'FAB1', 'PUF2', 'YLR278C']"
DEDDDDDDDD,5,0.000743,"['IFH1', 'SPT5', 'YHR131C', 'NMD2', 'SND1']"
PPGTGKTLLA,5,0.000743,"['YME1', 'YTA12', 'RPT4', 'RPT5', 'CDC48']"
NNNNNNNNNI,5,0.000743,"['CDC27', 'MOT3', 'PHO81', 'MRN1', 'MIT1']"
GPPGTGKTLL,5,0.000743,"['YME1', 'YTA12', 'RPT4', 'RPT5', 'CDC48']"
GDDDDDDDDD,5,0.000743,"['TFA1', 'KEX1', 'RTC1', 'VPS41', 'MCM1']"
HRDLKPENLL,5,0.000743,"['CMK1', 'SNF1', 'HSL1', 'SAT4', 'KCC4']"
NGILADEMGL,5,0.000743,"['CHD1', 'IRC5', 'INO80', 'STH1', 'SWR1']"
RDIKPENILL,5,0.000743,"['SSK22', 'DUN1', 'FMP48', 'PKH2', 'CHK1']"
QQLQQQQQQQ,5,0.000743,"['YCK1', 'KOG1', 'CRZ1', 'DEF1', 'MCM1']"
SSSSSSSSST,5,0.000743,"['FRT2', 'WSC2', 'PRY3', 'YLR278C', 'UTR2']"
DDEDDDDDDD,5,0.000743,"['IFH1', 'SPT5', 'YHR131C', 'NMD2', 'SND1']"
NNNNNNSNNN,5,0.000743,"['SKY1', 'FPS1', 'YBL081W', 'YLR278C', 'KSP1']"
DDDEDDDDDD,5,0.000743,"['IFH1', 'SPT5', 'YHR131C', 'NMD2', 'SND1']"
